session_id,product_id,watch_duration
b5df2541-1c1d-4b1b-82ce-a7400a086f45,P0039,52.31
0a51720d-727e-4586-98c8-295f712912d5,P0272,37.06
cc352f23-61cf-4f7d-a9a3-e1f94e8f5374,P0253,14.66
a796560a-6e19-4633-92df-33bd6f154366,P0063,20.74
96370e9b-72fb-47cd-9e75-ecb58e202405,P0072,3.68
8b62089f-9cb1-4e00-9060-4a421eeb1b4f,P0211,5.8
edefa637-a086-47f7-9de1-3fffa6de5c7c,P0201,24.24
f801a396-5600-4484-ad65-c10b19405b88,P0094,102.84
a2c1f6ec-63bd-435d-bc74-d0616c05d22f,P0285,50.29
1e967737-9096-4390-934c-8980e79f566a,P0062,93.97
39b5681f-db8a-41b1-b550-cc206803ab6e,P0057,81.63
b60a362a-0a43-4bdc-ad8f-2b4490555696,P0057,2.14
d245ac5b-9e71-4d78-906d-03714674e148,P0057,28.8
28605c6e-0d3f-423d-a5f0-9ae7605786cf,P0132,74.91
cd55b507-0ebb-43ef-871b-e3d13593b36c,P0047,9.33
ebc07257-1939-4519-b53b-1ae53360f561,P0258,31.75
dc06c8ab-d6a3-47a9-9cda-4d89e12c8d69,P0205,7.98
d996e3a4-8f2d-4ec0-99db-b651f58f1504,P0260,47.24
7555253b-8d29-4538-876c-d7ee80cf9fb3,P0174,2.26
f53c4758-7880-4756-af93-2223f5b483ec,P0259,28.26
e59bb966-e240-494a-b867-620493a93775,P0104,6.32
1293d88c-3054-40b7-b005-d1b776bc1a71,P0233,0.32
c0826552-9b34-45a8-8456-03c235f19cd8,P0148,20.17
ffa05806-4070-445b-97d6-c8f18d52234b,P0248,19.24
39e1b19c-5100-46a1-b7be-c2c99d9a637a,P0221,27.22
f106280f-c5d8-4d1b-81d1-179ce2cd41cb,P0237,71.33
bc6213e1-c509-48ce-8e56-9e3e987592e0,P0264,22.18
79563219-d15b-4fc2-9de4-f5025ff61fc8,P0198,69.69
03ae7970-7bf8-457a-a10b-9ca5094e5edb,P0079,6.41
a92c34cf-467a-4798-a0b5-2eb401a22e80,P0038,74.76
b280f237-d767-46e8-93d0-e716070d0d4f,P0044,17.05
1c47d167-4c79-46a7-afa7-c54887b53ae6,P0101,112.17
949bdf67-eedb-4fbc-9d9e-121b4c3c0915,P0101,27.06
00a412c2-de50-40b9-ab46-e5d9122f670c,P0277,44.97
12148565-087f-4c9c-8f97-6cc1e248be56,P0163,62.67
01e7eb6a-b4ce-4c37-b1a4-c7d654b7baaf,P0204,72.64
c721d1c0-6e21-4c36-976b-7fcd8cd747d5,P0092,28.21
3228554d-6457-43e3-a47f-553ff7a2a2db,P0248,42.37
c09fb6a7-3e6f-464b-ad96-7c0c2061d10b,P0099,2.5
1cbee38d-9d8f-4caa-89df-d87dc37d352e,P0233,0.91
96b32d84-75c2-4e5d-b5c3-cee535fc4412,P0167,38.44
1a77ab29-1937-4abe-a2b7-34ae320d5685,P0003,4.15
02d6a61c-3c79-4042-a0ef-f5757ab62661,P0299,15.07
901cfd75-a6ae-44f7-b4be-650de33db5d0,P0248,8.39
c740557f-baca-44e4-a730-9e4d7fd55f62,P0249,62.14
344ff323-112d-4614-b490-146753698174,P0300,14.77
4d43480c-69e0-498e-a157-549aaaec3c63,P0079,16.34
f511a232-5d69-4fc8-925f-9ef020eb0178,P0089,12.78
10650a7f-f967-4a60-a4ab-322a41e2a1cf,P0253,190.96
7303fed3-f96e-490a-bb35-39847319a3f0,P0069,17.53
8893800e-922e-4e50-bb9d-7df61ffedcd1,P0189,9.15
b57a95d6-bba9-4003-8499-261315c0d4de,P0231,56.4
c9d90516-e9b9-40fb-92b9-0af337696968,P0150,227.68
8e99e03a-fbcc-4394-a314-c7f75c40ab75,P0266,31.46
96370e9b-72fb-47cd-9e75-ecb58e202405,P0218,97.26
2bbaa562-291e-4080-9e3c-6cc304a3f9bb,P0241,97.19
3ebc26ab-d081-491d-9f4f-bd946a0a11a5,P0148,15.78
bdd8792f-fb26-46b4-a176-fec86a255d54,P0131,4.74
1cc3cf19-97ec-4533-9a08-0ccd36e61a83,P0078,78.64
b4cac47e-0f26-457f-9639-95730cbf49bc,P0180,34.14
541a8c51-28b2-4841-b403-6375cc10ca4f,P0143,147.6
f79111a6-e28d-4ecb-8f04-3a93d868baaa,P0186,64.84
f7a434d4-d68c-4538-8602-08c88518adf1,P0034,1.18
85dcc233-f133-49e7-be12-bf23694a0f6b,P0262,20.99
3acb57d1-c907-4e34-81d3-bb5e7f1fba07,P0282,3.38
83026a39-853b-4901-9f5d-e726876a8aca,P0047,54.43
2832908a-a954-4aad-aad2-e794de2852a2,P0208,29.55
0c8a2e7a-5a6d-4422-9860-97052c76fde8,P0184,122.86
f23acb3e-be0a-4214-9b0e-5d6f5420240a,P0085,16.93
525955aa-16c3-4abb-95f1-d66044cbcdfe,P0196,50.74
f20c9b87-3893-4620-bf4a-26bc5fde58bc,P0119,42.17
a5bf9f59-8e87-4a61-8e2f-5c0b450c1e68,P0064,62.62
f0d7beba-eb07-4023-b760-19c5b2eaee27,P0076,83.48
2ce13624-5fb0-433a-b7e3-8ee1e72e4115,P0256,50.95
64d1ab66-ae27-43cb-a4cd-4724fd260bba,P0276,34.14
d80c5312-45f3-4c1a-9f28-30d5efdbe7f2,P0039,15.68
08da14f7-4a1c-4b8f-af12-7965ffb5d8b3,P0055,38.69
c6881606-0dd9-4e9d-bdd1-d22bd76a482d,P0298,25.72
1700c0cc-8273-4046-aac6-b944133db935,P0043,0.3
80333ea1-dbab-4510-b1ca-1637504aa97f,P0113,5.21
dc128e29-b6bc-4f79-bfaf-931aec5a4b36,P0259,97.07
99799742-1a9d-41cd-a385-2042de1d5594,P0198,1.44
98c02d66-01eb-4585-9816-3423e70e93f8,P0163,42.16
2c44d4f4-41aa-4183-ad56-a399f6c12564,P0252,58.3
cc0975a6-6ca6-47a3-96f5-9b093ac24678,P0022,15.33
68cc5ed9-d6b8-4ed5-96c7-b208bf430b69,P0234,135.03
f7167a56-b54d-4b33-a484-6b31e5104feb,P0236,15.61
741b6928-9393-471d-844c-41e31eb047d9,P0132,1.61
b6c1ef6e-4cde-4d32-826d-4822dfdfd6aa,P0064,12.24
e26c03f5-a42c-4bd5-83c0-a7644173f8d9,P0063,75.86
82b0550f-c794-45b7-b472-6051c29fa1be,P0166,37.17
096ed791-3d3e-4ee3-ab40-5c1e5b2d0758,P0166,89.92
d201af5f-7edf-45b8-9a4f-8d8375a97d21,P0065,14.71
b2649a17-5191-43f1-b179-dc653166f527,P0186,116.33
b1caaa3b-8562-436f-abe2-0cb3ff295705,P0082,2.99
30a277c7-6133-4e10-8908-bc15026f8ee2,P0064,24.4
9ba486ff-94f1-4817-bfea-e9abcb9917d0,P0125,61.23
ed35d575-89a3-448c-a48a-c0c5ea9ba9eb,P0225,29.11
3b8e48ea-9553-4040-a9c0-fd3636fb1cae,P0056,13.02
3ebb05e7-d117-4d4b-9378-c229e6e2fa6a,P0072,15.1
a02afa2d-63b8-408d-b47f-5e5759374732,P0270,13.93
a2920d26-fdb6-4d64-b40d-21911edf0070,P0167,10.52
b46cdce5-d8a2-469c-bf09-0fe27a93fbfb,P0224,0.52
9c0bb430-b001-40a6-8590-505e29c05ac3,P0108,8.41
0977947a-c611-40ef-9f44-d860bd536d80,P0115,139.79
90ea4347-0271-437f-b719-ee2885970ebb,P0198,67.16
ffc0e0b0-853b-48ae-85b7-925d085735f8,P0287,19.95
e718298b-2479-4cf8-8ac2-1e8336aadf92,P0174,92.91
10497917-a7c2-48a4-8516-f6fd4681111b,P0241,87.11
152004e4-5c91-4ae5-bdfd-4bcaea3dadd3,P0163,35.9
49e35408-74bf-4aa7-af8b-3ea1ea3b66a8,P0184,134.86
5b05e61f-7f56-4e12-bcc7-8b25fa8b4c65,P0155,3.07
f5227a4d-6c86-47f2-930c-0c7618c4f847,P0037,26.52
ac6ce574-17d6-42d1-8697-02089984294b,P0187,52.45
9d4aa050-7d76-4456-8aaf-2f66eb15fb2c,P0218,48.9
fa3e4f47-2bb8-4d60-8ecc-dd8a23942ed2,P0263,8.59
ab2aae15-7498-4635-b035-1d442be7bd19,P0012,0.25
6ec93aa2-2c14-4c6c-86a3-2e9d0af54dc3,P0217,173.12
92118f2e-8e7b-45bc-b128-f8c435c6d714,P0279,69.6
6c13f2a1-4e53-43da-b352-6e004923c5a5,P0282,3.56
89f5f505-9552-4059-b944-58144bab74c5,P0091,34.52
70fa277b-3810-470f-933e-ce415b9094a8,P0284,11.58
591a5d4e-f8c7-42cc-a5cd-4f85129cb923,P0078,58.5
900817dc-fd73-4cfe-8151-f5ceb764930a,P0237,75.92
1a256df5-04cb-4615-8213-c08518144593,P0173,19.98
3ea1d151-d88c-4413-bb48-a12bc6e63ef4,P0286,72.23
bcaf1b79-0e04-4c51-a777-befc04654bd6,P0159,14.49
4f9a3d8d-1ae3-48c3-bba7-85984765e2bc,P0141,26.28
3ce4876e-1ae0-4c8f-8247-4878dd64e023,P0296,3.06
d9587396-7e7e-4eaa-af9e-cf497206f6c1,P0125,27.36
5b05e61f-7f56-4e12-bcc7-8b25fa8b4c65,P0296,22.62
e5d1aab8-9387-4f18-abf8-a0163823ceb9,P0018,43.75
7adac059-53e7-48dc-80c8-b61df978b2ec,P0034,22.97
38a33506-7507-4648-baaf-e0aa624b76fd,P0085,66.33
7a1af401-6bed-46f8-b75e-ddc0751d4bd9,P0290,7.92
bc230bce-7f84-45a5-a14c-6a29c53140c3,P0011,12.02
0f7c5383-e116-46fa-a426-49f309147fd0,P0259,0.04
acad03a0-0a69-4098-bd6a-f7cc85b0f2ab,P0229,2.06
e4914415-1a21-4d52-89d9-22917effb730,P0015,5.85
69ebc95a-0f5e-49c1-ae32-c0f7a3689798,P0101,20.38
ffd00612-565e-4d24-a721-885a487d2379,P0130,0.54
3e91d8c4-537d-46c4-945d-91a5bac2d976,P0242,55.39
1a256df5-04cb-4615-8213-c08518144593,P0138,38.54
da8f744f-21d1-48bc-b395-54d832a3903c,P0046,28.05
368c00f2-6d6d-4f0f-9624-ad5ef255c832,P0157,20.01
ca80448d-7781-428a-8467-35d098cbb6b5,P0223,68.64
152d3860-1fd5-44aa-89f9-f00c0ac1e409,P0224,10.42
1986d10f-ced3-4a8a-b7d0-925873035b87,P0294,22.71
5c4ce914-f19a-4248-ba9f-e7c0eff35f99,P0147,42.79
b19f38d5-dfc1-40de-86f8-fa39c4877c59,P0210,9.67
1e66698a-1099-4826-a0db-4bec74fb94f2,P0255,58.09
c4b21dbb-045c-42d4-a2f0-c5b3bb9bbbcb,P0129,18.41
a6b5404e-01de-40b9-a35f-fb8359538b82,P0110,65.73
b92b64e1-56fa-45a7-a33c-acef87bba603,P0273,48.34
f5c574fc-b367-4c7c-a747-e2844a758904,P0092,2.29
5aa3be78-7fe8-44b1-9ae8-add86ea61c7d,P0208,31.29
c0cd3d1c-d7d1-4973-8639-ba1233f093f4,P0234,103.44
12148565-087f-4c9c-8f97-6cc1e248be56,P0233,0.95
058a8963-0c2c-42b0-a098-1a09284e0bf7,P0220,68.15
22406f46-41b5-48ec-be71-d8d6e01a5487,P0146,1.78
ffaa1fab-dafc-4ef3-ba1d-6b1b1b91615f,P0054,105.26
32abad51-3ff3-452a-bd83-a65edac2881e,P0155,6.89
1f303985-ddd5-43d4-b754-3ea040731966,P0294,32.14
baad0a57-9762-46a9-aa0b-f6bb8e2ef8b8,P0284,54.27
f7789e19-33c2-4d35-b769-ce1e16117859,P0088,54.46
fe2fc0ff-b26f-4f4a-9cd1-2c089d084b40,P0031,75.37
1f8ab681-e9a8-415b-9f01-f90f6576d8bb,P0006,1.81
3ac5bc1e-f244-4a5b-b6d0-4d74fac4625c,P0244,13.89
ae223508-34b5-489b-9efa-c02939418a2e,P0195,43.79
32e5f0be-1914-4e88-b62c-3ef43f861722,P0136,38.88
59d3837d-ea66-4103-b943-b598f9673df1,P0259,95.69
074935b2-c43f-4ea4-b82e-217cd03ff97e,P0124,12.38
f0d1a89a-954a-4e5d-99c0-790898767d8e,P0270,34.03
504dd91d-5239-4835-90e4-070535234900,P0235,37.97
c5737998-d5ca-490a-914b-292827ba4fcf,P0282,47.63
bf71da3f-3c94-409d-990d-2b7a94243b2d,P0189,3.95
b1ea4184-c0dd-460d-90b5-c4fd12813868,P0061,81.99
1c9fb9ac-2b55-4429-947a-7ac5a343a90d,P0208,102.81
35c68871-e1e5-444d-8ced-bf3befba17bd,P0083,52.4
c1c59163-ad3b-4ca3-92af-f445e0b3994a,P0032,7.73
b13b5047-0bb6-41c1-8997-91997e193cfb,P0220,92.13
65a10676-27af-4d29-8fd9-7cb971172572,P0227,39.39
1843abdf-b341-4ff5-a747-3ba2997086dc,P0290,67.57
24a198ca-90be-4a3c-8d40-c08329496f17,P0236,39.23
53f09463-c10e-41b0-a4eb-96f00150cc4b,P0015,41.33
8611a498-3806-45ed-8e5b-72f62f608dee,P0106,3.6
345a388a-f9fc-45ac-b8fa-053422b93cb0,P0265,61.75
1d65be3a-46fe-4621-8c71-1e3913f59461,P0086,4.25
0a359f10-4e79-464d-9c01-ec1e2130a1f7,P0220,8.01
e0469cbc-bd52-4ef5-8997-b3f0a4c0dfe2,P0135,2.37
e6ff054f-93e5-47b0-8a57-bcec7345d167,P0180,1.92
ad48ff18-4942-4d4e-a026-57f566addbea,P0061,32.27
658b3f3a-b55b-45ac-af28-12f792297274,P0040,164.83
1f84e118-4331-4d45-9c17-7d98250257f6,P0271,140.58
cc88e547-4eef-4cdb-a808-9b888980f865,P0188,3.17
ddfe8c81-095e-44dc-bbcf-7123cc62cced,P0073,35.73
b83918b7-8054-40ed-8771-18bf88807512,P0264,4.94
6c34b418-7f62-485d-98d7-e3c11f691357,P0031,17.09
a6fa9d5e-76e0-4b21-96df-fb67c0e1f35e,P0166,20.9
dcf3cc51-3a1a-4528-9d9b-11c11c2316d1,P0123,50.89
59b2c9d6-22a0-4ca2-adde-ba5f7be994ce,P0066,4.13
17fd33f0-1d5d-476d-abba-01fbbd2d7860,P0184,56.15
43f6e1a3-01ab-4a24-8cf5-e84d788989ba,P0042,4.45
29a58cda-2b46-48d3-9f5d-0d2db63b666b,P0252,91.26
5f5dc601-a49b-4c6c-8318-e1c872163c29,P0065,0.21
a9821ba2-0adc-4556-b511-5ceeac5350bb,P0238,15.74
3bbd8b93-da6f-4ba1-8e17-781c1588ce34,P0097,21.72
091eb42b-b3e7-4153-b959-0989cdab2da0,P0076,150.19
be5b947f-8cec-4f11-89fd-91031ebc60c6,P0153,22.0
e224b8b0-5bde-4206-9d3d-03c3dac1fcc4,P0285,81.54
f7a434d4-d68c-4538-8602-08c88518adf1,P0119,12.13
f670c38b-9285-4d67-b9bb-55426273956d,P0202,77.61
b6f0ab8a-a8bd-44a4-b3fa-76aed47b922d,P0215,17.67
d2bba4c9-c4e2-4b10-bbc5-4cdddbb9fde3,P0126,77.36
292742fb-b7d8-448e-a464-35e41f592fd8,P0046,7.28
6b06ab47-2bfa-4330-b512-fbfad6b1ea81,P0178,65.61
26d721e9-d3ef-46e0-874b-d13215df85e9,P0066,22.49
f20b61a9-31f8-4354-8b57-908a78a9be42,P0248,39.23
e39ae838-e965-47d1-9ff9-469cbf528c34,P0072,20.78
b6218deb-b8bb-4617-9253-10a4ef355a32,P0084,46.34
6bb9c257-6c89-48be-b27b-f4b929bc5bb9,P0279,37.35
eeac70dc-e8bb-431b-999e-ccff2840f751,P0017,19.1
6976d938-af53-4e76-99b6-7e4777f78f89,P0191,3.33
123453e1-1164-42b2-8c46-1ba4004104ae,P0180,56.28
1d3d5df2-764f-47f5-9f3d-0f44172443b8,P0187,13.22
9ac3c71c-8ffa-4ee5-8152-6e2764f13eea,P0013,16.86
c24113a0-5f9d-43f7-8b5b-b681c8682ef0,P0121,56.13
7c694907-448a-4bca-894c-b78583d62a99,P0116,0.91
474879e3-0bb6-4a2e-8578-eb0bf3b45a38,P0048,52.2
337598ad-281c-4aa3-9866-6bf4493dc0f7,P0228,19.78
2caecfa1-6103-46bf-8bbe-91981735a7cc,P0050,70.78
e1f8714d-6029-4b93-a797-8308df5b6d3a,P0016,5.06
2d5c6196-5ecb-4fb8-b3f1-d0cd6b58df47,P0092,11.11
17485ecc-524f-496a-aa1a-d0da886a355c,P0199,55.55
fde66361-5cb3-48da-bde3-8db36f8e6dd2,P0239,7.38
29fe3c6c-9ccd-4bae-b2e1-e735fac64a35,P0124,1.92
39e1b19c-5100-46a1-b7be-c2c99d9a637a,P0225,290.74
58874a57-062d-413b-a3d8-111eba18a37f,P0062,20.36
8afc20cf-6b9d-47c9-a32b-842bbd21ae1f,P0203,21.76
2ef3ed35-5a81-49d5-9619-2125b860bfca,P0234,3.97
9c869a31-e8f0-49fc-9343-01d804f0a12b,P0092,40.21
bd72979c-fa39-44dc-9683-587a40fd6ee6,P0087,7.78
accaab4d-8a9a-4058-b0ef-962ed476346f,P0103,40.43
1d93d863-c40e-408b-aee8-3de1b85cae83,P0143,64.5
1e268d12-6c38-4198-b7cb-f411d2fa223d,P0221,34.67
a3086456-7759-4b07-89fd-c250608b1acb,P0229,68.42
ee25b764-02bc-4eef-8e2c-52342d91c788,P0229,10.89
e4964e89-957c-4b13-a693-99f56768b1a6,P0140,3.25
89f2c308-27a9-494f-ae0c-ccc1808bd3e5,P0063,12.42
ae24feca-4c33-4ae4-a7a5-0d4c504eb803,P0052,53.5
de36f30d-9aab-4751-a3db-b2abdfc27881,P0223,6.61
b8e6eb03-f935-49db-a5c3-c88a0300c317,P0119,47.21
4d3d1727-7a1a-4608-94f4-5a93f9b93c87,P0274,22.46
f07ca22a-44fa-4060-b151-4c3f2c7e10e7,P0198,18.48
5abf8d4f-8ac8-432d-b447-63cab5a70c82,P0044,23.48
4663dc97-36e7-4343-a80c-29275b483489,P0259,12.88
020a694e-268c-4db3-b91c-0c43105a4727,P0134,258.35
f33aa2e2-8c4b-4cee-8c20-4443bab6ae79,P0187,34.38
5c8cea1a-3b58-481d-ac9e-ee7e960f5979,P0231,55.97
c6881606-0dd9-4e9d-bdd1-d22bd76a482d,P0046,15.97
af232373-c0fb-4103-9c96-a1ba9f3d744d,P0010,14.77
eefaacbc-e0ba-45f2-9755-dd8335b78feb,P0164,119.88
2c9d8c3b-2603-429a-9793-38e6cc0a7423,P0077,3.15
4769bfc6-6a73-4d03-9251-b67626256773,P0236,42.97
093126b5-9afa-4a7d-911f-48cbaa4ecc8e,P0274,23.33
e20c393e-303c-496f-bce8-ae71cedc30d2,P0133,14.29
56720d30-164e-46c1-910d-5424ab41a704,P0094,76.59
eae614d4-068b-49e7-9dcf-418cc3b8a3f0,P0240,144.5
d9be7c62-93f6-4c90-b5f5-b01d9d70287e,P0199,5.43
67e70e8e-e7f7-4cc6-96b4-64b2bf4202c3,P0164,94.75
c47bd9bf-da75-49c0-b1fb-3b13b4bb0772,P0200,14.84
5d92a2d1-3537-4770-bf75-8c8116981f03,P0290,3.04
7ddf5f74-5c3a-4ee4-98ed-6b1c797829cd,P0255,111.37
9e3ceecd-426f-416d-a5c7-b5a5f9ff656b,P0116,13.3
37ba0da0-1c0b-42e9-a795-bd1b35ca7923,P0019,37.67
de31c417-b8a3-4592-857f-7b09e07032dd,P0025,12.77
2d3db9ce-09e9-46b5-bc23-9eda6a355f0f,P0061,13.0
bac3e9c6-ec78-4946-908b-b702b4e77814,P0006,19.03
4b4449e4-b314-410b-aa0e-f3ef8f67608b,P0249,24.29
b8912a3e-4b61-412f-bad3-f896d9cb9440,P0026,18.95
922064f3-475f-435d-a920-434336c7176e,P0070,0.02
5eb291d6-f1af-4860-819f-44577db8eeb3,P0111,1.69
e608b529-a19b-4169-b2a0-86695abfce68,P0104,36.77
f97d66ad-8db8-4cd0-a470-43109deead4d,P0095,7.18
c7903744-f179-4b31-a809-9b97dbb53625,P0131,11.98
39c4fd16-ee97-450e-b48a-473e24d67b80,P0053,76.2
724d4023-f2a1-4bd7-9623-5fa759ee0264,P0038,103.01
bc4a1ff4-87db-4cfe-af60-e68db68b6728,P0029,18.37
606c62b5-e962-4e82-8efc-878d3ce4cc1b,P0256,38.3
114516b0-7c7f-4621-a53a-fe40e6c9c4d6,P0045,172.11
cac4b625-2512-4890-967c-18384135bbf8,P0149,0.14
cd32913c-c4e0-4924-bb63-aecd0d5e35c8,P0246,11.92
ad72238e-b72a-40ca-856e-978c3ac53c94,P0045,57.0
7f428779-96a6-4536-8a35-8b324cb03750,P0002,1.74
bbb01902-8e03-4f4f-a366-19afbc03c8e9,P0114,26.07
f2d19403-9229-4cb2-b51c-6fbc09964296,P0197,42.35
8d29ca56-4d76-4ac9-a6d3-28af888aff1a,P0010,55.71
da4e6fad-6bfd-4f6a-a528-42421f239557,P0080,5.41
210041c1-af52-4a16-b0ee-6e59070c7edd,P0233,7.3
4e4417ef-b059-475a-8d0d-d2c8b7cb3cdf,P0034,32.86
5590ea94-58b6-4625-b660-ef0335992f83,P0016,5.47
12148565-087f-4c9c-8f97-6cc1e248be56,P0163,6.21
8cb63c1e-5f55-4daa-804b-9a5dc6d13601,P0188,11.86
cac9be38-6d8c-4a45-aca2-fa52aea16c8f,P0145,34.1
9799084b-399e-4bb1-a407-e96e992ea958,P0166,59.18
f1c0a10a-146d-4aee-a235-eb1c158abcc8,P0277,14.57
83799318-e9b5-464e-80ab-cbfcfc1639bb,P0295,13.78
50485785-d592-4b58-9710-97bf3fcdbbec,P0104,43.54
a6fa9d5e-76e0-4b21-96df-fb67c0e1f35e,P0120,77.2
e5bb2dbc-c5c6-43ff-872e-71a98e89c654,P0142,20.5
e395dea0-3a69-48c1-a051-c4f5d9bdb92a,P0295,35.14
d5fc2f12-e155-46d6-81e5-b3a8a6298763,P0172,17.74
28af304a-b08c-4ff0-ab85-b8766dc872f1,P0228,43.56
c7fc5921-f3e6-42b2-964a-92eaff6daad0,P0050,140.83
5aba88f3-13f5-482a-9e2e-112a8abdf828,P0241,53.49
b4fec70c-a474-4239-9e35-fcc1753acee2,P0123,41.46
40ade94f-c528-4088-b6d5-77fbb3f5cf90,P0179,46.94
fbf7ab66-be0c-4e19-bb6a-c1c640f643d4,P0224,0.44
50d3155c-ae63-4004-adf8-0e75d301598c,P0063,18.27
020adb09-1f7b-409a-af6e-0fa864bc6211,P0228,29.59
003b1a10-67fe-4547-8277-834658a272fe,P0167,19.25
39e1b19c-5100-46a1-b7be-c2c99d9a637a,P0120,13.4
663065b5-4db9-4633-bbb2-6523034bd8c3,P0149,10.3
20209251-9a64-4ec1-b6cd-6b821cef00e7,P0201,45.36
1bd0ab63-9b69-4c5b-af4a-bd83ac1fea31,P0060,62.74
e8283351-d0ea-458f-ac69-107baa136914,P0126,7.39
5d193e8c-219e-4a74-864c-a3ebc6862b19,P0032,8.43
0aaf5b6c-34dc-4a28-8ee1-b1cc69dcd81e,P0205,111.21
6efdd179-03a2-4481-aaf1-dbba2e2a278d,P0124,27.45
1de91aa1-eb9c-4677-8aaa-d04a397f736e,P0118,150.12
f5ec74c5-707d-414f-beec-6a3eb8c69ec1,P0024,70.65
50914877-3ac6-43b0-9c6d-196fb2701ce7,P0262,23.42
6efdd179-03a2-4481-aaf1-dbba2e2a278d,P0237,1.38
b2b2a08f-2078-4597-9f9d-dd7b8d7f4fd7,P0008,1.57
32083680-af21-40b1-abd3-aa9443cbc0a8,P0133,53.83
c1d70959-c76e-4ad6-b8ec-a079a1960ef6,P0079,37.32
8352b025-6660-4843-b137-c4d4d921a68c,P0017,37.93
07fdcda7-39d5-457b-887a-5450a7de4c92,P0247,31.91
ede81d26-7132-4338-afbd-66beeec8f40f,P0250,92.23
228f649f-1e21-49a5-ba4b-09e839ddaeda,P0037,4.02
94204e7c-4826-4b97-aacb-db0235dc4d92,P0246,27.26
38e15024-ca0b-44ab-95c4-a05df75198bf,P0006,22.77
d6870047-eba3-4868-9a08-95ca0dd72a22,P0204,31.54
b46cdce5-d8a2-469c-bf09-0fe27a93fbfb,P0237,113.81
63c7e662-d46c-4a28-80a0-4a991a02d187,P0006,43.54
69bb7619-2231-4028-8e4b-239ddeba1692,P0081,91.25
a6ebb55f-a0e2-40cc-90df-0fd39908457c,P0252,25.04
e5bb2dbc-c5c6-43ff-872e-71a98e89c654,P0253,4.99
afb36ac0-a05c-4680-8719-65362bf51c58,P0115,68.34
eae9ac76-7a6b-4980-919f-06279520c2c5,P0300,33.18
4c7b55ab-b31a-4923-b2e9-da3e72e4d43b,P0127,44.53
647e2375-a609-4223-81e5-056a80d38b9d,P0286,6.13
c7cd620a-a38a-4fc6-8f3f-4f315c9ee592,P0103,16.64
c411eb9a-4cee-458f-a72b-c57219a7232e,P0199,9.33
a351a7fa-7b0e-44db-b50f-e91218f55de2,P0156,142.14
d4f08a79-d43c-440d-b251-a65f0a962635,P0277,15.34
dcf3cc51-3a1a-4528-9d9b-11c11c2316d1,P0121,58.77
8f851326-50d4-4cca-8aae-60c4838c0fd8,P0070,12.54
c1be2961-369a-4d7b-b07a-3ddb7ca05611,P0170,34.39
78edeb79-0f92-44c1-95ea-cc4ac2012ec2,P0223,52.2
f23acb3e-be0a-4214-9b0e-5d6f5420240a,P0020,29.17
09c2d82e-4c1c-419c-83da-0b36944e3347,P0077,70.24
3329d025-f776-439f-9d34-4369ded1f186,P0038,18.28
29504080-6417-4f34-a863-01577b9680a6,P0042,159.65
a669447c-2792-446d-98d7-6e19dbcd87c6,P0248,22.87
f042d8ae-27a7-4384-a200-d476365f4910,P0225,2.21
8d165dfe-665c-4fee-bc3b-c13d14531d10,P0038,1.55
cd6a9e7f-4232-4edb-8351-2dd2d6a48000,P0125,13.95
452fd4a8-7e4c-41bf-8012-ab6c703385be,P0190,128.91
43a46a11-3783-4979-9460-6235b9cbc9ca,P0019,57.44
277f7477-45f3-414a-ae92-083698a91b36,P0130,8.09
ac2d8149-fac8-48c9-aa32-300eaa230ff9,P0130,28.84
b433e3a3-082b-412f-b624-5d458f6063e4,P0092,130.73
360c848b-a74c-4c74-a2c8-4239eec2d5ec,P0079,104.58
51c83504-c7f8-4356-af81-0cea2b7df084,P0092,13.28
bbbab611-d7cc-491e-866d-3db6cfb2f9cc,P0127,52.12
41cd591f-fe38-4d9c-881e-a4241f014040,P0284,4.95
d9587396-7e7e-4eaa-af9e-cf497206f6c1,P0158,99.83
dda022fd-5afe-48f5-a802-dbcaff2dbf5b,P0189,61.46
d57e717d-5db3-48a7-ada1-07c87176c47e,P0131,39.0
56586d91-3c9d-40bd-bc47-9e17c3271273,P0071,32.67
eb4ce6e0-205b-4b51-9306-e33e0854ef79,P0286,61.21
372468ad-eca2-433d-be8b-e19ddf0d0322,P0178,74.55
9a6670c0-ecea-44b2-9237-d47260359ce6,P0265,24.35
821a76f2-1b01-480c-9496-1e2419ac1273,P0162,96.22
65d14db1-b62c-487b-ac1b-0223dba8c630,P0061,21.87
ad48ff18-4942-4d4e-a026-57f566addbea,P0281,17.79
57a0f732-3f7a-40a1-9fe2-c8356560a889,P0225,6.55
d0ae9729-8167-438b-93e8-c33fcfef1733,P0069,2.54
3c964268-5f20-4a26-80c2-7157993039a7,P0106,190.25
da1b2c1a-4934-46fe-a073-5d0a8cbe7180,P0264,40.04
13f96d0e-981f-43b2-a456-0589aa2506e3,P0044,5.71
e8d04561-15f2-43ba-9f9e-d4b6561c15c7,P0300,116.73
25e94a10-fa76-46f8-9826-2607ef3a7a29,P0059,4.45
313ccd26-f369-45c4-a3aa-ab6f74f21d2a,P0004,4.81
d4e4cc8c-13ed-4680-abd6-383886791770,P0254,3.99
da0eddf2-fbd3-45b7-8086-7e064241b34e,P0169,1.54
f33aa2e2-8c4b-4cee-8c20-4443bab6ae79,P0123,150.61
0019edce-de43-4bad-bac4-a28d69c0ad8d,P0093,26.11
dd3117a2-38d9-40dd-a8b9-b0f30f0ecacb,P0259,3.2
d36e8354-b40d-47dd-b992-48a2a250247b,P0221,16.36
b8c361bc-2fd9-462d-a690-85d1ce46049f,P0288,34.29
c54434a4-eb5a-42f9-865b-6c3eb5adb48f,P0028,8.32
11093a5d-0108-4a9f-a0ea-e099f18819e8,P0111,35.29
bd242a69-20d3-461e-a87e-5dda0b27b7e7,P0025,1.43
6a6c9d78-a144-46c9-8acc-95914a104233,P0243,87.01
76cec64d-4c8d-4762-9277-413c7c566f4a,P0179,21.83
0ad33bbd-c336-4a61-b08b-28b6ea8e4778,P0103,74.33
2ce49e02-c68e-43f8-9c9e-878fc5d1292d,P0151,18.99
a78ff3c1-50da-4dc3-8dc1-819d1ada7b9e,P0101,28.9
ffa360e7-82f4-47ab-aea4-86b2db13ccf0,P0023,7.72
9795cfb0-0970-4a87-b7bd-42c27d046cce,P0176,20.29
c02beb95-b09b-4d6f-9291-adaa59670953,P0206,2.09
c8b615a5-ae0a-48a5-af83-2bbe271b37ad,P0057,38.05
1ae66a11-7144-4e99-b202-a9fe12537c95,P0027,166.45
7a1af401-6bed-46f8-b75e-ddc0751d4bd9,P0099,25.05
5e835f7b-01ea-4356-9c7f-4017fe3a2127,P0109,33.56
07106932-a75f-49fe-bd15-d25055ce7f94,P0096,1.32
b1a9c7bd-ee0a-4b30-9f5b-01ce254f4792,P0150,55.47
fa1d9114-8de5-4152-83fc-e8517f8a2f7a,P0172,29.14
ed2425f0-ed22-4c36-a53d-93635f54c714,P0011,6.94
82488316-b37e-4b82-a362-883bd8680fc0,P0045,54.19
46850dfd-957f-4065-a2b5-f8ea1886f487,P0065,46.83
de2cfa74-f4ca-4c27-9756-7e1d071f02fd,P0196,27.73
a561250a-d15f-4cbe-8f2a-e57dbbdb85d3,P0198,3.74
d780a5c9-65cc-4656-8bc3-763e00510398,P0178,7.2
870b585d-f7b4-4cd8-b237-b6ec11439ae3,P0254,20.36
356a3ec3-25d0-49e5-8234-c51f1894b258,P0102,54.25
1c7a5e85-9e9c-499c-9840-1dee3e818d55,P0250,5.25
025ca879-2f2b-40c5-a842-166d3abec108,P0027,69.29
117b9106-075d-45c5-8c23-edd1b00689bf,P0287,45.35
eb9af1c0-0019-4817-9334-d521df513e5c,P0108,118.31
8e00aa70-6d87-4e5d-9df4-de1fe23dfafb,P0171,14.19
595c45d9-5df7-4f7a-93f5-b7a73e01c656,P0247,34.81
37941093-7687-4bcb-a239-661d788211ca,P0125,55.7
b47d1bea-f78b-4fc7-bf54-2471f7521331,P0018,144.0
eea6cb5a-1e23-484e-9aff-4a3a63815463,P0211,74.84
bf97db67-57e6-4a47-b65d-00f1b080b06c,P0264,50.04
4ff0ad77-c7f2-4bc5-81d2-aa519934e4fd,P0036,10.89
0d0aafef-54ae-4309-81f2-c9f7dc03a7be,P0112,10.01
28bbf52d-8655-4594-9dcf-0940e825f961,P0265,24.19
c06c7015-403a-44f0-a30c-852bca02b9ac,P0133,29.62
9b974f19-65fb-4f7c-ad32-750e405cd640,P0072,14.46
02801f06-ad64-4c8a-96ac-536bb618d0e8,P0252,2.17
732f38e9-5f4e-4d76-8d37-1d017b433287,P0047,83.57
ffa05806-4070-445b-97d6-c8f18d52234b,P0282,5.21
23e68779-b527-418b-ad19-6d2095106f01,P0010,89.63
753b228e-4893-4ea9-b116-3e828b6e70fb,P0298,81.01
1717b788-0dae-47fd-a0df-45ce49fe1d34,P0188,64.22
4e65a4d2-e795-4b67-bbae-94ab5303a873,P0029,12.27
72e1ce9d-da0c-4d0f-af1c-532650bee4f0,P0106,75.33
49726e8c-acdd-41be-88f1-b5d68865e25b,P0264,47.94
7d0a3d19-e5db-48f0-b396-df6eabc1935f,P0044,28.09
2cc8e7f0-b1c5-46ed-89de-e789bd8fd05a,P0232,87.07
0d6b731e-e59a-4884-ba91-18ebc70b608e,P0217,4.14
f49fb51b-863c-4fba-a722-f6ee40f32a15,P0137,49.73
061373aa-967f-434c-96d2-d1539423c650,P0292,50.67
aeb0ca9f-7cd7-485b-bfcc-6b71d2233236,P0039,62.29
870b585d-f7b4-4cd8-b237-b6ec11439ae3,P0092,15.2
bdf88042-343c-4480-8308-dea577fbaee4,P0078,13.44
9567e6a1-ff5e-47fc-bee9-8c3ec9fc3912,P0067,4.44
1d341c8f-e9b0-4f03-bc1e-8908ae0a0f91,P0153,49.98
0915dfc7-cbca-4526-b4da-080c850b1d79,P0180,22.87
6c152c99-9ed3-40e9-95e5-f60799961aff,P0146,0.3
d068a758-e992-46b3-9a29-6288c567ed5a,P0206,124.57
b026183b-b148-426d-b188-90271baa77cd,P0004,7.43
220e6a34-f001-461c-bdcd-6d696118db64,P0242,5.39
ffb06c65-026b-4fc3-a287-29042b2a02ae,P0142,48.28
6be83f8b-2c99-4906-b027-3f512ba7316c,P0171,95.18
9ced4ead-e004-4b22-a856-6f739490e36c,P0238,9.74
aaf058c1-cfb5-4a25-afeb-e9e5d8f0f396,P0267,7.68
2f594b6b-d4b6-48c4-b509-23efc4ade0c5,P0300,0.49
966f3963-b7c5-473d-8ebf-2d41788307bc,P0217,36.96
0fbadacd-bcf8-4a86-a06b-90bf84804519,P0244,75.25
89ad270e-841b-49b1-8f2a-8ac56d700eef,P0142,1.55
58ce65ba-472a-4e8c-bf9d-b78158b29385,P0142,2.4
1e967737-9096-4390-934c-8980e79f566a,P0200,15.15
344ff323-112d-4614-b490-146753698174,P0103,4.76
e3593f67-ef96-4b38-9b37-012c59acf2f0,P0267,47.23
2765669a-3ff9-4ba2-b62a-3bec630da6d0,P0193,24.46
ddfe8c81-095e-44dc-bbcf-7123cc62cced,P0159,6.69
6805e6e5-9da2-4e3c-b714-552a9271a213,P0120,64.45
ea609fb2-93b8-445f-9205-c4a7a9faa1d6,P0295,29.88
658b3f3a-b55b-45ac-af28-12f792297274,P0258,4.97
20ed12e3-2f78-4068-8f56-1a9a98bb103e,P0029,21.75
258df7bd-9e75-49b6-a010-6ad9be861b25,P0216,7.4
c11dc3e0-d9ec-4883-adba-4e15eaf5415b,P0112,7.47
6ab168aa-7bec-4bde-81b8-8f715bf37f91,P0141,75.9
518fa04b-1e41-4dc3-aefc-fc6b4057c919,P0232,40.07
32b96ce8-dfb3-417d-96f0-f2518e79dc36,P0142,17.24
a26b7f21-efaf-4286-a23c-6c6a9116a07d,P0064,16.31
6905829e-ef49-496d-b49e-e8d6df9e40d2,P0170,45.77
3026827b-a7c9-462f-a629-cc9878256eea,P0120,12.82
f3af43a0-0b20-40d4-bcda-229f73fed4d2,P0087,63.75
78e5aa93-cb82-46e2-ac6d-96aa01c94586,P0187,98.22
47120d8a-e72b-4cea-a389-02ee6cedba49,P0216,10.75
cd042bfc-2138-417e-b469-c82bba044d8c,P0116,90.72
98e59f66-d0a9-43b6-a0f6-3e9902a039a9,P0209,15.84
161c5aa8-035c-48e3-80bc-671c1cc9235a,P0171,35.95
f240aa28-6959-4b20-a83d-53fcaaff26d0,P0224,55.25
59db7e92-7741-40b6-8409-30493e0715ac,P0208,74.62
61288110-8bd6-4d31-b4e0-70a2a106f9c3,P0108,86.81
9d2edbd7-0ee5-4061-9ca7-32352469c8a7,P0224,1.02
1a77ab29-1937-4abe-a2b7-34ae320d5685,P0208,26.25
c87fe68e-853c-4838-824a-9f9570f08f1e,P0187,8.88
f8327269-7bfd-4744-8cd0-ea50d5fc08b9,P0101,3.54
789c672b-6042-4568-a66b-308c5820ad3f,P0063,44.47
35901c4c-4cb6-4963-8e93-379cf41be2bf,P0289,45.98
3adac1dc-d8f8-4ada-85c5-3edbb7566601,P0280,0.5
6b06ab47-2bfa-4330-b512-fbfad6b1ea81,P0259,51.72
32b65ecd-f481-4579-9236-72c9de435fb0,P0224,80.25
4f964dfa-8d88-4002-833e-74eb55f76dc5,P0268,38.45
b12421f3-3fd1-4d4b-a151-fab59c62da5a,P0144,41.07
17aa5f27-d898-4192-a21e-f4b438b24afa,P0034,54.51
0381bc26-575c-41d0-81e3-705df251e2b3,P0219,23.87
8d37c932-916e-42fb-aa6b-953c492fc0bf,P0070,36.29
394c6f0c-ae97-4662-9a6f-83e74f3916e0,P0198,120.89
fea89223-e2b2-4b42-bd48-c42ed62d26ce,P0019,50.06
2e5431bd-f487-43e5-b206-e9a477ebd87e,P0225,74.15
c0cd3d1c-d7d1-4973-8639-ba1233f093f4,P0138,33.44
c6039663-addf-462a-a067-d3edf17e152d,P0077,18.27
aa433fe5-c170-4ada-b7b8-60b054934001,P0299,15.84
98fac7f0-cffc-4862-8ba6-5c062d5a7565,P0188,16.73
6017f8e8-0fd4-4d49-972c-c27edc850a17,P0278,21.38
826d0223-554f-4300-b7bf-bc236b44f901,P0185,40.23
84cb0189-143a-464b-a654-6287c5e0265b,P0165,30.77
dccb2b27-0b03-4367-a9c3-43f37b9e7c08,P0240,12.14
fecb00e0-3447-499e-96f9-7a6b6040e269,P0179,41.94
b6232851-cb52-4168-9259-0fa4b210977f,P0180,16.9
bbff4373-bf4e-41a6-bdb5-e1b84ac00cbe,P0086,66.22
906795a2-a324-4edf-aff4-610bd7b92862,P0276,1.24
fc282a74-051e-4461-b7e7-49899653e57e,P0197,50.23
409837c2-b34c-4de1-96be-9c5223f26e53,P0278,74.9
3026827b-a7c9-462f-a629-cc9878256eea,P0163,91.69
c6d6c331-b995-48c4-9742-17356669a979,P0013,7.74
ac326854-d964-42b4-97f3-494ec8ace51d,P0070,59.58
e4964e89-957c-4b13-a693-99f56768b1a6,P0053,0.61
5e8fc975-ccec-4b22-b5fa-af9510a936c9,P0167,6.69
714bf240-4b54-4e32-85cc-8bb1e1238aca,P0250,36.45
a8d77817-33ea-409b-8c47-9f842a33c764,P0280,61.56
c97831ad-6842-4446-9667-a5720508613a,P0174,2.17
ca8cbc5b-6a8d-4fd6-9619-fff78ea8821d,P0006,6.55
4d69ff63-7076-4758-8281-690b1c2a4ba7,P0176,52.59
f35c6e3b-a1ff-4bf3-8631-db80c12e40ed,P0046,61.71
b5384780-4f58-4c9f-b6c3-9f644bd803fb,P0024,37.78
582880f1-c755-4e53-a3cb-93a31b12cdb5,P0178,27.24
92118f2e-8e7b-45bc-b128-f8c435c6d714,P0233,88.51
cd75e9b7-3412-421b-83a3-32335ec52a72,P0148,17.22
c1132195-b617-4798-8b37-7d0861e72e59,P0094,20.28
8663484f-b66d-4390-a284-5e549f3f7f3c,P0075,15.02
8146c756-0252-41be-b03c-58faf49e58f7,P0112,75.76
89ded28a-68df-48a9-87f0-d3cfbe110912,P0069,9.8
d95e9be8-a810-443b-ab7e-84792de4b8b0,P0254,1.26
4aab1e15-9fb2-41ea-bc68-f374267ca0f7,P0058,15.32
bc82e9f6-82c3-4bcd-8421-bbead70b7466,P0270,51.33
99f8ccf4-a996-4837-bf60-207f54c1dcd1,P0111,2.92
411cc5d7-cfe5-4341-9965-b0f6835ff81a,P0150,222.75
f0b037e1-5ede-4909-9cf7-b582fadb75e5,P0282,14.95
c5b5961f-2592-4224-a7bb-18f2e4f36339,P0222,17.62
3228554d-6457-43e3-a47f-553ff7a2a2db,P0282,45.1
6ebb9532-0542-48d2-a29b-6d9a3cdae5d8,P0001,173.64
6d1b383e-636f-43ba-8e34-a58c6a9033e4,P0089,19.63
2a09843b-0de6-4919-b1b1-a5e450f9c506,P0298,61.71
f3260e79-44d6-493c-8e04-e2cd31aca251,P0291,87.84
4be4695d-a38a-4e64-adf1-af51bb061a25,P0218,56.38
901cfd75-a6ae-44f7-b4be-650de33db5d0,P0279,32.91
bbe84d7c-3f0d-4579-86a8-4342dc85b1b8,P0159,29.45
40bee9d2-4801-4ce7-a5db-5d89d5853078,P0183,42.91
ba92b712-4c20-4fe7-bb9b-1067c8f3bce3,P0093,45.97
dea81df4-9fdf-46a3-8e9f-b610ccad7003,P0084,15.86
7c3ca376-e8ff-48a6-a098-8d9b0e46d5b9,P0159,19.65
33da2d91-caa6-4be7-85fb-ecfabd4e27ce,P0023,83.78
745ff306-da73-4350-91c7-2f5bd4daf2b3,P0029,35.49
ad286a9b-aaba-439d-acd5-c0802cb6e1d8,P0204,23.06
dccb2b27-0b03-4367-a9c3-43f37b9e7c08,P0170,4.66
cbc723ed-73de-4ebc-8d20-8a5dd918d6fb,P0046,5.79
900a5850-6786-434a-8dfc-4084860b2754,P0265,89.19
0711c071-781a-4d18-83d2-6cd78ca19284,P0144,17.91
99225ef0-6e43-4734-9947-95a70252693b,P0018,19.97
911456b8-8ba7-4661-be8f-bcfc2b705c29,P0175,38.8
f20c9b87-3893-4620-bf4a-26bc5fde58bc,P0047,75.0
03f7f97d-211f-41ed-9886-ecc127a26f06,P0171,37.13
0da9f238-3f67-416d-bda3-efce703d026f,P0130,21.89
7a2fc07d-d640-46ce-90fe-015e8272842f,P0205,50.67
e228626d-b477-49b7-84da-e8ece036bb7a,P0277,7.97
478b7499-a66a-43e0-ab22-ed3be09c598f,P0216,18.53
d57618cc-6c59-4ca6-ace0-b837b2fc42e7,P0170,71.52
70552d4a-411e-400f-aa0b-098d7e457735,P0176,68.69
9f3e1e5c-5b34-4f5e-99c0-987296b85035,P0241,45.68
b45411b0-8df9-455a-a606-ac46ff517371,P0227,21.18
18b572e0-5ba5-4d29-acf3-d183c6a08275,P0230,1.47
348f553e-e93c-4204-bc51-b730c987146e,P0014,44.65
c9f0d7d7-8675-4156-91d8-f38e0320f2b9,P0124,16.43
26c694e8-64da-40b3-b05c-d96028be45f0,P0276,66.94
11fb5c71-ea13-43a8-a516-6cec2ee16a7f,P0212,16.96
5e5cd896-0b15-49a3-b276-49dbede903db,P0199,38.49
dfb7ba34-01b7-4d13-96dd-7ab3790d8263,P0133,30.63
7ddf5f74-5c3a-4ee4-98ed-6b1c797829cd,P0137,87.54
10d8bff2-f1d6-4f08-8344-815b93d010d9,P0075,112.95
6aa7d2f2-2dc6-4ba5-8354-fc1922e8b6ab,P0054,5.38
a14c21f1-6ab3-462b-a51a-9b28c93e9dc0,P0186,43.06
e5145860-4ff7-40fb-bdf3-66535b03cce7,P0039,3.33
b6f3f1f8-886c-4f6b-8f70-45840dbe5a0b,P0233,3.93
97e02654-737d-4556-883b-4af740a59383,P0083,80.15
1e9710f3-200f-4813-b86b-da9a977f29f0,P0171,5.31
4b061afd-4aa0-481f-b4bc-1ea35e54d46a,P0008,59.77
2fab9908-ddd2-4196-8eac-682f845c127d,P0201,42.41
4a1d5bb4-7d91-4f23-9136-3748918d3e95,P0062,50.73
b738ebfc-a5fe-461d-af7a-3336037b03e9,P0166,13.36
344ff323-112d-4614-b490-146753698174,P0163,13.28
c0497001-55d0-41c0-8e60-efa4ed10c46f,P0030,16.36
7533c93e-d1f6-4c7f-b9a7-c230766cd056,P0144,30.29
8b1dd30c-4b50-4038-8bd1-dd831302e36f,P0260,10.39
73031ba5-83df-4c21-8e06-a9c9c3d589cb,P0056,29.29
65a10676-27af-4d29-8fd9-7cb971172572,P0185,3.75
981090c7-687c-4923-a324-f87296d3e645,P0050,1.8
2bb2ff0a-0426-4864-80f8-e51e4a247333,P0092,17.35
161c5aa8-035c-48e3-80bc-671c1cc9235a,P0201,34.89
7ec9c00b-66dc-4ef4-ac21-3e6d74d704ab,P0085,35.81
a8b64f21-d1b5-4e3b-abec-d78edb6af477,P0039,6.11
0a5462c3-8617-47f9-97da-ef8fe7d6e4ec,P0272,46.57
55310add-520b-48ce-ab18-27da8c65223b,P0045,9.88
94e259db-e8a2-4e4a-9cf4-21c564710c9d,P0190,1.09
20f3cd90-d078-4b06-b418-8bc3fb743264,P0110,13.72
4f8854bf-4f97-4506-a9c5-440e01607265,P0050,37.88
a351a7fa-7b0e-44db-b50f-e91218f55de2,P0026,15.91
211b85e4-29fc-44d6-a0bf-5f6741180b32,P0055,74.44
16be6a51-08c8-463c-b940-42292ec6d8f5,P0225,47.86
655312c5-9db0-4675-94e2-a22c68f279b4,P0299,2.69
4fe635ce-1d69-46e7-9b7b-f58595398956,P0089,57.08
95edd556-b875-4095-8a0e-525e456990d4,P0216,85.13
1c924c1f-53ba-451b-8096-2f8009924574,P0281,25.64
ea54029e-0e0b-46a4-8092-24baab163d3e,P0008,79.65
5c131a73-009f-4054-987b-c3cabfe30336,P0241,14.13
582dc8d0-c976-4e68-9871-9148d2395531,P0114,25.84
745aa5b8-1daf-4681-9218-34a85ed3f5ac,P0037,0.44
18d3079a-8b94-4669-9abf-7d7ff992f0e4,P0264,33.35
22642984-aec2-400a-b5f6-85b80628595c,P0257,154.47
0184da1c-c20a-4442-9dae-4b77e4086566,P0160,27.61
c0e09a88-b3a2-4953-9002-cd947632b240,P0026,39.93
e71505e2-8979-4ddc-a90c-a0f39b062979,P0120,20.84
ee85987b-aa99-4b53-8508-1648ffc81d32,P0039,64.38
356a3ec3-25d0-49e5-8234-c51f1894b258,P0146,11.37
ab255b24-6270-4d65-9da7-42b114397481,P0267,11.45
1321e0b0-02dd-48a0-83fa-731c794eec23,P0147,15.98
d3e8d9b0-1e6b-486a-b372-879a00998b42,P0074,0.7
bfc5070b-a5d5-408d-bc71-9ea988cb3f60,P0262,18.49
87d40b7d-5d96-42e8-8a20-9086c58a4471,P0246,112.96
0cc34a5e-f7c4-47cb-b826-181957c1c87f,P0190,41.61
1cd1e64c-1dc9-468a-88c6-a0f4b875511f,P0077,138.26
bdc8e9be-9ff0-490b-8aed-0bf7df89e4ae,P0279,58.06
5d1c4310-46b4-4e1c-9d29-2fa5d9faa7e0,P0007,1.69
185ab1be-4b02-45de-a0cc-d7f670bd80e7,P0253,20.86
7a755e03-0989-4479-ad59-bf55720fb896,P0144,24.68
94e06e59-ac80-4dfa-8c79-df929250a950,P0218,13.59
71ca11a3-254d-47a7-ab14-840bec90cc2e,P0096,132.99
a86e42dc-375e-4fe0-a49b-82b8585db937,P0278,21.95
da1b2c1a-4934-46fe-a073-5d0a8cbe7180,P0180,22.11
cb0b9cc5-591a-4c53-ad5d-284ba299d457,P0106,68.41
6c34b418-7f62-485d-98d7-e3c11f691357,P0178,80.14
41e30bf6-d675-4f21-922d-25d8f96ed136,P0195,29.11
83d029d1-1484-422e-9cdb-c5d17c5913ba,P0253,21.15
f9d6ed8a-fb5d-4cf0-ba29-794fb525bdbf,P0292,218.49
78f28cec-e768-4fa7-ad49-50e3fc828de2,P0043,43.32
60e54f1f-e15b-4da2-914d-3a0b2d98c347,P0228,36.88
045ef2fc-f88f-496f-a215-d2d2f1c4c480,P0093,3.31
b71472ee-50be-4697-a44f-35f0f28ce5ad,P0063,15.49
da0eddf2-fbd3-45b7-8086-7e064241b34e,P0126,24.18
1e967737-9096-4390-934c-8980e79f566a,P0040,13.08
c40f97b5-50cb-4564-88c9-6be0f5c8e488,P0037,235.12
213b9a3a-7e0f-495e-b8a9-f95132de9080,P0247,39.51
326a3552-f8df-4e7d-a606-9e5866ee943f,P0051,18.61
c3ca6ca5-f045-4b1e-a2ec-c86cc66bb878,P0187,48.43
335c2368-288b-4fe6-9f03-9e9f678c62d3,P0293,61.24
7d8f0c08-d935-4fb4-b470-2d52747b2c16,P0002,64.83
1685aed3-ae0a-41b2-9d07-24d1bb4a4943,P0206,48.1
f45295ce-b444-4f58-b3e1-90e26a4dd884,P0225,8.87
ef07a548-5a80-4550-b5ec-8c9f36f29baf,P0123,39.29
caf318fa-62e1-43bb-8d8c-7664f56761fb,P0076,55.67
583ad235-e947-4dbb-8020-d92b565cbac9,P0281,80.54
69766f36-4a66-40a5-896d-1277e5ecb0e3,P0071,6.06
fee5d209-e515-49a3-b650-7560773bd4ce,P0170,27.47
129dda1a-1e85-430a-85c6-710805afa46d,P0111,6.97
b938c65b-9b54-451e-81a7-87720a3add8b,P0230,39.83
5794c21e-96c8-4b60-8d20-bc35ade75548,P0053,124.5
3a80b320-5fc7-4565-bff6-5006ec333ec2,P0083,37.68
a71c00b0-ae62-4ab8-a349-7b17d061e582,P0156,1.69
a421dc4c-55c8-4794-a6c3-f07a8e20ffb1,P0193,23.76
4da703f0-65e6-4839-8074-527b7c3a651f,P0016,55.7
6a81e813-334e-4305-abc6-7ac8566c4617,P0124,2.9
834b45b3-7762-4500-8255-7a08ac4e62b9,P0151,38.42
1987fac4-a413-4a74-b1f4-b0660910e320,P0086,4.37
45589ee9-1891-4a78-a3d1-54fb167609f7,P0053,5.32
9d5bdc52-e16b-4831-9243-a9c5721bdbb6,P0041,11.97
c86962d3-c14f-419a-9c9d-a3241e4b3c07,P0248,66.52
1ca8d492-7c96-494a-8e1b-c7d15050e4d0,P0128,19.47
0cf0ded7-03e9-4dbc-8e96-a0e9dd02944d,P0103,20.11
30b1b9a2-ad55-4a94-b033-77202120527e,P0155,8.34
2efe9430-4764-4536-8ba8-9756f068dd53,P0050,26.73
f5866427-430d-4a0c-be6b-8f71216f51a3,P0038,10.24
104d1bcf-f42e-4c23-948e-71130af421b0,P0114,2.66
15a38e70-fd5c-4203-96f5-e5ad184ded00,P0073,4.79
c854e902-deba-4b08-97ec-5f17264c7376,P0260,35.3
db40d6c2-50d4-4ebc-abd5-db674b17eede,P0170,75.5
e395dea0-3a69-48c1-a051-c4f5d9bdb92a,P0215,42.45
f3880076-7e66-4c1d-8f95-43c0ec0ed363,P0043,18.44
2361a6b9-7a98-4c4f-bbf3-aa4f509965b2,P0211,29.19
20f3cd90-d078-4b06-b418-8bc3fb743264,P0007,17.26
8ddb0a98-d2cd-4a5c-9f24-e041848342c4,P0256,36.59
aa3605a1-d94f-4703-8e80-002bf19fd095,P0119,1.46
5ad095c4-fc9d-41e1-ba9b-cb88219d1451,P0005,15.56
cd8bdc2b-5fec-4ac5-a29f-e32a1b353d30,P0123,6.89
379f26bd-6b75-416c-94a4-fe2766bf1675,P0212,74.84
598d9293-3773-4fc1-98dd-6f46c3f1d55b,P0192,18.97
a5b842f0-96e5-4df6-ba24-7b96dda852db,P0075,22.68
1700c0cc-8273-4046-aac6-b944133db935,P0243,126.15
641cf799-7b82-4d00-893f-698616de4d86,P0218,71.3
8bab7811-b5b1-4b28-9688-0ef5b8e78b89,P0061,2.29
998a274f-5073-4575-86b8-d1667505dfa9,P0269,52.45
5590ea94-58b6-4625-b660-ef0335992f83,P0233,14.63
a2ac916d-3c62-46c0-b1b2-a3f9d0ebc6ed,P0174,91.38
aad0f1bf-31ce-420b-b314-c1f77ebe27c1,P0211,81.08
c43fa4f2-9d45-4c6f-a00b-3c8698e948db,P0133,39.45
63b33758-84a8-445f-afd3-e61cf2c502c4,P0133,4.61
4ed9b8dc-1d72-43b2-b2cc-e0550eeb6912,P0065,91.52
284df3c5-9b49-4340-bf3a-2128dc3252f4,P0275,57.9
11609bd8-1dd5-4e92-906a-1f09701d0f9b,P0030,30.51
24905b2a-49f5-4961-afcd-eb29a74587a7,P0053,24.74
f3a9496b-ba7b-4bc9-ad12-76d2ee7c3b6d,P0156,120.42
f0d96c03-e46b-40e5-b174-25b3d1df947e,P0052,6.88
73f79a82-f492-4712-a6de-b4f9034c09c4,P0077,5.37
de7e6a04-6a7d-4154-bae1-4541dd3e2d1d,P0095,40.99
28f7f6de-89a5-43d1-bc23-55d3d0675fdd,P0236,45.25
1cd74463-0a5a-4ae0-a789-eb306c24aad4,P0048,126.06
46a11d95-6b5a-47d6-824d-292989fe4e56,P0095,185.26
6ad5bd74-4e3b-4d20-b9ed-6ce95a73be7c,P0066,22.82
083e6f93-b815-42cc-802c-5f62637bb9c0,P0048,72.15
ca5fe4b4-8fa9-49aa-9d68-90774c92fc55,P0030,22.68
4c07552f-7044-4463-8102-fa05fcc56da2,P0255,18.09
f8a16fb4-7e4e-4e7c-b144-01cf37e6bf3f,P0045,8.68
8c1baf7d-9678-4201-954c-2b2ede2c2a47,P0022,6.94
28bfe089-3d40-4bfa-905e-5e6bfe630bb1,P0184,41.76
5ee36bd9-9b22-4b1a-8c0a-f3fd33fdacd0,P0202,21.22
680cecf1-2771-497a-8555-ba9569edecee,P0263,3.0
02ed8ab2-c11e-486c-a461-550d3ed7bb83,P0160,15.1
c2ebae8e-c3a5-420a-b926-eeca057bfbc5,P0148,4.22
9b9da838-9d90-4aa0-8fdd-bc0f363296ae,P0170,41.89
e5d1aab8-9387-4f18-abf8-a0163823ceb9,P0298,142.17
3de4324b-ba55-4d89-bf07-70d313fe1367,P0154,4.97
b0526a4f-da2a-4924-b852-1e28b27f3a97,P0002,32.4
e3ceeb10-7015-43f9-8b1f-be7eec62fc5f,P0285,12.87
c682a4de-68a7-4ad8-a023-02dd8ca37c8a,P0106,0.57
cd61532e-af1a-47db-a8b1-abde7a69679a,P0121,18.17
82a16728-21fc-419a-a226-303eb152703c,P0283,22.32
666f4a3c-a8ca-4112-adef-f5cb9779236c,P0056,8.37
66d92707-0268-41ce-ad38-7a103669b9df,P0179,11.31
c040bb04-0aa1-427b-a7f1-3765037ba3ef,P0117,46.8
b8d5b6b5-3bb2-41d1-a7a1-5044260adc8a,P0099,20.57
5162c734-cb32-4604-bba1-3dd63a3c2655,P0136,17.24
a3a398b0-c05c-499d-b30c-cef474a77e7d,P0277,34.8
b0023f5b-6df0-4142-a467-af715856f7ac,P0064,147.65
e6cbeca7-8a48-43b2-9ead-9371f530721a,P0181,7.32
5604c316-166c-49be-a8e5-7bc7d990cf61,P0224,8.52
c0b9b6b4-06a4-4b4f-b242-39417060c8e3,P0147,3.44
ae811b0d-52b3-4fee-a287-aadf0ad51673,P0228,23.87
456447f3-99fd-4a60-90f8-0d803160f8e0,P0100,115.64
f6efed1a-fd29-465a-9e4f-fae0eecd1fee,P0092,31.08
c40f97b5-50cb-4564-88c9-6be0f5c8e488,P0142,0.83
1f4ef442-e7a9-4977-932d-e718141163e9,P0168,5.71
59b2c9d6-22a0-4ca2-adde-ba5f7be994ce,P0241,36.21
480bd846-6e97-42b3-b73b-5a715db8cc88,P0167,177.1
d4f08a79-d43c-440d-b251-a65f0a962635,P0172,87.58
5b05d55b-a3ea-4e5d-b27e-cd98c1ac505a,P0006,37.38
adec2b23-72fa-4e26-88fd-94b989e4da2a,P0233,39.27
69ebc95a-0f5e-49c1-ae32-c0f7a3689798,P0294,42.14
2264d631-77fd-4f06-a09f-eda9a6f47f3d,P0264,22.9
2c83c375-01d8-481d-8010-8e822e6135d1,P0134,42.2
016189cc-f4fc-44b5-8ceb-520e2acca742,P0041,8.7
dee17a55-a898-4812-95e9-3280f23a48e8,P0226,20.9
348f553e-e93c-4204-bc51-b730c987146e,P0113,8.84
31f92b7e-3563-4d8a-aa76-82cd19b97d6c,P0167,0.21
3e2b57b2-c987-4a14-b598-f893d5287c14,P0043,32.99
349de46e-1fd9-415f-aef2-3fcbe44d3a2d,P0090,26.11
c96c73a0-b72d-4bde-a801-da7d859b174c,P0144,40.02
4c07552f-7044-4463-8102-fa05fcc56da2,P0171,28.27
f0d7beba-eb07-4023-b760-19c5b2eaee27,P0273,70.72
dab36d74-687b-4940-949e-8eb0670f1c2d,P0058,32.27
56586d91-3c9d-40bd-bc47-9e17c3271273,P0091,75.22
87a7bc15-c881-4e59-92b5-91078221950a,P0259,14.81
70d368df-22c3-4729-91f4-4e0cd54829d8,P0179,10.03
7c2f8127-38d5-4547-9745-ea34e07b2263,P0059,198.86
5f421fd4-eda5-4642-a49b-9da23b81abb6,P0145,32.52
1512df76-0c94-4c23-9dfe-f5dd65942e01,P0085,100.02
97ce55d4-cb46-4a24-b01e-822db22f6dd0,P0044,24.13
c6571159-e9cf-45cb-bb99-ee63f3450e27,P0295,38.6
d925ef1b-c271-47e3-9ac5-fad45967d6ef,P0112,2.62
4b8f7a9f-33d7-492f-97a0-5c009aab33ab,P0223,9.6
3f3f078c-39eb-4310-a904-f9fe1d54a798,P0182,13.23
a4b9615a-4be1-432f-b68d-f2d2b7cd8e38,P0048,162.04
b2694097-3653-454b-b05e-17b0c7a70368,P0050,8.46
585fa854-2ade-43fd-a0bb-aee6da8a36e1,P0024,7.89
4dde197b-4551-4cab-a4a4-f05887733ee0,P0229,212.37
f187ba79-9ecb-43f8-904d-e4ab6bc77789,P0011,37.25
9124a0d2-30e4-4624-ab36-10080e5879c8,P0220,103.17
82192fae-28b0-41b1-a139-3211eaaa2d1a,P0077,66.01
90702f58-0e28-491c-82e9-8d6091e86657,P0257,97.72
4dc175df-d82e-40bb-929b-f9c79e422548,P0003,5.1
585833cd-fab8-4c23-b645-8bb5d5307098,P0206,28.74
8be69012-9aa2-4145-b58f-73aea9fea6ac,P0170,35.42
b56161d4-7ce9-45aa-872c-3d99de5176eb,P0173,50.6
b8d5b6b5-3bb2-41d1-a7a1-5044260adc8a,P0121,35.2
87f40026-4364-4a40-a53c-1aec920ef8df,P0070,29.3
fcb968f6-a7a5-4ea4-92b9-2646c738a0c0,P0210,39.04
c3ca6ca5-f045-4b1e-a2ec-c86cc66bb878,P0287,43.0
7a2fc07d-d640-46ce-90fe-015e8272842f,P0101,21.44
69766f36-4a66-40a5-896d-1277e5ecb0e3,P0191,26.06
759d2925-23d5-499c-abe5-9b492c576937,P0056,39.56
f907a773-1fcd-4da4-a4a5-927e1b4fdd4b,P0019,8.3
ad960655-31ba-4ced-98a3-e8c78bf476b4,P0195,102.34
f3af43a0-0b20-40d4-bcda-229f73fed4d2,P0117,53.4
654ebf0a-cba3-4abe-a680-5321bf4f490d,P0233,51.21
d4e4cc8c-13ed-4680-abd6-383886791770,P0219,1.35
2044edc4-3399-489d-88cc-3daba8bee014,P0274,29.72
e1f00424-2e8f-4d52-9a8d-afe772e5b941,P0238,106.73
4d9e44a1-7f87-489d-b630-39fc8fbb7d8f,P0091,52.93
122a0ce8-1878-48ec-9b76-ded11e49ab61,P0148,165.77
2fb6cf0d-1cd8-49b3-b72b-5dfa57796356,P0296,21.21
e0469cbc-bd52-4ef5-8997-b3f0a4c0dfe2,P0257,22.41
596454dd-c7a2-4e6f-8b90-94586c9941c5,P0158,33.67
b33e4d61-f2ba-4755-bec3-45beb87e03d1,P0231,9.63
9064f73d-9f34-484c-905a-2406c89874fa,P0189,28.22
c6ffce16-2cc2-4778-a51b-ffc0fe552058,P0144,67.12
76a50f10-5c48-4445-b726-ad3ee6b5bc38,P0017,78.4
de1b24ae-810c-46c1-aa41-27b552ed8583,P0223,55.6
7fd0fe09-cf95-424c-8492-272042363aac,P0017,32.28
0ea85035-6fc9-4ec0-813f-08265be1c181,P0158,29.16
2cd04d9c-ba31-4292-a81c-616dbe30b956,P0113,49.64
5ecda289-c0c4-4af7-914b-9c63caeab401,P0144,165.01
1aac1107-14fc-46de-8221-06e20d966e6c,P0117,92.06
afe5fdcc-5233-457f-87a2-5c8e2a9e84ef,P0284,8.42
9db4a827-acf6-4069-bec6-89b163b2bd23,P0037,19.66
87f554fa-eb4f-4c48-aa48-5800e9df6063,P0053,12.16
1a6810ad-34a7-437d-a3d7-4e4aa4f06ec9,P0094,58.23
d852ae0c-0a32-474a-b5d9-356dab30f40a,P0071,6.59
75639035-a91e-49fa-b54f-91c8e3f3a809,P0213,3.36
44372776-5a63-4b4c-b034-e5c50fd743bc,P0097,41.49
994ae604-0c97-4b1a-aca6-915b60e4de99,P0024,119.68
a5bf9f59-8e87-4a61-8e2f-5c0b450c1e68,P0076,72.86
875b40fc-03bf-4579-ae5b-800b6c0fed38,P0040,0.92
8d91c560-8471-4ee0-b3f7-5ded45821316,P0211,4.03
69fe59f5-a932-40cc-a7e7-bacef8380076,P0191,25.05
b8d5b6b5-3bb2-41d1-a7a1-5044260adc8a,P0208,24.02
a669447c-2792-446d-98d7-6e19dbcd87c6,P0113,113.45
fbf7ab66-be0c-4e19-bb6a-c1c640f643d4,P0078,46.34
c0f18c6e-0b09-46cd-9afb-16878c335d14,P0027,16.98
2011fe89-0a6f-4f1c-8625-c33024fb2293,P0290,36.52
f3929d4e-6bc2-4c56-bb68-712d354ee6a8,P0092,3.48
e393637a-da9c-4f34-a67a-34db9c16ed4d,P0142,24.78
f4e834df-fd65-4a62-9052-77ce1c2be548,P0051,69.6
d57e717d-5db3-48a7-ada1-07c87176c47e,P0247,35.51
e11a6bd5-fa0c-4cf5-8187-afd0b5874349,P0174,5.82
a31542d8-9e59-48d3-a9b5-7369c1ef90b1,P0035,112.38
1321e0b0-02dd-48a0-83fa-731c794eec23,P0060,87.42
355a0ff7-7794-4923-8c83-d8635f930c26,P0283,106.83
30307c23-0749-47dc-bb09-aca73ae4e84e,P0250,56.71
cee4d04e-670c-4bfd-b275-9759635f8467,P0046,125.97
9c9a0e5f-2561-4f8f-95d0-4b88482a34f0,P0016,19.22
dac3c2bf-bf45-40a7-a346-78c73d120185,P0145,38.89
a10ac2f1-b4ab-49c3-b188-c4fadb595b80,P0255,43.54
ca708254-948b-4fa7-acfd-afd103140aad,P0254,101.04
493207b8-dc61-4ee9-a473-aefb6eb3c80c,P0164,56.17
13f96d0e-981f-43b2-a456-0589aa2506e3,P0180,0.42
b5f8ffa2-a98a-4ef8-8abc-2c92a4874417,P0254,37.53
037937aa-fafd-4285-83b8-83ead3d7fdc6,P0208,11.93
951e58a0-44be-400c-941c-c660e43488e2,P0058,129.64
1451a5b5-da7f-43ac-a2c8-319cd5ad28c3,P0192,117.53
1b7a0c91-7dda-467c-91e6-3dd45aa28dc6,P0016,4.8
10800fd1-d37e-404a-b9f8-948772f0ca4e,P0122,21.65
ba37b468-6b33-494c-aba5-fc13941e6015,P0158,33.9
f3880076-7e66-4c1d-8f95-43c0ec0ed363,P0235,16.77
bfcaeb4f-6895-4204-ac5e-700ba74524eb,P0158,21.78
1a1e0099-10b4-461c-9619-1c399349bf23,P0147,13.31
4764e497-06e2-4856-a42a-0c0506f8e7f2,P0162,29.58
1d758b9b-fc1e-4590-a0bf-59e573f61019,P0173,34.4
45940f1f-41df-4192-95c6-acdc6efd22ec,P0238,112.04
2173408b-cbfa-4d6f-a44e-53702c97f6eb,P0132,154.81
1e1f257b-b563-4443-ad47-d5d458555ec2,P0269,41.42
6f240a9d-0697-4fcf-9413-9bec187a669e,P0281,10.27
ca8ca6da-955e-409f-ba73-adad0665b51c,P0069,32.83
0977947a-c611-40ef-9f44-d860bd536d80,P0212,32.86
26d4edb1-eaa9-4d5f-bc4a-a91435a49a32,P0069,30.05
ae524736-3e6d-4a68-8599-f37d4b4548eb,P0087,4.04
a5ea6b4f-13ec-4a72-ba0f-579ae7443e69,P0142,87.83
52c2ebc8-e6c4-4a3f-9a7f-2f1c140c2e84,P0228,57.2
7fc45598-fb00-4a45-a55e-e02d57069058,P0264,28.25
e37f092b-de9f-48f4-93e7-afa2dbd1b104,P0184,38.1
b8e6eb03-f935-49db-a5c3-c88a0300c317,P0071,24.89
e998af96-2fc1-4559-9650-41accd223f4e,P0044,40.41
d7cf8773-7cbc-4fea-908b-7c97a082c9d1,P0150,20.27
fa69eb79-e112-456e-be5c-6543cff54553,P0248,109.22
f2663dbf-9eb9-49ab-a7f8-320d084dba06,P0197,49.79
af539309-d9db-4c4e-8975-ca1cd129f00c,P0229,1.68
fbf7ab66-be0c-4e19-bb6a-c1c640f643d4,P0188,66.94
181ad56f-a5a9-4c51-8a90-7b0f20cb5b4c,P0158,23.58
5e412a63-06f3-45e2-8cfe-26a4abe9ee95,P0046,23.54
ef2ae0d1-9b5d-40e6-981f-bab9c0421492,P0300,14.15
51cc74b3-8506-4312-a87e-043536823ee4,P0024,32.6
ec00f45f-f73b-42ad-8dca-9c3ba1418cef,P0231,9.34
4ac6acfa-1287-41d0-ac13-b794795310a6,P0038,14.35
cd1f1c49-bb54-4f60-a2d9-59883c823af1,P0272,1.9
3b7ccc25-bbe4-4a27-9476-484c4118d7da,P0285,72.36
8e52f59b-981d-4e24-82cc-c2cea369849c,P0189,36.67
afc95573-08a3-4621-b32e-c6126d46caef,P0203,8.98
7bb7302c-b1dc-425f-96b5-1d1a7932b94d,P0099,12.14
313b082f-323f-467e-a1d0-bf89787fa6e6,P0114,95.72
751f0f50-dc07-4d16-a34e-4d71c1c73304,P0018,0.95
6dc20c30-35a4-47bf-a9dd-5cc907d1be88,P0055,22.15
e45cf8c4-fc73-4f32-948d-683246bff206,P0233,2.54
e37f092b-de9f-48f4-93e7-afa2dbd1b104,P0042,7.22
5e9cc3fb-4d16-4d76-ab67-6a18a673b188,P0113,27.83
fcc7b211-dfdb-49f5-8eba-c8973336966d,P0220,79.95
5215bc1f-5a32-4fb0-9088-94be4c4c8d06,P0158,5.83
6b4fec91-d435-481d-a38c-72ea2760da3b,P0235,189.27
ee6f1941-5732-4fbd-aae5-9beb4ce000f3,P0155,8.73
2aefc617-abea-4c83-8c07-1fd7a605c576,P0137,20.49
8b62089f-9cb1-4e00-9060-4a421eeb1b4f,P0249,26.61
166281ef-b28b-42f7-9ae5-067c8a91271f,P0019,10.25
3fc591ac-d221-4683-a8d4-157cb29a4f47,P0269,118.7
20aca58e-eae4-4fab-83ea-27fad9e75ead,P0271,1.18
835d66f6-efa6-4fe8-849e-b9be13c5a35b,P0293,3.85
51131417-0db4-4fe5-99ea-37c40dd2b9b1,P0181,11.89
78edeb79-0f92-44c1-95ea-cc4ac2012ec2,P0126,69.32
8dd0ec37-c215-41ef-bc9a-e6bf00b30503,P0251,61.22
640565fa-4712-4310-99f6-1817dab3bde7,P0198,55.23
2230d676-54a6-48f8-bda7-9508074fc0ed,P0001,24.12
1f7f3e5c-2a79-45ea-8b4e-347c30a52a6b,P0027,45.3
559c8a3d-1b96-4998-ae1d-e3126ccfc313,P0038,3.09
5e15a3ba-7ce6-426a-a600-7fec68a737a4,P0183,36.54
20193804-0d2b-4e64-880b-0efab3b93bdb,P0050,23.16
8b765f3c-5a84-416d-b104-dd39242f4ddf,P0235,32.18
448ec53e-fb06-4653-b5e7-7b127f793192,P0066,3.43
cf336a17-67a2-42d0-ac9a-eea66c49e415,P0013,72.74
b8912a3e-4b61-412f-bad3-f896d9cb9440,P0064,42.52
c1132195-b617-4798-8b37-7d0861e72e59,P0072,2.46
51bf8135-1ec1-4337-9c4e-18e50e82d06e,P0093,12.26
6887e28b-b0bb-46c1-be0b-ebf093549912,P0026,4.47
ac326854-d964-42b4-97f3-494ec8ace51d,P0249,6.11
eeac70dc-e8bb-431b-999e-ccff2840f751,P0157,160.11
4f3a08f8-6402-479f-8022-5ab95b47f86d,P0075,94.5
dc27089e-2a87-4d4e-b1da-f010dc855ae7,P0167,3.5
5dbf69ca-12e5-4c0a-b1b2-6cced878db9d,P0135,7.24
849fb487-c304-4c8a-8870-7796ff08ec0e,P0209,1.86
7303fed3-f96e-490a-bb35-39847319a3f0,P0202,15.56
969e8b31-21ff-4c1f-aeff-ef8d2f5225bd,P0060,122.15
5d5f51f3-d01d-4c57-a1b2-4a235f95bfe8,P0298,74.57
ae1869f6-b771-40d6-97c4-c7b4773477c5,P0129,104.47
229a54cd-b733-427f-89dc-24c749cbde27,P0059,17.95
a0adfc8a-42cd-4a9a-abc4-eb21279b5154,P0011,75.58
d2e2dcc8-2a48-48c8-b22f-c36f3caaa13f,P0116,15.97
29c80707-03a2-41d6-8b5b-9e9d21a2b6fb,P0098,16.1
bbb01902-8e03-4f4f-a366-19afbc03c8e9,P0078,69.25
d35b6a3a-5e9a-4e4e-8eb2-695ee2e1e7cb,P0294,39.25
9e5690b4-caa5-4cd9-95dc-6a8713f0ef43,P0024,11.1
9c3231cb-b969-48b4-8b8a-3a07fa920c23,P0024,26.6
391c2ad0-2b62-4e6c-96af-00f4e3e815fe,P0280,29.17
f09f7c58-3b71-44b4-ab02-e990cb5e88b5,P0220,178.36
f3260e79-44d6-493c-8e04-e2cd31aca251,P0267,16.5
57b51a16-48b2-400f-a5a0-971b059d04ec,P0040,49.58
b8952288-6260-40ea-a0a6-5d4516ea1ded,P0058,65.87
d6870047-eba3-4868-9a08-95ca0dd72a22,P0115,11.93
5acb00c9-9914-499a-b75c-6efdd36b1440,P0247,66.42
b4cac47e-0f26-457f-9639-95730cbf49bc,P0205,201.62
83026a39-853b-4901-9f5d-e726876a8aca,P0289,26.52
375804d5-54c3-4f99-a361-22b7c3b807ef,P0281,41.35
4f7f9673-ab85-4415-aeb4-48894449e112,P0114,64.81
10524e71-dc53-4eed-b7c5-c19686b3e944,P0268,8.03
3ec3b513-2089-404f-b2f6-2e1c3ae77bad,P0257,133.13
a031ac53-2bbd-4bec-8bd6-c9a252daa7b2,P0295,39.01
2ed7f2f6-0748-4d54-a3df-a6661f0ee6f2,P0035,2.19
70f1c59b-09bf-422e-a96e-0380fd8528b6,P0108,58.89
a2047f07-760b-46c3-bfc0-6a35a167cb9d,P0048,2.76
75b4a276-76c6-4377-8a14-a2bd5f2f3a99,P0244,34.05
b8912a3e-4b61-412f-bad3-f896d9cb9440,P0265,127.28
51b5ae6a-e186-44dd-ba23-079de8beca3c,P0155,49.26
75ad2c4a-9c57-4d5d-8768-656c6b3278b9,P0241,58.32
02cc11ba-bb24-43e6-832e-438276f50f9e,P0014,129.08
8ed3e561-0f8a-4136-a746-ae09defe84af,P0217,82.5
43501286-c2f2-4d70-8321-d71d1f982d8a,P0117,45.19
27a9e56f-9ea0-4d50-8a96-6a0d7742fd54,P0144,50.48
bd4dfe99-de22-43ae-9d5b-c9260cb8982a,P0286,10.15
5daa3d08-5260-4fd9-a3bd-d0563fecf5cf,P0038,75.45
fff46fd8-99a8-4ad5-8718-6687c2259c1d,P0243,6.33
5a66ed3f-b048-4672-9276-c498564a4e51,P0082,6.51
1ba0e8b8-ecf1-45c9-8a1f-8b4cd88fea6e,P0095,13.53
b71e9e45-edc1-4596-92e8-aa9714826828,P0220,52.42
023f7acf-feb7-4bac-b3db-108a1deec2ea,P0191,55.41
66faf0df-f218-4afa-b4d9-88a745c137da,P0242,6.81
8236c002-9578-4807-85f7-6bad6209dae2,P0035,40.63
5f421fd4-eda5-4642-a49b-9da23b81abb6,P0003,26.46
afe5fdcc-5233-457f-87a2-5c8e2a9e84ef,P0091,13.34
ea18ed60-c3c5-4de6-b4d8-46cd48e8cfd3,P0069,29.5
30410d0a-03cf-4677-a9a7-7bdf3e962be0,P0245,38.32
dbfb9738-95a4-4ca8-849a-9fa1e193b17d,P0106,9.06
6b06ab47-2bfa-4330-b512-fbfad6b1ea81,P0069,80.53
cf4d6caa-9d3a-4e29-b3e1-edef126e5bc6,P0090,26.9
e00635cc-3f17-4337-8823-9344b18836e3,P0181,3.56
eef46ac5-2256-4d7c-aaa7-b7e46ae4e46d,P0041,29.2
f41bf0e8-15b2-40ef-be7b-be685d4a7f45,P0286,52.21
db448e0c-4f6e-41ba-8a97-7076a6d8e521,P0159,14.73
a26b7f21-efaf-4286-a23c-6c6a9116a07d,P0270,27.52
9b9da838-9d90-4aa0-8fdd-bc0f363296ae,P0100,23.14
685b7933-9483-456d-ba78-7bf9e41ffaae,P0024,15.33
989d4285-0d89-47c0-a2da-299f200c4a11,P0199,43.93
dfb7ba34-01b7-4d13-96dd-7ab3790d8263,P0086,38.6
5255130f-be61-4ad1-807f-a7dd2e8a2b3e,P0026,82.48
ed678a97-b497-4974-8aea-a96cf1f3c35d,P0255,126.79
edefa637-a086-47f7-9de1-3fffa6de5c7c,P0203,25.8
dbd55229-ab9e-4625-9783-f9cb784d8f4d,P0056,2.12
9795cfb0-0970-4a87-b7bd-42c27d046cce,P0153,64.41
1c3df0c7-159f-47f2-bf7d-dacfd636270b,P0081,51.72
21d5ca1f-e4e9-406c-bcd9-59d25d08a55b,P0116,10.14
3efb6260-5a14-4ff0-9317-86366143007e,P0259,67.03
d79408ec-e0fc-4cc4-98e6-9499546ce88f,P0212,5.76
33ead2cb-420a-4f87-9784-f08d910e8d17,P0063,43.26
9f9d7752-e7a2-4d12-8fea-dd32271ad2f2,P0037,62.86
287ff74b-02db-4988-8e31-f2c7eb29009c,P0116,124.69
60c60c85-30be-4f3d-9643-ac523f423e33,P0265,158.56
0b6642c2-7544-4d25-8ba5-8ece06ce4f59,P0253,45.99
e963c4aa-720e-4641-bb09-afa55e493703,P0102,26.85
47120d8a-e72b-4cea-a389-02ee6cedba49,P0240,44.16
ee6ac7b8-7fdb-4236-bf09-b5e6aa818551,P0211,10.81
10524e71-dc53-4eed-b7c5-c19686b3e944,P0058,49.48
f040f0b6-5806-4c0a-acba-c56cd7e70d70,P0137,23.59
9b2757eb-379b-4378-b831-18bf9d7493b9,P0116,22.79
daf2d506-820c-4f13-818a-55026ce5e3b5,P0006,97.9
bcea50b8-c0ff-4bdc-859b-89e4e8fb7f04,P0250,26.34
5c4ce914-f19a-4248-ba9f-e7c0eff35f99,P0223,45.49
55594a88-39d2-42be-afdb-cac564f6d7a5,P0267,29.0
fe2fc0ff-b26f-4f4a-9cd1-2c089d084b40,P0160,20.4
5794c21e-96c8-4b60-8d20-bc35ade75548,P0125,42.48
d3a00193-a324-4f3b-a228-c1e749afee7f,P0197,7.9
33b3fa48-2262-457a-994a-af4825fb0274,P0217,14.06
9a449b98-5bc6-4616-afe5-8ea680a4d2ef,P0103,64.93
957c7b78-0143-4480-b7d6-769162e5fab6,P0106,18.89
ec9b856c-fb8e-45cd-af1d-b82ee78cd2f7,P0279,9.98
d25e2f4b-c678-411b-95b7-7575fc612b6f,P0131,16.77
da6db922-b246-4add-bd1f-cedae1132f68,P0001,33.19
0d40fb22-1a0c-4ff4-9c74-6f999f1a1bc9,P0211,19.66
9b511f20-5e7a-447e-9de7-add2be6e057f,P0166,35.99
e06153ad-4b2b-4030-9f3c-5c17b9cd4432,P0162,1.77
fca71fbf-aed0-4409-b40a-17370223959d,P0242,23.25
80333ea1-dbab-4510-b1ca-1637504aa97f,P0063,101.15
568cec0e-e5f6-4cfc-839f-f4940f22af50,P0074,11.7
bbff4373-bf4e-41a6-bdb5-e1b84ac00cbe,P0138,1.42
5ecda289-c0c4-4af7-914b-9c63caeab401,P0028,36.7
4b164826-2d8e-4c35-8b8f-2794959406ac,P0112,16.64
5c3108bb-f80c-4dfe-b89b-a26cd860738f,P0010,8.92
96c16446-c335-4be5-ada0-d9256bba3339,P0127,19.8
e92e0809-6db8-43eb-b24b-037764f293de,P0022,4.56
31c0aa4a-1ec8-4784-b325-314e9cb20c30,P0208,22.55
3f6bcdd9-e28a-40ef-a621-c8ba96a5aba1,P0095,105.8
849b9161-af78-4b87-92ee-4fa46d249d63,P0209,91.91
1d3d5df2-764f-47f5-9f3d-0f44172443b8,P0131,10.57
508b8cd9-ab39-4da0-9cae-6409d51f6bf5,P0242,88.72
fc2769dc-1a98-4fa4-b063-7664de46de0e,P0250,66.62
8547f5b6-1b3f-4193-a582-aed651c31071,P0187,32.58
afe5fdcc-5233-457f-87a2-5c8e2a9e84ef,P0222,51.67
262bf929-c72e-4ca2-853b-82200bcd183f,P0282,14.29
4429ffad-19cf-4940-99ca-dc02764121b2,P0053,3.59
b55bb2c9-cc52-4633-96d6-e1a0b8215547,P0281,15.21
d9be7c62-93f6-4c90-b5f5-b01d9d70287e,P0250,3.19
053d7188-064a-4237-9c7e-7f6ad7f484fe,P0019,31.53
fc361615-4bdc-4557-b0ae-2d80fd7c3eea,P0250,11.42
a262b1be-b86b-411f-81f5-2dc8265e95b2,P0134,44.08
9b63a4e5-7bd1-4fac-a204-a2efa6e57ecc,P0234,15.14
f670c38b-9285-4d67-b9bb-55426273956d,P0243,30.78
c11dc3e0-d9ec-4883-adba-4e15eaf5415b,P0051,66.09
fb14d416-1774-4bc2-b087-64a61668a203,P0142,13.25
b7dec7c4-1db2-42e0-a32e-74de7c61171f,P0268,47.86
f31983ec-c39b-45d5-ab33-a848730a0c9f,P0087,71.76
bf5712b7-31aa-467b-b214-1bf911b652a5,P0288,31.62
042fcb45-9403-4fd7-80b0-7d6b605726df,P0207,3.48
cd61532e-af1a-47db-a8b1-abde7a69679a,P0114,3.23
c0e3d524-f99d-4f80-b7ec-2ea7c4ca0fc0,P0128,59.17
32d45017-0e8a-41db-8ed7-65989be97424,P0053,13.44
e37d3ada-38ad-40ff-a4ca-d5c245059d1a,P0290,13.37
53f09463-c10e-41b0-a4eb-96f00150cc4b,P0163,22.8
bdd8792f-fb26-46b4-a176-fec86a255d54,P0186,115.16
063b3639-56fb-448f-8998-1e5e6f3ef41e,P0053,25.01
cf336a17-67a2-42d0-ac9a-eea66c49e415,P0150,109.61
83a0c399-541c-406d-b36a-5037d3682c0f,P0188,125.51
fa6999da-4309-4826-bc06-3738fc53abc1,P0136,79.55
52c315d1-ae16-4ada-a940-5ba2bb1794e0,P0076,80.96
c00821eb-3f55-4458-8e54-0496fdea6f0b,P0035,38.63
54065f3b-5f42-4824-bd99-1b62b0efb17a,P0003,23.99
801398a1-324d-435c-8620-2837eb6c1c68,P0073,1.68
c6420470-0bdd-4dbd-b961-974f670e41cb,P0040,17.0
8547edd4-ac30-4e93-9023-ce9911efd290,P0028,15.11
9567e6a1-ff5e-47fc-bee9-8c3ec9fc3912,P0156,66.45
e25926c3-b28e-4e6a-91ea-60489cadefc6,P0249,14.27
962287ab-90bf-4b21-9ca0-4d044e866dd9,P0227,45.11
cbe93e5d-a13f-47ee-a93e-42829a03d1e6,P0061,33.06
ac372504-5cd0-4f2e-8fd5-1edaa140e757,P0077,63.08
7f428779-96a6-4536-8a35-8b324cb03750,P0002,4.9
860716bf-c78e-425b-b234-8e1b17b96acd,P0084,3.89
3623c253-cd6d-4efb-bbbf-7eec3ad11071,P0300,165.82
9a6670c0-ecea-44b2-9237-d47260359ce6,P0063,56.92
2ee9d50a-24fd-48f1-997a-97ce1e420108,P0110,35.92
2a1e79df-bb43-4e84-8136-f99649cb0e9b,P0260,18.16
7ba2c575-0893-470c-a39c-830091e839b1,P0054,43.07
d4a3e8c2-3ed4-4dcf-8deb-40f96bf06c19,P0139,57.73
297a37b7-3c47-42cd-8750-ba2bc6853861,P0142,35.51
2230d676-54a6-48f8-bda7-9508074fc0ed,P0093,75.44
b5939ec7-0588-45cd-b1d5-b7f3e1327558,P0066,3.67
c1f29c7e-09d6-4609-be79-66f33918666c,P0254,23.12
5472f95a-c72c-4ad9-adcf-753270bf2ee9,P0098,16.56
b9b06672-9a95-49e5-9fbc-9b9d87497872,P0045,229.98
63d00bd1-a23f-49de-a6bf-08495859a764,P0157,9.23
47df8ca5-7b93-461b-91e7-33003f014e10,P0292,89.89
b50390a4-751d-4e4e-980f-e4b3d9acfe39,P0170,24.03
ea8f3fde-7659-4199-8b6b-9dfb69498ad2,P0253,17.79
39c4fd16-ee97-450e-b48a-473e24d67b80,P0216,16.92
a1f94342-c404-498c-8f3d-716e6373077c,P0056,62.05
906795a2-a324-4edf-aff4-610bd7b92862,P0243,81.38
f9e20033-a544-4f07-a5e3-c4972aaa1d43,P0037,40.49
7fc45598-fb00-4a45-a55e-e02d57069058,P0170,85.61
cda1aef8-b390-44b1-bf9d-9b790303d4ac,P0266,64.31
8a7e8fd7-b2db-4a3f-a775-3385d4d24448,P0017,53.79
91376904-4acc-4a5f-b586-ac2b3f080338,P0034,37.31
f4b8cef6-6791-40f0-8b36-95947bed4613,P0177,68.73
306272b3-3cb7-4d56-8b69-4822e280c042,P0149,25.11
b1935a86-4176-4558-93ff-c4604915b61a,P0285,26.87
9d45becb-4ed6-43e2-a794-b8bca3ea7efd,P0029,11.43
57a3a59c-df31-4b43-944b-60eb32c6a06b,P0268,45.14
b5f70e8d-77ce-4840-9100-83c7bd662200,P0259,202.9
d67b804a-a62c-431e-a097-b71bb1a427c1,P0119,40.2
d4f3564a-518f-4ff2-a36c-8e560a128907,P0279,129.94
641cf799-7b82-4d00-893f-698616de4d86,P0086,27.19
75860c60-f496-4cec-a754-da60db4a0733,P0207,27.7
4350daaf-db07-4e4a-8c45-db5f973e986e,P0096,3.53
9234c206-2e2c-44dd-8701-204799a956bd,P0149,105.46
e3ceeb10-7015-43f9-8b1f-be7eec62fc5f,P0274,41.98
05750b4a-4edc-4734-8197-521a29444f26,P0142,12.68
566b20e3-7055-4600-baf4-5824d655a19b,P0212,29.33
6976d938-af53-4e76-99b6-7e4777f78f89,P0108,99.68
1a77ab29-1937-4abe-a2b7-34ae320d5685,P0084,82.78
f8920820-bb8e-4baa-b964-f25fbcd62c3a,P0028,40.09
983f0d51-da78-4790-bc24-f838191bdb0c,P0144,30.21
8f30a8df-f685-4014-996f-4a4be3cdf85f,P0299,69.28
52c2ebc8-e6c4-4a3f-9a7f-2f1c140c2e84,P0239,36.17
af1cc3c1-17a5-46a5-8017-094e5b1cb652,P0124,12.82
33da2d91-caa6-4be7-85fb-ecfabd4e27ce,P0254,25.38
3b0a4e07-113c-41a9-aa6f-ce1b0bab15ff,P0015,30.61
04e598de-2468-47a6-afcb-14c8a89c514d,P0023,166.38
3625e796-a407-4e3e-b36b-2ba1ab9031d2,P0122,11.48
f6660db0-4055-48c8-b9b8-033ff9e55719,P0125,54.54
95edd556-b875-4095-8a0e-525e456990d4,P0196,58.49
3c49c255-335b-4958-b381-a26aa07bd8b3,P0264,37.8
ef2ae0d1-9b5d-40e6-981f-bab9c0421492,P0090,10.52
888dd0cf-5de3-4dcb-9310-0b78ec3b1ecc,P0226,7.97
101df731-8c85-430c-bf03-a3b5baef7d4b,P0279,11.54
cdd0f7c4-72ab-4461-a9db-f3f05d84e271,P0215,21.27
8547edd4-ac30-4e93-9023-ce9911efd290,P0228,7.81
5ff20350-6a96-452a-8b15-b6f34b2eccc7,P0126,22.45
479fc3ff-5b55-4491-a8d4-8e80d5f6f2c5,P0142,12.9
c7711d58-cd84-4a66-b7c4-86c0368397cf,P0289,38.37
c2c8061d-9596-4d63-b143-9af5fed56249,P0163,112.43
2ddd88e5-9ce4-4ab4-8996-9e70002f5d17,P0049,30.85
11302be5-a86e-44c4-b8b3-37e5bf2e4168,P0167,7.14
053a7f88-a77c-4f57-ba64-967790b80ab5,P0286,95.22
55014d6f-eabc-4ddd-9af1-c7947e0a319b,P0296,18.24
23c804f9-53d2-46fe-bb64-57804e4605f5,P0112,24.44
e35f676b-9c71-43cf-93bd-e65a162aaeda,P0066,20.17
b3a5cd29-a878-4321-b6c2-1fa9a235c22c,P0223,14.39
989d4285-0d89-47c0-a2da-299f200c4a11,P0064,66.16
5d92a2d1-3537-4770-bf75-8c8116981f03,P0013,9.73
d13be6ec-3e70-4249-afac-7e1027d9eb5a,P0241,9.96
20008094-845e-439f-87dd-a4dd1f910089,P0083,63.43
43e55935-4688-4700-a3be-09f09fd545d7,P0083,112.36
c5c78fb5-f523-4aaa-b121-a0f06577ef7c,P0286,72.79
63d0bcdd-e04c-4a14-abce-a86856442ed7,P0202,13.44
dea81df4-9fdf-46a3-8e9f-b610ccad7003,P0214,10.53
26d4edb1-eaa9-4d5f-bc4a-a91435a49a32,P0038,94.96
03f7f97d-211f-41ed-9886-ecc127a26f06,P0207,18.92
f69c4031-f9fe-4729-8872-6b34a7811cbb,P0056,3.49
ed718a72-1121-4ae1-b897-dda6ff0ca247,P0266,174.35
eb36fe09-d178-4b0e-834d-cce129e9f550,P0143,6.67
a4c33919-2cfd-4dae-b16e-d782fe5b18a7,P0164,0.18
c0b5ad7c-57d5-47b9-8594-f24775add79a,P0012,56.57
50987ec0-8105-4b8f-96eb-b6cd4a45289f,P0103,18.44
0d158c54-fd57-4dbb-86e3-fda130e7b46c,P0120,17.75
edefa637-a086-47f7-9de1-3fffa6de5c7c,P0291,21.25
a761e28d-d262-4209-b10d-6b2d4b636ff9,P0032,88.14
5aa3be78-7fe8-44b1-9ae8-add86ea61c7d,P0197,30.56
246bdf2f-9dbb-446c-9241-6434668eb668,P0151,1.73
4ae3c01b-8e59-4a3c-80ca-0e1e63a79315,P0056,8.85
10524e71-dc53-4eed-b7c5-c19686b3e944,P0008,5.98
0e44c518-91c3-40ee-884b-ffd7b8e88f8f,P0075,68.91
d2f9f7d6-6471-42f7-bb1b-a9b33bbec49f,P0285,57.45
b92b64e1-56fa-45a7-a33c-acef87bba603,P0072,16.16
30fb862c-7d98-4816-8af4-ffd4315a24e1,P0076,25.08
3fb04800-e89b-413c-81f6-b9903a110c87,P0148,79.48
ce33a4e3-15b5-40c1-a101-c18f23b17ca4,P0231,19.49
284d8257-99d9-4971-b42a-87e1e64497a5,P0072,55.07
ffa65cc4-1784-466f-a11f-0cebd9df27c4,P0209,84.84
b89dc1f3-a49e-47d6-bc27-6621e666d291,P0054,16.44
ff8ef026-4f25-4779-82b2-ff6becf11292,P0118,42.41
c94c9d9f-7d48-4065-96c7-12084a551eee,P0249,28.66
2d35f6e1-5507-4b7b-9a03-743b247fad50,P0069,108.52
fdb2cc9d-a3bb-41f0-891c-f50f8ef13c6a,P0242,17.23
287ff74b-02db-4988-8e31-f2c7eb29009c,P0261,30.51
008972c5-dc98-46fe-a63d-cbd55f8c0327,P0153,29.38
e9cb4431-5a7b-432f-996e-632932a9f632,P0122,69.67
a0301579-1728-4980-af97-65b725769804,P0070,28.09
bdde335d-8475-476e-9abb-88d56d55397f,P0211,84.16
68a83323-7dc8-4172-bd73-02888d1d51c0,P0183,14.41
a796560a-6e19-4633-92df-33bd6f154366,P0251,17.34
395e4682-0fb9-4f4e-acce-9e5c50a6334d,P0262,19.2
f5c574fc-b367-4c7c-a747-e2844a758904,P0177,11.43
83153e7b-c87c-4390-b8d9-0c7f5b38250d,P0153,30.81
7c3ca376-e8ff-48a6-a098-8d9b0e46d5b9,P0118,61.81
0f16a46b-1199-4dfd-bc43-9c853632bb45,P0040,30.48
42e79ef2-51a5-4f7f-bebb-6bc27c28b35f,P0226,4.3
4e9b26b4-ce1a-480a-bd9f-a92922c88abb,P0055,14.81
7925abca-bf2d-4bab-9423-c2c741fb8eaa,P0021,4.91
149c9142-7f93-4ec0-8ab8-9271d37ae1ea,P0291,68.34
4350daaf-db07-4e4a-8c45-db5f973e986e,P0195,73.89
d7c05d74-5e9f-483f-adbc-8c37676f6cee,P0041,8.14
c2348751-1eef-46dd-ba2b-63405fa7dccb,P0099,69.17
b4a04ce2-0275-4a8b-b8e9-5de48a040fed,P0028,48.05
c7e38659-ba79-4b23-86a5-e291708448a5,P0059,133.64
43501286-c2f2-4d70-8321-d71d1f982d8a,P0040,42.82
8b1dd30c-4b50-4038-8bd1-dd831302e36f,P0016,14.79
fb5b45cb-6fa3-4144-96b9-21ab4a13bcb6,P0254,2.1
d4e4cc8c-13ed-4680-abd6-383886791770,P0010,15.53
9c5cec13-aa2b-4613-b6c5-e7b41a837312,P0229,27.39
900817dc-fd73-4cfe-8151-f5ceb764930a,P0262,21.8
e6c60048-9b66-4b4d-9033-e900697f8a10,P0190,12.8
72e1ce9d-da0c-4d0f-af1c-532650bee4f0,P0270,28.28
90ea4347-0271-437f-b719-ee2885970ebb,P0144,52.16
f20b61a9-31f8-4354-8b57-908a78a9be42,P0043,59.86
57b3cde6-4cf7-4bf4-81d4-85273506d93d,P0254,0.59
9a0c81b2-f945-4d5d-befe-3fe55ee0413a,P0069,19.95
aea23b0f-3211-49f9-87c3-79466992c79c,P0031,7.16
27ad85d4-cdae-4889-826b-d4765f74df66,P0198,48.77
2c6aa3e0-5574-4fbb-ae11-87977e51ff3a,P0019,15.68
5eb291d6-f1af-4860-819f-44577db8eeb3,P0294,80.89
c85ece5a-8676-4c21-9975-50b4e339096e,P0149,12.1
51d03f41-2b40-4da8-8559-0ff0f8bf01d4,P0131,18.16
b2b2a08f-2078-4597-9f9d-dd7b8d7f4fd7,P0124,48.97
0e31e418-cdb9-4e6f-80b3-a60eed9d87c0,P0248,1.5
992d32fd-fd74-4c63-8695-ed489dc90c65,P0011,24.81
092ae0cc-575b-4023-a5f3-fcf0005fb050,P0103,8.23
558f9f11-bde3-4bee-b83e-a5df1a066734,P0226,0.04
5baf2760-9478-4147-bd48-7546ddce4307,P0132,1.25
dcde352b-5760-41e9-99f4-c8a279c24b58,P0204,32.5
9c5cec13-aa2b-4613-b6c5-e7b41a837312,P0113,5.45
dc2b4a27-4748-435a-8c66-200f01be615b,P0116,7.95
e8d681c6-3898-4d4d-b2f7-e0c5df18c4ce,P0061,110.32
0a5ed587-4fa1-4259-9497-4cbd00fcf1f7,P0105,12.69
edef753a-94c2-4652-9344-94d1f3015bf6,P0242,132.64
d35ad7a4-54bc-4625-ba5a-4838030203a0,P0179,0.31
9de85c26-d7d5-4519-a8b9-6f28ca56345d,P0281,7.34
ac241d62-e4ba-4108-a67b-c0d9c007877f,P0092,29.49
020a694e-268c-4db3-b91c-0c43105a4727,P0228,22.46
de001eb7-f19b-4895-aba9-26108005f7e3,P0029,48.11
69e4c6b3-4030-4fed-a236-b849aad46f52,P0115,1.67
efd2b313-96fd-4326-8bba-22ef3052bbb8,P0074,12.2
b1ea4184-c0dd-460d-90b5-c4fd12813868,P0187,83.38
a7d423a5-3c2a-41e3-b9cc-c61f604aab0f,P0051,47.81
101067af-116d-4ef4-a7ae-9e627c7cf3c2,P0056,15.88
54a203f1-ab64-4ca2-a68d-eb3c53109489,P0039,63.82
f405ec3a-479d-404f-aab7-cf7cb9510637,P0129,11.82
fa4253cd-24e2-4283-a873-6f1e357fc133,P0174,8.91
9a449b98-5bc6-4616-afe5-8ea680a4d2ef,P0102,101.62
aefbcd34-4131-44b6-8892-e68cbdd4e861,P0079,167.89
21df724d-0b90-420f-9a01-7fb970fc49bc,P0128,30.65
4f1e62a5-d871-4216-86a5-7992cebeb68c,P0028,40.92
5817c4ad-8cc1-428b-94dc-395b7415a76f,P0010,1.54
9a48ed05-fae8-41a2-bc51-dc0454907f52,P0139,9.42
222db135-188b-440f-b004-6cb15eb0d7d8,P0204,60.11
da4e6fad-6bfd-4f6a-a528-42421f239557,P0022,20.97
9a31f857-2a2d-459d-b225-bb85a5f61ce6,P0148,7.61
6ef0a107-d774-472b-b3e8-9267b679d5e6,P0094,0.28
f2b0c81c-f8ab-4218-819a-a1a5e4231005,P0196,23.17
c22474da-e8b1-4c4f-b49b-d1b02f8c4923,P0052,42.96
8b1b2351-64d9-457e-9dad-26a5bed3d5e5,P0147,24.02
073ec2d8-f45c-4429-b051-0ac4618a90bc,P0251,54.66
45589ee9-1891-4a78-a3d1-54fb167609f7,P0168,25.62
e93cbecd-f061-42d0-9be7-033e4864ea5f,P0247,60.4
f2663dbf-9eb9-49ab-a7f8-320d084dba06,P0066,121.97
5d5b773c-8798-4192-8a0c-ff16c03c01c1,P0101,16.53
4a1d5bb4-7d91-4f23-9136-3748918d3e95,P0072,0.44
49cb0735-f231-417d-b678-d6b042c75fd6,P0291,0.0
2ad7847c-c325-4fce-a80d-70294873416b,P0125,114.38
6a57c331-9d47-4856-805b-6a99f1b6c1f6,P0109,12.09
a262b1be-b86b-411f-81f5-2dc8265e95b2,P0270,13.73
f7260f02-d4af-4d0f-a1d9-e98ae1fb250f,P0241,3.21
292742fb-b7d8-448e-a464-35e41f592fd8,P0012,25.56
9fa505e4-7d80-4aa1-ba81-bb33b7fedb98,P0043,13.6
38778529-8759-442f-8a0e-76cad2285f5d,P0191,116.19
4998beb5-958b-4eac-a4f3-c8227e714379,P0188,20.1
9fa84618-5198-435d-aa5c-58f1ee613c31,P0129,33.56
b914bc7d-44bf-49e4-bfc3-e37053b8c2e8,P0272,23.5
afc95573-08a3-4621-b32e-c6126d46caef,P0148,9.32
6a0d3a8a-baba-44ab-be2f-763fc15ab507,P0147,72.06
91a7bb81-3d12-4991-a9e5-4706de0e8d10,P0165,47.09
cd41adac-0eb2-4b9f-a64e-8e55c0529a95,P0258,6.14
faf1a81e-6cec-4ece-8051-53055d3a398f,P0218,1.32
c3f9071d-aaa4-4847-89cf-fbeb99c67509,P0148,20.75
3d987b80-ab77-43ad-ac94-8e01b5ff321d,P0043,4.12
fd708af0-48db-4c0e-adc6-30c3789c4de6,P0202,41.56
24fe4780-58a0-4091-a158-fd8775908e1f,P0251,23.26
093ca4cf-242d-430d-b8f0-fc443b684f51,P0198,26.87
10b6244d-d8c4-48fd-a5fe-317263d8c86f,P0249,12.08
98574aed-7b28-4362-afa9-1f0ec59093b9,P0029,134.08
780999c1-835f-4c21-8778-113138bb4ea8,P0071,16.61
6610e572-9c75-4402-9f2a-114e071c5609,P0288,23.86
427c5e7f-7b01-43e6-af41-e45a1d8f60a3,P0036,22.19
6c53f754-c6d9-4c97-b745-301b40e371fc,P0263,48.13
4820d7f7-41ba-446a-b8df-6db07a7887e5,P0147,71.3
0192c1f5-4f6c-4973-919d-5a3a2b92e511,P0093,109.23
5e83c0af-4475-41d3-8424-1981ba8288a4,P0296,57.05
abe2ede2-2d8a-4364-98ee-9157cae93ceb,P0086,23.26
71f3ed4a-63cc-4bf0-b668-3837bd33dacc,P0052,45.51
c0816a76-49ed-40e9-84d5-8acfb80e3dfc,P0287,10.97
934e5c0d-4416-45a9-b4c5-7c965d5f8d61,P0255,2.84
ab8f8826-5e45-45c3-b606-961d4aa4236e,P0035,61.52
47ebb431-40c5-4e89-9411-124b977ca592,P0139,32.97
5aba88f3-13f5-482a-9e2e-112a8abdf828,P0226,8.43
c40f97b5-50cb-4564-88c9-6be0f5c8e488,P0279,57.33
5e83c0af-4475-41d3-8424-1981ba8288a4,P0084,10.41
c5cd21fe-e362-42e5-8665-3699a44a5fb8,P0032,36.56
c85ece5a-8676-4c21-9975-50b4e339096e,P0208,14.99
606c62b5-e962-4e82-8efc-878d3ce4cc1b,P0215,28.18
1f0329fc-4150-4356-b0f9-4412f9fb5740,P0088,1.64
375804d5-54c3-4f99-a361-22b7c3b807ef,P0136,49.67
efd2b313-96fd-4326-8bba-22ef3052bbb8,P0160,4.63
5162c734-cb32-4604-bba1-3dd63a3c2655,P0199,44.6
a7124af7-783c-4588-9217-eb1e5422d7d7,P0085,113.7
b7c203ae-163a-4bbc-a936-3c1a3d40b67d,P0080,12.12
265ac0c2-cdbf-44dc-b654-eb00505189dc,P0114,88.96
ab2aae15-7498-4635-b035-1d442be7bd19,P0299,1.63
bf13f973-4079-4b6b-9abc-0bd8c321966d,P0074,16.98
76893efc-1d76-459c-a330-64d8f24a0b1a,P0165,21.33
7a05cec3-febf-490f-a257-019e2cb3d901,P0012,2.1
633f39cf-07d2-4833-ab2a-86bcc7471b15,P0136,39.09
b3f7d8b3-d047-42ad-b585-d5d662593447,P0277,6.41
0e9acc49-ca13-4d41-a5be-ae9cd83088be,P0277,1.58
8a981e12-9983-49ce-83d7-31fae1497c67,P0207,20.76
cab63f93-b8b2-499a-aa09-d0047be84510,P0094,35.04
619e5ebd-255d-4e41-8fb4-ca2362b799b3,P0196,15.25
d5795489-10ba-4c94-aeb9-224fb5feaf60,P0187,88.25
4ba29c1c-cd66-4dc7-b765-2909df65d7c6,P0055,13.29
261aa66c-5cb7-4051-83cd-e3ced6191325,P0002,26.29
56586d91-3c9d-40bd-bc47-9e17c3271273,P0264,9.78
09944ace-a351-4b37-8c71-bdaf78a311db,P0231,39.34
de7e6a04-6a7d-4154-bae1-4541dd3e2d1d,P0077,94.37
54a203f1-ab64-4ca2-a68d-eb3c53109489,P0090,67.76
601b8b87-541e-495f-a1af-efc5ded039b9,P0011,35.0
e5049013-4d62-48e4-8702-d352f8f7398f,P0232,33.54
9a224644-5bcc-44fa-827e-2697d48ffac1,P0044,64.46
aa3605a1-d94f-4703-8e80-002bf19fd095,P0052,70.84
524a1737-8a22-4c0e-9319-2c154a181be9,P0146,59.44
f923d54c-9b58-431b-afa0-1cadabbaa379,P0281,42.56
10f84abb-ed85-46e5-a4eb-ccfac8da28a2,P0041,60.84
3c346d1e-c3b8-4192-a028-2dc04c892b93,P0203,29.0
360c848b-a74c-4c74-a2c8-4239eec2d5ec,P0061,3.4
ceefcac0-26f4-4c38-906c-4ef5e86a4872,P0258,24.07
566b20e3-7055-4600-baf4-5824d655a19b,P0165,99.83
50ae714f-07e1-495b-bb4d-67875e493a93,P0005,4.95
305b6e8b-82e7-485f-8f81-e1734785851a,P0216,38.59
f4543372-d5a1-4c0d-836b-f122f2451a4f,P0161,11.04
96a0af63-f296-4ab4-acc2-581998cd213f,P0153,29.49
7a7be7ee-2065-4d1c-bb38-16583f0f1c6b,P0273,73.48
11fb5c71-ea13-43a8-a516-6cec2ee16a7f,P0285,79.49
20ed12e3-2f78-4068-8f56-1a9a98bb103e,P0110,11.44
49cb0735-f231-417d-b678-d6b042c75fd6,P0162,45.12
7f141c01-d336-435a-8a90-4c7f464cf901,P0092,78.99
d79013a1-1f5e-4828-95dc-40fbd4218743,P0201,14.81
0019edce-de43-4bad-bac4-a28d69c0ad8d,P0147,39.41
bb030bf7-af19-4eea-981d-aeb91518d3cb,P0192,25.91
fe360b15-1ab4-4a6b-8c47-4090f693574f,P0079,130.59
5dc4703f-51ef-4a6d-8389-128f3920cf48,P0111,47.52
e1d32451-f349-4dfc-90a3-9dab5b4557b7,P0136,47.13
3cc4c5e9-1d2e-41f1-b920-47eb8c0b9273,P0225,19.39
8bc61054-1b3f-4f47-aa21-bc220af50556,P0183,48.65
d25d3196-800b-4a7f-9c8a-68114ab6c563,P0017,5.21
86aea370-fc58-4065-a20c-a3264304761f,P0137,7.72
e339c551-185a-458b-ab2e-e093f661b54e,P0051,80.06
c58a1480-6611-4c9f-b873-17da1202768c,P0215,3.24
77d75b4c-cb9a-4d88-a5d1-db2038e1c26a,P0169,15.39
d521bedf-4195-4f46-9f23-f9273bc66629,P0163,2.95
00e7ffed-db71-4dfd-8bce-247a22fa55d5,P0148,30.85
696923bd-1cdc-4a59-8f64-421ddf7144d1,P0161,29.23
a8d77817-33ea-409b-8c47-9f842a33c764,P0122,35.18
9239185f-2ae1-445d-98a1-08a785a1fad2,P0156,134.97
c62d96a6-7b43-48ca-8669-d508c019f233,P0265,41.89
a76cbee6-c1ac-4bd4-a748-f417b9a78950,P0166,9.52
0a51720d-727e-4586-98c8-295f712912d5,P0093,63.41
6c67544b-cf33-46d4-bd30-2199ad56f573,P0297,33.51
3f5048a4-181b-4e46-bd37-0258c912e822,P0199,28.6
666f4a3c-a8ca-4112-adef-f5cb9779236c,P0250,33.23
0915dfc7-cbca-4526-b4da-080c850b1d79,P0051,12.29
e6fa4780-8b67-4140-bc90-e55ab561f50a,P0224,4.63
e93cbecd-f061-42d0-9be7-033e4864ea5f,P0073,33.12
a2920d26-fdb6-4d64-b40d-21911edf0070,P0242,112.76
e6c1e79b-342a-480e-9c8e-51945884991c,P0210,19.51
4ba96dc9-5bc9-4969-a1ea-588d71301e8e,P0127,58.82
77d75b4c-cb9a-4d88-a5d1-db2038e1c26a,P0300,79.21
a13558c1-6507-42f1-aa99-fc820c3f22ec,P0118,70.05
c1237c11-56ca-4e3d-b5ab-5b33eb30babd,P0237,17.32
c95a04de-55bf-4d7e-8d60-1ef0cb94d58e,P0194,48.16
c616a5e0-c116-426c-b96e-77a92f011a68,P0013,12.99
a601e331-e6fc-4309-9eee-444c062d5d2a,P0064,26.15
f511a232-5d69-4fc8-925f-9ef020eb0178,P0204,89.55
0a5ed587-4fa1-4259-9497-4cbd00fcf1f7,P0296,5.43
b6aff04c-afb1-4061-9a94-2c0347aaeb7a,P0165,86.69
f4e834df-fd65-4a62-9052-77ce1c2be548,P0154,0.82
cfc7a3b2-2f4a-4bcb-8c8b-4e4b7d6acd8c,P0263,121.24
a601e331-e6fc-4309-9eee-444c062d5d2a,P0056,142.86
e5e68f33-6a80-43fd-9755-3d80a53d03db,P0002,60.2
7b16f8aa-fd21-46e8-93ad-a88196354f76,P0070,32.79
f1bee9c2-1993-4fe9-9271-92b9d6a067dc,P0232,123.82
1e0ad23c-cb24-459d-b6bd-e91e50940a15,P0058,24.89
2044edc4-3399-489d-88cc-3daba8bee014,P0232,23.91
6d1b383e-636f-43ba-8e34-a58c6a9033e4,P0226,53.81
c64ffea9-1125-468a-9478-f326bce389d7,P0209,17.37
bbc5100d-0a16-463b-922a-126d31862287,P0199,4.72
ae72f4e7-a866-4771-b615-4eff8b3cc205,P0071,85.22
305b6e8b-82e7-485f-8f81-e1734785851a,P0019,179.84
eec5a414-16db-488f-b234-21fa3d73b804,P0057,0.21
fedc9ec8-5c7c-43e4-a0cd-9dae9ee66eee,P0117,5.17
b6213427-556b-4c5d-96ad-25a31d45f40f,P0238,4.72
8a8f6223-a83e-460e-8243-4daf2e742df1,P0143,44.47
147b6aa7-6892-44a5-9987-ad3141bd83af,P0257,7.5
09fcf2a2-11cb-4daa-91ff-9873287819ae,P0039,89.19
eefaacbc-e0ba-45f2-9755-dd8335b78feb,P0245,5.09
f45295ce-b444-4f58-b3e1-90e26a4dd884,P0056,122.17
deea5f70-7e66-4d63-96ec-562d3e7ae77b,P0173,5.58
aafab27b-3655-4324-b457-a8d3d4987173,P0090,47.09
fb362d0f-99b3-4c58-94ad-d86a019007a6,P0150,56.23
dcbff108-4c30-496d-8e80-911784199602,P0032,3.32
a351a7fa-7b0e-44db-b50f-e91218f55de2,P0179,56.28
58ce65ba-472a-4e8c-bf9d-b78158b29385,P0261,11.68
f3086900-352e-4946-a44d-d43599b21aef,P0129,0.12
a8ecca28-d2cc-4809-8b93-4452ccd92379,P0127,43.12
bbeee7a3-2c2d-41a9-af61-fb8eaf78a8bb,P0027,28.28
f4e834df-fd65-4a62-9052-77ce1c2be548,P0265,4.17
550f4697-afec-4783-86b1-3f23ce0dd111,P0272,48.22
47120d8a-e72b-4cea-a389-02ee6cedba49,P0004,82.58
cfe0ac37-a009-47a7-9d71-ef4ab8d2ce65,P0196,45.75
a02afa2d-63b8-408d-b47f-5e5759374732,P0116,9.27
7c057e4f-6e49-48e7-b0ea-829fb2aa32b0,P0261,300.0
11510004-bedf-45e9-80e5-baafeac56d20,P0282,15.3
52cc9fee-2e9e-40e4-bddf-d3cf106bb08a,P0121,32.23
f3947b64-e457-470c-bd8d-f9517ddc2fe0,P0149,5.63
62e5cc78-c88d-4499-9aeb-13ea7727a4db,P0138,101.93
fc02b666-9066-4e19-86b8-b0f46e527f1a,P0265,82.34
cbb70599-de8f-4f3f-89f6-9ebd3517b748,P0251,14.79
bbae032d-c2f8-4b2b-8732-8ee29aec54f9,P0040,6.94
093726f9-581f-492a-b362-8a223076a7fe,P0095,44.46
1c238e98-e767-4e28-ab4c-aa2497d4edda,P0084,17.41
90ea4347-0271-437f-b719-ee2885970ebb,P0287,23.08
da8f744f-21d1-48bc-b395-54d832a3903c,P0245,1.66
c1132195-b617-4798-8b37-7d0861e72e59,P0184,88.82
ce26985e-f885-444b-b2ef-753f4e3312be,P0196,57.33
1a77ab29-1937-4abe-a2b7-34ae320d5685,P0264,46.85
a78ff3c1-50da-4dc3-8dc1-819d1ada7b9e,P0050,5.53
2f47f65f-d35a-4b6a-ae2d-08afa52e6f1b,P0107,14.74
0679706f-07ac-4c89-8fd4-635d813b9020,P0077,43.16
780587a1-b2ca-4654-be86-68770b19072e,P0220,7.08
9b90729b-e003-42cc-bafb-312e0b07e82c,P0162,32.3
ea609fb2-93b8-445f-9205-c4a7a9faa1d6,P0072,68.29
00c4cd99-4412-4e18-aca5-36ace12a10f8,P0050,119.83
20a03414-8555-4675-9600-49b53cf4fa40,P0081,5.44
dfe46b4a-543b-4d6e-81ab-8d1694f0a3d4,P0129,34.68
ada2013c-f9a9-43e2-8ed5-3f621ef199ac,P0223,52.1
fd49026b-6700-4dcc-aa66-d1e7ffcde881,P0035,21.2
1d775be4-9576-4717-ab7a-1cf1b0424f5f,P0124,114.63
ecd09b4d-d248-42b0-ae7b-a45c79e99d7b,P0165,1.84
cfe0ac37-a009-47a7-9d71-ef4ab8d2ce65,P0154,31.09
2fa3ae3b-2b4f-4878-8e20-d0e0b1963702,P0213,27.38
d8693571-e737-4c18-9eac-b90a38c21840,P0106,7.15
0bd5cda3-c811-4a15-a307-d58ed550b8f4,P0130,78.55
54a203f1-ab64-4ca2-a68d-eb3c53109489,P0155,17.15
78bacfc0-c3a3-4824-8050-ae3ba2afbe61,P0212,18.63
ce03d272-b072-44f9-90bc-a8a54c66f53d,P0072,61.99
2ef69c05-b42f-4011-9797-ebc5fc40f3b5,P0263,2.61
d0e196b0-2221-4ffe-ac0c-c38f4ff7a7eb,P0139,47.5
7060b38a-f076-41eb-8f25-9682ec232659,P0222,67.07
e534e0ff-446f-4888-96fa-ab1cf60ceeb0,P0280,19.46
d65bd384-9702-4fe3-b123-32f273b14298,P0046,10.72
f4f4779d-8dc1-41e1-a843-c322186273e8,P0126,79.24
70857db6-5c40-4351-8494-26c3e763730e,P0084,18.7
fea89223-e2b2-4b42-bd48-c42ed62d26ce,P0079,34.38
ecd5086e-8d99-4bff-9330-40e019201aec,P0046,9.31
d9315e80-9ab6-49fa-9147-e4cf232fea20,P0057,6.19
f3e57707-f58d-45d7-b3d5-d7fa23516d87,P0136,241.25
fd49026b-6700-4dcc-aa66-d1e7ffcde881,P0015,52.47
a077b210-658e-4af5-baad-bfa377ab224f,P0281,18.72
ccd3dbbe-d5d1-483a-887b-4ba610914349,P0039,86.98
a4cedb94-a2a5-4a79-af58-f87d07c7e924,P0100,6.61
bf849717-c2ac-45dd-acd2-5979241b2101,P0013,77.48
8823f95b-c59d-4e37-ba00-69df292606ab,P0119,33.11
1cd1e64c-1dc9-468a-88c6-a0f4b875511f,P0272,26.12
2eed52f3-1fca-4c82-bb5b-c4ee68399361,P0230,52.41
a7c49717-2cbc-4b8d-96e1-2d03199ed553,P0096,73.22
ceb23653-46b6-4138-9505-9985f76bf62a,P0263,59.12
66faf0df-f218-4afa-b4d9-88a745c137da,P0279,45.56
3b8a2603-4bf0-46a8-9755-62433f20d687,P0024,92.64
bb455656-aac0-45fe-b2a6-b82a603fcf17,P0194,64.81
2165e70a-a15a-4251-98c7-484494bea46f,P0109,33.63
3ea1d151-d88c-4413-bb48-a12bc6e63ef4,P0088,5.4
83799318-e9b5-464e-80ab-cbfcfc1639bb,P0169,53.24
369a7c49-0a10-4623-aad3-ba78569af35d,P0233,26.46
fe2fc0ff-b26f-4f4a-9cd1-2c089d084b40,P0295,16.07
2b76f212-d9cf-4aa5-be9f-48d722704cc0,P0002,71.46
f45295ce-b444-4f58-b3e1-90e26a4dd884,P0148,0.02
43ca7525-ad1d-4dae-a975-f9605776da99,P0084,34.32
b6e48e7a-0c3d-4d2e-83b0-5b267e11e16e,P0061,76.45
c7cd620a-a38a-4fc6-8f3f-4f315c9ee592,P0081,10.91
57988aa0-6fd8-4182-9cd3-aa7cbdd2d0fd,P0300,84.57
3d015413-e1b4-40e8-b4e9-546a989f14a5,P0003,7.37
bfe4b3a0-53f1-4dad-ab65-a2dffa4838b6,P0157,27.64
f4543372-d5a1-4c0d-836b-f122f2451a4f,P0170,19.2
55799435-ce97-4b75-b1db-93b59650fac1,P0038,16.71
ff3aa8f0-2bd3-48d8-8eb2-51c07d720b48,P0093,49.31
188960a0-1ee0-4076-9953-68c37ab9e875,P0124,27.72
60de108b-1313-42f3-9924-e547a930315b,P0104,1.5
1a64084f-b833-4e3c-bddc-8bfb07287a90,P0175,12.54
bae403a7-42e8-47ae-b50b-613715fc3bf6,P0056,61.16
f3e57707-f58d-45d7-b3d5-d7fa23516d87,P0071,104.06
498628c4-95a8-46d7-b324-b95eb86e0600,P0254,2.83
d7c3dd52-9287-4c00-8c4d-113cc4173092,P0034,13.37
9481c2ea-0e0b-4e48-a0af-b3300129be12,P0110,24.83
6b747c44-9e21-48de-bae4-09e2c2086c1a,P0018,44.12
57173d4d-626d-46c5-a035-0c1faa7429ae,P0192,50.35
ad960655-31ba-4ced-98a3-e8c78bf476b4,P0098,59.6
754d9c40-c3a5-458a-8eb2-15769e07eb6b,P0153,32.01
63ee0b22-9f9d-4875-bd54-ca84c125f59c,P0115,24.34
c3c9e170-58f1-44ef-998b-dae22d870957,P0021,61.13
b067963a-7a2a-47cb-b434-39e798c52564,P0092,74.88
bab6205f-43c1-4805-a618-3de66b2dae24,P0241,44.37
6648a09d-87e3-4c4e-b83c-000f69396e86,P0195,12.74
f5ba96e5-0fba-4a51-91ea-f322dab3a5ac,P0079,41.61
e0b2a220-d140-4105-89be-868bc4e26857,P0110,16.92
81cf3b71-6010-41e5-90af-e52748bc4999,P0007,21.86
abe2ede2-2d8a-4364-98ee-9157cae93ceb,P0105,25.68
93e9c57b-d04c-4cb2-ab04-775f80a2d048,P0049,16.6
87ad5c72-8bc5-4b3c-86df-6df8d089d6cb,P0165,8.23
9f3e1e5c-5b34-4f5e-99c0-987296b85035,P0078,56.82
5c897181-37d5-4eb0-99ae-7908d39da4e7,P0119,11.1
f3b6eead-8ebf-448b-910c-c7605e44b5bf,P0179,193.02
b4346c9a-b071-40a8-8ee5-60cf37f27758,P0283,48.24
f8105d5e-72e6-464d-8a46-554a05f998ad,P0282,18.55
dced4585-8320-4063-8c4b-b5e0f0383562,P0282,19.87
518a03ad-5575-4b55-aa1b-2394e223d36d,P0214,11.74
d201af5f-7edf-45b8-9a4f-8d8375a97d21,P0055,4.54
9c180fd5-7706-4654-885e-18c7d74a3a5d,P0291,149.13
68a17d08-7b8d-43b9-8fa7-b2ba12d632e1,P0187,150.1
729caf6b-7e76-49d7-90b0-7164f5232959,P0112,2.54
179c17fd-bb2a-4f3f-aacc-8910f1cde2a6,P0081,210.52
2f48d38e-071c-47d9-8673-222a0250fa80,P0250,34.2
b2eb458b-d727-4d4b-8bcb-28acedd4c6eb,P0213,15.21
83799318-e9b5-464e-80ab-cbfcfc1639bb,P0277,22.35
660a72da-1e1c-4143-b2ab-18e9c02c7524,P0030,54.71
9b6997f4-0447-4c1c-8e6f-c81d9cbc2f48,P0181,31.72
a7892da6-520e-4a8f-b7bf-fd0faa6ef641,P0052,15.6
54f16d0a-6e27-4c5f-a172-d9fc820f71e9,P0221,87.4
40fb07fb-b406-45f1-915a-84fccf34fe01,P0184,49.37
e1f00424-2e8f-4d52-9a8d-afe772e5b941,P0252,20.74
1f84e118-4331-4d45-9c17-7d98250257f6,P0101,40.34
ce5b40ed-3d77-4753-ad67-048c7b296b77,P0151,32.8
4c7b55ab-b31a-4923-b2e9-da3e72e4d43b,P0168,0.55
ab8f8826-5e45-45c3-b606-961d4aa4236e,P0157,34.62
f4543372-d5a1-4c0d-836b-f122f2451a4f,P0133,44.47
0b11a1f3-c61b-4af2-83e6-5f6bb07641d7,P0086,32.26
b951ee6c-01e1-46da-b521-c172c01c998d,P0149,73.48
4a6f0c04-cd7b-4df6-b1f2-c59614a3f9fd,P0087,6.2
1a64084f-b833-4e3c-bddc-8bfb07287a90,P0048,24.35
87ae789a-12ab-4acc-af87-74a82b4c0b9a,P0201,45.82
1d286acb-b9c9-46b6-a577-11c3e28ab105,P0118,54.21
d780a5c9-65cc-4656-8bc3-763e00510398,P0152,12.2
8f22ce3e-9f11-49b1-bd8d-7a0ba9b55d3e,P0025,123.17
d8693571-e737-4c18-9eac-b90a38c21840,P0195,105.04
311cc243-4f54-443b-9736-8fde437428c2,P0159,28.19
53de73b4-3454-4532-9912-45881fbedcc8,P0134,132.38
d3361037-df46-40f6-af8d-542edd86b8ce,P0298,4.61
dd9e18a3-8363-4de2-abb4-8b89a84b0018,P0235,17.15
778929fb-3c1d-4e6b-a0b7-a0d097f0f386,P0012,63.44
98fac7f0-cffc-4862-8ba6-5c062d5a7565,P0219,30.1
17946abf-6b1f-454a-b931-38915a9e7f3a,P0184,56.88
d734ac47-6e39-40ea-abe9-0b87725309e5,P0021,44.68
d65de4db-428b-44a9-8479-ba7202f44b02,P0008,48.2
f45295ce-b444-4f58-b3e1-90e26a4dd884,P0160,19.84
a21139c0-a14d-4500-8904-084d6c19c2bf,P0143,50.14
10684084-f7de-4b02-b0b7-7e9973832fc7,P0278,60.6
d9cef3b5-de3c-45fc-95a7-e548f412b53b,P0195,38.03
f53a6cb4-0af6-44ab-8426-66b125c4e400,P0009,92.13
748fac1a-4a7e-486d-b348-277e61e77af5,P0216,7.23
9ac7f60b-d0af-4e1d-be38-3ebb0c4d9035,P0049,5.43
c0999aad-6a80-4a34-9297-de046b5d41eb,P0136,16.22
a5bbbea9-761f-457b-9f64-ae9bb1473998,P0282,18.13
41dd4d48-d040-4c4e-8b27-eaa9fbc289f5,P0092,7.06
3f22e1b0-3b4f-42d8-bc37-4e20394891e6,P0031,2.53
bbeee7a3-2c2d-41a9-af61-fb8eaf78a8bb,P0103,10.87
fd49026b-6700-4dcc-aa66-d1e7ffcde881,P0171,62.24
553f3b54-82ca-4b2c-a652-bf0ad3618695,P0153,0.97
c33cebca-ae7b-42c9-b26e-4c159b30639a,P0091,67.69
428f1da3-4497-40b7-a7c8-f22627f6341a,P0010,4.27
1ca8d492-7c96-494a-8e1b-c7d15050e4d0,P0250,12.63
a3c3a035-6bb3-4255-85e4-2fab7eb0bc59,P0265,58.88
c0f18c6e-0b09-46cd-9afb-16878c335d14,P0298,132.45
0c94b426-6312-4c66-ae2a-bf5b248f7656,P0174,3.22
e8ad4947-7688-4045-818b-c8bb7290c776,P0112,9.73
db494558-9c9e-42d7-8ca9-e1a5bae97cbf,P0027,32.37
50ab4a34-c526-476f-8151-e3f046fa0b04,P0214,147.74
e58ca291-0c51-4d60-95c1-0edd8e6a256f,P0143,28.3
353325df-eff3-4ed1-8b2e-61fca0ecf0ca,P0259,17.8
ecf15e2f-1ca6-4f16-9c02-ec8d3204e6a2,P0231,0.09
e0dbb23b-fd8e-4409-a7be-2dea3522aa98,P0110,23.09
220e6a34-f001-461c-bdcd-6d696118db64,P0220,42.22
666841e9-e6f1-4b9a-8551-a6aeee802d6d,P0161,34.6
668d3962-d457-4391-92f1-bf1e0ad47487,P0297,38.35
5d92a2d1-3537-4770-bf75-8c8116981f03,P0162,13.45
9b63a4e5-7bd1-4fac-a204-a2efa6e57ecc,P0133,3.83
695515f0-9de2-4697-8efe-13065192f6c9,P0101,18.21
6a81e813-334e-4305-abc6-7ac8566c4617,P0181,115.63
c7cd620a-a38a-4fc6-8f3f-4f315c9ee592,P0131,13.68
6a0048d3-7f25-45c5-9107-88175055c941,P0160,17.99
2526476e-d8c0-43d8-9e8f-bc25fd4df3a3,P0255,52.71
8a7813da-3aa6-46b3-8d30-f1c24987ae68,P0243,23.95
65097280-9a60-4645-a9c4-0e4c61977d4b,P0172,25.73
375804d5-54c3-4f99-a361-22b7c3b807ef,P0254,40.5
326a3552-f8df-4e7d-a606-9e5866ee943f,P0022,16.31
922cd3c3-f905-40d7-8632-ddcf8d653793,P0265,36.81
5a80d146-e037-4e74-a615-ca322ade26c0,P0092,12.47
d1607bf4-603e-4079-a8ba-e0a3aeb6e5c0,P0235,8.8
76e4d02b-2bae-426f-9657-24dbf9362ae1,P0273,62.4
f09f7c58-3b71-44b4-ab02-e990cb5e88b5,P0110,8.54
680cecf1-2771-497a-8555-ba9569edecee,P0077,11.94
b8e6eb03-f935-49db-a5c3-c88a0300c317,P0035,30.46
f106280f-c5d8-4d1b-81d1-179ce2cd41cb,P0032,80.96
9ce477c3-a591-484d-9885-c689b29153b9,P0239,58.43
01326ce3-de65-45c5-80bd-125f084bc976,P0041,73.39
4e0e176a-30d3-445a-a1a1-ecc5734c019e,P0019,32.63
b365c65f-44d8-4446-acaa-3dfad06719f4,P0222,47.0
2165e70a-a15a-4251-98c7-484494bea46f,P0126,27.58
3e2b57b2-c987-4a14-b598-f893d5287c14,P0177,24.92
7c694907-448a-4bca-894c-b78583d62a99,P0088,1.86
c43fa4f2-9d45-4c6f-a00b-3c8698e948db,P0021,16.15
cf2a80c0-0083-426d-86e2-749b25ad0ce2,P0161,5.48
5259c60a-d500-4380-b051-69c4b33a1199,P0002,49.84
22842c76-a829-4811-bb2d-e67bfa4f0690,P0068,14.34
71ce46cd-7ee0-4bc6-a120-9666de2206f9,P0287,0.27
1d9ba06d-456a-40ac-ae32-5199b2782658,P0082,39.47
e2622750-c726-4b95-9913-ef9c82606c78,P0035,15.8
5abf8d4f-8ac8-432d-b447-63cab5a70c82,P0125,4.44
8a9181c2-f5ca-4808-9e33-398e1681bc79,P0093,18.72
137e0243-5a6f-4449-b485-246e013f66f1,P0053,39.95
be5e73e5-4de7-44ae-b769-063497cdf9bd,P0041,9.66
14135da2-3a4a-4aa9-8f08-f226fcb6070f,P0101,20.69
2854b1b0-bced-4362-a148-aedbd226d278,P0230,12.07
9a7426ac-5f34-4b17-8a6f-efe2316d135b,P0230,10.01
68d13bf2-6bfe-4b52-9dd5-bf837076112d,P0065,12.57
7925abca-bf2d-4bab-9423-c2c741fb8eaa,P0080,9.33
a1a0f734-a660-4f95-a4d9-92e9e1545944,P0135,38.72
9784455f-ac82-4f03-a8f4-e845b22392c6,P0135,15.24
7da91b84-0ca6-4dec-a9ea-aabcc277b3d1,P0025,26.89
de2cfa74-f4ca-4c27-9756-7e1d071f02fd,P0094,23.11
ddc5a395-f35b-45da-9da6-85d651a600ac,P0003,0.41
51871803-6405-4de9-b6b3-699a7130af64,P0116,0.71
7c298c6d-3304-458a-a93e-fdef8ca82981,P0051,11.56
e4421c02-8ee2-4af4-9d92-f9af9b9af88b,P0050,11.25
e339c551-185a-458b-ab2e-e093f661b54e,P0148,34.07
3510ba0b-ee86-4a99-a759-a2522bba0dbd,P0082,29.18
1f8ab681-e9a8-415b-9f01-f90f6576d8bb,P0091,46.12
6c67544b-cf33-46d4-bd30-2199ad56f573,P0007,8.43
0aee3fae-7193-44d0-b084-320f3825cf3f,P0084,35.62
586c8513-0c9b-42a2-8bcd-2682ac98c520,P0111,7.77
1d93d863-c40e-408b-aee8-3de1b85cae83,P0216,6.76
06ced446-d154-4711-9c7b-1ecfe1cd2f23,P0129,14.69
014e2f97-02ab-4985-9685-d980b2a6a0b1,P0059,28.69
591a5d4e-f8c7-42cc-a5cd-4f85129cb923,P0057,10.61
61436dd6-3721-440c-ba05-be3e0fcb16b8,P0157,4.72
832cdf3a-433c-41c4-abfb-f661ad16cbbb,P0168,0.52
07fdcda7-39d5-457b-887a-5450a7de4c92,P0064,43.19
5be68d5e-578c-4331-9133-c2e348afd660,P0093,38.72
c763d6e4-4e13-4b55-91a6-c12854494903,P0264,8.32
30bc6afa-b849-4a2a-9917-2c4bdb17e21c,P0014,47.46
b0023f5b-6df0-4142-a467-af715856f7ac,P0277,24.38
a14c21f1-6ab3-462b-a51a-9b28c93e9dc0,P0084,0.04
7e17e4c3-c761-4fa8-84f1-bff864fdc3c0,P0160,41.44
27024b89-d92b-48d7-83d7-506a7bf824db,P0098,15.09
5ee309e2-222e-4a96-8039-47973006b49d,P0232,16.05
4d69ff63-7076-4758-8281-690b1c2a4ba7,P0195,23.3
841f3836-d1b6-4fb6-82b0-d1ee5a23a2c8,P0126,31.49
efdf4d86-92ae-4067-9868-d93b054ad9b5,P0217,26.01
15bed901-5e2a-4232-8d60-2dd27b50c1c6,P0010,12.38
e92e0809-6db8-43eb-b24b-037764f293de,P0215,39.44
97e02654-737d-4556-883b-4af740a59383,P0093,44.57
41166e77-6d9f-49eb-84b0-aa5ee21fbb0f,P0235,17.17
696923bd-1cdc-4a59-8f64-421ddf7144d1,P0276,53.09
52e74b34-3332-4a16-b37d-ce466ebc409f,P0110,69.72
6bb87b5e-5b1a-4d68-8070-01b8eff2520d,P0050,6.83
7e218d25-05a2-4acb-aeba-9617bf85e660,P0016,45.41
e25a1c48-1224-4faf-bb48-8de3e1f984db,P0109,116.48
ffc582e8-6c54-4b63-90da-440445e357ec,P0036,5.62
fa0976f1-ab55-430a-82ca-44275550460a,P0230,47.22
56df5adf-66db-4acb-9b1b-9432ad100c60,P0231,15.11
9234c206-2e2c-44dd-8701-204799a956bd,P0104,33.63
9316eafe-28f8-4801-a75e-53e33874bb2b,P0216,8.74
ea18ed60-c3c5-4de6-b4d8-46cd48e8cfd3,P0182,11.58
aa157a3f-75f1-4811-b956-848f008864cd,P0254,24.38
125e3ad5-8ad7-449f-9d02-c77cbfbb4ca7,P0213,10.71
29ba1ee3-58bc-4026-b1dd-e4c033a54d19,P0113,108.04
75171dc4-76c5-4dc9-bd47-7ba8db4df83b,P0247,52.67
9cea47ac-e9b1-4978-9e2e-728573ab3a52,P0104,26.61
f6bfed18-2f94-442c-8f80-d1ec2801dd7a,P0194,25.58
ec9b856c-fb8e-45cd-af1d-b82ee78cd2f7,P0025,131.29
9ba486ff-94f1-4817-bfea-e9abcb9917d0,P0106,3.47
4e00b52d-5dd1-49ab-ba7f-73d0781c6b9e,P0001,29.54
2fc7859b-9598-4256-9b07-7bab6d911d55,P0018,15.23
eec5a414-16db-488f-b234-21fa3d73b804,P0228,9.03
3f33adc8-76b7-47d6-bc6e-d5626d7303a0,P0222,97.57
1a8596e2-9091-4be3-9c39-5bf66ebbbd69,P0277,5.78
8c4113d4-9c98-4e73-841f-f21e1fabad7d,P0265,43.81
bc230bce-7f84-45a5-a14c-6a29c53140c3,P0284,3.38
ca4e5771-298c-4c5e-8be9-5c3e1d707d8e,P0234,68.21
209d335d-d619-4895-a316-18696ed77b42,P0177,0.58
e35ce1d3-c3e3-4a89-948f-7133ebe67277,P0294,65.33
60c4359e-2029-40b2-acbe-f616bfe3e664,P0049,4.67
7609f104-43b3-4e1e-a8af-77281157364f,P0058,4.74
dc51ad90-7f0d-404a-b9cb-c38ada12480a,P0109,31.71
6586a245-8dae-43f3-935d-8f08f41ce028,P0130,55.5
ffececc0-1010-4985-8eae-3e4cc9c20b1c,P0206,1.21
597fb0ce-9d95-41bf-ab35-47e7c5fe4590,P0161,6.9
f5dd0bf2-fab6-4d9b-b632-8ce81c60a68a,P0135,25.36
6a1f420e-ceda-44a2-9977-b8084c95ad69,P0202,65.22
8b2596c7-d19f-44f3-b438-a9f941be4db6,P0039,1.03
9a5fa139-48d3-4997-b345-9aab6a388aca,P0264,1.9
5d92a2d1-3537-4770-bf75-8c8116981f03,P0009,4.8
e48e4842-300c-4216-86db-62dc6bdce3a5,P0025,0.69
1d902049-83b7-4f50-a594-6b56fa4a5798,P0260,3.08
1eaa502f-0d27-4151-89f0-ce56a9cb8d92,P0050,12.28
9d1aadbd-9595-4030-84dd-3c787dd1a745,P0231,37.37
ac326854-d964-42b4-97f3-494ec8ace51d,P0265,3.36
2b116859-8aed-4565-8b44-68d3828983a9,P0072,50.66
aab6db8f-000f-4d48-aa9c-a398d5b9d611,P0221,31.32
174aaf77-d446-4e7d-b104-824dcbca6bd0,P0275,22.75
76a50f10-5c48-4445-b726-ad3ee6b5bc38,P0189,40.25
e69e00d2-0806-471b-ab57-e63f6daa56fd,P0277,35.53
90702f58-0e28-491c-82e9-8d6091e86657,P0152,30.31
93e9c57b-d04c-4cb2-ab04-775f80a2d048,P0090,11.87
9e2000e1-83c9-4fd6-ba0a-633b3613747b,P0022,7.55
bf21f6bb-afc6-4528-aad8-888d0be80dd8,P0261,30.41
d5fc2f12-e155-46d6-81e5-b3a8a6298763,P0283,123.94
95edd556-b875-4095-8a0e-525e456990d4,P0143,22.35
b10cbee5-6080-4465-b259-5ebcce5bc1ac,P0266,18.79
1f85d0f7-876b-4c81-b905-36d157dc28f2,P0239,26.68
17485ecc-524f-496a-aa1a-d0da886a355c,P0095,42.48
7ccfbcf1-0964-45e0-aed6-2dd9c6c82386,P0001,106.42
94ca771e-3319-486a-8607-258be48580c5,P0102,11.23
9f8faf2c-4680-4db9-82f6-034ba39f6b59,P0033,53.87
c1e26289-abf0-40a7-81a5-871c4d1b9765,P0251,3.93
5d15d548-19ff-4e39-98f4-3a5836852490,P0220,50.77
c7bb86ef-73a5-41f9-868a-ff4413661498,P0071,22.61
ddb0fd50-ce5e-4eb1-8710-869328b8085a,P0234,80.57
f8920820-bb8e-4baa-b964-f25fbcd62c3a,P0230,69.53
f6583065-2374-409e-9699-110b527e5c1b,P0155,22.87
fb35de55-8010-425d-afb4-2fa27315c9fd,P0163,31.77
b7c203ae-163a-4bbc-a936-3c1a3d40b67d,P0185,52.08
55366a28-9da5-4341-84b6-2c7e2d71b989,P0086,19.45
8663484f-b66d-4390-a284-5e549f3f7f3c,P0177,97.93
6bb9c257-6c89-48be-b27b-f4b929bc5bb9,P0131,0.33
a0a98069-9792-410e-a666-eb69cd4b1b10,P0052,30.76
ae0e3196-e6ee-4d84-8014-6d66a317437c,P0178,11.07
bf13f973-4079-4b6b-9abc-0bd8c321966d,P0275,42.84
2ae09f2c-9a49-40c9-b6a8-bc5d3dda3ced,P0022,58.45
f34ee3f0-7788-4e5a-811d-f6c654665749,P0087,17.99
dfa0def0-1fc6-4be3-9971-6fbbc333907d,P0240,49.13
812dfe7a-5373-4ecf-82cc-5eaa4858a058,P0008,27.16
3f22e1b0-3b4f-42d8-bc37-4e20394891e6,P0295,24.7
ef07a548-5a80-4550-b5ec-8c9f36f29baf,P0272,26.35
9ba486ff-94f1-4817-bfea-e9abcb9917d0,P0293,60.04
58b5b2cb-88e4-40ca-bf70-b3772f9a9633,P0008,27.58
0e3e9cee-238d-45e2-8234-914e7536ae57,P0252,101.96
27daabec-1d00-4de9-a805-9f849f10fe1d,P0093,35.3
edefa637-a086-47f7-9de1-3fffa6de5c7c,P0222,10.4
2d9588b6-4570-469f-901d-0909dfc22205,P0092,43.75
99fa3e05-8aee-429a-bcb5-534118419eb9,P0075,2.21
64d1ab66-ae27-43cb-a4cd-4724fd260bba,P0191,20.32
a44f0d40-76e2-49e2-9653-83e7ab982656,P0198,5.28
7d6e1f84-46df-43c9-96ca-66bc14e7d802,P0192,28.8
70883295-86fc-48a8-afc1-32bb8c89f8b9,P0182,72.86
d852ae0c-0a32-474a-b5d9-356dab30f40a,P0022,9.47
ee59e5bc-65ae-4d5a-b6a8-b299108c1c4b,P0115,38.06
dbea4763-6eb9-47a1-b7f7-98afa6d1eed0,P0037,17.8
b167a7f3-8241-4580-9ab6-1f6dbe395361,P0084,30.95
b47d1bea-f78b-4fc7-bf54-2471f7521331,P0093,29.18
1d93d863-c40e-408b-aee8-3de1b85cae83,P0079,71.32
3aec3abd-6126-405a-93d8-df1e56cf1532,P0044,7.39
02beee10-e8c4-4024-82d4-ca0c2ecd8c70,P0207,4.64
311cc243-4f54-443b-9736-8fde437428c2,P0285,3.72
4a1d5bb4-7d91-4f23-9136-3748918d3e95,P0167,86.51
5e76fa70-26ab-4a89-a916-66fb65abe908,P0184,41.27
b200647a-5e7c-4b7e-98a0-18a1d4017beb,P0205,114.39
6e858fb9-dc0a-45b2-b059-f20cf3ff059b,P0156,53.5
b167a7f3-8241-4580-9ab6-1f6dbe395361,P0068,125.79
cfe54edc-894e-4377-b7e1-d519c164803d,P0134,15.82
8823f95b-c59d-4e37-ba00-69df292606ab,P0213,11.76
117b9106-075d-45c5-8c23-edd1b00689bf,P0255,68.93
00c4cd99-4412-4e18-aca5-36ace12a10f8,P0166,64.36
b8300f8a-1b1a-4984-a095-2638330d1813,P0034,44.77
0c5568b4-1cde-42c8-8545-2752afd05f9d,P0177,30.9
b61fc3df-3247-480d-9447-b983df69afa1,P0003,45.86
63ee0b22-9f9d-4875-bd54-ca84c125f59c,P0078,41.11
9a7426ac-5f34-4b17-8a6f-efe2316d135b,P0244,6.81
53bbe8fa-8e52-4af5-a675-9581fce52f4f,P0199,27.59
0b083ce5-773d-4240-adc1-7fd9f469e501,P0058,0.69
0e3aa95b-e2a3-4b94-bcbf-2d14032d1e59,P0186,17.54
b67c6738-e37a-45a0-b635-62e3386f1db1,P0261,92.79
72a9e4f6-a7ea-49a9-af1f-95573087c0fe,P0016,15.65
5e1fe194-182c-4afe-837e-5179c9c676b8,P0112,3.83
ea18d974-38a2-43ed-94a9-07684d234ca3,P0207,11.78
292742fb-b7d8-448e-a464-35e41f592fd8,P0104,13.71
5f552779-6300-4ba5-81d1-4f2f8ebbaf36,P0244,34.5
d07a09b8-f903-4f0c-9df1-3baee3ba82aa,P0266,10.21
37ba0da0-1c0b-42e9-a795-bd1b35ca7923,P0116,11.98
ccc8f7fd-47c7-42cc-a870-090e204b17d3,P0052,4.97
c1132195-b617-4798-8b37-7d0861e72e59,P0178,33.21
3c7a2381-e113-43e9-ab9e-6ab1d85d73d5,P0005,13.13
817eb2ed-8837-4951-95ed-ba3668f36a62,P0171,6.51
1277ca71-26dc-4534-8965-0fb355e3151a,P0073,64.72
261aa66c-5cb7-4051-83cd-e3ced6191325,P0208,60.0
6cb84c05-e718-4c8a-a728-bb3e7de8f7df,P0139,10.41
f211d106-f05c-4907-9ed2-ddc7ca60f124,P0179,26.84
88322cd7-5d42-4493-a041-b11d34ea676d,P0258,8.79
fa1ac844-ecdd-4aeb-ae3f-2366bcfc632c,P0193,81.02
f38a69af-bd84-43c0-9fd4-cfba484393d6,P0143,81.23
94d8211c-15b2-47a8-94be-87c50ef3d5e9,P0163,37.67
f7a434d4-d68c-4538-8602-08c88518adf1,P0200,44.2
4938fc16-d9cb-4811-8f94-04a2f277a5aa,P0069,20.28
2fb081fe-8685-4b7c-bbf2-9793b164bdf0,P0109,18.86
f891a19e-47f7-4e86-ac78-cf9357712df6,P0075,20.84
6bb87b5e-5b1a-4d68-8070-01b8eff2520d,P0106,61.58
c7e38659-ba79-4b23-86a5-e291708448a5,P0234,187.3
e3d8aa58-e3e8-4ca0-93b3-a231dc87a828,P0178,15.34
849b9161-af78-4b87-92ee-4fa46d249d63,P0292,9.7
de80aa15-aaee-41f4-a663-66dde1dec671,P0202,44.69
3e171dd2-91d5-47a2-90e1-3eb4587c03de,P0241,51.14
7dc725ce-d78e-4828-970a-667553c4fdc8,P0296,36.82
eb6bc860-ba21-4962-b5f3-e0e610da57f7,P0173,63.05
af44e131-644b-4695-8e48-d536557678de,P0265,30.33
1f84e118-4331-4d45-9c17-7d98250257f6,P0274,34.95
46dbc14e-c767-46a2-9e8a-6c9921f071d4,P0165,17.28
372468ad-eca2-433d-be8b-e19ddf0d0322,P0247,9.54
c740557f-baca-44e4-a730-9e4d7fd55f62,P0117,24.56
e3128171-2b09-4d33-9a07-89c7f312ee78,P0230,52.01
600143ee-d136-4aff-9dc8-99670636a89e,P0142,109.02
f26f2b26-7e6f-46ba-b6eb-ce467ac556b6,P0004,3.88
a4579891-b22d-4d45-ab0e-c2aa8d857e09,P0168,28.88
801398a1-324d-435c-8620-2837eb6c1c68,P0168,36.34
c00b27d4-3cd8-4e8e-9daa-0ced475d909c,P0276,9.12
8afc20cf-6b9d-47c9-a32b-842bbd21ae1f,P0284,20.82
1ae66a11-7144-4e99-b202-a9fe12537c95,P0216,41.68
1ccc1843-8989-41cf-a16d-139a64a72766,P0188,8.08
043bae18-8017-493e-ae73-fbbe6c8e14e7,P0300,65.19
b9da52fe-da33-4097-829b-3ecfa94544d3,P0094,12.52
41d996f2-d2bc-439b-b71f-37cc84248917,P0210,9.98
e9bfbff8-4d12-43a1-b7bc-a49b7e95bc5d,P0259,21.87
28605c6e-0d3f-423d-a5f0-9ae7605786cf,P0080,11.56
381f2c4b-22b5-4f87-a3b8-ffd0e9675dcb,P0276,6.36
c30bf012-1555-4d93-8f2c-9dcce8867ef1,P0050,21.13
0431204c-5b26-428f-acb6-0fd584ae1210,P0194,15.65
aec795a1-aa13-46b0-a011-997975caf6c7,P0032,44.82
9ee7775b-b51f-4bb9-a57c-ef375bb9b6cf,P0137,54.71
640565fa-4712-4310-99f6-1817dab3bde7,P0045,60.3
fa69eb79-e112-456e-be5c-6543cff54553,P0259,1.87
67e70e8e-e7f7-4cc6-96b4-64b2bf4202c3,P0259,52.2
4f31fc14-d2ec-4b04-881a-3e653a721b6a,P0200,34.93
3ebb05e7-d117-4d4b-9378-c229e6e2fa6a,P0296,1.59
846248cf-a941-4d2b-8b3a-7e23e9f1a11f,P0295,77.11
20892433-7be7-45e3-b6fc-43753fbe7c44,P0134,29.22
b45411b0-8df9-455a-a606-ac46ff517371,P0223,3.39
83d14681-dce5-4a56-a9bc-3bae7f270c28,P0220,19.82
974a604b-3559-42fa-8fe2-c7cc9c782776,P0127,7.51
d211bab1-3e1b-49e8-91c8-999af8d9f213,P0095,8.88
ca9441fc-bcab-454c-8249-e5f5952b816b,P0197,16.47
0381bc26-575c-41d0-81e3-705df251e2b3,P0211,107.51
e20923f1-0f0b-4984-b4b4-ef1dddff924e,P0002,33.58
23849051-9b37-4fb2-bf94-5e48f06dfc16,P0148,2.76
4c4b06c7-23c1-40f9-9832-44ffe3dc3b8f,P0033,48.06
132dc6c1-6823-40f0-95aa-583a852c9897,P0084,211.49
6f88653e-08ba-4903-8b3e-45a82a96b9ae,P0125,19.94
b56161d4-7ce9-45aa-872c-3d99de5176eb,P0061,4.69
c1d70959-c76e-4ad6-b8ec-a079a1960ef6,P0268,105.84
c05e006a-3c4a-4123-b950-9e93154fd696,P0229,40.31
e93cbecd-f061-42d0-9be7-033e4864ea5f,P0069,46.62
c62f1c6d-ae89-4abb-ab81-27cb3bb9b384,P0171,79.51
29fe3c6c-9ccd-4bae-b2e1-e735fac64a35,P0240,128.05
03ae7970-7bf8-457a-a10b-9ca5094e5edb,P0156,7.15
55e3f527-5435-4b68-ae0d-1f294899a9d4,P0137,42.74
ae223508-34b5-489b-9efa-c02939418a2e,P0164,3.0
f2c0ef7f-6c66-4284-8396-9b737b518169,P0191,4.58
a49fad92-dc5a-4a17-9524-40a14a695b89,P0173,74.85
f07ca22a-44fa-4060-b151-4c3f2c7e10e7,P0288,21.72
550c97d5-a108-4d36-ac91-e0039b6ee856,P0151,6.05
b3560185-ea4c-4b56-b4d0-74bb53e51700,P0118,47.96
0a876d8a-49ee-4ab5-9508-4a43dea43a7b,P0127,10.46
4222f2fe-a552-4433-a121-eef87bedd21e,P0182,173.95
fab9f1af-a374-4fa9-b9b0-30144af11807,P0216,42.89
616bcf19-75f8-41cf-8127-f9b3c7a91319,P0177,70.96
46664f78-9a71-4329-a33f-1795153398da,P0123,29.47
16da432b-59fd-4d27-80b5-bb23f8a67ded,P0268,12.63
8964e768-20a2-4994-9e0b-24b6d20f001a,P0120,23.32
69e4c6b3-4030-4fed-a236-b849aad46f52,P0076,6.86
c71b6883-dddf-4199-86c5-94aecb3cd135,P0270,115.75
5d5f51f3-d01d-4c57-a1b2-4a235f95bfe8,P0170,21.46
d8eddda2-ec86-4e81-80a8-d8e2a2a358e9,P0217,4.43
4246cb94-90c8-4098-afe4-d7edd363522e,P0050,44.65
ea54029e-0e0b-46a4-8092-24baab163d3e,P0292,29.55
344ff323-112d-4614-b490-146753698174,P0258,27.36
973866f7-a9ec-4ef7-ae23-773c8d22b02c,P0292,11.98
6cdb2b03-398c-4753-a3df-6656f3e9e1a6,P0060,80.33
ce346be0-13a9-4822-9abd-2adc5a8c8f32,P0233,55.15
a1071ead-a654-4a4f-898d-2d9e2ee85583,P0164,57.54
cc146781-a9fa-498c-aede-62bd343b9b8c,P0183,40.04
6e858fb9-dc0a-45b2-b059-f20cf3ff059b,P0201,31.37
3469d12b-d3c1-4b1d-b371-aaa27dfaf469,P0050,7.91
8914f0d5-9b21-487c-958f-4fd67f666688,P0174,37.52
9801dc12-42f2-443b-8c7d-47f65ea7ceaa,P0029,25.56
3efb6260-5a14-4ff0-9317-86366143007e,P0044,35.23
960deb48-110a-4e17-92c0-dd7110bf8295,P0226,39.24
7c788f2c-3912-46ff-aa85-9bfb96ac6b2e,P0259,15.49
8279fa4a-01f6-4eda-b79c-15963b494511,P0151,11.12
e0b9f823-8206-4e6a-86dc-ba0607644a54,P0292,73.93
4b9b638d-4e9a-476f-bf2a-f060f098bc81,P0207,0.2
ad526bda-da0a-459e-8081-3ebc2fdf7e77,P0255,26.93
b9b07db9-056b-4759-af8b-47a11fee9ecf,P0199,15.98
c16cb63a-26ee-49cc-83f6-14d52a12adca,P0236,76.04
50623b0f-8d66-45a6-b45b-845f8ee3e78e,P0089,8.56
1a541176-5f92-4934-bd24-a076920e0443,P0098,60.54
da3f1bb3-5821-45ab-9fb9-5b3ffea73189,P0052,110.77
e77896bc-c8c9-4a04-817e-ccce917b53ce,P0215,52.47
7e514ba8-881f-4c1a-854f-aa8bfd577015,P0170,127.28
0a5ed587-4fa1-4259-9497-4cbd00fcf1f7,P0112,14.71
a03b71f1-2b76-4f9f-ad65-d77a2a21e974,P0207,32.14
a594fdc0-563a-4208-bf1d-99e2a8a6f598,P0178,4.56
e6c1e79b-342a-480e-9c8e-51945884991c,P0166,18.75
eebd2dce-ce12-4da7-8473-cf120e653690,P0225,3.94
dfa0def0-1fc6-4be3-9971-6fbbc333907d,P0060,14.68
64ed47ad-39af-4a31-a929-84e373826fd6,P0054,119.83
7ebb506c-d882-4dfb-8c49-af770072b98a,P0070,24.43
90e01785-82fc-4285-8efe-c2ed5bc59de0,P0205,8.91
d996e3a4-8f2d-4ec0-99db-b651f58f1504,P0042,0.33
1e5d5334-bbdc-4c4e-8e0d-186d47a9105f,P0044,73.54
ee4b5c56-7b8d-4a55-a5b5-3f9861c609ca,P0093,21.16
7a7a9611-cb47-4fb0-8eef-739882f322c5,P0053,6.87
2135358d-ef37-4c78-b067-44a5d02e29d7,P0142,3.87
da329506-c0e2-4087-8795-8113751dd783,P0033,27.25
a64aba77-1e1b-4b3c-ac15-1bba3909f96e,P0253,72.21
9d8848a4-31c1-408f-aaca-85b23444f8e5,P0063,15.72
83f613f9-3b46-4147-9178-881e65b5fef0,P0024,16.63
fee5de7f-9918-48ff-85bd-c770ed707a83,P0211,45.89
f7b6043d-dd28-4297-ba76-6256a9dffb15,P0270,71.65
e9532eab-06ba-4eb4-b4a9-0d2b848ef34e,P0252,6.63
08bee78c-bfa3-4db8-8cc9-312483a0e124,P0300,113.11
daf2d506-820c-4f13-818a-55026ce5e3b5,P0190,5.98
52c315d1-ae16-4ada-a940-5ba2bb1794e0,P0260,63.44
060dd919-d635-4efd-8316-efe6a3187080,P0265,87.08
62a72c50-6a4a-4b2d-a5f1-c77682fd423b,P0124,17.01
262bf929-c72e-4ca2-853b-82200bcd183f,P0122,14.55
ed1b5a3e-9a61-47fd-9453-b17a4237bd69,P0101,70.11
d13be6ec-3e70-4249-afac-7e1027d9eb5a,P0185,1.79
3fb3fda2-bfa9-4d85-ab58-5a730b832ffa,P0269,18.78
8592eddd-6114-419d-8232-b4e06ea7cada,P0093,80.44
2388035a-e5ec-4789-b10e-658b07688790,P0137,74.51
07b32532-ad74-40c6-bd53-3ecde7f0f4b1,P0296,28.93
06ab3a95-8645-4757-aa12-8f99e3f0d67e,P0014,1.9
d781e7fc-a56a-489a-9b0a-fb96625c46ef,P0197,60.41
51af7c1c-7714-4eee-8f0f-2bd1dbd006ce,P0274,4.01
3c1fe103-441f-4827-a945-664027676338,P0035,6.9
de36f30d-9aab-4751-a3db-b2abdfc27881,P0255,29.79
1f1d23e4-1856-42db-baf9-1e4ddfd3b30b,P0210,15.91
a149374c-078c-486b-8b04-63ed58b0cd73,P0273,7.51
e0678ed0-e198-4961-b903-667b212ff18e,P0116,31.88
817598a8-b7f7-4ada-858e-192e873b9ffb,P0228,40.29
f06a1de1-f5b6-40f3-a2ff-6ec1afdaf42c,P0092,1.99
8534d13d-f9a7-49d9-ad8f-9c31565b8ba8,P0017,24.9
62f78ab2-a3c1-451b-a8a1-da9f5af06c7e,P0201,6.71
3dd86e16-9d47-4b69-bea1-8617a988bbf7,P0255,6.15
591a5d4e-f8c7-42cc-a5cd-4f85129cb923,P0068,39.33
8a5ad917-16ea-4219-9d9f-375109d007c0,P0213,30.73
18bc1c56-b824-42db-8f24-99bd2e508602,P0078,54.7
5162c734-cb32-4604-bba1-3dd63a3c2655,P0022,104.64
04a3f9d5-d24a-41f9-ac18-f380a53f6731,P0030,52.37
aec06a50-db7b-4fb8-bb52-e552aae1c516,P0154,21.49
6bb9c257-6c89-48be-b27b-f4b929bc5bb9,P0125,3.87
f6efed1a-fd29-465a-9e4f-fae0eecd1fee,P0081,69.35
50485785-d592-4b58-9710-97bf3fcdbbec,P0102,23.09
714bf240-4b54-4e32-85cc-8bb1e1238aca,P0133,28.63
ad81cdfe-8966-4aa1-99b1-8a6888b25de2,P0153,54.08
bc4f44b9-2adb-4eb3-87cd-5d4ac84e7cab,P0116,43.39
9ac7f60b-d0af-4e1d-be38-3ebb0c4d9035,P0125,10.96
06f820f6-5149-4673-ba18-565d3e3fdb81,P0175,27.02
3af20693-635e-4000-a1ee-cec88e329fdd,P0263,20.51
969c6676-3fbe-4751-8f70-0469b912192c,P0099,11.44
53bbe8fa-8e52-4af5-a675-9581fce52f4f,P0030,11.06
011267bc-3aa4-4b8b-a234-fc88352dc741,P0198,42.18
e62100e7-bd3c-428c-821a-f4f9741a6523,P0251,25.01
69fe59f5-a932-40cc-a7e7-bacef8380076,P0195,13.62
0aaf5b6c-34dc-4a28-8ee1-b1cc69dcd81e,P0200,27.62
a8cec391-091c-4341-89c1-99c3e2bfaf51,P0162,48.87
0b12ef01-5638-4b07-8caf-55b3b35c8cea,P0214,129.1
bd4dfe99-de22-43ae-9d5b-c9260cb8982a,P0136,14.93
91439f2f-2b91-46b8-a061-42a2acba2f51,P0002,64.8
25b0e82d-5b6c-4760-a9f8-6e73268ccf99,P0225,112.85
de8f82d9-3c90-44ef-99c6-1e2d207c99b2,P0214,12.38
654ebf0a-cba3-4abe-a680-5321bf4f490d,P0195,12.97
9570fbc0-e117-4b60-9184-e9e4c473a164,P0197,1.42
042fcb45-9403-4fd7-80b0-7d6b605726df,P0292,11.17
292742fb-b7d8-448e-a464-35e41f592fd8,P0072,12.96
594e148a-e9da-4b66-862c-03edfff7f117,P0160,25.56
214c8eb9-d758-4d16-9b99-3ef882f5845e,P0289,79.42
20008094-845e-439f-87dd-a4dd1f910089,P0201,129.54
147b6aa7-6892-44a5-9987-ad3141bd83af,P0016,10.0
21ff8a27-9d5a-4912-b5ae-bcb2c543431d,P0161,10.16
ddfe8c81-095e-44dc-bbcf-7123cc62cced,P0194,31.8
6334b9a9-8996-4a0e-8e1c-23118e1a09bc,P0057,30.79
cd55b507-0ebb-43ef-871b-e3d13593b36c,P0082,78.62
3de4324b-ba55-4d89-bf07-70d313fe1367,P0114,50.48
5ac5de70-a87d-41db-bd2e-0dcf32836ced,P0091,141.05
c9d90516-e9b9-40fb-92b9-0af337696968,P0160,0.43
0048ad40-cb9f-47e8-a701-3afa4b9f1f8c,P0271,4.91
ff830b09-3100-4314-a6af-28f3e33cad22,P0227,49.92
50bd3e16-fef6-4a20-a13a-d5872d9846ca,P0055,93.64
c57f30b9-6df6-4ed4-b13d-79448baf38b7,P0052,39.82
a2ac916d-3c62-46c0-b1b2-a3f9d0ebc6ed,P0024,15.57
792b775c-6c89-4d09-bfa5-8948c753e2da,P0288,21.78
9e3ceecd-426f-416d-a5c7-b5a5f9ff656b,P0299,111.79
88aff3b6-8d69-4aba-90c3-c91c019e1ca4,P0196,16.68
82209035-c58f-48ba-b63c-a0e17e54f81f,P0299,74.7
6bb87b5e-5b1a-4d68-8070-01b8eff2520d,P0231,5.23
e514146c-12ce-4bdf-9bb9-39eecdbe39e9,P0236,33.33
7ba4be82-c426-4049-8a7a-f413f8955198,P0086,41.55
43384a91-e150-4188-99ef-f3ab3b88b287,P0139,0.03
0d1d8fce-c588-480b-b358-194d5cb88b05,P0178,7.29
cb4f1f57-0475-44b7-a430-832378ef8108,P0240,1.73
3acb57d1-c907-4e34-81d3-bb5e7f1fba07,P0151,73.35
982b3860-e906-4e7a-9bf6-683f01c8eb67,P0069,6.33
7fa9f0f8-87d2-4406-9c45-51a3ba5752d5,P0240,44.07
eae614d4-068b-49e7-9dcf-418cc3b8a3f0,P0159,40.68
047e7202-8b7c-45c0-adda-32a2780e7e99,P0022,12.36
cee4d04e-670c-4bfd-b275-9759635f8467,P0213,67.67
732e2013-4192-4c45-aa05-525c710f9702,P0266,11.12
6ca294e2-7c43-4744-b1c5-d5a6292b5e9a,P0153,171.61
c00821eb-3f55-4458-8e54-0496fdea6f0b,P0117,103.11
8246d805-6368-4411-afbd-5497e13d21f0,P0261,10.24
4cf83f59-55cc-47f9-9ac0-6d8a30fedaf0,P0249,122.25
42c4604b-349b-488d-b0a2-2169308307d1,P0096,148.08
3ae554f7-4be4-4483-9247-e359b52cb0cb,P0067,33.17
cfe4432d-9f24-4718-a318-e7abc6e8274d,P0144,48.53
4ddc23c7-ea65-4992-b59b-f7e9e02fad05,P0292,48.37
0f9809e3-c22d-4393-b74d-8bafc3e426b9,P0263,58.73
03155f62-d286-47e2-be37-8d851799d3a5,P0237,300.0
58ce65ba-472a-4e8c-bf9d-b78158b29385,P0059,78.67
484cd4be-1b48-4f86-9b61-8315d33b6536,P0046,7.27
3b7ccc25-bbe4-4a27-9476-484c4118d7da,P0171,6.74
d50fe426-136d-4c39-a6f3-722d0024cda2,P0224,59.97
c57f30b9-6df6-4ed4-b13d-79448baf38b7,P0154,29.43
ee094e64-baaf-49e9-9b83-b0e3d3e8c8da,P0145,21.0
b55bb2c9-cc52-4633-96d6-e1a0b8215547,P0185,16.87
bc801302-fd6e-4a1e-b34f-fd96c8e73618,P0236,9.04
5794c21e-96c8-4b60-8d20-bc35ade75548,P0160,81.69
a0921c2f-5819-4a3f-8042-19e789e63384,P0001,17.24
7e80695a-1c92-4d05-8a8a-f7975b32fdc4,P0011,11.85
f8327269-7bfd-4744-8cd0-ea50d5fc08b9,P0186,22.36
a55c1555-984a-4eb6-9240-c5526347e817,P0035,88.39
c0e3d524-f99d-4f80-b7ec-2ea7c4ca0fc0,P0049,46.77
9570fbc0-e117-4b60-9184-e9e4c473a164,P0194,80.38
3f3f078c-39eb-4310-a904-f9fe1d54a798,P0203,10.83
27dba5c1-5f6d-4b12-94e4-e931b475823f,P0010,30.43
47abe9a9-5743-4b7b-abf9-45fbc015d8e8,P0144,10.82
db448e0c-4f6e-41ba-8a97-7076a6d8e521,P0236,2.51
94765ffb-bdb7-44c5-8c3d-453d3d768698,P0257,32.23
a325a5e2-4391-4a73-baf4-7278425c57c9,P0015,25.65
f79760f7-0640-4607-a21e-16ba4697b70e,P0111,8.19
e112f916-b6a1-4473-ae0a-1381c4550261,P0186,45.75
bbff4373-bf4e-41a6-bdb5-e1b84ac00cbe,P0091,6.62
5338ffbc-eacd-4918-9629-fa5c8551a47d,P0197,16.33
5c8cea1a-3b58-481d-ac9e-ee7e960f5979,P0253,1.39
35627815-3632-4ca9-a5b1-9b868741c824,P0058,6.5
46399dc8-da61-4bc0-b6ab-71c476d5f388,P0267,18.82
cab63f93-b8b2-499a-aa09-d0047be84510,P0229,18.76
d3568e1b-314f-4ee4-b27e-ee2d232ec6af,P0121,4.67
bac3e9c6-ec78-4946-908b-b702b4e77814,P0115,31.86
585fa854-2ade-43fd-a0bb-aee6da8a36e1,P0209,34.11
553f3b54-82ca-4b2c-a652-bf0ad3618695,P0139,3.0
9de85c26-d7d5-4519-a8b9-6f28ca56345d,P0021,50.87
7a75d8e6-ce75-4a51-9f8c-c91df3723ea0,P0259,41.59
5c3108bb-f80c-4dfe-b89b-a26cd860738f,P0169,31.25
9fe57c98-393c-4cd0-aedd-d6ce9c1456c5,P0168,61.43
e37c6c96-fe79-4965-b34e-8d4871736871,P0106,11.76
b33e4d61-f2ba-4755-bec3-45beb87e03d1,P0057,82.59
59db7e92-7741-40b6-8409-30493e0715ac,P0233,90.16
c4d3f51f-dc08-4371-aaa2-00a55c8bf999,P0094,184.72
b5826d1f-3358-463b-a1ec-1153d49b2234,P0218,59.52
9b07bf27-fe5f-43aa-9e4e-1026d560fe7a,P0247,12.59
1c924c1f-53ba-451b-8096-2f8009924574,P0054,11.74
d099308e-d83b-410f-95a3-33ea68b68cbb,P0068,84.14
3acf8d83-a5d2-4d23-9113-3c41192555bd,P0103,58.1
20f516b0-cccf-4fb6-8cfe-325f9fc4a9f4,P0127,7.61
4eb5971c-9708-4572-8be0-4f2c5fea9484,P0035,14.54
671f3fd9-3043-4b01-b9e2-0025e841e54f,P0281,39.73
2ee5917a-f36c-4406-ae8d-89d6066f9e12,P0121,98.77
d376b497-68f5-4d3f-ba75-490053192b90,P0228,6.84
7e218d25-05a2-4acb-aeba-9617bf85e660,P0094,14.87
ab9472fe-efd3-4768-9100-233908e2e7e8,P0024,20.14
a6a14dc2-65ea-4ee7-99c2-010d80112128,P0138,44.23
0e4b88da-c2fc-42a6-a708-4db6bb55a442,P0006,70.21
1a3f9fd2-9c95-456c-9f57-41430a68151e,P0272,47.06
bb7c869e-b834-4df5-81c6-c0324325f90d,P0087,11.88
d925ef1b-c271-47e3-9ac5-fad45967d6ef,P0292,2.07
b675cc45-d12e-4f8c-8760-8869034e6ba4,P0113,41.15
ff8ef026-4f25-4779-82b2-ff6becf11292,P0126,15.52
abc74dcb-08c5-49d3-9d3b-16b053ef76f6,P0085,10.31
2d5c6196-5ecb-4fb8-b3f1-d0cd6b58df47,P0025,6.78
f4bc7149-26b1-41ed-ae9a-6ee1106041f3,P0062,9.08
5543b362-f4f3-4068-9f81-8fdb080e8b9d,P0285,40.37
7c788f2c-3912-46ff-aa85-9bfb96ac6b2e,P0195,34.45
c543b3e6-ba39-47c9-9399-c76a87696b6b,P0049,2.19
2bbd50af-e6ce-4823-b1b1-72bb4c6bb652,P0236,5.52
88565f9e-b885-427a-bc77-ea047a0c494f,P0177,106.66
ae05c17e-86ce-4be0-b36a-6cecc8a5cbe9,P0188,153.1
5ecda289-c0c4-4af7-914b-9c63caeab401,P0274,32.27
117b9106-075d-45c5-8c23-edd1b00689bf,P0030,19.89
9799084b-399e-4bb1-a407-e96e992ea958,P0213,25.15
21bd8a6e-71c9-4eef-a4ee-cbee4b2d9778,P0120,12.87
2f47f65f-d35a-4b6a-ae2d-08afa52e6f1b,P0059,13.54
753b228e-4893-4ea9-b116-3e828b6e70fb,P0224,34.79
484cd4be-1b48-4f86-9b61-8315d33b6536,P0228,21.1
3411f8b9-1112-4d27-87cd-33a820950c0b,P0162,26.24
7d3dee9a-582c-4542-9b5a-dd9f383e0a2a,P0265,47.51
78bacfc0-c3a3-4824-8050-ae3ba2afbe61,P0009,40.99
da1b2c1a-4934-46fe-a073-5d0a8cbe7180,P0150,22.62
bbe84d7c-3f0d-4579-86a8-4342dc85b1b8,P0189,34.18
2d3db9ce-09e9-46b5-bc23-9eda6a355f0f,P0011,13.89
a76cbee6-c1ac-4bd4-a748-f417b9a78950,P0056,15.53
bbd448e5-3285-4b76-a107-b7967bdd719b,P0054,29.13
ac7c767f-6907-4099-89cd-daa9e3d3ed87,P0300,6.78
2dc7201d-8c4d-46b6-9d69-900860fd4ce0,P0289,16.66
0aa3597f-a5e9-494a-9cbe-86a69944ff08,P0205,14.83
8ea90baa-69fd-4c1b-959d-c20f050dbe24,P0215,5.95
9c180fd5-7706-4654-885e-18c7d74a3a5d,P0190,6.37
cd779166-367f-49f7-8cf2-3dd9bd6f61dd,P0110,6.56
f41bf0e8-15b2-40ef-be7b-be685d4a7f45,P0188,30.56
40bcd972-2f5b-4731-a801-3dbf371310e7,P0187,74.17
fa307a64-143b-41c1-9e02-f419f4f562b5,P0122,93.73
5aa3be78-7fe8-44b1-9ae8-add86ea61c7d,P0048,6.05
198c8d1a-1cbc-4cdf-a6e9-5c84117e4c3f,P0269,18.73
8b5a51bc-5247-4bca-b382-60b536f741b4,P0024,0.79
17a6b52f-ba47-445b-8de0-87a9e59db19f,P0103,6.71
9b6c5d4f-c202-4f36-9863-f53bde9bd286,P0253,58.16
6610e572-9c75-4402-9f2a-114e071c5609,P0138,4.85
a94c489d-4278-46bf-a5a2-6d7304521d22,P0003,0.63
89b5da7a-7697-40cf-8197-95b82270836e,P0271,38.25
7652b56e-d71a-47c2-9c95-c1a8f6b1f8d6,P0149,2.32
10c2d7b6-fe79-40e4-9107-564b6ef10d98,P0241,2.13
e777aeee-dfaf-4d4c-a80e-e870565f123a,P0069,7.22
0aa3597f-a5e9-494a-9cbe-86a69944ff08,P0214,18.52
ba9f908a-37a4-4a98-bddf-5287b2bec1c8,P0223,69.54
f9d6ed8a-fb5d-4cf0-ba29-794fb525bdbf,P0291,35.29
63d5979b-8429-4b11-a701-44e6ff7a757c,P0160,62.0
edeb58bc-61ab-4b56-a2b1-08167a7be96b,P0214,53.15
2a5c7e09-5be4-44f5-b3b7-44673b5dab68,P0270,42.47
46a11d95-6b5a-47d6-824d-292989fe4e56,P0236,69.33
e5d6f327-81f7-4e2a-a8de-d079abcbf97d,P0203,50.45
deb416cc-06ac-479e-8b79-78fdd8f03ecc,P0243,33.41
020adb09-1f7b-409a-af6e-0fa864bc6211,P0147,0.19
c6802fc4-acdd-4edc-8307-132f148958d4,P0098,34.64
6cfe9f48-000d-4048-a1e6-37c8e6f1f77b,P0283,6.37
1ccc1843-8989-41cf-a16d-139a64a72766,P0261,25.17
bc06cb50-a4de-4b7a-b8fc-3e6ad0b151f5,P0293,33.93
97e02654-737d-4556-883b-4af740a59383,P0175,68.24
d54d33a2-299c-42fa-b395-abfbebd3e134,P0211,19.26
125e3ad5-8ad7-449f-9d02-c77cbfbb4ca7,P0171,8.98
eec5a414-16db-488f-b234-21fa3d73b804,P0093,61.34
1b3dce08-0c51-4751-917d-853636fde549,P0182,55.52
e72cfb7b-d003-4abf-8388-3265dd9768ed,P0159,13.33
7d8d6e00-6e5d-427f-a34c-9fad23f03bcb,P0297,73.99
d55ba4d1-424a-4ec0-addd-43f32c0a6bab,P0071,31.54
b4e9607e-54b9-45d6-96e8-3f68e51842fc,P0275,42.47
1b7a0c91-7dda-467c-91e6-3dd45aa28dc6,P0141,126.09
960deb48-110a-4e17-92c0-dd7110bf8295,P0144,69.03
dced4585-8320-4063-8c4b-b5e0f0383562,P0006,26.87
d7cf8773-7cbc-4fea-908b-7c97a082c9d1,P0252,18.54
f6660db0-4055-48c8-b9b8-033ff9e55719,P0019,72.51
29eb4266-9464-449e-a358-f0aed8ad2a40,P0157,9.04
abac9af2-caa1-43db-af74-1181ea03aa57,P0092,39.58
b910d432-7e56-4201-b284-052a824c0b3f,P0137,41.33
934e5c0d-4416-45a9-b4c5-7c965d5f8d61,P0164,15.1
38a33506-7507-4648-baaf-e0aa624b76fd,P0300,35.33
d6388fbb-ae46-434c-a795-b8ab5e6f5576,P0175,48.23
bf5c1742-7438-4317-8476-857a1490729d,P0230,20.01
677ab5e2-a0c1-4871-af34-50c9a547bda1,P0102,12.22
8274f165-4cf3-432d-896f-8e4277b80c7d,P0162,65.37
82a16728-21fc-419a-a226-303eb152703c,P0052,42.92
dc128e29-b6bc-4f79-bfaf-931aec5a4b36,P0285,45.68
dd711bce-1091-4cf8-a768-5bec6d93906c,P0120,81.54
23c5a3d1-ae72-4241-b039-db87c4fe9e41,P0113,80.66
7913c836-69f7-4184-a136-5d49dfa6a452,P0213,5.11
8e4f62eb-74ae-4db9-8ccb-9fc8f4f84787,P0046,37.44
7adac059-53e7-48dc-80c8-b61df978b2ec,P0018,62.93
ab955f8f-c073-4b5e-ad97-bd072ad8a183,P0135,110.1
e20c393e-303c-496f-bce8-ae71cedc30d2,P0161,19.93
74730190-57b0-4a05-8e40-84f7da429aa0,P0151,109.43
6d24582b-79f2-4ff8-b017-7d3d4af70e58,P0096,37.65
a2486724-9b8e-4c93-a02f-e7da09374a70,P0179,18.55
7e514ba8-881f-4c1a-854f-aa8bfd577015,P0088,70.18
8e99e03a-fbcc-4394-a314-c7f75c40ab75,P0262,2.87
9fa84618-5198-435d-aa5c-58f1ee613c31,P0202,25.67
4363f6ce-87c1-4d3d-8583-84dcdd9317fa,P0124,34.77
7c3ca376-e8ff-48a6-a098-8d9b0e46d5b9,P0014,18.28
aedbd845-6fd1-49de-9af4-667f48063de1,P0030,6.42
e267eb35-fc5d-4f6a-b364-e7dc6f2bbe67,P0042,92.04
6884fe9d-7dcc-4a93-adab-bc03fb1aa885,P0116,58.92
d3a51bd8-9203-4a0b-9827-5b121670a3a8,P0195,77.31
cdd3242f-0ef8-430f-9951-e217f0359a90,P0066,100.47
da17787b-3281-4bbb-9b71-5bfb2b4641b2,P0095,23.81
80226949-d87b-41e8-be17-160d2bf61479,P0010,25.92
ee930232-d55f-4b08-8404-e5d8c84c5c66,P0129,39.21
da993b85-7de6-4f8f-8d45-8a1aef0f2e09,P0038,45.64
89f2c308-27a9-494f-ae0c-ccc1808bd3e5,P0202,64.54
d07a09b8-f903-4f0c-9df1-3baee3ba82aa,P0230,29.1
f6efed1a-fd29-465a-9e4f-fae0eecd1fee,P0219,66.77
e5a5277c-0506-41b4-9541-914b568601f1,P0234,26.31
6991d541-e773-4e8c-acb1-991c6ea9fb1e,P0007,24.12
b0b0b54e-1bd5-4e03-9eae-9fa68ab289d7,P0046,46.04
a1e0263d-163c-4d14-b20d-d068a34f93a6,P0295,0.71
c3f7346f-c4d2-46c6-8843-2394a3052371,P0164,45.1
3ab9d503-0167-466a-95dc-b35c13a0efe9,P0039,29.03
0dff5bad-b877-49c2-ab1d-9cbc7114df27,P0109,11.73
aab2d887-65f6-4d69-a406-6122e4331cc2,P0045,2.42
d7c05d74-5e9f-483f-adbc-8c37676f6cee,P0279,42.71
5c27aae3-d559-4ad7-a1f6-28d712bf5f6c,P0275,48.86
8d29ca56-4d76-4ac9-a6d3-28af888aff1a,P0078,13.34
0fbadacd-bcf8-4a86-a06b-90bf84804519,P0132,43.77
e13d1073-c710-4302-b766-a6c82c8aeaa9,P0205,75.82
f35f1eb4-3975-406b-874a-f4aad9f8eed0,P0228,10.79
efffc6ca-5749-48a8-8481-b7889033be6a,P0120,98.11
f132728a-4cf9-404f-9464-3ebc87ed7647,P0161,59.24
f187ba79-9ecb-43f8-904d-e4ab6bc77789,P0212,27.34
b9082494-123d-43df-92dd-ddff48b582b1,P0192,1.25
97b9ad02-c8c3-4bd4-8640-a6ed84701ae4,P0292,59.77
b6ab38dc-4bae-44a7-a058-85c4d3545f1b,P0221,49.39
d7f37068-ff0e-42ab-96e1-c29ee3c7617b,P0202,41.58
f2b00fc0-8348-4b0f-b543-210584746932,P0192,50.44
673f93e7-d05d-4b70-b7d9-987bbd54471d,P0134,48.59
0209c5d1-3d9f-496d-aec3-6c4175cf43a1,P0176,39.17
998a274f-5073-4575-86b8-d1667505dfa9,P0024,59.5
f948a8ec-c38c-4268-ae75-efcf0ea73e28,P0208,21.98
0487bd70-18aa-4672-ab55-14481c59095c,P0163,9.04
dbc77dab-1988-407d-ad83-ac4d1923f31b,P0143,28.82
cde25618-f052-4d3f-bafe-198fb8da05a4,P0108,3.36
8028ba56-fccb-45e6-bb31-f20dc0322e91,P0091,25.76
251958ae-6992-4e75-99b5-4d1820522904,P0115,90.16
755ee3f1-4dfc-4dad-84d8-f1cff46cac20,P0204,40.32
5e5ed7b7-5343-4eeb-9cfa-81600c390ec6,P0129,1.41
5102e8b1-af79-4c24-84a6-5980ab89efe0,P0131,11.89
73576c7c-77f7-4a4b-bb8e-206b48d48207,P0238,21.8
729caf6b-7e76-49d7-90b0-7164f5232959,P0154,63.18
d7402bdc-7861-4ff5-9a94-c06b16463c12,P0137,69.57
a7d5c5e4-ff2a-4b4b-acf8-2cd88a072297,P0290,27.7
d852ae0c-0a32-474a-b5d9-356dab30f40a,P0068,28.21
b4346c9a-b071-40a8-8ee5-60cf37f27758,P0148,11.0
2e1553a0-76c8-42f7-8b03-3b43bf725d6f,P0055,130.13
4363f6ce-87c1-4d3d-8583-84dcdd9317fa,P0183,10.23
dc2b4a27-4748-435a-8c66-200f01be615b,P0261,19.7
9124a0d2-30e4-4624-ab36-10080e5879c8,P0037,59.51
7feac0c5-106b-4369-af1a-a2f2674cb100,P0283,1.59
4938fc16-d9cb-4811-8f94-04a2f277a5aa,P0198,33.74
8f7b5b3c-502a-4543-8681-2479fa265724,P0258,47.08
f778d276-a358-4e46-8ea3-6d92afa1282c,P0192,64.45
fafea6d9-8b85-4b9f-ae90-43d68c712b1b,P0142,83.25
7ec9c00b-66dc-4ef4-ac21-3e6d74d704ab,P0093,36.45
3ea1d151-d88c-4413-bb48-a12bc6e63ef4,P0245,20.98
ffb06c65-026b-4fc3-a287-29042b2a02ae,P0232,5.79
ab800553-c3ff-4a09-9c96-1b02981ef060,P0150,23.25
633f9520-db9d-4192-9e4a-1b4ff50cddc5,P0264,132.41
9a0c81b2-f945-4d5d-befe-3fe55ee0413a,P0035,69.29
fa264b49-1e0a-4bcd-ab93-40204b6f1cc9,P0284,16.1
4dc175df-d82e-40bb-929b-f9c79e422548,P0024,16.67
d9587396-7e7e-4eaa-af9e-cf497206f6c1,P0061,3.63
84a10171-20c9-46da-9e7b-5732592d4333,P0177,5.38
32e5f0be-1914-4e88-b62c-3ef43f861722,P0081,10.72
c9f0d7d7-8675-4156-91d8-f38e0320f2b9,P0271,95.22
34103ba3-7d3c-4afc-b9e5-520a00c07e7d,P0101,33.78
a71c00b0-ae62-4ab8-a349-7b17d061e582,P0284,39.78
5d92a2d1-3537-4770-bf75-8c8116981f03,P0135,80.92
29301195-dc42-479e-aa30-8b995cfeb0ec,P0094,57.86
31f92b7e-3563-4d8a-aa76-82cd19b97d6c,P0036,70.62
af1cc3c1-17a5-46a5-8017-094e5b1cb652,P0204,27.41
ee47998e-462d-4f4e-98f9-af89200c2352,P0095,61.8
99f8ccf4-a996-4837-bf60-207f54c1dcd1,P0043,60.36
cd65d52f-1c2f-41c5-becf-2c617c792e00,P0245,46.12
475de118-eb2d-431a-9f33-0ee310a92c48,P0274,16.54
caf318fa-62e1-43bb-8d8c-7664f56761fb,P0146,22.68
ffa65cc4-1784-466f-a11f-0cebd9df27c4,P0141,2.8
a8d77817-33ea-409b-8c47-9f842a33c764,P0022,12.34
f4b8cef6-6791-40f0-8b36-95947bed4613,P0064,7.81
bf0d4be9-08b0-487a-9351-a141d96e85a2,P0214,104.22
cfe54edc-894e-4377-b7e1-d519c164803d,P0259,1.23
66d56074-75ec-4261-944c-05299cba0352,P0113,48.84
64dd604f-92e3-4f33-8235-1b93e3c7ac2e,P0211,8.1
5d089bbf-4c11-4ead-a2ad-69b565536605,P0088,23.22
b954673e-af12-40db-9944-eec3d48393d8,P0243,58.48
4cd79d08-0341-458a-a20d-f434ea983fdf,P0029,154.09
067d683a-3dfd-4fd3-aa96-1a8fe6dc92a4,P0133,24.92
9f7392bf-1ba7-4e16-9a94-4cc6c287241d,P0009,20.31
7e2b5fd1-4dcb-4a10-a5ae-eed456d6c8f3,P0294,56.89
0bfe9620-62b0-4f03-9683-8c1b55ac7ff9,P0267,255.27
e3593f67-ef96-4b38-9b37-012c59acf2f0,P0221,87.45
d79408ec-e0fc-4cc4-98e6-9499546ce88f,P0048,1.78
bbb01902-8e03-4f4f-a366-19afbc03c8e9,P0170,2.18
9d4aa050-7d76-4456-8aaf-2f66eb15fb2c,P0271,21.77
957c7b78-0143-4480-b7d6-769162e5fab6,P0271,14.3
5ac5de70-a87d-41db-bd2e-0dcf32836ced,P0114,118.83
949bdf67-eedb-4fbc-9d9e-121b4c3c0915,P0237,76.65
a53eb422-4057-492d-898e-48be19b0dccd,P0185,72.33
b9da52fe-da33-4097-829b-3ecfa94544d3,P0096,22.14
e30f5795-fe84-4e24-b0fd-6f678eff6cd7,P0020,14.81
8f30a8df-f685-4014-996f-4a4be3cdf85f,P0138,46.38
cdfa18c5-b16b-4307-8b95-19ec4e7c96a4,P0168,61.94
711b14b0-5261-4677-afe0-3cfb019212cb,P0029,0.18
2278a437-0030-4a2a-b410-e3ff0f207279,P0091,27.05
1bdaca55-1a17-4c20-a571-1901a7c56d23,P0241,3.41
66dca715-6bb8-4dbc-8c97-701eb08783e1,P0052,28.94
9e2000e1-83c9-4fd6-ba0a-633b3613747b,P0270,19.76
cb7a3486-6e31-42f7-8226-1e8b0d2e2ec5,P0046,52.45
e5e1bdf9-b4fc-42f9-bd58-05f2498daeb5,P0100,19.4
597fb0ce-9d95-41bf-ab35-47e7c5fe4590,P0081,14.15
a0ddc6e7-a9d5-4529-bfb3-0c5917d6319a,P0002,12.66
5baf2760-9478-4147-bd48-7546ddce4307,P0209,20.59
860a8a81-7014-4c2b-afac-48a798145c17,P0060,67.11
ac372504-5cd0-4f2e-8fd5-1edaa140e757,P0223,50.48
52fae6ec-42ae-4a23-8020-ebcddb93c99b,P0005,133.56
78a6a862-042e-4110-8d69-e2ef1272cdfd,P0128,1.86
4fdfef98-7538-4156-97cc-99e4b2a1fdb3,P0259,3.25
b5c0ab0f-8e42-4319-b45e-26f9421851a9,P0080,23.43
7f428779-96a6-4536-8a35-8b324cb03750,P0115,20.25
d9cef3b5-de3c-45fc-95a7-e548f412b53b,P0116,10.09
3c1fe103-441f-4827-a945-664027676338,P0120,15.7
181f4ff9-c41c-4254-8311-bac8d46bfe78,P0251,14.94
016af3ae-e3ea-4d17-822d-f9c8ba1771b5,P0144,52.43
cd61532e-af1a-47db-a8b1-abde7a69679a,P0013,1.73
f4e834df-fd65-4a62-9052-77ce1c2be548,P0129,115.82
480598c3-7d65-40b9-9a75-ecf15f1a3429,P0225,17.62
a6fa9d5e-76e0-4b21-96df-fb67c0e1f35e,P0186,84.83
5e835f7b-01ea-4356-9c7f-4017fe3a2127,P0038,53.67
4f16ae07-7394-4952-918b-af6b3dcc7c34,P0277,20.16
28450d70-acc9-42f3-bef6-e09dcd5aa73b,P0188,253.05
d3a51bd8-9203-4a0b-9827-5b121670a3a8,P0157,58.99
2fd4a8d2-c346-413f-9f38-19df828468ae,P0139,3.62
b52dc365-c0d6-480e-b948-dde79b81af48,P0228,55.89
4a7e82b7-b5f2-4dc4-a1fb-859f3decd1db,P0148,39.38
9304025a-3ace-4dbd-8b12-9e8a8d3fba08,P0232,192.31
df2e99d9-d1d2-473f-9d96-fed5e897f224,P0205,45.74
2a1e79df-bb43-4e84-8136-f99649cb0e9b,P0279,20.45
d3361037-df46-40f6-af8d-542edd86b8ce,P0153,18.01
e76df551-9166-48a4-9920-1b95075b403b,P0241,90.19
1962bd51-14aa-486b-9157-cdb5d2c98e96,P0123,59.68
76c016ea-4076-47b8-bee1-69792d5d062a,P0299,1.48
b2b2a08f-2078-4597-9f9d-dd7b8d7f4fd7,P0037,68.77
222db135-188b-440f-b004-6cb15eb0d7d8,P0004,35.28
4c7b55ab-b31a-4923-b2e9-da3e72e4d43b,P0281,3.76
1ca8d492-7c96-494a-8e1b-c7d15050e4d0,P0198,78.87
2361a6b9-7a98-4c4f-bbf3-aa4f509965b2,P0076,15.93
9b5210f7-9912-4a20-8a96-1a1d81ef0faa,P0231,10.0
d33b5ecf-4b1c-4708-b6c3-7bfda8d9f4d2,P0072,4.3
990dd02d-e8a2-4c9b-9532-db755ead898e,P0006,39.33
23849051-9b37-4fb2-bf94-5e48f06dfc16,P0130,46.87
3b44b6f8-47da-4730-8d38-00f210f57972,P0192,17.57
8ca46ebd-23d5-4425-b218-916046b47fd5,P0259,3.92
50bd3e16-fef6-4a20-a13a-d5872d9846ca,P0281,19.29
34b19175-8cbe-4498-b798-77224e2b8121,P0037,130.7
7128da3f-db1a-4ccc-85fb-160c11a046a3,P0264,10.17
b4346c9a-b071-40a8-8ee5-60cf37f27758,P0227,65.03
1d65be3a-46fe-4621-8c71-1e3913f59461,P0210,65.59
9ca62bda-f75b-4b8e-8076-6061171d4481,P0255,90.09
98284f09-b634-4b29-8514-60620f475c3e,P0263,20.9
fd0b58de-7a4b-4229-a122-c9e071efbea0,P0247,9.01
13728f82-f979-4643-a2f5-4083661ebc9b,P0266,222.0
9607b224-3c13-48f7-a87b-ffb0829e0a2c,P0022,21.11
abe44e27-2061-4078-ae90-07c108c4f66e,P0085,2.86
1f9307f2-8b6d-4547-82e9-a8ba295cb710,P0187,2.0
db2a6e0d-ebc9-44a0-954a-a324e5dac60e,P0015,1.62
56586d91-3c9d-40bd-bc47-9e17c3271273,P0116,8.67
51af7c1c-7714-4eee-8f0f-2bd1dbd006ce,P0083,1.55
6b7a6b08-1601-4c3a-8c16-d816f7de547e,P0290,7.41
5238fe36-535e-4ac3-a2fe-ca72cbccc936,P0263,6.0
4ff51cde-5d2b-485b-8a11-4ab649b56bd0,P0161,18.63
e10a2043-73c9-42a7-a629-8168bca8431a,P0055,114.83
0c4b0de2-d2ba-4707-ae70-8a18f9e93b1c,P0251,10.0
1dc534c2-9f16-4147-af9c-22755b9891f2,P0292,83.37
40bcd972-2f5b-4731-a801-3dbf371310e7,P0113,11.77
ae6c1d6b-b432-404f-aa1b-a92a3cbc1233,P0161,8.68
aab6db8f-000f-4d48-aa9c-a398d5b9d611,P0195,22.65
606b74c3-df91-497b-9e9c-fd55c1af67ce,P0281,36.49
38f4abf2-861b-4e03-8d39-4ae6b2e86226,P0097,34.64
8e64884a-00ba-4a2f-a2db-942b64b35749,P0051,7.85
349de46e-1fd9-415f-aef2-3fcbe44d3a2d,P0004,64.78
16f109da-cbef-44f5-8776-3d247ac72a57,P0295,162.5
79353689-ce77-4373-b91e-a98ca3ae9e0a,P0240,7.74
89c935df-3320-4a0a-991b-0fde16b803c0,P0058,56.42
6a1f420e-ceda-44a2-9977-b8084c95ad69,P0294,30.87
655312c5-9db0-4675-94e2-a22c68f279b4,P0297,0.19
11609bd8-1dd5-4e92-906a-1f09701d0f9b,P0005,23.63
1ecfde26-2452-4323-aaad-199f6b4a6681,P0177,31.86
21ff8a27-9d5a-4912-b5ae-bcb2c543431d,P0228,18.13
640565fa-4712-4310-99f6-1817dab3bde7,P0068,24.48
c24113a0-5f9d-43f7-8b5b-b681c8682ef0,P0060,14.03
cdda9d5a-3f2a-4499-9498-e66ec42ea445,P0294,39.78
28d8d874-4b6f-4989-859e-541936c2b05e,P0168,31.61
c96c73a0-b72d-4bde-a801-da7d859b174c,P0060,88.76
b5826d1f-3358-463b-a1ec-1153d49b2234,P0157,10.6
83b67ef0-4e0b-4c26-8256-8400b2bde2f6,P0130,20.12
31f92b7e-3563-4d8a-aa76-82cd19b97d6c,P0062,4.84
62e5cc78-c88d-4499-9aeb-13ea7727a4db,P0155,44.51
2de6249e-0c42-4824-9bd5-1f9388250cdc,P0125,12.75
07fdcda7-39d5-457b-887a-5450a7de4c92,P0205,3.22
90ea4347-0271-437f-b719-ee2885970ebb,P0292,13.65
64ed47ad-39af-4a31-a929-84e373826fd6,P0082,40.84
76e175d2-000a-433a-a03b-3ce48123bff5,P0211,36.38
759d2925-23d5-499c-abe5-9b492c576937,P0209,60.2
b8952288-6260-40ea-a0a6-5d4516ea1ded,P0149,63.11
326cdb80-9ec2-4ac5-91ec-a96a2ed715a9,P0158,71.03
356a3ec3-25d0-49e5-8234-c51f1894b258,P0079,2.5
00f476bf-b400-4b2c-9806-5adb96521797,P0212,72.53
75639035-a91e-49fa-b54f-91c8e3f3a809,P0017,4.11
dd582b6d-186b-457e-b3ff-d48918039bcc,P0299,24.15
51c83504-c7f8-4356-af81-0cea2b7df084,P0158,50.99
90bc06db-1a6f-4bcc-bad7-8fa857794bbf,P0165,24.31
b717d104-7e15-444d-bd05-5bfb730a2316,P0010,85.19
a1a33bb2-e998-4b99-a41a-68d51c9ff980,P0191,2.79
dcf3cc51-3a1a-4528-9d9b-11c11c2316d1,P0064,18.05
a8767af9-10f6-480b-a9bd-4d6db0cf1f32,P0067,18.19
20ed12e3-2f78-4068-8f56-1a9a98bb103e,P0174,77.39
b5f70e8d-77ce-4840-9100-83c7bd662200,P0296,72.33
a2c1f6ec-63bd-435d-bc74-d0616c05d22f,P0038,39.25
9fe57c98-393c-4cd0-aedd-d6ce9c1456c5,P0274,69.23
2b0a3447-7449-4585-a3d7-a60170de316b,P0049,12.32
f0a65904-b8ee-4fd8-ba37-4738a0d01eca,P0224,91.98
57246d11-0782-4c2c-b4e7-5bdae9b92641,P0230,81.22
41dd4d48-d040-4c4e-8b27-eaa9fbc289f5,P0070,6.69
fa8b19b2-1dbf-4694-93ca-e7c7bd996002,P0274,19.87
ad286a9b-aaba-439d-acd5-c0802cb6e1d8,P0022,7.38
3f5048a4-181b-4e46-bd37-0258c912e822,P0223,115.2
4246cb94-90c8-4098-afe4-d7edd363522e,P0053,91.59
07536a73-1a28-4861-86fc-0d4ac4433abf,P0049,16.16
b972d1b1-946c-4945-b363-9fac36779e41,P0075,23.41
d07a09b8-f903-4f0c-9df1-3baee3ba82aa,P0089,31.21
1f4ef442-e7a9-4977-932d-e718141163e9,P0015,31.08
37941093-7687-4bcb-a239-661d788211ca,P0230,34.41
17fd33f0-1d5d-476d-abba-01fbbd2d7860,P0109,70.14
b1ea4184-c0dd-460d-90b5-c4fd12813868,P0164,93.32
69afa26b-2bb8-4f23-9cb9-30201a6f3fe1,P0041,46.29
053a7f88-a77c-4f57-ba64-967790b80ab5,P0101,0.14
e224b8b0-5bde-4206-9d3d-03c3dac1fcc4,P0157,1.12
c0b5ad7c-57d5-47b9-8594-f24775add79a,P0096,47.65
3026827b-a7c9-462f-a629-cc9878256eea,P0054,2.55
2de6249e-0c42-4824-9bd5-1f9388250cdc,P0215,12.44
951625d8-d01d-460b-8152-4c56a649f9e6,P0229,5.54
c682a4de-68a7-4ad8-a023-02dd8ca37c8a,P0040,41.15
f7a434d4-d68c-4538-8602-08c88518adf1,P0089,60.69
91dd2258-12e6-4c17-8448-dd3c845c9f2d,P0234,43.69
401bc6d7-bc42-4b80-9aea-80df624e18e1,P0299,27.66
82217c55-97a7-45a9-9005-4d93c2d7369a,P0039,51.36
748fac1a-4a7e-486d-b348-277e61e77af5,P0264,11.96
d099308e-d83b-410f-95a3-33ea68b68cbb,P0145,156.98
41c7afa6-ed4c-458d-8c29-4665c522b516,P0297,13.35
5cb71c9e-2528-4cde-b6a0-9a3ceb419c4b,P0132,5.1
ce2e5088-6542-4c79-a245-407f0cdf5004,P0162,40.66
e5d9f296-7481-4229-aeac-35f06cd482d5,P0070,55.6
dd582b6d-186b-457e-b3ff-d48918039bcc,P0040,12.18
a6f5c906-4ec5-44d8-8218-ec8b91496ec6,P0142,83.11
82f09e74-fb4b-42e0-9f1f-98a229a221ab,P0174,4.84
dc27089e-2a87-4d4e-b1da-f010dc855ae7,P0180,20.54
f57aa2fe-e34f-4aec-80c5-4604d4ecc3fd,P0138,23.67
b100f2c9-6d03-4112-8fe9-228f0ca2a501,P0184,165.53
0192c1f5-4f6c-4973-919d-5a3a2b92e511,P0210,3.1
19c1b1c0-7a2d-42bc-beef-b5cdea804995,P0217,99.76
7ec9c00b-66dc-4ef4-ac21-3e6d74d704ab,P0156,16.03
9ce835fe-cad2-4653-926f-5e296491a6f4,P0108,9.2
729caf6b-7e76-49d7-90b0-7164f5232959,P0167,38.36
c29804c1-22c5-46d5-9730-8bd1550bf954,P0220,55.0
6287210a-346f-4452-b699-346ca649387c,P0138,73.53
db2941c6-ba58-4558-a1a4-bb06f3d6f335,P0183,15.91
4c7a4d1b-f751-43ff-a5e6-97d387dd0a54,P0300,22.99
c1237c11-56ca-4e3d-b5ab-5b33eb30babd,P0130,45.56
cd65d52f-1c2f-41c5-becf-2c617c792e00,P0247,38.89
05da47bd-1ffa-4657-81bd-5f0f6322821d,P0033,15.48
522e5033-c350-42d3-b25d-2b7fe1de02eb,P0026,4.24
b2eb458b-d727-4d4b-8bcb-28acedd4c6eb,P0034,41.79
c8e50392-07c4-48c5-b9d4-38199d126cae,P0255,28.98
202f6f1c-c12e-4044-a90f-6a1275b4a0a0,P0212,124.31
dbea4763-6eb9-47a1-b7f7-98afa6d1eed0,P0152,190.9
0248f5a1-bc0d-4879-8546-421ce19e23ae,P0140,2.55
74e9427b-ad2f-46fd-bf34-d7ef3a6a435a,P0097,42.0
d4f08a79-d43c-440d-b251-a65f0a962635,P0165,35.34
4404c44f-9714-498c-a48d-6a006223e7bc,P0187,47.35
53391973-ca1f-4ef9-8eeb-d14491d524f2,P0230,46.97
9124a0d2-30e4-4624-ab36-10080e5879c8,P0019,20.82
fc715351-9317-4032-91b5-6aa777098a7f,P0145,14.08
ad81cdfe-8966-4aa1-99b1-8a6888b25de2,P0011,29.03
77b37e1e-5abc-4e5e-8e12-6734a22436cf,P0085,109.88
4eb5971c-9708-4572-8be0-4f2c5fea9484,P0243,7.23
617beae0-f531-4d82-8457-f56026602f00,P0164,57.38
101067af-116d-4ef4-a7ae-9e627c7cf3c2,P0275,5.5
3ee35e88-1323-4e53-a7ee-f1670ac5600d,P0026,52.05
3fb3fda2-bfa9-4d85-ab58-5a730b832ffa,P0151,20.53
8e00b4e2-3795-4d65-96e5-96fd631781dc,P0260,4.24
e93cbecd-f061-42d0-9be7-033e4864ea5f,P0215,98.23
7a755e03-0989-4479-ad59-bf55720fb896,P0239,43.41
e393637a-da9c-4f34-a67a-34db9c16ed4d,P0276,24.47
29ba1ee3-58bc-4026-b1dd-e4c033a54d19,P0153,0.13
4c2e1a69-b4ea-4c91-95d1-2566731195c8,P0148,15.29
d0c16435-85de-4d21-9e20-46bd42c2397d,P0193,21.16
480598c3-7d65-40b9-9a75-ecf15f1a3429,P0137,43.35
e68db048-062d-4386-befb-522e22a43bc4,P0186,20.02
ffe7cb1b-01a1-4601-9d93-7e16e4e63491,P0197,28.32
cd8bdc2b-5fec-4ac5-a29f-e32a1b353d30,P0007,17.48
5cdffc06-9fd6-4297-ad6c-f533ca374ad9,P0069,30.98
29991b09-0bcd-4692-b1fc-0d684019c98b,P0043,8.59
59b2c9d6-22a0-4ca2-adde-ba5f7be994ce,P0003,59.77
f593097c-afc0-44d3-9498-2082d92a6b4e,P0064,33.57
f1dbeb0e-8730-4499-aa93-85f89983afe7,P0277,15.47
2c83c375-01d8-481d-8010-8e822e6135d1,P0222,25.41
70cf9998-a8d7-4cc8-9a4d-14c2d81c6aff,P0205,10.66
96092ea7-ca0a-4194-a866-b4c6f4d1adb7,P0234,15.84
0a876d8a-49ee-4ab5-9508-4a43dea43a7b,P0075,2.06
dab36d74-687b-4940-949e-8eb0670f1c2d,P0028,69.15
63d0bcdd-e04c-4a14-abce-a86856442ed7,P0176,36.43
550c97d5-a108-4d36-ac91-e0039b6ee856,P0137,136.14
0fa65030-549b-4588-b9db-4b4e5610cbc1,P0200,77.63
c5c78fb5-f523-4aaa-b121-a0f06577ef7c,P0096,20.01
d9adcac7-f728-429f-ac45-a7da652f08bb,P0260,204.28
dcde352b-5760-41e9-99f4-c8a279c24b58,P0269,159.06
5b5437df-e179-420f-bc38-171f9928bbd7,P0158,47.97
89c1da20-e183-4062-82f0-b84ced3c19fc,P0166,28.06
1f3c7b6a-5aab-4e22-b0c1-d1a1a914b928,P0172,13.26
c1e26289-abf0-40a7-81a5-871c4d1b9765,P0092,1.2
9149322e-a924-4fd2-8094-98b651788e3d,P0084,18.07
e8521f13-b579-499a-bdc9-9d1c76a11f83,P0157,39.13
4c75c944-e941-4210-a4cf-f6bef6eecd3e,P0277,121.83
fb577a74-1f51-4dc4-9ec3-aee49448f286,P0180,3.43
1b3dce08-0c51-4751-917d-853636fde549,P0192,30.4
f670c38b-9285-4d67-b9bb-55426273956d,P0026,25.81
bbd3ba36-cf65-4612-8838-84d3c3415fe1,P0276,29.02
57acbd7d-1cff-484d-b87d-448509c71fd1,P0286,50.19
16997476-c8ca-49c5-932c-0fb7b2eac63f,P0020,4.72
199cf9ea-d0f8-452a-9db0-748bac00dad6,P0196,59.96
49400275-8716-400b-bef1-6c76d508cd97,P0088,7.84
01745c74-0313-4bcc-9ed7-65e54efe2ae4,P0163,17.14
f224d69f-68a2-402a-98fa-ef17a8ab4eb5,P0109,34.35
8914b12d-bee0-4706-9191-d1f36088138e,P0294,4.2
3f44bcb0-3166-4761-8c8c-c99675c2d1e2,P0291,7.96
bc801302-fd6e-4a1e-b34f-fd96c8e73618,P0153,16.81
3cb43cb6-2276-4ff2-91f8-e93d9e0b15ac,P0214,34.25
407cec6d-fdde-4e9e-b45b-2ca34c6c4b6c,P0249,8.98
62bd3eca-3408-4406-8442-3751d8b3186d,P0104,34.77
c2dc1f5c-21d8-4fe9-82df-dc648657fe03,P0135,10.24
b50411b2-20ee-48ee-aaff-437d50a6b057,P0142,111.31
f67fa7c1-5707-43f4-a84d-327584eabfcd,P0215,36.95
2ef366c7-9005-45ee-83d5-d35d7f6f23bd,P0029,125.52
d3a00193-a324-4f3b-a228-c1e749afee7f,P0265,28.44
2a1e79df-bb43-4e84-8136-f99649cb0e9b,P0133,4.98
0bfe9620-62b0-4f03-9683-8c1b55ac7ff9,P0119,44.19
ce33a4e3-15b5-40c1-a101-c18f23b17ca4,P0018,0.38
e6961c61-c7c7-42c9-8a4f-d22565f3192d,P0156,8.29
efbb6271-ff2f-4e54-b10a-43b1cd407ed3,P0003,43.79
ce8752fb-1ab4-4173-918d-e163b5bcd9b5,P0019,17.54
8d91c560-8471-4ee0-b3f7-5ded45821316,P0261,47.56
10dcb8be-d928-430a-a556-365f62a24053,P0142,10.34
b8f566ea-4e48-466f-ad45-f03a7506d86e,P0130,2.44
4ff0ad77-c7f2-4bc5-81d2-aa519934e4fd,P0240,103.46
cad3f65a-2893-43bf-acc2-2aba96cd53e0,P0077,18.29
553f3b54-82ca-4b2c-a652-bf0ad3618695,P0209,1.93
3dedc8a6-138e-44bf-8421-e091e7994ff3,P0047,7.5
2217c693-e7bf-4325-a8ab-7d4f42ff2d5f,P0156,108.25
825dd1a6-3520-4055-b232-c318c0d10934,P0031,9.27
4998beb5-958b-4eac-a4f3-c8227e714379,P0071,18.9
2ad7847c-c325-4fce-a80d-70294873416b,P0281,14.55
aea576f7-cf5a-4c26-8653-c4f4f01feafc,P0134,36.16
fcd26cc8-42e4-422e-b9a7-3d4b17aa619a,P0292,22.95
14ec90a2-f783-4f89-b2ba-6058974b60f9,P0065,1.81
1234f2fd-2a90-49c0-982c-e97afc23edc9,P0108,5.58
5c897181-37d5-4eb0-99ae-7908d39da4e7,P0069,47.81
f4b8cef6-6791-40f0-8b36-95947bed4613,P0055,24.47
08f7e74e-fda2-46a4-97ab-d085d0ed5c2d,P0279,44.58
b7c203ae-163a-4bbc-a936-3c1a3d40b67d,P0087,1.24
59e99f2f-eb09-4f56-ba10-ca629b9023ec,P0229,0.02
f6a4441b-aa9e-4384-af76-1c11ab9d8221,P0099,4.95
8e00aa70-6d87-4e5d-9df4-de1fe23dfafb,P0168,42.38
6b3d65a0-ceac-40b1-a1eb-cd8d50565632,P0271,73.96
812dfe7a-5373-4ecf-82cc-5eaa4858a058,P0067,216.75
31c0aa4a-1ec8-4784-b325-314e9cb20c30,P0245,22.31
ffb06c65-026b-4fc3-a287-29042b2a02ae,P0125,7.57
5f2f1ae9-e8ab-48f8-89a4-af75964ed337,P0105,5.0
eeafdb04-5fbb-4f03-8cfd-a1aa73869eb7,P0145,5.21
82f09e74-fb4b-42e0-9f1f-98a229a221ab,P0144,33.2
db448e0c-4f6e-41ba-8a97-7076a6d8e521,P0145,37.32
ed35d575-89a3-448c-a48a-c0c5ea9ba9eb,P0261,0.56
0a359f10-4e79-464d-9c01-ec1e2130a1f7,P0285,31.38
3ec3b513-2089-404f-b2f6-2e1c3ae77bad,P0071,6.67
9b511f20-5e7a-447e-9de7-add2be6e057f,P0276,2.44
28bfc8bd-648b-4a9b-bad5-18b9299ed241,P0165,3.31
6586a245-8dae-43f3-935d-8f08f41ce028,P0007,14.32
211b85e4-29fc-44d6-a0bf-5f6741180b32,P0033,4.57
f6bfed18-2f94-442c-8f80-d1ec2801dd7a,P0233,7.31
3b432efa-a170-4b7c-9715-fe072e2a2f9d,P0132,98.68
b0a90921-88a2-413b-b4ce-d25219f6de49,P0273,4.94
c6039663-addf-462a-a067-d3edf17e152d,P0241,35.52
5f023b79-773a-43ef-9133-16d46fa4e36f,P0003,0.8
214c410e-fb79-4831-a1a8-849f9003d2b4,P0115,9.3
69b9e1f2-9fed-46e2-a208-f5cdb0525a3a,P0039,90.6
2e5431bd-f487-43e5-b206-e9a477ebd87e,P0078,36.88
9b2757eb-379b-4378-b831-18bf9d7493b9,P0005,19.08
997ad08d-1761-4db0-9eb5-8408bc4f997c,P0146,60.05
a2cd47f7-4fb5-40a5-a7c3-dcb5bc27cac6,P0059,30.97
19b59730-fd12-43d9-a0cd-d3eb5e6fb898,P0119,48.32
4d69ff63-7076-4758-8281-690b1c2a4ba7,P0157,87.91
5d77457f-266b-453e-867a-0a0f8addb60e,P0228,59.47
997ad08d-1761-4db0-9eb5-8408bc4f997c,P0295,21.79
d40b7355-0dc5-415a-abeb-577e4978d57e,P0288,64.06
755ee3f1-4dfc-4dad-84d8-f1cff46cac20,P0051,4.73
4da703f0-65e6-4839-8074-527b7c3a651f,P0172,23.19
fc361615-4bdc-4557-b0ae-2d80fd7c3eea,P0271,6.7
b1935a86-4176-4558-93ff-c4604915b61a,P0285,50.23
acc36895-4e68-4a0c-bb2c-e1107406a381,P0219,19.43
166281ef-b28b-42f7-9ae5-067c8a91271f,P0184,118.52
cd675124-5864-4acf-b5f7-8ed07d52dca8,P0098,8.62
d2e24da2-d60b-44d2-a15f-0d1e583c2719,P0073,1.97
7a9e331e-6dcf-4eb1-84af-6c21d4a98ae7,P0146,34.42
9b5210f7-9912-4a20-8a96-1a1d81ef0faa,P0240,4.15
cb4987f8-cc15-43fb-b5bf-3855af242474,P0173,16.62
220e6a34-f001-461c-bdcd-6d696118db64,P0175,20.76
633f39cf-07d2-4833-ab2a-86bcc7471b15,P0187,11.73
44e269dc-0514-4c25-ac60-ab98283329d6,P0084,56.56
eeac70dc-e8bb-431b-999e-ccff2840f751,P0272,15.32
ba590ee8-75e7-4ac4-ad96-a1124a087d39,P0163,104.38
e3f68f45-3d0f-41bf-9fcb-dd6419cab123,P0131,17.59
744c28e3-00cd-438b-b1cb-54025191d895,P0073,18.45
e077505f-a9ad-49c0-b17e-42650109f870,P0154,12.58
6c57ff0b-253a-41ee-b6bb-f9329deb5c24,P0062,64.33
0da9f238-3f67-416d-bda3-efce703d026f,P0249,7.36
329579f7-a536-4904-a05a-dc20ebc9e282,P0156,20.67
b317602a-2246-4668-acbd-0279e65388ec,P0081,21.78
7f78a920-b875-4d55-abd8-08c9fb0dbe94,P0253,41.83
2051a5bf-eada-4db9-800b-b030b8cbd012,P0018,180.23
f69981e5-e736-4259-b8ff-cabfb3a6b1ff,P0228,43.11
2cc8e7f0-b1c5-46ed-89de-e789bd8fd05a,P0082,62.4
3c9ac9e0-3085-4e77-a130-7881a403ab78,P0034,73.06
10dcb8be-d928-430a-a556-365f62a24053,P0148,91.2
b2b8166d-aea2-49e4-afde-017383328c8d,P0143,18.34
210041c1-af52-4a16-b0ee-6e59070c7edd,P0125,93.4
c2ffe466-567c-45f6-8d93-9dc55e221b14,P0286,44.9
c0b5ad7c-57d5-47b9-8594-f24775add79a,P0096,28.0
ec49d823-7cac-42ec-a1fd-e7ffd3d4fdfa,P0155,21.26
3228554d-6457-43e3-a47f-553ff7a2a2db,P0068,63.2
3bd0add0-7844-44c5-903a-90d160d22890,P0131,6.11
d5e95cf3-78d3-4efe-a778-459b9578e0da,P0224,14.33
673063b3-b8b4-4d66-aa73-4bb595f8df55,P0290,7.42
d4a3e8c2-3ed4-4dcf-8deb-40f96bf06c19,P0150,20.18
86e7385b-ce1f-429b-a863-269c45e31acc,P0204,96.07
02effafc-b077-4c93-bdc6-4deb5b7a8201,P0294,103.26
231046b8-3a29-453e-b499-2f1ca21acd22,P0114,63.9
4b061afd-4aa0-481f-b4bc-1ea35e54d46a,P0013,83.99
073ec2d8-f45c-4429-b051-0ac4618a90bc,P0278,46.33
28bfe089-3d40-4bfa-905e-5e6bfe630bb1,P0262,12.17
83b1a37f-8837-4a88-84fc-973ce8aab78d,P0289,35.8
e228626d-b477-49b7-84da-e8ece036bb7a,P0050,107.62
d3a2597f-1c72-42b9-a055-4a5db6bbf959,P0124,27.93
6eb71a4c-ad3b-43ef-a6b0-05ea91d37467,P0164,4.6
4e00b52d-5dd1-49ab-ba7f-73d0781c6b9e,P0200,12.22
592c4e39-24a7-4fdf-afa0-a877932a310e,P0221,41.12
817eb2ed-8837-4951-95ed-ba3668f36a62,P0154,68.78
21a137c9-8c01-40e9-be2d-a716c061b6cd,P0012,101.41
28bfe089-3d40-4bfa-905e-5e6bfe630bb1,P0070,31.57
4f625543-5216-47d6-8ffd-f67faf8a71b7,P0009,46.23
3153e050-5b70-4679-9f31-e9899e1b06f7,P0058,10.96
f5b32c01-ea73-49c0-80cd-11ca19cdd8ca,P0169,0.35
70f1c59b-09bf-422e-a96e-0380fd8528b6,P0105,50.34
9975f7a2-30b9-495f-af02-ee1d96c2de2a,P0227,5.28
5f5838b3-9d89-45ed-98c1-8935e1c5d9bb,P0169,8.5
ddb31c61-c26b-4cdb-95e1-a4712dfccde8,P0145,128.62
69766f36-4a66-40a5-896d-1277e5ecb0e3,P0191,10.5
8f30a8df-f685-4014-996f-4a4be3cdf85f,P0122,0.44
8f22ce3e-9f11-49b1-bd8d-7a0ba9b55d3e,P0088,28.69
60c4359e-2029-40b2-acbe-f616bfe3e664,P0237,39.49
13d4f720-8465-4a1e-a5ad-eb74afa2ff06,P0294,32.79
713f9d87-c626-4bd5-b080-eec5083832a2,P0094,33.25
129dda1a-1e85-430a-85c6-710805afa46d,P0050,86.96
0f65632d-0621-4f71-8272-c02f8dccd05c,P0207,90.68
5c982bcc-ae8a-4b81-ae8c-3a106e2b51af,P0109,63.11
18d3079a-8b94-4669-9abf-7d7ff992f0e4,P0027,96.75
ff1c8636-222e-4412-b978-5841959521fa,P0184,27.69
7fe37477-cb3f-400a-8d3b-c16b860c5083,P0214,90.39
7418f459-f888-4fc3-9155-7d070b35df4b,P0206,23.31
083b1f2f-15ed-488d-93c5-414842ff9b96,P0061,2.65
9ac3c71c-8ffa-4ee5-8152-6e2764f13eea,P0171,164.58
2348579c-db29-4275-aea8-a3f38a5d24ff,P0147,43.46
f67fa7c1-5707-43f4-a84d-327584eabfcd,P0278,10.0
aaf058c1-cfb5-4a25-afeb-e9e5d8f0f396,P0233,37.57
c7fc5921-f3e6-42b2-964a-92eaff6daad0,P0172,26.19
bc4a1ff4-87db-4cfe-af60-e68db68b6728,P0240,81.0
e92e0809-6db8-43eb-b24b-037764f293de,P0207,32.34
616cf297-6c4f-4bce-9875-8457aa8fcb18,P0270,22.55
a86e42dc-375e-4fe0-a49b-82b8585db937,P0255,37.9
603c7499-1ad1-48b5-9fd9-81430c9d1f16,P0209,25.89
705d2f7d-e096-479a-ad48-97930afb2972,P0105,13.74
dda022fd-5afe-48f5-a802-dbcaff2dbf5b,P0299,57.34
ffabc12a-2acf-49ce-b0e1-4395e9e2f66e,P0222,60.95
2165e70a-a15a-4251-98c7-484494bea46f,P0139,52.17
d639fc1e-f240-49e1-a87e-b2d42b0f466f,P0047,105.11
bdfc6bd0-bd7f-4995-a16d-2fe86ce84a03,P0280,51.09
75ad2c4a-9c57-4d5d-8768-656c6b3278b9,P0042,12.02
e662653c-6ce0-4be8-a110-88278f66126d,P0162,37.77
7e27c5b0-570b-4568-9e43-c5c515883dba,P0163,71.31
6c13f2a1-4e53-43da-b352-6e004923c5a5,P0284,46.29
e9e9119e-7b55-45dc-89ed-5039665c9171,P0213,20.8
277b3805-5e00-47b8-a7db-52e6152c349f,P0207,17.33
d9b6f83e-7f8f-4eac-9709-5e18da2f9dc2,P0141,7.61
5ecda289-c0c4-4af7-914b-9c63caeab401,P0147,27.57
a5bbbea9-761f-457b-9f64-ae9bb1473998,P0264,30.45
2a82f579-6235-41aa-9259-9fd6e0911f84,P0247,93.84
3c157dd2-2841-4c20-978f-02c8afd258eb,P0246,72.1
d2df2fae-ecb6-4ff0-8f16-236dd170e255,P0227,81.24
dbfb9738-95a4-4ca8-849a-9fa1e193b17d,P0127,10.08
66dca715-6bb8-4dbc-8c97-701eb08783e1,P0231,18.11
fb21ee2d-e6fe-4615-b0bb-755dd5974e56,P0104,6.91
5ee309e2-222e-4a96-8039-47973006b49d,P0104,124.31
aaafd101-5d47-4d07-bcc2-7ec035c4798e,P0074,30.09
3c9fd0cf-d623-4cbd-b40f-a5d0ce39da03,P0163,9.98
dac3c2bf-bf45-40a7-a346-78c73d120185,P0095,159.67
6041dc0c-7781-4266-b6ea-61cd9fe51a31,P0224,4.44
93bfa20b-6118-4b9e-b6ae-f66faa628eb6,P0153,35.86
802e685f-caf1-4dce-92ee-e9d01637d514,P0154,14.4
429fab8c-a025-4a8b-b5c2-08f218c4b2d9,P0248,17.5
5e8fc975-ccec-4b22-b5fa-af9510a936c9,P0091,31.0
13eb883f-4e2a-49f2-8a6c-7d88d02436c3,P0198,32.36
f6a4441b-aa9e-4384-af76-1c11ab9d8221,P0074,0.41
ec49d823-7cac-42ec-a1fd-e7ffd3d4fdfa,P0054,72.68
e5049013-4d62-48e4-8702-d352f8f7398f,P0192,27.27
86d06ac3-a4e7-4fd5-b3f9-ef4606f61daa,P0150,54.84
60e1e31f-2406-4d63-8ae3-c8c399139a79,P0157,80.41
6c3c79e5-1d6c-4907-b5ca-a95b4e116f6d,P0231,23.13
8146c756-0252-41be-b03c-58faf49e58f7,P0134,57.93
bdf88042-343c-4480-8308-dea577fbaee4,P0242,127.15
afb3581c-5ee7-4042-8b91-575b1a5e412e,P0185,14.44
329579f7-a536-4904-a05a-dc20ebc9e282,P0291,123.88
caf7bf96-12ed-4b3b-9244-ca9119bd8c78,P0133,46.92
f6bfed18-2f94-442c-8f80-d1ec2801dd7a,P0198,46.45
48cb2f27-2ec8-4cfe-b9e4-094d0f268c92,P0298,82.9
d0c16435-85de-4d21-9e20-46bd42c2397d,P0110,14.96
f319a8eb-9006-4edb-880c-c9570ef4ca8e,P0003,1.25
5e76fa70-26ab-4a89-a916-66fb65abe908,P0291,51.37
14ec90a2-f783-4f89-b2ba-6058974b60f9,P0034,46.89
ba37b468-6b33-494c-aba5-fc13941e6015,P0221,3.66
a5489015-89d2-4310-b083-0faa97bc8e28,P0292,3.4
9ce477c3-a591-484d-9885-c689b29153b9,P0095,72.4
630c8912-6723-471a-b8d1-52b66015fe43,P0046,117.43
7d0a3d19-e5db-48f0-b396-df6eabc1935f,P0150,24.3
56720d30-164e-46c1-910d-5424ab41a704,P0082,3.71
10684084-f7de-4b02-b0b7-7e9973832fc7,P0117,25.7
735488cc-0dab-4f76-a66b-8d4e2d23c6eb,P0219,34.89
2c7eb7cd-9324-4484-9374-ad8db9e9f35a,P0138,4.54
4c2e1a69-b4ea-4c91-95d1-2566731195c8,P0143,11.18
1c47d167-4c79-46a7-afa7-c54887b53ae6,P0256,48.17
cd61532e-af1a-47db-a8b1-abde7a69679a,P0289,127.7
8a9e2e7e-3b2d-4f54-8906-d538ee4ae0d2,P0093,51.29
caf318fa-62e1-43bb-8d8c-7664f56761fb,P0085,1.55
b2694097-3653-454b-b05e-17b0c7a70368,P0235,0.57
b39e1e5b-4764-4c1d-8a41-ace7976685cd,P0126,52.04
55698401-bb0f-47e3-95fc-b890f32f3718,P0233,17.03
d248881e-9184-474b-97ad-5696f2b64b6c,P0064,110.51
1858f701-cccd-4379-89ac-80c03b11857f,P0257,39.87
4c75c944-e941-4210-a4cf-f6bef6eecd3e,P0149,32.47
0b12ef01-5638-4b07-8caf-55b3b35c8cea,P0120,14.15
4cf83f59-55cc-47f9-9ac0-6d8a30fedaf0,P0191,12.07
b2b8166d-aea2-49e4-afde-017383328c8d,P0186,10.88
581090f7-5268-410d-a23e-4d605e1404d6,P0266,13.94
98604b80-fc46-4ad3-95e6-3b3026591467,P0069,2.72
8cc6a4f4-c0ca-42f1-9844-22d9259ce4dd,P0190,33.49
f19ec5ec-c6b8-4cbc-93f9-8f6cac6de339,P0290,19.14
d7366772-a423-4c61-bb66-2173638c9a35,P0236,28.29
5cb71c9e-2528-4cde-b6a0-9a3ceb419c4b,P0176,51.1
8b4e4536-92b5-477f-8b18-31c8fb2f20ab,P0087,1.69
f5089a95-ebe7-42d9-b039-dccda37fb828,P0068,76.2
a8533a83-ea4b-4cef-8367-1a98407aee74,P0158,110.18
038ad2fb-3e44-498f-b490-896852b59bdc,P0038,95.98
aea576f7-cf5a-4c26-8653-c4f4f01feafc,P0185,38.54
0748c648-13fc-4f4c-8db4-85231484f2b8,P0235,92.36
ae65edad-e9c6-4e26-88f5-5a7307301e9d,P0158,57.89
812dfe7a-5373-4ecf-82cc-5eaa4858a058,P0160,40.88
63b33758-84a8-445f-afd3-e61cf2c502c4,P0029,132.85
bb4919ba-3b14-4d96-9246-a82a4cae1f09,P0102,29.14
4f9a3d8d-1ae3-48c3-bba7-85984765e2bc,P0110,19.7
b433e3a3-082b-412f-b624-5d458f6063e4,P0038,38.14
b1eedd21-2a71-4d05-95a2-6f4414f16382,P0214,24.96
ace30af3-5efc-48fc-981e-a9036620aaaa,P0027,48.27
c981be5b-4d83-46a0-a4e7-ef0ab11a3b90,P0259,64.92
70bbe3d3-7c55-453a-8fa1-ebab60e2daea,P0242,87.65
7ee7ce75-ea88-42e7-8031-9fe9afcc518a,P0041,67.64
e25a1c48-1224-4faf-bb48-8de3e1f984db,P0229,36.51
2d52beff-d9b3-4b3e-a074-03d651b489c6,P0191,48.02
f38a69af-bd84-43c0-9fd4-cfba484393d6,P0139,22.93
d93556a6-78fa-4a07-8af9-92a71435aba7,P0026,60.93
bf71da3f-3c94-409d-990d-2b7a94243b2d,P0023,0.93
20e350e9-f3f9-4576-87c0-e10d747b9968,P0123,51.82
42655dc1-1044-4a76-89fa-1bc1d5c5f6c4,P0291,12.49
b10cbee5-6080-4465-b259-5ebcce5bc1ac,P0090,8.23
9bfe553f-70e3-46f6-a73b-5728471c90c8,P0020,0.2
5472f95a-c72c-4ad9-adcf-753270bf2ee9,P0126,93.87
792731e1-6c1c-4169-8776-b97d16ad01bf,P0177,30.51
e5ac93fd-2d1b-4c6d-8003-8b93ca01465f,P0139,35.33
ee6ac7b8-7fdb-4236-bf09-b5e6aa818551,P0210,27.17
6a23e630-fe21-4a04-bc7f-a05ee6786292,P0082,5.3
da8f744f-21d1-48bc-b395-54d832a3903c,P0227,64.1
8a02c6d2-ae8b-48f8-8734-e45b807c53d7,P0036,42.03
33bda165-ceea-411a-bd3f-7cf517d94937,P0005,23.49
cf29df77-2004-443d-b66c-50d1d38354ed,P0094,6.67
28da718b-6518-4802-be68-0f6bb7873962,P0079,86.34
28bfe089-3d40-4bfa-905e-5e6bfe630bb1,P0283,104.43
296585f9-118e-4285-8e67-7ef2c7063c26,P0095,5.12
fca71fbf-aed0-4409-b40a-17370223959d,P0163,13.34
a8b64f21-d1b5-4e3b-abec-d78edb6af477,P0221,1.33
c721d1c0-6e21-4c36-976b-7fcd8cd747d5,P0206,34.34
2a09843b-0de6-4919-b1b1-a5e450f9c506,P0127,100.21
4ba29c1c-cd66-4dc7-b765-2909df65d7c6,P0184,136.78
8900e46b-4f45-4a2e-b2e9-1b420f78868e,P0088,48.28
49424b74-1448-4ab9-9a90-b44fb5726c23,P0067,96.04
6a4ba7ca-e1d1-4a0c-a503-aca5d3c4bb28,P0292,33.64
b7eb1ad3-07ba-4f73-83fb-87b9c0758d6a,P0029,15.96
48083d90-68a1-4131-901c-7675773a19c4,P0008,182.72
ffb06c65-026b-4fc3-a287-29042b2a02ae,P0202,37.02
f179fe67-8528-44da-81d3-43cb860a8cf0,P0292,13.03
98e59f66-d0a9-43b6-a0f6-3e9902a039a9,P0020,100.26
68a566c1-bc4a-4e65-991a-3a4d80264b07,P0131,22.68
88aff3b6-8d69-4aba-90c3-c91c019e1ca4,P0011,53.89
f69981e5-e736-4259-b8ff-cabfb3a6b1ff,P0026,0.66
b017898e-781c-4e1f-a25d-0fefb8a616ce,P0261,39.35
f2663dbf-9eb9-49ab-a7f8-320d084dba06,P0292,7.01
151b6a13-7b62-4a0e-b1e4-14ff5fd153c1,P0153,93.59
c2ffe466-567c-45f6-8d93-9dc55e221b14,P0244,98.41
7e2b0175-5c3f-439e-9541-c6c8a9ddecec,P0201,20.27
cfc7a3b2-2f4a-4bcb-8c8b-4e4b7d6acd8c,P0053,16.82
1183fa79-24a5-4a75-8e3f-5763dd756136,P0001,101.13
b2b2a08f-2078-4597-9f9d-dd7b8d7f4fd7,P0006,40.06
680b8590-e286-4f2c-a307-35e3b2885483,P0167,48.92
a6a7149f-a694-406c-addd-dae2dc32aa34,P0187,94.57
7f428779-96a6-4536-8a35-8b324cb03750,P0120,94.56
84b7c01b-53c6-448c-94c8-194a0a79732a,P0191,71.52
91ca62bf-5351-47d4-8eb0-af114079d6cb,P0192,34.45
e84adc77-7cd4-4868-ac90-8e9ebec0b2cc,P0099,34.78
c0816a76-49ed-40e9-84d5-8acfb80e3dfc,P0156,10.59
67f70db0-7b24-4883-8d05-6290c00ff238,P0287,30.0
1ba0e8b8-ecf1-45c9-8a1f-8b4cd88fea6e,P0184,13.54
a561250a-d15f-4cbe-8f2a-e57dbbdb85d3,P0062,1.9
634af49e-0275-4493-a878-9d94f170fb55,P0215,48.55
a3086456-7759-4b07-89fd-c250608b1acb,P0286,14.22
2e7944ca-32c2-4f4b-850c-122205123571,P0258,8.77
76aa73d0-ce9c-4f54-9b4a-0e7cebf2793d,P0091,92.25
deb416cc-06ac-479e-8b79-78fdd8f03ecc,P0041,82.0
63f6f03d-3f7a-4bf2-b9fc-c82b94a60686,P0121,23.69
152004e4-5c91-4ae5-bdfd-4bcaea3dadd3,P0143,0.36
fe360b15-1ab4-4a6b-8c47-4090f693574f,P0151,86.42
ebc8690e-cd29-47a0-93a6-5eb2685f473e,P0280,64.56
52cc9fee-2e9e-40e4-bddf-d3cf106bb08a,P0070,9.67
25fd3afd-68af-4d1f-8b72-0792da7bf5bf,P0267,53.8
b9ee408a-3ade-4a8d-a5d6-aa036d932014,P0018,67.12
d35ad7a4-54bc-4625-ba5a-4838030203a0,P0204,88.1
0e3e9cee-238d-45e2-8234-914e7536ae57,P0233,7.17
a341d80a-04ed-4149-949b-f1abbbd2bb9f,P0084,10.79
e5d415b2-1e1b-4928-9e66-e866f80e0e01,P0215,5.28
7e80695a-1c92-4d05-8a8a-f7975b32fdc4,P0170,71.35
7e949d0f-69f7-4e49-8b86-5800d5564759,P0120,31.89
edef753a-94c2-4652-9344-94d1f3015bf6,P0133,5.55
025ca879-2f2b-40c5-a842-166d3abec108,P0275,0.08
25fd3afd-68af-4d1f-8b72-0792da7bf5bf,P0198,27.51
019ebe5f-7a33-4264-9134-9770a4c9d2eb,P0243,89.13
64ed47ad-39af-4a31-a929-84e373826fd6,P0118,15.49
1d93d863-c40e-408b-aee8-3de1b85cae83,P0242,78.37
46354fa9-5e1b-4689-80c8-fa0364f4c196,P0101,74.72
a4cedb94-a2a5-4a79-af58-f87d07c7e924,P0086,61.04
05a0f6e1-2858-4f1a-ac78-9c4478800dee,P0184,64.73
44e269dc-0514-4c25-ac60-ab98283329d6,P0244,181.08
c2c8061d-9596-4d63-b143-9af5fed56249,P0169,5.57
e50d7533-2da6-4c87-b639-c9d04726c001,P0058,27.22
448ec53e-fb06-4653-b5e7-7b127f793192,P0086,69.98
8880ada8-b369-4e5c-bcb7-7c8abaa1e54d,P0183,16.31
6a6c9d78-a144-46c9-8acc-95914a104233,P0163,27.92
7e304e4c-fef8-4d9f-b446-e28bb8ff680b,P0222,36.96
6a57c331-9d47-4856-805b-6a99f1b6c1f6,P0103,7.58
cd41adac-0eb2-4b9f-a64e-8e55c0529a95,P0090,15.36
04b54baa-242f-4783-a62a-8ad7177b1f72,P0152,18.12
ca2f9775-a365-4110-a2c3-52d68b6f3baa,P0083,51.29
7c50d064-17f3-4d83-bd0e-5a9d673bc76c,P0195,12.26
d93c5095-9a41-4ef3-b12f-100eff3dc7f5,P0036,48.41
f5c574fc-b367-4c7c-a747-e2844a758904,P0268,91.26
c1237c11-56ca-4e3d-b5ab-5b33eb30babd,P0020,11.97
d4a3e8c2-3ed4-4dcf-8deb-40f96bf06c19,P0147,34.84
d93556a6-78fa-4a07-8af9-92a71435aba7,P0282,36.29
152d3860-1fd5-44aa-89f9-f00c0ac1e409,P0098,13.42
0a908619-b17b-4ee4-bb48-4d86bede2c5e,P0293,33.08
394c6f0c-ae97-4662-9a6f-83e74f3916e0,P0262,24.18
786001d4-3b14-4e95-b275-3f819429149f,P0076,83.04
f4b8cef6-6791-40f0-8b36-95947bed4613,P0240,22.96
748fac1a-4a7e-486d-b348-277e61e77af5,P0143,5.89
2cdc1f4c-85e8-4ba6-90b4-4d6152938147,P0264,1.37
a0a72323-2aff-4217-8317-8f570342b3c2,P0280,0.19
bac3e9c6-ec78-4946-908b-b702b4e77814,P0269,19.74
9134192e-660e-40d7-8086-2efb92bb1616,P0103,23.36
149c9142-7f93-4ec0-8ab8-9271d37ae1ea,P0037,82.34
89f2c308-27a9-494f-ae0c-ccc1808bd3e5,P0294,46.96
c6571159-e9cf-45cb-bb99-ee63f3450e27,P0002,107.43
1cfef616-3a8c-4d1d-a40c-15f76130bb61,P0220,78.23
073ec2d8-f45c-4429-b051-0ac4618a90bc,P0015,33.39
7429a4e1-1e2a-43c0-8e5c-bac84695b0e7,P0007,31.0
61461868-ee24-4f9b-9545-05c03ca89e05,P0160,38.59
d2b0da23-43ff-4c2c-934e-ffefd024d064,P0274,5.57
4dc7d127-2710-4857-ad9b-c20ee5b239db,P0238,5.89
4404c44f-9714-498c-a48d-6a006223e7bc,P0047,7.3
6dd9491d-e1b9-487a-a97e-7f0b788d72be,P0235,17.5
198c8d1a-1cbc-4cdf-a6e9-5c84117e4c3f,P0131,27.66
32c75b46-d6f3-460f-b606-98ee8ee0ecae,P0264,44.13
85196d0e-4dfd-46a8-8636-5b72a2211f7f,P0144,43.64
061373aa-967f-434c-96d2-d1539423c650,P0200,5.36
413cb11d-f108-468c-b7e7-cb526cffd821,P0179,1.01
c4ad7215-ede7-46e7-abf0-ac9ca950cdd4,P0292,9.13
7c057e4f-6e49-48e7-b0ea-829fb2aa32b0,P0125,43.38
355a0ff7-7794-4923-8c83-d8635f930c26,P0177,1.09
beb3c25d-609c-4774-b34d-3b862b3350d1,P0195,23.91
32b65ecd-f481-4579-9236-72c9de435fb0,P0245,170.24
ebad0b1f-9bea-497e-9a72-c3f115dcae1c,P0039,5.53
4222f2fe-a552-4433-a121-eef87bedd21e,P0036,5.65
2362e81d-b007-4640-bc75-0f601c829758,P0024,23.66
c43ed2c0-3162-476a-8ead-54626773e74f,P0096,116.53
d0c16435-85de-4d21-9e20-46bd42c2397d,P0134,1.47
a3a398b0-c05c-499d-b30c-cef474a77e7d,P0030,9.34
53de73b4-3454-4532-9912-45881fbedcc8,P0071,4.47
efdf4d86-92ae-4067-9868-d93b054ad9b5,P0064,21.15
186b1797-1ea6-4a65-a540-a53b539cd9e0,P0101,36.24
650d3998-d433-420c-9a15-9f3d70502358,P0152,72.67
2f594b6b-d4b6-48c4-b509-23efc4ade0c5,P0283,13.3
27024b89-d92b-48d7-83d7-506a7bf824db,P0009,8.68
9b9da838-9d90-4aa0-8fdd-bc0f363296ae,P0073,18.03
cd63163b-3f51-4b64-a8e7-6296ad628679,P0091,5.54
2ef3ed35-5a81-49d5-9619-2125b860bfca,P0103,45.28
78e35767-dfe4-48f6-8502-ad3ced4b8a6e,P0221,21.24
bb455656-aac0-45fe-b2a6-b82a603fcf17,P0134,20.06
817598a8-b7f7-4ada-858e-192e873b9ffb,P0051,1.94
846a402f-edcd-4ec5-be8d-b44cfa4522b3,P0096,30.5
8a7813da-3aa6-46b3-8d30-f1c24987ae68,P0019,6.77
e0f288a2-ee4e-4276-a9ff-5d339b295865,P0233,35.91
198c8d1a-1cbc-4cdf-a6e9-5c84117e4c3f,P0089,16.05
f5208e88-1be5-429a-bf08-04bb651d1f35,P0080,4.49
c7711d58-cd84-4a66-b7c4-86c0368397cf,P0272,23.12
191a974c-4ccc-4a74-82d5-1b4ec4295511,P0050,59.62
a3af9490-d54b-4b4c-b14e-08004359a6a8,P0178,27.2
00e7ffed-db71-4dfd-8bce-247a22fa55d5,P0150,10.01
a13fe180-532e-488b-a90c-ee12e1a1f4a6,P0060,48.94
a6fa9d5e-76e0-4b21-96df-fb67c0e1f35e,P0129,18.67
01466481-61d2-4b49-acbc-2dcc6d9eb9b5,P0008,30.94
11093a5d-0108-4a9f-a0ea-e099f18819e8,P0077,110.25
b7321361-8278-4002-8b06-4a2816d0343c,P0022,27.28
10650a7f-f967-4a60-a4ab-322a41e2a1cf,P0231,29.54
06ab3a95-8645-4757-aa12-8f99e3f0d67e,P0145,32.86
c69dbb84-6535-4e4a-8978-100bf360ef25,P0298,53.4
1d758b9b-fc1e-4590-a0bf-59e573f61019,P0074,49.23
78254d53-f8bb-4eb2-bbf4-a9cfc47ae244,P0243,7.67
2c7eb7cd-9324-4484-9374-ad8db9e9f35a,P0225,45.83
306272b3-3cb7-4d56-8b69-4822e280c042,P0107,8.07
70501b68-2b19-4fb5-af53-9e5e9dd226fb,P0039,6.17
70501b68-2b19-4fb5-af53-9e5e9dd226fb,P0033,9.96
4da95e7e-ae98-4a7d-bcac-73ea3a24181a,P0053,39.85
f23bd0bb-b0af-4161-8199-92b3deb03907,P0170,8.04
ffececc0-1010-4985-8eae-3e4cc9c20b1c,P0081,73.42
5fdd00bf-e8ae-4e39-920a-51222e678236,P0147,39.64
a68940d6-7ee1-42da-8f47-8273b1377165,P0039,7.31
df41e125-60eb-4160-955a-af37674de07c,P0165,8.75
75171dc4-76c5-4dc9-bd47-7ba8db4df83b,P0169,19.61
0e4b88da-c2fc-42a6-a708-4db6bb55a442,P0296,33.09
556f34f4-3df8-4b63-80f2-15f7ea48c2da,P0284,6.38
f5616cd7-fbae-41cd-8803-c2df2cdd1330,P0199,0.29
91235cf1-9e99-4fc5-8f82-58805c7554c2,P0018,3.76
31fda753-537a-45dc-b687-e62bf1bde759,P0015,20.78
6162aeb7-5fda-4dac-96a1-474dd6533d05,P0293,17.07
d245ac5b-9e71-4d78-906d-03714674e148,P0086,25.16
d57be9d8-2345-4a15-b734-63585f16aef2,P0249,14.5
d2f9f7d6-6471-42f7-bb1b-a9b33bbec49f,P0004,19.08
43ca7525-ad1d-4dae-a975-f9605776da99,P0024,21.06
b61fc3df-3247-480d-9447-b983df69afa1,P0232,31.84
a611d9b9-cca0-46c6-93d3-79af2d766972,P0017,3.78
6c4559d0-2be0-46dd-bf38-b3676642379a,P0156,36.2
e980b026-2b54-4767-8d6a-8f5d3ac8fd85,P0118,41.13
08f5827a-b766-47bf-9b8d-815f375c02f8,P0135,117.17
1f23d838-4210-4e25-a0e1-d16da2fc2e6b,P0003,1.36
5d435825-7807-4d99-8c92-9c16f48e32bd,P0203,36.63
4b033133-550d-4521-92d3-77d762772b8d,P0258,68.56
77013ddc-a99f-45dc-b0f0-5a2c52a68267,P0276,35.08
8ed3e561-0f8a-4136-a746-ae09defe84af,P0242,1.12
ad7d2e70-f322-422a-a738-85f6eb5151ee,P0141,0.73
bec93144-0935-4034-aa06-73a084bf6a1e,P0005,95.38
135ba364-99b8-4c0e-93d1-216179bb272f,P0278,27.42
c1d63e55-6927-44de-a4ee-cbdd146857e5,P0053,26.79
b5df2541-1c1d-4b1b-82ce-a7400a086f45,P0247,182.77
e0ce9f7c-3942-40ff-9f36-f34d5b29cfc5,P0077,102.71
6887e28b-b0bb-46c1-be0b-ebf093549912,P0150,0.04
45dcca7b-7bbf-4340-a71f-9e3b3aceb6f8,P0015,101.01
a3af9490-d54b-4b4c-b14e-08004359a6a8,P0096,29.2
4d3973ad-349c-4d9c-94ed-a01912eb7367,P0256,94.24
46ef7827-0ded-4933-864b-25c32e183838,P0122,17.58
bcb431c6-963f-4488-a6a2-c18f73b1636f,P0086,46.78
38e15024-ca0b-44ab-95c4-a05df75198bf,P0151,38.67
7eae59fa-f4cd-401b-8212-d5ee9e385f4a,P0098,61.3
a1e3a176-0878-49e0-bfd2-04c53345c80b,P0011,130.02
933f1e0c-03c8-4f61-bbf9-95c8b3f6a48b,P0155,99.73
dced4585-8320-4063-8c4b-b5e0f0383562,P0067,11.54
b0913ea2-f481-441c-a8a7-6d6f27584d8f,P0074,33.28
1c35375b-1771-4c30-ac0f-6c79e9557890,P0065,7.96
81cf3b71-6010-41e5-90af-e52748bc4999,P0279,25.38
49400275-8716-400b-bef1-6c76d508cd97,P0014,62.77
47f56534-8622-4fb4-9cd3-7229991d8a06,P0191,24.54
33b3fa48-2262-457a-994a-af4825fb0274,P0116,16.53
630c8912-6723-471a-b8d1-52b66015fe43,P0247,22.07
7c1adb5a-140c-40db-8801-0469382fb800,P0170,43.14
28da718b-6518-4802-be68-0f6bb7873962,P0190,48.64
4896e548-8601-4a60-80e8-8190e30b7f1b,P0086,13.05
10d8bff2-f1d6-4f08-8344-815b93d010d9,P0160,6.48
94204e7c-4826-4b97-aacb-db0235dc4d92,P0064,10.61
b03a79ec-35c3-49b6-bd75-adbd3ab352fd,P0095,19.57
25638d0b-1543-49ef-9243-0f89fcc1caf5,P0164,93.67
ac7c767f-6907-4099-89cd-daa9e3d3ed87,P0288,0.36
4674746a-ab06-4549-a082-fc476eda1770,P0003,4.18
671f3fd9-3043-4b01-b9e2-0025e841e54f,P0256,16.87
9e0255ac-3848-44ba-8016-f84bb645510e,P0099,20.33
f4d00224-7ad9-4cf4-b575-062727d755c1,P0207,22.37
81eb2e69-f40a-40f9-a49e-cb389493b3c3,P0052,20.93
2826134a-3c0c-457d-9c47-831f8f52aece,P0289,1.38
33dcbb0e-e2d2-4213-a18b-941e0eb41c0c,P0169,28.01
154907a9-df2f-4eab-8081-895ef9376408,P0262,10.59
75fcbbaf-8629-4d36-a844-fa9343e33334,P0254,14.62
2fef1eb8-4a28-4af2-968c-071c9f25b920,P0031,15.51
4982263d-6a72-45dd-9918-6585842fd89e,P0198,21.79
fe2fab3f-55d8-438b-aa8c-4c878ba8c30d,P0257,69.5
c2180de5-a8b0-402a-a554-350b77d31f45,P0245,190.48
84c13ab2-03a1-4c6c-86ff-ca488be2adf1,P0279,197.56
70501b68-2b19-4fb5-af53-9e5e9dd226fb,P0272,93.06
d40b7355-0dc5-415a-abeb-577e4978d57e,P0211,18.61
5543b362-f4f3-4068-9f81-8fdb080e8b9d,P0177,6.09
3d9f9f06-a316-4980-85d4-c03fd2445353,P0089,6.42
566b20e3-7055-4600-baf4-5824d655a19b,P0227,68.58
4158442c-eba7-48c9-adda-05552980a4af,P0277,97.95
0fb3ba2b-cdf2-4709-9e41-75f74797f434,P0283,19.9
1a256df5-04cb-4615-8213-c08518144593,P0276,60.99
0fa65030-549b-4588-b9db-4b4e5610cbc1,P0140,11.88
9dd004cb-21ea-4f62-b01d-8d6f59128967,P0179,70.09
a86e42dc-375e-4fe0-a49b-82b8585db937,P0162,77.52
e77896bc-c8c9-4a04-817e-ccce917b53ce,P0189,30.08
5255130f-be61-4ad1-807f-a7dd2e8a2b3e,P0147,22.16
ffde384b-7b54-4739-948f-85d95dc43674,P0222,22.79
2332007e-ea93-4030-9da9-f9753ec72f90,P0266,0.0
b2649a17-5191-43f1-b179-dc653166f527,P0242,53.74
e718080c-d554-4b8e-bbc6-2e543a9f7b2d,P0123,53.69
1dc534c2-9f16-4147-af9c-22755b9891f2,P0076,20.53
de8b3622-c617-4d77-8350-820825beba07,P0186,27.67
085ef983-06dc-456d-b2d0-2497e0b7f778,P0127,59.93
7dc725ce-d78e-4828-970a-667553c4fdc8,P0197,15.21
7b0dec73-4652-40ad-bcbc-d49c7c0a52ad,P0270,49.8
51bf8135-1ec1-4337-9c4e-18e50e82d06e,P0057,16.86
a8206fb8-3993-427b-8245-e461291da6cc,P0225,6.03
6d9102eb-411b-480d-b0e1-7b9d1fddf284,P0245,74.71
ef66e7b5-c604-4bcc-89e7-9f55d1a67721,P0114,37.88
1eace4cd-5fc2-43ad-8787-c6a96f325c3d,P0263,39.16
9b511f20-5e7a-447e-9de7-add2be6e057f,P0243,4.85
aed2e7b8-5bfd-413a-bfa1-18a2bc7cf69e,P0220,6.05
c0a8d9df-9106-4900-bc28-207972af2b92,P0204,66.84
ccc8f7fd-47c7-42cc-a870-090e204b17d3,P0300,100.81
e393637a-da9c-4f34-a67a-34db9c16ed4d,P0238,27.88
b6ab38dc-4bae-44a7-a058-85c4d3545f1b,P0050,26.65
6486e5d4-082f-4983-a90c-a2dd3dbf4605,P0300,9.35
f34ee3f0-7788-4e5a-811d-f6c654665749,P0268,9.31
68a83323-7dc8-4172-bd73-02888d1d51c0,P0227,2.71
8a9181c2-f5ca-4808-9e33-398e1681bc79,P0079,5.25
21a137c9-8c01-40e9-be2d-a716c061b6cd,P0101,5.53
122a0ce8-1878-48ec-9b76-ded11e49ab61,P0085,97.67
20193804-0d2b-4e64-880b-0efab3b93bdb,P0246,16.7
1be6c683-148c-488b-8cc0-2e8c83329c3e,P0231,36.28
cd65d52f-1c2f-41c5-becf-2c617c792e00,P0299,56.57
133de68e-7e0e-418c-b480-c4f795e37339,P0092,113.17
908d9e26-a608-43df-844c-291f42aa66c4,P0256,19.19
19f05d82-0f52-4a90-81f4-76030308f452,P0208,22.88
490d93a8-e7f9-4b54-ac13-f4095da7e77b,P0121,51.89
5472f95a-c72c-4ad9-adcf-753270bf2ee9,P0208,14.21
869c6f37-924b-44e8-be15-a217d4ba3d77,P0291,3.05
f07ca22a-44fa-4060-b151-4c3f2c7e10e7,P0068,131.2
e57c49c0-2873-4395-ad5b-d527470efa4d,P0001,56.75
4e9b26b4-ce1a-480a-bd9f-a92922c88abb,P0021,122.8
18b572e0-5ba5-4d29-acf3-d183c6a08275,P0066,8.51
be86c852-a9a1-4414-819d-37b914d9044a,P0188,62.5
97238774-7a14-4134-8f00-09877450bd23,P0187,12.73
8e97b61a-d37c-490f-bc24-8794733d27c1,P0149,74.16
1ca8d492-7c96-494a-8e1b-c7d15050e4d0,P0058,145.68
633f39cf-07d2-4833-ab2a-86bcc7471b15,P0018,26.89
478b7499-a66a-43e0-ab22-ed3be09c598f,P0027,19.11
43f1aac0-ee26-4c3e-b53c-7253ece3f501,P0298,3.85
28edd219-a289-44f1-ab36-61a523d59ab5,P0296,5.27
8bab7811-b5b1-4b28-9688-0ef5b8e78b89,P0104,31.83
9c5cec13-aa2b-4613-b6c5-e7b41a837312,P0250,6.42
efc613c4-cb2d-4b9d-82e5-5f76b4f93246,P0254,56.51
01745c74-0313-4bcc-9ed7-65e54efe2ae4,P0170,13.29
4e21ce01-704b-42e2-97e2-ea21609b5c9b,P0261,122.84
cb8e038f-5795-4ff4-8fa6-5dc69b145ef3,P0219,39.39
de2cfa74-f4ca-4c27-9756-7e1d071f02fd,P0230,32.09
1fa3bb49-a8d4-4a5b-b0d6-abb0c8d84e13,P0074,16.55
7c298c6d-3304-458a-a93e-fdef8ca82981,P0229,72.67
48083d90-68a1-4131-901c-7675773a19c4,P0179,30.08
17fd33f0-1d5d-476d-abba-01fbbd2d7860,P0228,11.42
b200647a-5e7c-4b7e-98a0-18a1d4017beb,P0070,24.37
cb0b9cc5-591a-4c53-ad5d-284ba299d457,P0049,41.93
2631634d-6422-47e6-ac55-6d7cb2e246a5,P0152,53.8
e224b8b0-5bde-4206-9d3d-03c3dac1fcc4,P0144,9.23
87f29b02-6d00-4788-9623-a79a7e5d2a1d,P0296,12.51
9c15d8a9-99a2-4da2-b375-e761454fc649,P0232,32.92
fa0edffc-6148-43ec-8b87-a1bfffff39e9,P0087,23.1
5e76fa70-26ab-4a89-a916-66fb65abe908,P0267,0.47
135ba364-99b8-4c0e-93d1-216179bb272f,P0147,72.53
3e6d655d-f541-49da-b5e8-e5b58f5844a0,P0177,8.7
8353fdb2-a51b-4f82-a9e9-e6ac242c5199,P0249,10.3
f6bfed18-2f94-442c-8f80-d1ec2801dd7a,P0171,25.09
6b5a1cae-328c-4b08-95dd-bf466e09a3a6,P0019,24.92
9a085392-a350-4ec8-8b9d-129aa9b64f3f,P0087,15.21
23d420a9-d8fb-4989-9980-0984b0a43f0b,P0131,29.12
f0d7beba-eb07-4023-b760-19c5b2eaee27,P0050,2.29
1d775be4-9576-4717-ab7a-1cf1b0424f5f,P0230,11.29
ed718a72-1121-4ae1-b897-dda6ff0ca247,P0013,23.57
fc656668-dcfd-499d-a114-65875236ba94,P0076,67.3
1eaa502f-0d27-4151-89f0-ce56a9cb8d92,P0254,2.26
d565a75e-7140-48f6-ae9e-4ff3dff737e5,P0239,11.53
52ae14ec-2796-48fe-8535-2ad43509b749,P0161,61.64
c5b2e338-c48c-4833-8def-6fa2734f50ff,P0204,54.07
9f7392bf-1ba7-4e16-9a94-4cc6c287241d,P0248,17.84
6f722a0e-71c1-49de-81f9-94c06a3e76e2,P0188,52.32
960aaec5-5372-4da3-a5b1-cbc3dbbbae5c,P0209,26.42
7fc45598-fb00-4a45-a55e-e02d57069058,P0233,38.07
dc27089e-2a87-4d4e-b1da-f010dc855ae7,P0176,48.97
067a8839-2217-471a-b546-d9ac8c46618f,P0247,34.68
2168dbe7-6ec6-4210-b7c8-237ef11a6bf6,P0054,23.11
2b116859-8aed-4565-8b44-68d3828983a9,P0259,12.57
f801a396-5600-4484-ad65-c10b19405b88,P0112,54.24
384e497b-bc9a-4347-9bb2-ae5b873f6e14,P0101,23.69
c1fd348e-bb50-4f21-b06d-e1b9bdff9e94,P0104,46.1
99f8ccf4-a996-4837-bf60-207f54c1dcd1,P0294,104.29
4e65a4d2-e795-4b67-bbae-94ab5303a873,P0295,63.77
83026a39-853b-4901-9f5d-e726876a8aca,P0257,98.63
5988a3a4-8f74-481a-8a72-b2775fd284c5,P0283,131.47
fa69eb79-e112-456e-be5c-6543cff54553,P0023,55.86
0d40fb22-1a0c-4ff4-9c74-6f999f1a1bc9,P0226,1.6
c740557f-baca-44e4-a730-9e4d7fd55f62,P0195,16.66
f620f60b-7ad1-4af5-9c63-bcf7af6f79a7,P0113,16.97
08e0bb4e-8d21-4646-bcfc-c7f20ed4e860,P0115,2.19
2264d631-77fd-4f06-a09f-eda9a6f47f3d,P0255,39.47
aa157a3f-75f1-4811-b956-848f008864cd,P0191,13.89
32b96ce8-dfb3-417d-96f0-f2518e79dc36,P0068,6.92
37b00f70-64f9-48e2-bd00-ac70efa3ac80,P0183,115.71
bab6205f-43c1-4805-a618-3de66b2dae24,P0109,16.15
7060b38a-f076-41eb-8f25-9682ec232659,P0263,41.04
ff1c8636-222e-4412-b978-5841959521fa,P0275,82.11
484cd4be-1b48-4f86-9b61-8315d33b6536,P0135,7.41
c7b3a31d-9cb4-4ab6-89b1-6fb9af810209,P0138,54.49
2b76f212-d9cf-4aa5-be9f-48d722704cc0,P0183,3.76
f1563b5a-83db-421c-9a41-c15b7a8cf815,P0130,21.89
77e3e9b0-8872-4dea-ac2d-fede449ffcd0,P0183,57.78
ec249cb3-d29b-470e-962f-61a31d6c0731,P0282,18.71
0823cce9-3b01-4693-ad01-640c94036047,P0214,6.35
135ba364-99b8-4c0e-93d1-216179bb272f,P0100,51.09
58adc0aa-0e27-4718-936b-ac7eb0614b0d,P0071,3.65
41d8e93e-91ab-43e9-ba0b-e286a559720d,P0255,85.12
1ecfde26-2452-4323-aaad-199f6b4a6681,P0113,11.28
e810c80f-5d91-4351-9651-bb76c9fb4c08,P0300,80.38
4d12f10c-c01a-4f53-b35c-fae2b82391a6,P0280,19.68
c411eb9a-4cee-458f-a72b-c57219a7232e,P0122,10.39
81ac712c-c1cc-420d-8fe4-5a02eceb9ce3,P0059,78.47
e92e0809-6db8-43eb-b24b-037764f293de,P0217,27.18
87f29b02-6d00-4788-9623-a79a7e5d2a1d,P0148,103.23
1666b190-3da9-4099-a25f-e7335bc3db81,P0049,74.34
a35eaaef-453e-405f-b6a8-c175bd4816e5,P0273,55.8
76e175d2-000a-433a-a03b-3ce48123bff5,P0131,20.01
f04a17e1-d8ef-48b2-a774-b409554849df,P0267,8.2
3623c253-cd6d-4efb-bbbf-7eec3ad11071,P0103,26.33
f1c0a10a-146d-4aee-a235-eb1c158abcc8,P0122,52.08
dac4129c-4a10-49de-9bdc-2ffaf1cc03ad,P0211,12.19
c12dd0a4-80e0-4119-8835-28e3fc614cd6,P0255,16.88
852bd41d-faa5-4b2f-9201-2868d03bbdae,P0226,7.65
d2f9f7d6-6471-42f7-bb1b-a9b33bbec49f,P0243,57.72
d05d1ecb-3768-41b7-b843-23c7be520c40,P0248,92.69
b729b7e2-f9be-4529-9009-efc3029fac03,P0104,54.63
71884175-08bd-468e-8984-bb0b9c2e5e96,P0102,121.17
57173d4d-626d-46c5-a035-0c1faa7429ae,P0107,34.84
fb277837-1b82-48c8-80e5-87d7ca3d76bf,P0196,16.72
d06411ae-5bc3-46be-b713-ec27015a6fc2,P0037,40.16
56056c3e-2497-4d96-9bec-a730e2b95f77,P0241,37.38
2bb2ff0a-0426-4864-80f8-e51e4a247333,P0133,1.99
ec67760b-50e3-4949-9975-5e947ae88c60,P0099,57.94
6dc20c30-35a4-47bf-a9dd-5cc907d1be88,P0250,31.64
87f40026-4364-4a40-a53c-1aec920ef8df,P0077,25.0
d00a53b1-6357-453d-bce7-06aa12b99dab,P0065,26.35
6dbae5a6-7f02-49bb-9df3-07ffa6f77fb7,P0188,59.99
702c255e-dd3f-4345-81cb-1668ebc42ff9,P0166,44.16
398ca11c-22ac-4842-a255-ac6cc0b93911,P0013,11.7
215a6d31-5a51-4fd7-b538-82ab8bd681b9,P0294,17.74
832d2d41-c457-4eb5-88ce-a22b85a2d862,P0247,25.37
c0826552-9b34-45a8-8456-03c235f19cd8,P0127,24.05
37d1a7c3-58d1-433f-a19a-d0c84a66c01e,P0158,8.38
b415ea49-c9eb-4c19-9e3c-34216fb26136,P0010,47.5
c0665411-8bf1-43f7-b105-a8833f5225ff,P0054,34.83
085b2431-149f-4fda-9560-236f9404f2c3,P0132,22.75
00a81764-5082-464e-95e9-02b039163049,P0134,20.07
5c131a73-009f-4054-987b-c3cabfe30336,P0153,72.79
83b1a37f-8837-4a88-84fc-973ce8aab78d,P0083,24.48
3653ffe0-3997-4369-a725-693db99fb58a,P0169,171.42
ad960655-31ba-4ced-98a3-e8c78bf476b4,P0278,9.44
c58a1480-6611-4c9f-b873-17da1202768c,P0113,78.39
a64aba77-1e1b-4b3c-ac15-1bba3909f96e,P0001,57.58
e03cdad5-82a0-48c7-934d-97335be8fb2f,P0281,47.54
e35f676b-9c71-43cf-93bd-e65a162aaeda,P0107,1.39
50914877-3ac6-43b0-9c6d-196fb2701ce7,P0276,0.44
3c31ccc2-d7b1-4e60-b87e-d953cfba64e8,P0268,34.99
d79408ec-e0fc-4cc4-98e6-9499546ce88f,P0206,8.69
4b164826-2d8e-4c35-8b8f-2794959406ac,P0061,18.04
b5826d1f-3358-463b-a1ec-1153d49b2234,P0056,11.92
92615d2f-0424-45e6-a3d3-560f28dd60a4,P0178,20.69
d9036741-ebe5-4270-803c-e6c6a263d5a0,P0190,19.74
d542ec7a-63d6-437a-8545-2e81cf3b4f94,P0098,17.93
53a795c8-4dca-42b2-8876-949bfe0118b3,P0062,63.74
cb0b9cc5-591a-4c53-ad5d-284ba299d457,P0204,7.46
7c057e4f-6e49-48e7-b0ea-829fb2aa32b0,P0122,60.85
29991b09-0bcd-4692-b1fc-0d684019c98b,P0222,9.22
00f476bf-b400-4b2c-9806-5adb96521797,P0003,11.95
b7c203ae-163a-4bbc-a936-3c1a3d40b67d,P0216,7.69
c2c8061d-9596-4d63-b143-9af5fed56249,P0256,22.84
69739a3b-f756-4e09-9f25-97abfa8fbc6c,P0098,85.27
08da14f7-4a1c-4b8f-af12-7965ffb5d8b3,P0093,14.47
38718699-9de3-4336-8556-21b7dd281a7b,P0027,27.42
82066f89-c0e6-4b90-8270-3a45e0da3215,P0277,29.9
2e726ee6-449a-4546-ab01-2f775a415d46,P0030,3.11
8ac96d52-deff-4914-ac3e-16b2ec3d8db9,P0066,105.7
337598ad-281c-4aa3-9866-6bf4493dc0f7,P0117,3.34
ffd8495c-4004-4a21-b7fd-1f3c017c748b,P0281,11.73
d0c16435-85de-4d21-9e20-46bd42c2397d,P0223,100.79
bc06cb50-a4de-4b7a-b8fc-3e6ad0b151f5,P0024,15.35
40fb07fb-b406-45f1-915a-84fccf34fe01,P0071,1.28
311cc243-4f54-443b-9736-8fde437428c2,P0204,28.79
79a375e5-1467-4d3f-b9b0-4eec353e6a86,P0008,33.32
44a3d40f-0afd-49f5-bd1e-dea2da85d523,P0210,107.89
b5df2541-1c1d-4b1b-82ce-a7400a086f45,P0283,74.73
bed28231-87c0-437d-86a7-1130afe43aab,P0195,56.4
b33e4d61-f2ba-4755-bec3-45beb87e03d1,P0089,25.43
1987fac4-a413-4a74-b1f4-b0660910e320,P0153,1.38
1d3d5df2-764f-47f5-9f3d-0f44172443b8,P0218,8.86
f9bccbcc-fdd8-4aa8-94c9-8b908531a785,P0029,25.68
5bfe425c-9bf9-49dc-8734-739c6bf3bf96,P0248,3.11
aec06a50-db7b-4fb8-bb52-e552aae1c516,P0256,46.43
5b79024c-b555-4988-87fc-3ddfb34817fb,P0101,80.65
83b67ef0-4e0b-4c26-8256-8400b2bde2f6,P0093,113.12
2644acf4-d1c8-4adc-abe1-5aba80bc586a,P0270,87.95
6f722a0e-71c1-49de-81f9-94c06a3e76e2,P0165,35.86
01345e06-c0cf-4bd0-9018-458033eabff2,P0232,38.8
17fd33f0-1d5d-476d-abba-01fbbd2d7860,P0258,53.4
de1a95ad-86be-4311-86e0-8cb17a878d34,P0140,199.75
d00a53b1-6357-453d-bce7-06aa12b99dab,P0036,20.3
7fea6a22-96d4-4ee1-9388-fbc76b5ca148,P0207,4.34
ef351c81-dee4-407f-aad2-490457377849,P0140,14.54
a09e032e-fe9a-425b-a375-f437ad1739bc,P0015,44.18
b951ee6c-01e1-46da-b521-c172c01c998d,P0192,46.98
05a5c7e6-d249-4261-82fe-4b5329aca706,P0199,11.2
c3c9e170-58f1-44ef-998b-dae22d870957,P0062,35.89
60de108b-1313-42f3-9924-e547a930315b,P0254,30.51
b280f237-d767-46e8-93d0-e716070d0d4f,P0191,29.96
349de46e-1fd9-415f-aef2-3fcbe44d3a2d,P0004,182.17
e3b9cfd5-4f9f-4473-98ad-de27514c80c1,P0056,60.45
98574aed-7b28-4362-afa9-1f0ec59093b9,P0267,50.04
ecc5cf8a-04fc-4c5e-a99d-05da3ba8da55,P0158,64.26
7e7aa34e-9818-4017-9d6f-f97dadeb6686,P0044,41.92
7c298c6d-3304-458a-a93e-fdef8ca82981,P0263,4.0
9af871a0-0c9d-4bc4-9743-ac6f15f8c13b,P0010,59.94
0fa65030-549b-4588-b9db-4b4e5610cbc1,P0019,101.92
15851d5e-2d9a-458b-a4cb-b3c906c8a2f3,P0062,1.48
7c694907-448a-4bca-894c-b78583d62a99,P0163,14.9
ec9f43d7-8829-4861-b455-5c41a180147a,P0205,28.54
46ad313a-980d-4a03-a7d7-a67fb4ab134b,P0261,22.07
353325df-eff3-4ed1-8b2e-61fca0ecf0ca,P0096,51.98
b89dc1f3-a49e-47d6-bc27-6621e666d291,P0048,17.08
826d0223-554f-4300-b7bf-bc236b44f901,P0192,14.94
87f29b02-6d00-4788-9623-a79a7e5d2a1d,P0052,17.27
9f3e1e5c-5b34-4f5e-99c0-987296b85035,P0047,69.54
3ac5bc1e-f244-4a5b-b6d0-4d74fac4625c,P0293,101.18
a0adfc8a-42cd-4a9a-abc4-eb21279b5154,P0040,108.51
2dc7201d-8c4d-46b6-9d69-900860fd4ce0,P0284,9.53
ec00f45f-f73b-42ad-8dca-9c3ba1418cef,P0074,127.03
41166e77-6d9f-49eb-84b0-aa5ee21fbb0f,P0040,5.25
8d37c932-916e-42fb-aa6b-953c492fc0bf,P0190,8.94
52c9119f-6b92-4831-985c-9a09be89637c,P0261,17.3
8cb63c1e-5f55-4daa-804b-9a5dc6d13601,P0296,34.03
70857db6-5c40-4351-8494-26c3e763730e,P0069,79.0
1c9fb9ac-2b55-4429-947a-7ac5a343a90d,P0143,62.1
c8686900-b91d-41cf-ac9e-31897127cdd9,P0257,38.51
0fa65030-549b-4588-b9db-4b4e5610cbc1,P0286,5.68
493207b8-dc61-4ee9-a473-aefb6eb3c80c,P0034,110.29
65097280-9a60-4645-a9c4-0e4c61977d4b,P0017,114.92
7bcd7b24-b4f6-46e8-8fa9-7e713fd7f44e,P0245,145.56
06ced446-d154-4711-9c7b-1ecfe1cd2f23,P0247,82.26
427c5e7f-7b01-43e6-af41-e45a1d8f60a3,P0270,108.41
8a651ebc-6d43-4d28-8f44-e33a0bc542b1,P0107,32.61
753c0c72-b395-4a41-af49-a016637d505d,P0097,45.78
87d40b7d-5d96-42e8-8a20-9086c58a4471,P0100,8.93
7ea5da5e-8f52-47b9-a9f5-34c2aab8d95a,P0155,24.73
2180e040-6f52-48b4-b698-7848e4e3297c,P0272,64.73
24b7b981-2108-412e-9a06-26819743e0e5,P0186,95.89
91fcaef4-d7d4-4ef5-9ea1-0b30151505a1,P0193,5.62
147b6aa7-6892-44a5-9987-ad3141bd83af,P0179,13.28
3edb8c06-79eb-49db-9f28-365297b3f553,P0279,21.54
b433e3a3-082b-412f-b624-5d458f6063e4,P0129,99.7
161c027a-2f21-48ef-a78b-45b5d3360b20,P0026,48.38
afb3581c-5ee7-4042-8b91-575b1a5e412e,P0258,0.3
ef7d9059-d7e6-447e-96e6-f56add3a94dd,P0177,34.83
436e3068-d9e8-4434-906d-3e29764a40ad,P0041,47.72
acac6df6-1eae-4122-a0de-b792d2e6edb9,P0255,22.56
c763d6e4-4e13-4b55-91a6-c12854494903,P0294,27.73
210ee13d-a59d-4a42-8ab7-84ab9a73a1c6,P0208,32.0
a1e3a176-0878-49e0-bfd2-04c53345c80b,P0075,104.83
1fa3bb49-a8d4-4a5b-b0d6-abb0c8d84e13,P0094,85.76
da0eddf2-fbd3-45b7-8086-7e064241b34e,P0264,79.68
99799742-1a9d-41cd-a385-2042de1d5594,P0224,1.89
5102e8b1-af79-4c24-84a6-5980ab89efe0,P0289,0.03
e662653c-6ce0-4be8-a110-88278f66126d,P0217,45.47
11510004-bedf-45e9-80e5-baafeac56d20,P0124,49.98
8f22ce3e-9f11-49b1-bd8d-7a0ba9b55d3e,P0074,33.98
1b6ca24a-ad47-456f-9382-d397a2ba6295,P0121,8.41
1d65be3a-46fe-4621-8c71-1e3913f59461,P0027,17.43
c1c59163-ad3b-4ca3-92af-f445e0b3994a,P0286,12.94
7664de7e-ceff-418a-abd8-11da5f485aa5,P0106,3.55
efd2b313-96fd-4326-8bba-22ef3052bbb8,P0286,98.0
b8208e37-2e80-4f5c-815c-f882c86652ca,P0283,41.57
9596e10a-be61-4d04-943e-9fdaba1485e5,P0146,46.23
26d2bb30-b197-4ef8-beef-1bb69b2f6962,P0144,102.55
992bfe33-a836-4309-ad1d-f4158dec1759,P0276,40.83
f486172b-9796-4443-a289-7af24c42b648,P0269,1.39
98685778-17e3-4e69-b07f-4247fd5839e5,P0205,17.25
a0dd6594-260e-4ac0-9fed-8a0faaec8fbd,P0092,35.93
3c9ac9e0-3085-4e77-a130-7881a403ab78,P0298,30.32
d354286e-276b-4e31-83d4-a1241260cb7c,P0201,1.23
1ebab46e-588f-40f7-add6-199200389413,P0003,61.06
387504ea-331f-4da0-a8bc-2759c0328127,P0091,38.3
7a75d8e6-ce75-4a51-9f8c-c91df3723ea0,P0197,0.09
04b54baa-242f-4783-a62a-8ad7177b1f72,P0041,5.56
66b4b80b-cde2-47fe-b457-96057131661a,P0164,3.42
dc06c8ab-d6a3-47a9-9cda-4d89e12c8d69,P0191,86.4
ae24feca-4c33-4ae4-a7a5-0d4c504eb803,P0054,1.51
e37f092b-de9f-48f4-93e7-afa2dbd1b104,P0061,13.87
ca5fe4b4-8fa9-49aa-9d68-90774c92fc55,P0162,62.75
7d8f0c08-d935-4fb4-b470-2d52747b2c16,P0042,38.32
d068a758-e992-46b3-9a29-6288c567ed5a,P0251,14.62
028a45f4-5353-4a68-bb69-18218e03cd44,P0084,182.49
c1c686cc-2067-418c-a84e-4508b0cc0aae,P0278,49.84
3ebb05e7-d117-4d4b-9378-c229e6e2fa6a,P0102,0.62
cd042bfc-2138-417e-b469-c82bba044d8c,P0036,190.97
df528141-b4b6-4b7a-ae34-fe3f61fa12a1,P0099,38.81
c01bd92b-de42-4515-94d6-eb40b61a0d4e,P0062,12.56
40655508-6fb2-45ba-aa39-438d244175f4,P0071,43.3
5083c867-d873-421d-adc5-588d7b5983a7,P0076,19.58
4158442c-eba7-48c9-adda-05552980a4af,P0117,15.29
fafea6d9-8b85-4b9f-ae90-43d68c712b1b,P0297,4.93
91235cf1-9e99-4fc5-8f82-58805c7554c2,P0202,10.89
7f78a920-b875-4d55-abd8-08c9fb0dbe94,P0088,0.86
43287e76-b7d8-466a-a171-43c9fdddf875,P0194,69.69
f20b61a9-31f8-4354-8b57-908a78a9be42,P0237,23.07
ae7f8fe1-20ac-4643-a2a4-8bf9a821924c,P0270,17.99
82217c55-97a7-45a9-9005-4d93c2d7369a,P0109,63.93
0c8f615d-8f10-406c-befd-2487f1d17a10,P0268,50.86
6ddaa97b-e8f1-4453-be28-610abb751e73,P0253,41.46
e30f5795-fe84-4e24-b0fd-6f678eff6cd7,P0230,26.43
7194a193-239e-40cb-8901-2ea54cdb5fed,P0267,1.77
09c2d82e-4c1c-419c-83da-0b36944e3347,P0213,21.59
834b45b3-7762-4500-8255-7a08ac4e62b9,P0151,6.24
0e31e418-cdb9-4e6f-80b3-a60eed9d87c0,P0278,6.88
74f819b2-e501-49b0-b5ba-fc67f837f7da,P0232,14.19
73a472ca-5791-4df7-ac7c-00d230ff05a3,P0120,21.5
87d40b7d-5d96-42e8-8a20-9086c58a4471,P0247,11.34
ea18d974-38a2-43ed-94a9-07684d234ca3,P0262,123.06
141b60b7-e80f-4578-b5f3-dcb8886f9d2d,P0129,3.47
9d870057-3e76-418c-b6c4-dcb22ae8714f,P0281,84.11
32abad51-3ff3-452a-bd83-a65edac2881e,P0004,4.79
965eeaa8-7275-45c5-8599-5f865e406f04,P0140,77.8
50485785-d592-4b58-9710-97bf3fcdbbec,P0168,60.7
ede81d26-7132-4338-afbd-66beeec8f40f,P0267,98.84
53de73b4-3454-4532-9912-45881fbedcc8,P0269,61.34
1d9ba06d-456a-40ac-ae32-5199b2782658,P0092,50.07
d4df7b77-cb55-4f20-9e34-87758a5443e2,P0268,0.87
87f29b02-6d00-4788-9623-a79a7e5d2a1d,P0147,5.17
445954e8-392d-4b8d-9a85-313240bd12ee,P0296,55.02
ec16b6bb-e955-4920-9f6b-6b267b039b69,P0181,214.48
4b8974d3-fe3d-4170-a958-39d7e3b869bc,P0287,27.19
cd10300f-360c-484c-9b66-5a6019b09d51,P0275,44.78
29074b66-f77e-4d45-9d3a-5ebbeb67d8b1,P0192,14.69
e39ae838-e965-47d1-9ff9-469cbf528c34,P0286,65.55
8f6c02de-58e0-4bd7-a385-c77673d277b5,P0190,0.42
6586a245-8dae-43f3-935d-8f08f41ce028,P0124,22.61
1843abdf-b341-4ff5-a747-3ba2997086dc,P0134,78.49
6aec52c6-9023-4f1a-a41c-7d1c092d4d77,P0078,36.2
9155205a-3e3d-4899-8ea6-9e56f8a4d899,P0022,21.49
d336cddb-c617-4463-aad1-5a20c0b3e9fc,P0166,19.52
e0dbb23b-fd8e-4409-a7be-2dea3522aa98,P0105,106.84
47df8ca5-7b93-461b-91e7-33003f014e10,P0067,5.73
ceb23653-46b6-4138-9505-9985f76bf62a,P0090,13.69
982b3860-e906-4e7a-9bf6-683f01c8eb67,P0123,63.24
524a1737-8a22-4c0e-9319-2c154a181be9,P0179,103.05
83153e7b-c87c-4390-b8d9-0c7f5b38250d,P0251,43.87
9d9ff7bd-c1b1-465e-b8d4-aa5724e9fbe1,P0270,107.44
e2e142cf-a929-423e-98bd-ea5675b80181,P0008,18.94
bbd448e5-3285-4b76-a107-b7967bdd719b,P0268,8.4
ddb0fd50-ce5e-4eb1-8710-869328b8085a,P0274,13.87
33446958-0353-4130-ad98-734c69463735,P0023,30.04
616bcf19-75f8-41cf-8127-f9b3c7a91319,P0298,2.36
8111c348-bd82-4876-a5c0-e10836ffcb66,P0107,2.63
5ec63ad4-004e-40df-b8ed-fe1e2d2e0f0b,P0169,11.23
1d902049-83b7-4f50-a594-6b56fa4a5798,P0149,9.3
dea885bc-7aa4-4e66-acdc-4bc15e897dfd,P0008,28.64
7b2351ec-97cc-4226-a482-a41576762022,P0118,51.89
8249b6fa-fdbc-4c63-a58a-9c3aa022620c,P0051,93.83
4b061afd-4aa0-481f-b4bc-1ea35e54d46a,P0248,6.58
dc128e29-b6bc-4f79-bfaf-931aec5a4b36,P0016,17.89
87424705-db1a-4604-a4d7-46a9863798b7,P0238,157.81
f31983ec-c39b-45d5-ab33-a848730a0c9f,P0219,63.85
1420e3fe-6d5d-466f-8403-4e60f7a06a4d,P0190,8.12
55799435-ce97-4b75-b1db-93b59650fac1,P0056,71.99
928a0731-2c68-47d3-a11f-d41d6423a6ae,P0140,12.41
82192fae-28b0-41b1-a139-3211eaaa2d1a,P0159,16.24
a7124af7-783c-4588-9217-eb1e5422d7d7,P0098,48.24
91eadd3c-461e-4180-b963-549c6e665b19,P0032,23.77
14db9906-6724-4300-8ff9-719e4f228039,P0196,28.79
3d6d7ac4-88d0-4e29-9ad5-b1954f1f4287,P0036,148.55
c4d3f51f-dc08-4371-aaa2-00a55c8bf999,P0091,2.25
ecaadeae-5c8b-408e-b555-921114e2c93d,P0168,46.73
dd1e515e-01c5-4af0-b132-4886405ad1e9,P0138,116.09
43a51015-4e41-4643-b5da-ea4b5f97f53f,P0061,96.71
5162c734-cb32-4604-bba1-3dd63a3c2655,P0097,8.91
1091be81-d02e-4589-b723-536a35d505bb,P0187,1.76
69ebc95a-0f5e-49c1-ae32-c0f7a3689798,P0299,13.73
a9413983-85e9-4cd7-b954-8a9b8ec34e56,P0020,22.61
369a7c49-0a10-4623-aad3-ba78569af35d,P0249,13.91
22842c76-a829-4811-bb2d-e67bfa4f0690,P0291,88.77
6648a03c-07b8-415b-8ede-6d26e33e5dea,P0030,44.71
5472f95a-c72c-4ad9-adcf-753270bf2ee9,P0291,29.26
d1757412-901f-4156-b35a-bca4971af0ca,P0113,11.72
141b60b7-e80f-4578-b5f3-dcb8886f9d2d,P0093,17.06
2547b8aa-9b9a-4aba-9973-3b41ce4bfcc4,P0298,21.05
4982263d-6a72-45dd-9918-6585842fd89e,P0246,6.91
25e94a10-fa76-46f8-9826-2607ef3a7a29,P0228,80.23
8fec9a2a-b454-473e-b18b-580598de6d39,P0115,92.1
8f64ef29-d3a4-4409-aa8b-c7697210e3a4,P0250,6.75
9784455f-ac82-4f03-a8f4-e845b22392c6,P0066,42.72
2f48d38e-071c-47d9-8673-222a0250fa80,P0133,71.66
53b308ba-ec45-43f3-a4cb-0ea51604d52f,P0172,71.42
9d2edbd7-0ee5-4061-9ca7-32352469c8a7,P0253,25.12
d00a53b1-6357-453d-bce7-06aa12b99dab,P0043,1.55
045ef2fc-f88f-496f-a215-d2d2f1c4c480,P0047,53.67
26d4edb1-eaa9-4d5f-bc4a-a91435a49a32,P0036,12.52
7a892297-4a40-489a-a0b9-24fe46de7d31,P0237,30.24
1a77ab29-1937-4abe-a2b7-34ae320d5685,P0263,24.27
6bf387c0-e80d-4457-a93f-9961f0832b70,P0122,23.22
f5b724c9-89da-4233-9392-08b482b8e362,P0024,78.47
892f75a5-df28-4157-b5bc-f7732f599c45,P0245,127.73
a49f853d-7257-4611-a5f5-a5161d03450e,P0201,3.56
4af58e55-9370-465e-a99d-d7aef81dc61a,P0037,49.82
835d66f6-efa6-4fe8-849e-b9be13c5a35b,P0256,28.43
ec953656-b9f5-4968-a0af-553020f2831e,P0287,19.62
d1e1095e-6590-46ab-afae-8c8ba3aa43eb,P0299,32.96
85fffe02-240e-4bc4-bd92-23d4337669de,P0011,15.8
3aec3abd-6126-405a-93d8-df1e56cf1532,P0148,2.32
37ba0da0-1c0b-42e9-a795-bd1b35ca7923,P0299,30.44
a075b0df-a6db-47f7-be81-47d8a6eafe1f,P0274,13.93
ad81cdfe-8966-4aa1-99b1-8a6888b25de2,P0241,2.9
459ed929-cd36-4e83-a85a-29fc795f8cd7,P0197,48.08
5dbb9583-6716-430a-89ff-d931a1ff650c,P0231,57.6
ffececc0-1010-4985-8eae-3e4cc9c20b1c,P0119,48.71
188960a0-1ee0-4076-9953-68c37ab9e875,P0157,26.34
de5b80e1-e0ab-4e8b-b804-2ec23cd63bd9,P0211,33.51
c07d9740-95f5-41c3-8149-a3e7b2b604d3,P0180,13.18
ef446475-0336-40f5-b2e2-643a005bb6c8,P0111,48.14
e8d04561-15f2-43ba-9f9e-d4b6561c15c7,P0131,27.02
b6a14bd1-e98d-4d95-abc7-f60de24dc48c,P0218,64.6
096ed791-3d3e-4ee3-ab40-5c1e5b2d0758,P0065,45.2
f1782b29-3fc0-426c-a968-eeec2ff049fc,P0067,17.34
b026183b-b148-426d-b188-90271baa77cd,P0162,8.12
a149374c-078c-486b-8b04-63ed58b0cd73,P0275,15.85
6486e5d4-082f-4983-a90c-a2dd3dbf4605,P0212,112.47
1f0bd2ee-7670-42d9-891c-559c15961558,P0075,44.61
e9a77612-e52d-4343-bae1-2b70c247c95c,P0263,8.39
6ddaa97b-e8f1-4453-be28-610abb751e73,P0232,20.71
cd14efee-5c15-483d-a126-117a7f120643,P0103,73.95
adec2b23-72fa-4e26-88fd-94b989e4da2a,P0187,74.31
93fe63e2-7e56-44a0-84c4-c7a002b99167,P0113,31.9
fa1ac844-ecdd-4aeb-ae3f-2366bcfc632c,P0030,15.51
df528141-b4b6-4b7a-ae34-fe3f61fa12a1,P0171,15.27
596454dd-c7a2-4e6f-8b90-94586c9941c5,P0100,7.44
d182c9a2-f39f-4fcc-8cce-ec0a4af52b24,P0132,89.22
2d35f6e1-5507-4b7b-9a03-743b247fad50,P0255,12.25
65097280-9a60-4645-a9c4-0e4c61977d4b,P0277,0.0
990dd02d-e8a2-4c9b-9532-db755ead898e,P0186,62.77
bac3e9c6-ec78-4946-908b-b702b4e77814,P0170,64.51
b317602a-2246-4668-acbd-0279e65388ec,P0156,65.79
02653fc6-4a8c-4249-96dc-dcaf56f845a9,P0141,69.68
d53d12f6-34ca-4a79-8e82-bbddb67eaf89,P0188,156.14
60de108b-1313-42f3-9924-e547a930315b,P0233,105.47
ab255b24-6270-4d65-9da7-42b114397481,P0184,43.9
216e04ed-fa95-458a-9af1-b1f69246a48c,P0226,8.98
3bec8022-16e0-44a5-a1ea-9a17eef4122d,P0021,52.54
e1166e13-2a57-4c7b-9ae5-0029ae47c1d5,P0196,24.7
5238fe36-535e-4ac3-a2fe-ca72cbccc936,P0053,2.86
d4a9612c-d1e5-445d-9a1b-8ed7f9da69a2,P0025,40.91
6fd4c748-6ca3-48ce-80db-a68a02608e56,P0171,257.48
7a892297-4a40-489a-a0b9-24fe46de7d31,P0262,48.2
fc656668-dcfd-499d-a114-65875236ba94,P0184,27.98
f92f03c6-801a-4537-97c5-17b9e3ea1162,P0108,63.79
63d0bcdd-e04c-4a14-abce-a86856442ed7,P0121,85.32
96c16446-c335-4be5-ada0-d9256bba3339,P0004,9.7
ad08eedb-d47f-4d4c-a373-6f7d2fe88db8,P0251,99.82
c71b6883-dddf-4199-86c5-94aecb3cd135,P0236,38.76
0748c648-13fc-4f4c-8db4-85231484f2b8,P0111,5.69
ede81d26-7132-4338-afbd-66beeec8f40f,P0222,17.19
043bae18-8017-493e-ae73-fbbe6c8e14e7,P0001,42.55
061373aa-967f-434c-96d2-d1539423c650,P0278,98.18
ac01872f-b0c4-4f02-ad34-1560dc149786,P0049,16.46
f49fb51b-863c-4fba-a722-f6ee40f32a15,P0088,21.32
5102e8b1-af79-4c24-84a6-5980ab89efe0,P0176,62.94
c58a1480-6611-4c9f-b873-17da1202768c,P0125,5.6
54065f3b-5f42-4824-bd99-1b62b0efb17a,P0191,25.2
d509a464-a8d0-40ac-85ab-02d8e608b486,P0199,2.36
eec7ac59-5683-4eb0-a5fd-ad1faf166eb8,P0022,68.48
2f2796b2-27b8-4b76-8892-3fa70bd8ca0d,P0032,21.54
f89df584-0c58-42a1-b97e-160cac5fa5be,P0036,90.98
d65de4db-428b-44a9-8479-ba7202f44b02,P0231,69.66
3391f166-6798-49f5-ac94-bafdaf3a0680,P0047,8.98
96a4cd79-3839-40f4-9922-7eb4ce718eab,P0158,27.81
630d1342-daab-438a-b408-f6c0af0c1950,P0172,33.25
31f92b7e-3563-4d8a-aa76-82cd19b97d6c,P0011,19.87
d2df2fae-ecb6-4ff0-8f16-236dd170e255,P0282,29.75
c07d9740-95f5-41c3-8149-a3e7b2b604d3,P0115,58.27
263074ed-12ca-49f7-88b7-742b1325ba6d,P0179,3.42
9f5c4891-eb31-42eb-b7b1-12a9854529f8,P0215,0.84
7801992f-5294-4edd-bac2-9307f123f08c,P0151,15.29
86349f61-31d7-4db4-81cd-153e06e630d5,P0098,0.93
6805e6e5-9da2-4e3c-b714-552a9271a213,P0227,44.77
ac4477c6-3f67-4d0b-8e04-f14af96c22f0,P0254,140.64
1da84b28-8da6-4786-8927-f41cdf0efa73,P0191,5.92
07536a73-1a28-4861-86fc-0d4ac4433abf,P0015,38.08
3653ffe0-3997-4369-a725-693db99fb58a,P0165,83.18
83f613f9-3b46-4147-9178-881e65b5fef0,P0021,29.68
a5c43ecd-c108-4191-8fbd-eb55896e50e7,P0135,68.73
9e0255ac-3848-44ba-8016-f84bb645510e,P0156,179.45
2ae09f2c-9a49-40c9-b6a8-bc5d3dda3ced,P0005,11.27
5dd63956-9ff0-48ae-b48f-7a2649c3d75e,P0051,22.01
9f8c5463-8381-4552-add1-864b61f42ee9,P0055,24.57
d72fcfe7-8008-47d8-bcdd-b28a0b23e7f0,P0233,5.87
3b8e48ea-9553-4040-a9c0-fd3636fb1cae,P0006,32.7
13ee22ef-3fd7-4403-b23a-a07e784a687e,P0060,59.85
c30bf012-1555-4d93-8f2c-9dcce8867ef1,P0024,64.76
9fc3cd7d-1449-4580-86dc-ee0565fa4393,P0053,18.18
941ae60b-1050-4871-98ad-f6e7e7b41926,P0257,35.27
abec7fef-1b18-4e85-8e34-332540bd7107,P0054,29.61
8882d424-60d1-493d-abdb-827b1d46887b,P0280,53.16
f923d54c-9b58-431b-afa0-1cadabbaa379,P0114,52.2
b8952288-6260-40ea-a0a6-5d4516ea1ded,P0094,16.71
df41e125-60eb-4160-955a-af37674de07c,P0184,12.18
efc19992-029f-4d81-bdbc-3851c20434f7,P0083,92.93
cbdbbe75-258b-48d9-abe6-4865f0063852,P0090,116.56
739a7ed3-d32a-4eb0-aeff-8784f82870ce,P0258,19.35
6f722a0e-71c1-49de-81f9-94c06a3e76e2,P0129,24.04
b67c6738-e37a-45a0-b635-62e3386f1db1,P0081,0.07
3178351c-76e6-400c-99c2-5ca1d7062d70,P0143,3.2
90ea4347-0271-437f-b719-ee2885970ebb,P0062,49.84
42fab363-2a44-4edc-aee6-cea20a88a977,P0212,57.07
2dc6ea01-746a-4174-977d-7e12aa16a21c,P0173,58.04
9784455f-ac82-4f03-a8f4-e845b22392c6,P0192,18.19
9e5690b4-caa5-4cd9-95dc-6a8713f0ef43,P0146,17.94
7b5b5718-3c55-45b2-9a04-f3c9a44133be,P0160,13.68
69fe59f5-a932-40cc-a7e7-bacef8380076,P0111,74.97
900a5850-6786-434a-8dfc-4084860b2754,P0021,40.49
5b2fd42d-8b3b-4c27-b54c-abad4ee970da,P0275,4.06
bdfc6bd0-bd7f-4995-a16d-2fe86ce84a03,P0017,12.85
8a9e2e7e-3b2d-4f54-8906-d538ee4ae0d2,P0269,91.32
7fbe5fa8-df48-4ec8-9d2b-790f8e2be901,P0040,11.41
f683139a-efd3-43aa-87cb-08c6718140df,P0149,1.92
58adc0aa-0e27-4718-936b-ac7eb0614b0d,P0117,30.31
1c07276a-4b2d-492d-a11b-04daf17e4eca,P0291,55.87
6ab168aa-7bec-4bde-81b8-8f715bf37f91,P0167,136.47
324f192f-6fc1-4632-855b-9bfe643d18e8,P0141,20.12
f907a773-1fcd-4da4-a4a5-927e1b4fdd4b,P0231,45.39
14852895-0dca-4d76-a4f8-24eb0fad6735,P0087,14.06
ae85facc-9103-4339-b86b-f1f9071a5f22,P0273,12.47
0071cb6d-32f2-4bda-bce7-c0cc370da12e,P0278,2.93
7f8c9b7d-99f7-414e-8297-cc474ea215e4,P0100,31.54
f6b919fc-db99-467f-bba1-be2b69473b84,P0225,70.94
de24dee8-3598-444e-a536-fcdf5e3ba954,P0024,2.69
c29f3725-b414-462f-ae68-d3c5ae66e996,P0093,45.54
10f7309c-f21b-4357-bf1b-e4e191d4a458,P0210,44.87
f224d69f-68a2-402a-98fa-ef17a8ab4eb5,P0042,162.94
afc2afc0-e420-48d0-84c2-d1faeaf31dd1,P0005,177.82
f227b9e2-be4b-4c39-805e-4bded21eaedd,P0269,21.91
72a9e4f6-a7ea-49a9-af1f-95573087c0fe,P0091,123.87
ac372504-5cd0-4f2e-8fd5-1edaa140e757,P0040,32.71
7de0a57f-0553-4674-86aa-3208e5f51bf8,P0083,28.5
6f2c7d38-f5b8-4cd7-ba88-098a44d4900c,P0269,14.8
895256a8-f5b2-43d3-b83d-d72a082af483,P0297,96.01
e3128171-2b09-4d33-9a07-89c7f312ee78,P0245,16.02
fe2fab3f-55d8-438b-aa8c-4c878ba8c30d,P0174,1.88
f3260e79-44d6-493c-8e04-e2cd31aca251,P0265,15.35
83a525f0-1032-448c-bc25-fb6f6b0104b2,P0019,59.33
4f31fc14-d2ec-4b04-881a-3e653a721b6a,P0162,47.77
0711c071-781a-4d18-83d2-6cd78ca19284,P0289,9.17
c8e50392-07c4-48c5-b9d4-38199d126cae,P0169,22.12
2361a6b9-7a98-4c4f-bbf3-aa4f509965b2,P0081,18.78
0ff04a0b-1aaf-4c2a-9554-bd9539890126,P0173,12.31
d15407a4-e05d-4b22-a714-78107c4431c2,P0182,7.02
4f16ae07-7394-4952-918b-af6b3dcc7c34,P0134,50.25
8f1b064a-9a7b-4574-b297-e0e9788ad9cd,P0248,101.86
2eb16177-8f6b-4180-9aa1-8e72c0c38737,P0281,13.17
60e0e047-0166-47b3-a245-d26934431cb6,P0185,14.03
353325df-eff3-4ed1-8b2e-61fca0ecf0ca,P0018,0.45
a077b210-658e-4af5-baad-bfa377ab224f,P0275,43.89
cf95637c-23bd-44f8-8acf-be86635e0c69,P0273,74.79
0be0ff3a-022a-4dfb-8fc8-edf3a913b1ba,P0251,8.5
2a82f579-6235-41aa-9259-9fd6e0911f84,P0299,169.4
b0ff1133-18e1-4c5f-b78c-1f888e304a88,P0270,30.31
14460cdd-57c5-45dc-903a-521052724bb8,P0189,7.33
cdd0f7c4-72ab-4461-a9db-f3f05d84e271,P0176,34.05
91439f2f-2b91-46b8-a061-42a2acba2f51,P0060,28.11
0bab0e45-6b62-4718-a17e-0c5d68d5343c,P0196,4.78
a8206fb8-3993-427b-8245-e461291da6cc,P0285,48.19
d9915990-bb2d-4ac7-bd8c-746503ae566f,P0019,5.07
f6bfed18-2f94-442c-8f80-d1ec2801dd7a,P0025,63.82
10344148-3c21-438b-a249-f8f27d3297cb,P0013,46.18
32b96ce8-dfb3-417d-96f0-f2518e79dc36,P0006,33.89
b4918edb-26d9-4de4-bf4f-f57d45801401,P0187,49.88
ab3bf3ed-0184-4592-a96d-e2ef7388c3cd,P0241,49.2
70d368df-22c3-4729-91f4-4e0cd54829d8,P0135,27.56
87f40026-4364-4a40-a53c-1aec920ef8df,P0115,19.6
1cd1e64c-1dc9-468a-88c6-a0f4b875511f,P0148,69.12
2042b5c0-1029-4fd8-b1ae-66898cab3a9e,P0257,1.01
4404c44f-9714-498c-a48d-6a006223e7bc,P0289,5.17
34c459a9-70d5-4f65-8fcd-1974bcde7a24,P0082,14.35
0081c57b-895f-443f-93d6-3ae8a46c027b,P0027,111.68
22406f46-41b5-48ec-be71-d8d6e01a5487,P0169,73.68
58b5b2cb-88e4-40ca-bf70-b3772f9a9633,P0269,10.56
02fcc2ff-f867-451e-a3c3-c98181a857f9,P0132,86.08
f8658bfa-d746-4de1-b66a-b0ee75d37c04,P0088,54.15
44e3d074-87a0-475b-a527-18acf63298a9,P0248,93.97
1f303985-ddd5-43d4-b754-3ea040731966,P0167,20.32
0c208ea9-5a6c-4f52-b5fa-ce1ec28a3f56,P0158,240.34
aa0ed399-d7a1-48c8-b356-dacbd37179c0,P0059,33.36
3625e796-a407-4e3e-b36b-2ba1ab9031d2,P0146,28.58
ee00469b-bd3c-434e-afb6-42f7a9a667f1,P0104,12.2
640565fa-4712-4310-99f6-1817dab3bde7,P0074,6.14
f4e834df-fd65-4a62-9052-77ce1c2be548,P0221,39.98
82192fae-28b0-41b1-a139-3211eaaa2d1a,P0213,11.79
bcde808d-b01f-4ea8-867c-4956a4a56379,P0082,66.95
ac78f587-7cff-44a7-8e55-872db118d557,P0279,41.3
dcf3cc51-3a1a-4528-9d9b-11c11c2316d1,P0140,8.36
b75852da-1688-4e6f-9bba-ff3981c4eb29,P0164,5.01
4b8156eb-3598-497f-b4a3-ad816205dffe,P0177,110.6
895256a8-f5b2-43d3-b83d-d72a082af483,P0289,47.46
bd8ef72c-a124-47ac-8309-868e7caeb704,P0064,28.61
dd275c12-ed7a-4d29-9063-85a4aa5c6461,P0059,17.48
c0a8d9df-9106-4900-bc28-207972af2b92,P0216,4.17
6ca332db-338d-4f4f-b90a-e65747f436e7,P0032,97.83
1f84e118-4331-4d45-9c17-7d98250257f6,P0110,150.67
d26f1bdb-721c-444e-9902-6d1d600a3a41,P0199,4.8
d5e95cf3-78d3-4efe-a778-459b9578e0da,P0175,54.26
584e2017-0f5c-435c-8c8e-b31f8b6166a9,P0241,7.83
743bbd48-0af6-4788-867b-b9c9b6ae70b8,P0034,12.11
0381bc26-575c-41d0-81e3-705df251e2b3,P0036,62.79
f3e57707-f58d-45d7-b3d5-d7fa23516d87,P0179,135.28
5ac5de70-a87d-41db-bd2e-0dcf32836ced,P0260,18.43
9f7392bf-1ba7-4e16-9a94-4cc6c287241d,P0066,2.21
6b30fad5-1758-43af-98cf-a5b4578d9f5a,P0068,23.37
8e64884a-00ba-4a2f-a2db-942b64b35749,P0166,102.09
a6ebb55f-a0e2-40cc-90df-0fd39908457c,P0125,28.76
b2a450ed-c6de-423d-af7d-eb3aada8ed3a,P0157,13.81
3ae554f7-4be4-4483-9247-e359b52cb0cb,P0042,14.51
83b67ef0-4e0b-4c26-8256-8400b2bde2f6,P0028,11.84
f3dc8bd6-0733-4b95-893e-bd3a1347406e,P0007,4.59
c01bd92b-de42-4515-94d6-eb40b61a0d4e,P0272,18.23
06211067-3e1f-41e4-af59-450fb7b6c942,P0008,30.9
1f85d0f7-876b-4c81-b905-36d157dc28f2,P0094,83.82
7f428779-96a6-4536-8a35-8b324cb03750,P0126,16.44
c62d96a6-7b43-48ca-8669-d508c019f233,P0289,45.38
e63e7ab1-ad27-4d48-bc46-a0eb9bcc35e9,P0044,32.35
d4579e7b-4ff4-42ff-9b72-fca81c56d768,P0108,13.72
6b747c44-9e21-48de-bae4-09e2c2086c1a,P0032,4.59
783202dc-587c-4fa1-92d4-cf5477ed13fd,P0185,111.45
2b62ca43-f0e7-4929-a304-de9639213786,P0132,17.1
56b35ae4-b148-45bb-b0c9-87bd358fa9b1,P0030,2.9
03880c09-050e-435a-879c-f56bd4c9912a,P0229,18.79
83153e7b-c87c-4390-b8d9-0c7f5b38250d,P0193,21.25
475de118-eb2d-431a-9f33-0ee310a92c48,P0196,143.87
4ba96dc9-5bc9-4969-a1ea-588d71301e8e,P0156,3.55
16f109da-cbef-44f5-8776-3d247ac72a57,P0190,63.16
8893800e-922e-4e50-bb9d-7df61ffedcd1,P0239,7.66
62bd3eca-3408-4406-8442-3751d8b3186d,P0300,60.55
4820d7f7-41ba-446a-b8df-6db07a7887e5,P0177,8.04
1e936b64-e089-41d0-b801-07bc0cb0010a,P0031,10.36
a3d3683f-b11a-4858-af41-c3567f7a044a,P0083,103.45
7ccdb52b-f405-4f21-ad3b-3e4180fce937,P0136,1.46
33446958-0353-4130-ad98-734c69463735,P0208,73.53
42b3bfee-61a5-44a0-9b47-7f77732cef93,P0118,35.1
102794b5-9e39-4595-8dcd-7b339407a09c,P0216,15.74
ca8ca6da-955e-409f-ba73-adad0665b51c,P0073,11.93
06ab3a95-8645-4757-aa12-8f99e3f0d67e,P0065,21.46
2ef02ed4-78dc-459b-b318-c3cfa5bde429,P0128,13.59
28fda55d-73d4-45a6-bbea-3ef7d7aadcb7,P0123,37.88
1f940c66-4879-4d4e-ac64-528b7f849c02,P0264,162.7
ec3d4619-d604-4e89-98c4-17d68482ef0a,P0053,3.37
aa3605a1-d94f-4703-8e80-002bf19fd095,P0127,8.08
9d2edbd7-0ee5-4061-9ca7-32352469c8a7,P0215,22.45
31fda753-537a-45dc-b687-e62bf1bde759,P0150,92.56
4d9e44a1-7f87-489d-b630-39fc8fbb7d8f,P0145,71.63
c44590c9-90eb-4f2c-95b6-5c0950ff8bfd,P0212,16.41
832cdf3a-433c-41c4-abfb-f661ad16cbbb,P0038,10.89
83f613f9-3b46-4147-9178-881e65b5fef0,P0062,21.11
11302be5-a86e-44c4-b8b3-37e5bf2e4168,P0225,33.0
a8da29bc-be60-41b2-94fa-4b2d4d2794d9,P0254,22.36
456447f3-99fd-4a60-90f8-0d803160f8e0,P0100,8.14
b8146968-a21f-4712-a877-4e1417daaa78,P0195,63.3
105f2570-4557-40a5-9ba4-9b730d17e870,P0239,2.74
d548ffcb-d989-4278-912d-eec29bf9b20c,P0029,70.4
ee00469b-bd3c-434e-afb6-42f7a9a667f1,P0069,6.27
4a7e82b7-b5f2-4dc4-a1fb-859f3decd1db,P0190,21.15
b6fcfc67-5ee1-4b32-93ba-9e7e9385a75e,P0119,28.68
afbc7cc0-2f60-43c0-8c5c-f3d168283c19,P0196,39.67
c289682e-4390-4b48-a9d1-f9cee88146b0,P0144,77.51
5493506d-5053-430b-a86f-fea917ba461a,P0062,26.0
9382c10f-c92c-4811-a9ad-b7484c29ca65,P0217,19.88
8e2be4c2-65ff-41ba-a8d9-8a0b8d6a5661,P0288,7.59
e58ba87f-0bb3-4fd3-9701-74cd4d07e524,P0155,8.06
46a11d95-6b5a-47d6-824d-292989fe4e56,P0249,49.21
6648a03c-07b8-415b-8ede-6d26e33e5dea,P0235,3.23
d996e3a4-8f2d-4ec0-99db-b651f58f1504,P0070,18.06
47f56534-8622-4fb4-9cd3-7229991d8a06,P0190,50.07
0950554d-f688-4efc-a028-0cf782f61709,P0026,138.17
bcf56d87-8e5b-453d-a63a-562f2dbbfe7b,P0113,88.67
f12277c1-28d8-4ecd-9545-a8a4938fce93,P0117,1.93
9b2757eb-379b-4378-b831-18bf9d7493b9,P0216,59.97
f319a8eb-9006-4edb-880c-c9570ef4ca8e,P0233,4.0
f2b0c81c-f8ab-4218-819a-a1a5e4231005,P0238,25.22
42c020f3-7475-4ca1-933b-c0260dcb962f,P0142,94.85
83d029d1-1484-422e-9cdb-c5d17c5913ba,P0268,15.22
bd4dfe99-de22-43ae-9d5b-c9260cb8982a,P0052,90.77
9a085392-a350-4ec8-8b9d-129aa9b64f3f,P0135,8.1
b12f0864-0685-466b-b001-35e085ffbca9,P0145,39.54
05a5c7e6-d249-4261-82fe-4b5329aca706,P0023,79.32
0e9acc49-ca13-4d41-a5be-ae9cd83088be,P0020,96.63
afc2afc0-e420-48d0-84c2-d1faeaf31dd1,P0090,31.93
114516b0-7c7f-4621-a53a-fe40e6c9c4d6,P0269,32.01
f4951b9e-f27f-48a7-9b16-2596d4af30b4,P0265,29.82
cd6a9e7f-4232-4edb-8351-2dd2d6a48000,P0067,125.09
13f96d0e-981f-43b2-a456-0589aa2506e3,P0160,21.29
1f28a412-e3b6-4dba-b1fa-a820abafac15,P0219,39.61
1a34ed11-0af6-4879-bf1d-89464df752ba,P0241,17.45
a0cac214-c094-4ca7-b87e-ccdb2c3e039a,P0008,24.94
d35b6a3a-5e9a-4e4e-8eb2-695ee2e1e7cb,P0265,13.5
6eb71a4c-ad3b-43ef-a6b0-05ea91d37467,P0156,23.98
de31c417-b8a3-4592-857f-7b09e07032dd,P0133,67.27
8b5b6d5b-7f72-4949-a27e-8ff5399ea516,P0013,13.64
d4f3564a-518f-4ff2-a36c-8e560a128907,P0057,20.2
1ad0aa45-7689-4bc2-a248-8b25b95f3fb9,P0222,24.81
816b81d0-c141-42f0-af9a-0ef4c3254a9e,P0140,27.5
2051a5bf-eada-4db9-800b-b030b8cbd012,P0022,14.92
a5bf9f59-8e87-4a61-8e2f-5c0b450c1e68,P0095,18.61
dd3117a2-38d9-40dd-a8b9-b0f30f0ecacb,P0300,7.31
a435b2f3-096a-4141-94ea-16e59318548d,P0042,49.84
d3e8d9b0-1e6b-486a-b372-879a00998b42,P0195,30.45
3863a5f0-4fd7-4e10-9171-3bb1212c5aaf,P0126,2.79
8a02c6d2-ae8b-48f8-8734-e45b807c53d7,P0280,16.02
5d44b04a-1e2b-4eec-8e5d-cbe3c1114d96,P0221,3.57
81218ddb-a51e-4efa-84ed-f7c0529b80ba,P0017,60.16
976af866-d15f-4de9-a2a5-cac07547dee1,P0158,71.27
e395dea0-3a69-48c1-a051-c4f5d9bdb92a,P0077,126.68
ace30af3-5efc-48fc-981e-a9036620aaaa,P0090,6.3
110128eb-02da-4241-82eb-6a8966538e16,P0282,80.09
57a3a59c-df31-4b43-944b-60eb32c6a06b,P0198,17.32
4e00b52d-5dd1-49ab-ba7f-73d0781c6b9e,P0237,0.61
324f192f-6fc1-4632-855b-9bfe643d18e8,P0120,58.58
a4bd604a-eb01-4340-bb72-27b892a44bbb,P0048,109.56
7f355830-0c06-4d8b-b758-8ae57bdfd862,P0230,24.75
0b6642c2-7544-4d25-8ba5-8ece06ce4f59,P0270,54.57
1bcfacb8-363c-43a0-aa37-67a307495951,P0031,0.98
66b4b80b-cde2-47fe-b457-96057131661a,P0011,38.83
1cbee38d-9d8f-4caa-89df-d87dc37d352e,P0149,9.49
102794b5-9e39-4595-8dcd-7b339407a09c,P0131,70.59
1dc534c2-9f16-4147-af9c-22755b9891f2,P0082,242.61
2264d631-77fd-4f06-a09f-eda9a6f47f3d,P0134,8.8
60e54f1f-e15b-4da2-914d-3a0b2d98c347,P0213,10.57
7a75d8e6-ce75-4a51-9f8c-c91df3723ea0,P0296,3.28
1c35375b-1771-4c30-ac0f-6c79e9557890,P0026,2.44
ece13b9f-f5bd-4df2-96ab-d3950d2e351d,P0126,94.52
414c2c77-dcf4-45ab-80c2-51dfd808deda,P0019,25.93
55310add-520b-48ce-ab18-27da8c65223b,P0172,9.79
3fb04800-e89b-413c-81f6-b9903a110c87,P0168,45.37
c324b891-2663-4f4c-9de6-21f9c11762f1,P0240,12.81
ab637216-d911-47e1-8ba3-87b6558a30b9,P0004,1.04
4c06dde3-09cc-4ff3-9151-fdd3b41cfba8,P0002,239.98
bc4a1ff4-87db-4cfe-af60-e68db68b6728,P0118,2.71
c902b6eb-d761-4d42-9364-2dadc3e37d6f,P0257,53.61
a3c9a3fb-04e2-4990-99c9-e184a0cef23a,P0137,10.21
6d924080-712a-471e-9bfc-e0a8e247689f,P0102,15.78
34a6e687-9d00-4263-ba07-605a7e9d4360,P0189,16.66
0c62b853-9c76-4f5c-8109-1ba68821e4d1,P0120,55.39
679e155e-6abd-4bb5-b8c8-8d45aa03f51e,P0134,6.43
f2c0ef7f-6c66-4284-8396-9b737b518169,P0273,103.4
4f1e62a5-d871-4216-86a5-7992cebeb68c,P0252,45.28
a7d423a5-3c2a-41e3-b9cc-c61f604aab0f,P0140,5.97
bdc8e9be-9ff0-490b-8aed-0bf7df89e4ae,P0127,77.19
ee00469b-bd3c-434e-afb6-42f7a9a667f1,P0159,2.89
d79408ec-e0fc-4cc4-98e6-9499546ce88f,P0030,126.91
7fc45598-fb00-4a45-a55e-e02d57069058,P0015,26.57
35184323-1571-4e9a-b25e-f3ec030bbb6e,P0034,29.63
18e2e78e-40be-4c60-9a8d-a3a563f8bcfd,P0040,5.64
f4b8cef6-6791-40f0-8b36-95947bed4613,P0081,14.83
088bd419-01b2-42fd-bfb8-a7086f98c90a,P0048,35.18
d4ccab60-e032-4e71-9b4f-7bd4c06d8f12,P0084,8.79
69e4c6b3-4030-4fed-a236-b849aad46f52,P0018,150.39
baa8d0c8-fcb6-4e8f-a527-2a3f3ca04cd1,P0212,24.35
aff5cb7d-f639-418c-9890-4ea0bde034b2,P0115,38.96
23b21dc4-47ec-491f-b16c-331a5e15f903,P0174,2.92
101bd97a-8302-403e-85c4-10dd9d1dd7be,P0068,14.87
9a7426ac-5f34-4b17-8a6f-efe2316d135b,P0029,54.87
62f78ab2-a3c1-451b-a8a1-da9f5af06c7e,P0041,27.98
07fdcda7-39d5-457b-887a-5450a7de4c92,P0298,179.2
e93a0f77-cef6-4efc-84b7-daa2ee5b985b,P0163,22.34
13728f82-f979-4643-a2f5-4083661ebc9b,P0176,11.14
553f3b54-82ca-4b2c-a652-bf0ad3618695,P0047,28.7
eebd2dce-ce12-4da7-8473-cf120e653690,P0209,97.83
c7a090eb-1f13-4e71-b582-b04fd3d0fac9,P0067,13.72
82217c55-97a7-45a9-9005-4d93c2d7369a,P0297,35.1
71df33f2-edd7-4585-9a1a-1692f8eb19e8,P0112,14.45
de1b24ae-810c-46c1-aa41-27b552ed8583,P0111,8.0
57a78270-45b4-4843-9503-97b0b1f4c517,P0232,10.43
c411eb9a-4cee-458f-a72b-c57219a7232e,P0241,84.27
0a51720d-727e-4586-98c8-295f712912d5,P0060,69.32
4cc35b4b-1ca6-4221-b6a0-ab69fb487fd8,P0089,36.39
0915dfc7-cbca-4526-b4da-080c850b1d79,P0060,81.98
4b1accf0-11ac-42f3-8caa-2b6e4723395c,P0027,22.43
39e1b19c-5100-46a1-b7be-c2c99d9a637a,P0130,32.57
6004a0b2-dea9-425a-8edb-b629b07131f4,P0060,10.18
c1771105-7328-4a47-95d6-aabac861a347,P0222,8.34
1ae66a11-7144-4e99-b202-a9fe12537c95,P0145,26.33
6e63f5a9-7eaa-4aa6-b396-96644befa5ca,P0099,6.43
053a7f88-a77c-4f57-ba64-967790b80ab5,P0247,28.33
bdd8792f-fb26-46b4-a176-fec86a255d54,P0298,11.6
59c6a947-3301-434f-b01d-01d969ef860d,P0257,69.65
b1935a86-4176-4558-93ff-c4604915b61a,P0152,89.89
2e7944ca-32c2-4f4b-850c-122205123571,P0023,50.16
ef6adc6e-d942-49a6-8e2a-8dea6c7b4428,P0091,11.51
8585f0f1-5afb-4c08-8361-88a5abe86e14,P0262,11.72
210b1200-0b96-41ea-8b24-b3ae92445bd3,P0111,9.78
bafcee0f-c8e4-471b-a5bd-accc1a5c8961,P0051,24.02
eebd2dce-ce12-4da7-8473-cf120e653690,P0276,105.88
9f8faf2c-4680-4db9-82f6-034ba39f6b59,P0155,84.18
920fc8fe-f4dd-4a90-8620-896da38d32c4,P0075,4.04
2e00c001-0cf4-4fd9-a8aa-b4cc7cd08b68,P0115,0.06
ac68e2f4-1a5e-4062-a0c9-c6d0ec866c32,P0255,24.35
84cb0189-143a-464b-a654-6287c5e0265b,P0198,32.73
a80a059c-328d-43a1-b609-ec9e51584518,P0202,10.81
19eff062-9472-4f9e-8b36-8f38f820af69,P0285,46.55
8d0a4917-c2a4-474b-a81c-b7197803c952,P0139,66.03
9b5210f7-9912-4a20-8a96-1a1d81ef0faa,P0215,59.69
c09fb6a7-3e6f-464b-ad96-7c0c2061d10b,P0076,8.06
e5d6f327-81f7-4e2a-a8de-d079abcbf97d,P0008,42.47
fd49026b-6700-4dcc-aa66-d1e7ffcde881,P0127,20.91
52e74b34-3332-4a16-b37d-ce466ebc409f,P0182,85.09
1f7f3e5c-2a79-45ea-8b4e-347c30a52a6b,P0274,121.95
c2348751-1eef-46dd-ba2b-63405fa7dccb,P0022,56.33
606b74c3-df91-497b-9e9c-fd55c1af67ce,P0014,1.37
1cd1e64c-1dc9-468a-88c6-a0f4b875511f,P0166,4.66
60c60c85-30be-4f3d-9643-ac523f423e33,P0006,19.66
d9dddad1-532d-4be5-885f-d583b3d98e36,P0023,118.18
792731e1-6c1c-4169-8776-b97d16ad01bf,P0184,13.89
e0484fce-683e-4fd0-83ce-54a7be08267e,P0167,52.35
8071a01e-ff6c-4f65-93c7-78ff9d2c5750,P0198,73.89
a0a98069-9792-410e-a666-eb69cd4b1b10,P0103,9.82
8c7e4294-94b5-4c63-a40d-fef2911f0c37,P0090,25.11
4f4537a9-5df7-4969-bd0f-649ee0fe39af,P0005,61.23
2f2796b2-27b8-4b76-8892-3fa70bd8ca0d,P0146,42.9
616bcf19-75f8-41cf-8127-f9b3c7a91319,P0010,28.02
0ad33bbd-c336-4a61-b08b-28b6ea8e4778,P0060,36.64
43e55935-4688-4700-a3be-09f09fd545d7,P0146,2.81
911456b8-8ba7-4661-be8f-bcfc2b705c29,P0001,2.14
004660c5-aca4-4b1f-bdde-958b3d534b3a,P0072,0.69
341f15d7-d530-4ee6-898c-029dc6f14e3b,P0150,7.89
f0841188-ba22-4ffa-a29c-ee031af968c3,P0257,39.47
54c4f5f0-d710-4f0c-a65a-525a5bafd5fe,P0090,16.41
5b79024c-b555-4988-87fc-3ddfb34817fb,P0164,14.77
9f9e4ca5-187b-43fd-b034-5e7088600ac6,P0054,14.08
89c935df-3320-4a0a-991b-0fde16b803c0,P0247,34.05
1512df76-0c94-4c23-9dfe-f5dd65942e01,P0149,4.13
a608f136-bc6e-4cb6-9c2a-a2b0658f4b58,P0264,1.15
6897a6a5-3de7-4c5f-bcb6-03b8f01f5aa2,P0080,82.48
ecaadeae-5c8b-408e-b555-921114e2c93d,P0154,10.91
f2d19403-9229-4cb2-b51c-6fbc09964296,P0254,43.6
8ed41904-99ad-4f5a-8662-640feac12bf2,P0146,65.14
047b01da-4f24-412d-b391-e52907e60ae7,P0240,9.93
bb090732-a81c-4e7c-a24f-3c3b26342a99,P0048,26.71
680cecf1-2771-497a-8555-ba9569edecee,P0204,75.62
51067a09-d125-42da-8cc3-d02576d8f915,P0280,54.54
49e12abc-6639-418d-873b-5407d3f2d114,P0260,10.34
b790d169-13b6-4da2-9c6e-50e1520b9229,P0006,93.61
709cf81d-e145-4fa3-8830-f009b731dbdf,P0094,1.7
355a0ff7-7794-4923-8c83-d8635f930c26,P0164,38.76
85fffe02-240e-4bc4-bd92-23d4337669de,P0018,41.69
31276222-f0a9-4a80-b6d2-c825aa8bd149,P0218,68.16
c89f17d6-27b4-4a7a-a602-7261a7c1c60e,P0137,107.42
ce4ed921-0b1a-4a37-81f8-5560655dcb73,P0041,6.08
679e155e-6abd-4bb5-b8c8-8d45aa03f51e,P0106,102.23
5af5e057-be80-485c-a953-fe61ab919089,P0077,57.92
cab63f93-b8b2-499a-aa09-d0047be84510,P0294,55.41
8bffa7f7-06e1-4707-a615-f726803a489e,P0176,0.25
6ad47797-65d7-4743-a158-9b9f7fc81334,P0287,84.21
0b1206d9-a13c-4a5f-ada9-98f0dabcfc4b,P0193,25.86
ae24feca-4c33-4ae4-a7a5-0d4c504eb803,P0124,9.16
6d24582b-79f2-4ff8-b017-7d3d4af70e58,P0277,18.28
61feca89-69e5-42ef-9872-a736586a6733,P0281,11.45
c0665411-8bf1-43f7-b105-a8833f5225ff,P0242,23.04
1e5d5334-bbdc-4c4e-8e0d-186d47a9105f,P0226,48.48
759d2925-23d5-499c-abe5-9b492c576937,P0252,1.52
dc51ad90-7f0d-404a-b9cb-c38ada12480a,P0101,20.78
52fae6ec-42ae-4a23-8020-ebcddb93c99b,P0096,5.82
a5b842f0-96e5-4df6-ba24-7b96dda852db,P0131,54.39
f1dbeb0e-8730-4499-aa93-85f89983afe7,P0293,71.88
6a57c331-9d47-4856-805b-6a99f1b6c1f6,P0124,19.08
6d1b383e-636f-43ba-8e34-a58c6a9033e4,P0173,132.8
8a7e8fd7-b2db-4a3f-a775-3385d4d24448,P0088,70.66
28bbf52d-8655-4594-9dcf-0940e825f961,P0222,2.37
4429ffad-19cf-4940-99ca-dc02764121b2,P0010,21.11
4ff6eef0-76cf-4298-a2d6-69e7079a12bd,P0237,96.65
085b2431-149f-4fda-9560-236f9404f2c3,P0085,19.67
b45edfea-8e95-4c23-9ea8-4d879a1bfc92,P0133,95.73
de5b80e1-e0ab-4e8b-b804-2ec23cd63bd9,P0071,181.29
7ccdb52b-f405-4f21-ad3b-3e4180fce937,P0134,11.47
4843ca75-bd18-46ec-a462-660b0dd91765,P0288,5.61
102794b5-9e39-4595-8dcd-7b339407a09c,P0191,43.15
e224b8b0-5bde-4206-9d3d-03c3dac1fcc4,P0021,20.72
a3e2a47a-3a83-40af-8eff-0e9250c52112,P0270,85.76
dee17a55-a898-4812-95e9-3280f23a48e8,P0130,104.6
ddf34188-cafd-45ed-b95e-462231ff21dd,P0139,28.18
6ad0d513-fa74-4af0-91c8-3402f78dcd82,P0128,17.22
88565f9e-b885-427a-bc77-ea047a0c494f,P0255,21.8
a611d9b9-cca0-46c6-93d3-79af2d766972,P0144,36.0
edef753a-94c2-4652-9344-94d1f3015bf6,P0027,6.32
9de85c26-d7d5-4519-a8b9-6f28ca56345d,P0265,154.11
ad960655-31ba-4ced-98a3-e8c78bf476b4,P0005,38.16
89f5f505-9552-4059-b944-58144bab74c5,P0265,0.62
44a3d40f-0afd-49f5-bd1e-dea2da85d523,P0289,6.69
08b8dd94-f070-418d-a9ad-e02b53a1d5f1,P0277,9.0
ec01ac50-06c4-4ff9-a08b-be5d986b5749,P0020,12.81
cd10300f-360c-484c-9b66-5a6019b09d51,P0151,3.48
01326ce3-de65-45c5-80bd-125f084bc976,P0047,23.81
15a38e70-fd5c-4203-96f5-e5ad184ded00,P0284,14.72
b8f566ea-4e48-466f-ad45-f03a7506d86e,P0223,25.22
2c7eb7cd-9324-4484-9374-ad8db9e9f35a,P0190,98.64
5e810667-1383-4443-8d94-f02b6f43c071,P0153,8.1
95311419-eb5b-4521-9b93-d35d4bfd413e,P0115,3.73
524a1737-8a22-4c0e-9319-2c154a181be9,P0131,41.52
bc8a4341-de09-4255-bc5c-c065ebbe6d0f,P0186,59.92
8e7675c8-09f8-4eb7-bea4-c949ee077be5,P0201,85.42
17a6b52f-ba47-445b-8de0-87a9e59db19f,P0213,19.66
a3af9490-d54b-4b4c-b14e-08004359a6a8,P0196,58.73
bc8a4341-de09-4255-bc5c-c065ebbe6d0f,P0076,39.14
228f649f-1e21-49a5-ba4b-09e839ddaeda,P0163,32.02
cf6332bf-4eff-4b63-9108-435378dc181a,P0257,101.35
ddbd9940-ec54-44c6-a0ec-b8507c3a93d7,P0135,53.88
789c672b-6042-4568-a66b-308c5820ad3f,P0254,22.23
7a2ccdb0-dca0-437c-9cb8-b364340a46ec,P0197,3.09
7436fe6c-4968-4cb3-9fe5-9904a8d1f017,P0147,91.88
834b45b3-7762-4500-8255-7a08ac4e62b9,P0116,9.36
dfb7ba34-01b7-4d13-96dd-7ab3790d8263,P0054,6.49
d1004bca-2628-42f0-8087-b864934fddf3,P0094,66.94
1981cc28-c3c3-49bd-b847-0c26a95aee38,P0098,42.49
5555281f-7f8b-4512-88b5-8262ad25f598,P0286,15.41
5cc8fa26-89b7-4da4-ba1a-6f71d4588a4c,P0233,43.85
e3ceeb10-7015-43f9-8b1f-be7eec62fc5f,P0026,17.06
f2af0e9f-1da4-48a1-b45c-6e79d9c1c0c9,P0043,15.22
3fe01aa0-1a41-4485-91f3-57455a96d69b,P0015,79.21
29fe3c6c-9ccd-4bae-b2e1-e735fac64a35,P0042,37.2
281f21b8-adbe-4bff-9c69-057d0a973c47,P0019,85.67
2b116859-8aed-4565-8b44-68d3828983a9,P0016,14.57
3c26d2be-c742-41f2-992c-1780c5541257,P0043,39.75
05d668f3-cee0-40b6-bc01-4790bb71ab44,P0241,32.65
34e32362-6ddf-4ddb-87d7-574a19864dfb,P0079,54.21
556f34f4-3df8-4b63-80f2-15f7ea48c2da,P0060,6.37
812dfe7a-5373-4ecf-82cc-5eaa4858a058,P0009,104.03
3f6bcdd9-e28a-40ef-a621-c8ba96a5aba1,P0062,115.92
5555281f-7f8b-4512-88b5-8262ad25f598,P0249,28.18
fc2364ab-95ca-4be4-a28e-26f663c0379a,P0070,31.14
fd338ec5-5e6a-4ffa-bf56-12e11cc257d4,P0108,39.65
f0c0d1df-f571-40c6-98c4-840e5b6d3de7,P0058,6.06
9134192e-660e-40d7-8086-2efb92bb1616,P0131,21.42
e63ef0b9-ead9-451b-a5aa-22ecb5facd94,P0070,2.27
f12a4a4f-26bc-48db-9d17-c1de1079991c,P0140,33.67
8547edd4-ac30-4e93-9023-ce9911efd290,P0239,14.51
4e1d07a5-bbfa-4b0a-a09c-4c9a0aa0032e,P0183,23.26
657c7988-f76c-49d6-a4ee-21883cd79e87,P0119,4.5
f1782b29-3fc0-426c-a968-eeec2ff049fc,P0150,4.22
8a9e2e7e-3b2d-4f54-8906-d538ee4ae0d2,P0006,9.26
832774d1-9cdb-457d-b6f1-bee7870a1cd9,P0290,87.64
13975afa-e29c-41e7-bb87-e3977d5da90a,P0136,50.38
c3f9071d-aaa4-4847-89cf-fbeb99c67509,P0104,7.85
584e03ec-4ba3-46e3-a219-a8a833111f8d,P0116,5.55
3653ffe0-3997-4369-a725-693db99fb58a,P0094,53.76
8279fa4a-01f6-4eda-b79c-15963b494511,P0300,241.72
5dc4703f-51ef-4a6d-8389-128f3920cf48,P0099,1.41
5a4848f1-e1ea-423b-ac57-8885af3e2f6f,P0277,1.37
2ef02ed4-78dc-459b-b318-c3cfa5bde429,P0194,9.6
276ed035-235a-444c-a1d0-afe45c5b15f3,P0266,84.21
34b19175-8cbe-4498-b798-77224e2b8121,P0097,24.95
ce4ed921-0b1a-4a37-81f8-5560655dcb73,P0180,35.24
cf29df77-2004-443d-b66c-50d1d38354ed,P0097,6.24
bbe84d7c-3f0d-4579-86a8-4342dc85b1b8,P0199,23.82
aea576f7-cf5a-4c26-8653-c4f4f01feafc,P0296,85.41
0a359f10-4e79-464d-9c01-ec1e2130a1f7,P0032,48.4
5117e57c-facd-4e80-aed6-e705c54c433b,P0003,2.07
7b5b5718-3c55-45b2-9a04-f3c9a44133be,P0135,23.23
2bb2ff0a-0426-4864-80f8-e51e4a247333,P0102,15.85
be2bcbe0-a4d2-480f-b9a8-7ed56b0fd6f2,P0254,75.41
3c964268-5f20-4a26-80c2-7157993039a7,P0024,7.24
06ced446-d154-4711-9c7b-1ecfe1cd2f23,P0259,3.26
313ccd26-f369-45c4-a3aa-ab6f74f21d2a,P0276,5.38
cb4f1f57-0475-44b7-a430-832378ef8108,P0241,5.94
fd708af0-48db-4c0e-adc6-30c3789c4de6,P0132,146.02
3adac1dc-d8f8-4ada-85c5-3edbb7566601,P0135,2.05
73127c87-a572-4942-9add-539aaf48f261,P0140,1.89
d780a5c9-65cc-4656-8bc3-763e00510398,P0264,194.88
47df8ca5-7b93-461b-91e7-33003f014e10,P0190,80.25
135ba364-99b8-4c0e-93d1-216179bb272f,P0159,21.51
4c0efb15-4d2f-4d84-bf4c-0d4d2a8fb8b0,P0255,116.58
ca2f9775-a365-4110-a2c3-52d68b6f3baa,P0207,0.23
4be4695d-a38a-4e64-adf1-af51bb061a25,P0177,67.09
41edd323-6b7b-4848-add7-c9e344b18afc,P0209,39.17
c4d0c729-6c68-46b3-88e5-9deed524ee1d,P0133,70.24
52e74b34-3332-4a16-b37d-ce466ebc409f,P0235,114.46
e5e68f33-6a80-43fd-9755-3d80a53d03db,P0092,14.83
817598a8-b7f7-4ada-858e-192e873b9ffb,P0149,1.38
c854e902-deba-4b08-97ec-5f17264c7376,P0212,116.88
e74e49bf-683e-429e-b09c-b626d37a03ac,P0222,0.12
c86e02ff-7cc2-4ac8-a92d-f31a590c2b09,P0218,109.96
71ca11a3-254d-47a7-ab14-840bec90cc2e,P0029,99.4
41d996f2-d2bc-439b-b71f-37cc84248917,P0058,9.86
7436fe6c-4968-4cb3-9fe5-9904a8d1f017,P0251,28.18
df41e125-60eb-4160-955a-af37674de07c,P0130,30.37
909bf2fd-9a37-44a2-ba51-74db22011e6a,P0002,3.96
c3ca6ca5-f045-4b1e-a2ec-c86cc66bb878,P0171,51.56
d0004651-1c0d-4c4d-a3d0-6a7f54221f6e,P0106,85.09
5285e5da-acc7-48e0-a21f-bf5ebecaa07b,P0242,13.8
75ad2c4a-9c57-4d5d-8768-656c6b3278b9,P0105,11.0
990dd02d-e8a2-4c9b-9532-db755ead898e,P0127,22.67
dc27089e-2a87-4d4e-b1da-f010dc855ae7,P0269,87.13
6c34fbcf-496c-49e3-99c9-4775a41fa508,P0284,7.46
0c94b426-6312-4c66-ae2a-bf5b248f7656,P0079,19.33
29fe3c6c-9ccd-4bae-b2e1-e735fac64a35,P0252,14.67
d05d1ecb-3768-41b7-b843-23c7be520c40,P0231,75.02
852bd41d-faa5-4b2f-9201-2868d03bbdae,P0039,23.23
81eb2e69-f40a-40f9-a49e-cb389493b3c3,P0109,20.56
dd711bce-1091-4cf8-a768-5bec6d93906c,P0015,3.61
a5ea6b4f-13ec-4a72-ba0f-579ae7443e69,P0228,13.14
b71472ee-50be-4697-a44f-35f0f28ce5ad,P0164,21.96
4ae3c01b-8e59-4a3c-80ca-0e1e63a79315,P0256,93.86
0d28bc29-74fe-434a-a637-e1d0427456e5,P0188,32.88
65c49f63-74aa-456f-9919-9961ba8755dd,P0240,47.08
23e68779-b527-418b-ad19-6d2095106f01,P0228,188.24
817eb2ed-8837-4951-95ed-ba3668f36a62,P0239,6.37
adec2b23-72fa-4e26-88fd-94b989e4da2a,P0231,2.68
215a6d31-5a51-4fd7-b538-82ab8bd681b9,P0041,58.43
596454dd-c7a2-4e6f-8b90-94586c9941c5,P0170,29.21
7cc645bb-7a06-4211-b4b6-fed0163e8e8a,P0251,39.74
74f819b2-e501-49b0-b5ba-fc67f837f7da,P0152,7.6
9a2baf51-c33a-4d7c-b969-7f7ef02b70a4,P0180,61.69
3bbe2107-fdc5-4996-b4db-d3a445d9ef68,P0025,26.32
e57c49c0-2873-4395-ad5b-d527470efa4d,P0156,2.11
c7caef5f-3ef1-4f52-bf93-4d27f215f857,P0063,42.91
30aeafaa-f3c2-4b63-94cb-92372a1ab9c0,P0114,28.72
05a5c7e6-d249-4261-82fe-4b5329aca706,P0127,57.22
4f3a08f8-6402-479f-8022-5ab95b47f86d,P0276,107.3
444b6d2d-afa0-4da1-acec-4cf634ac8be6,P0105,95.39
a7d5c5e4-ff2a-4b4b-acf8-2cd88a072297,P0208,0.0
cfe54edc-894e-4377-b7e1-d519c164803d,P0200,4.28
8ce2eab7-d25e-4614-9ed8-1d8569f1c470,P0091,3.14
d7c05d74-5e9f-483f-adbc-8c37676f6cee,P0212,45.84
f01a943c-b7a6-43b0-8241-e6410309d5eb,P0242,18.09
44474168-775a-4d5b-9b9b-d83fd1aff37d,P0221,148.0
c1fd348e-bb50-4f21-b06d-e1b9bdff9e94,P0283,16.97
ab5dd80b-d1b0-4afa-b5f6-fa48e256e32e,P0263,13.51
ee2d0012-d2fb-428c-a0ed-ea070722d141,P0194,87.52
0a22ff40-6b18-4445-94dc-94d89550789b,P0070,33.88
cdfa18c5-b16b-4307-8b95-19ec4e7c96a4,P0092,45.83
80b16993-2b00-4cbd-b2e8-33e390c30a55,P0177,93.28
6b401b15-8af8-4afa-9b56-92b79dede51f,P0287,48.48
bad3546e-4364-43b1-a17a-829274bf4e83,P0174,47.08
5b455e54-7a7d-433d-9189-35b90eef914f,P0048,51.33
98574aed-7b28-4362-afa9-1f0ec59093b9,P0256,37.64
acc36895-4e68-4a0c-bb2c-e1107406a381,P0049,80.78
6b06ab47-2bfa-4330-b512-fbfad6b1ea81,P0090,23.51
35a7ef6a-9f25-411a-90e4-ddd1604f36f5,P0132,5.53
548b8b32-3b2a-4825-877a-c52bf5faa5ba,P0230,48.48
a3c3a035-6bb3-4255-85e4-2fab7eb0bc59,P0227,126.6
259570f4-baed-4d9c-9c33-f250ce24a941,P0217,30.18
f1520251-ca17-4813-a7a8-78bf0909c030,P0078,6.46
eca23afc-6f9d-40d9-998f-32ea9c752874,P0215,15.94
ac78f587-7cff-44a7-8e55-872db118d557,P0173,36.65
bf5712b7-31aa-467b-b214-1bf911b652a5,P0180,5.76
fff46fd8-99a8-4ad5-8718-6687c2259c1d,P0283,44.31
d1607bf4-603e-4079-a8ba-e0a3aeb6e5c0,P0126,9.06
7c3943d8-4b3d-4de3-a06c-1df5a4ab9477,P0084,23.23
c1c59163-ad3b-4ca3-92af-f445e0b3994a,P0209,16.81
c750845a-b86c-418f-b065-0752b1a4a1aa,P0056,78.0
b24bfed8-b5d2-4851-b1e9-e9fe9193b512,P0119,44.03
c3e75b1a-3df0-4a5e-b74d-ad4b44b5d237,P0086,75.08
0aafae43-af5d-4969-9990-eeaf3284c180,P0145,75.86
b7321361-8278-4002-8b06-4a2816d0343c,P0052,69.64
ce5c16d0-7558-4533-b9a9-e85a56a84336,P0129,124.94
297a37b7-3c47-42cd-8750-ba2bc6853861,P0195,101.97
2854b1b0-bced-4362-a148-aedbd226d278,P0155,8.3
c0b9b6b4-06a4-4b4f-b242-39417060c8e3,P0040,6.29
02653fc6-4a8c-4249-96dc-dcaf56f845a9,P0255,28.29
359051b5-48fe-4d88-b64c-b97e6020a36d,P0255,22.46
1e82ee27-d08e-48e9-ac40-9801b9ade534,P0056,0.35
1bb20bf8-46a5-4337-9900-bd539ad0589b,P0061,12.14
9239185f-2ae1-445d-98a1-08a785a1fad2,P0010,60.04
a5b842f0-96e5-4df6-ba24-7b96dda852db,P0234,36.66
8352b025-6660-4843-b137-c4d4d921a68c,P0007,10.76
39b0b8ed-d1db-4d33-ab57-3888b2081f76,P0291,39.19
72d676f6-1562-4a8a-8dc7-e8786307b32a,P0015,21.0
8d697151-75f2-462a-9dd5-5d72aa8b0e0a,P0221,0.02
e4421c02-8ee2-4af4-9d92-f9af9b9af88b,P0277,106.98
aec795a1-aa13-46b0-a011-997975caf6c7,P0242,66.12
1843abdf-b341-4ff5-a747-3ba2997086dc,P0170,47.99
1a72583b-a027-43c7-a082-cb63015fa4f4,P0142,227.35
98e59f66-d0a9-43b6-a0f6-3e9902a039a9,P0035,84.41
0cc34a5e-f7c4-47cb-b826-181957c1c87f,P0121,88.78
ac6ce574-17d6-42d1-8697-02089984294b,P0138,27.1
33b7fff9-ee04-4517-beec-e325a9db1570,P0112,113.62
2038d605-8eec-4629-a4f4-dbabe19348c1,P0117,7.35
caac80b8-dabc-41ad-a35a-e3fc5aba24a7,P0101,51.6
846248cf-a941-4d2b-8b3a-7e23e9f1a11f,P0300,32.33
7a7a9611-cb47-4fb0-8eef-739882f322c5,P0262,77.68
0f266162-dcc6-49a0-9a9e-23f0973f560f,P0131,12.27
efce6f08-03b9-407b-901e-90b96b300a66,P0192,4.56
633f9520-db9d-4192-9e4a-1b4ff50cddc5,P0023,0.73
dc128e29-b6bc-4f79-bfaf-931aec5a4b36,P0170,48.59
e0b9f823-8206-4e6a-86dc-ba0607644a54,P0047,2.69
70710bfc-4558-435c-81d6-d6fcc41f4915,P0041,3.82
f3929d4e-6bc2-4c56-bb68-712d354ee6a8,P0242,34.36
faf1a81e-6cec-4ece-8051-53055d3a398f,P0099,41.43
3c8612b1-fef2-4cc5-8950-1d3c942c6f8f,P0032,6.63
7aeb3356-c278-41b7-9f60-8fbcab996d6c,P0015,40.01
b4d75ef5-78f1-4a50-a19e-68dc63296b29,P0163,31.75
9fa1176e-9ae5-4a64-8df7-e8f00dcecd9f,P0297,65.18
fd338ec5-5e6a-4ffa-bf56-12e11cc257d4,P0230,35.43
18bc1c56-b824-42db-8f24-99bd2e508602,P0275,15.63
e3ceeb10-7015-43f9-8b1f-be7eec62fc5f,P0254,59.54
a561250a-d15f-4cbe-8f2a-e57dbbdb85d3,P0242,83.85
76e175d2-000a-433a-a03b-3ce48123bff5,P0040,51.06
f04a17e1-d8ef-48b2-a774-b409554849df,P0167,15.29
50bd3e16-fef6-4a20-a13a-d5872d9846ca,P0027,16.68
b90ed7f1-4181-4d37-abee-5086bcf5d66f,P0150,15.71
793a6c27-9a38-420b-8499-538e235de896,P0244,52.63
d968e7bc-747a-44e8-ad51-23400be31ec0,P0104,24.08
821c3e07-aebd-4f6a-8a82-6c4ad370a1cb,P0110,13.0
4ff51cde-5d2b-485b-8a11-4ab649b56bd0,P0236,2.66
fa0edffc-6148-43ec-8b87-a1bfffff39e9,P0176,1.58
536ba3b7-9cfd-40d4-bead-fa7db93fd814,P0169,35.08
974a604b-3559-42fa-8fe2-c7cc9c782776,P0188,25.77
90bc06db-1a6f-4bcc-bad7-8fa857794bbf,P0259,4.92
34202721-b686-459e-83ee-a5033bf2e17d,P0147,37.91
898a1223-82aa-466f-8d1a-4f60469aa2e1,P0184,133.16
fbcd2811-8671-4247-a573-0422225adcb9,P0192,6.01
93e9c57b-d04c-4cb2-ab04-775f80a2d048,P0154,8.95
c6538059-d406-4ea4-a957-a2f517d6f72a,P0033,75.72
de80aa15-aaee-41f4-a663-66dde1dec671,P0168,55.21
7600af4f-7d02-453d-ac64-91dd8a0f5fe4,P0015,38.0
5162c734-cb32-4604-bba1-3dd63a3c2655,P0209,80.67
79a375e5-1467-4d3f-b9b0-4eec353e6a86,P0007,28.29
da993b85-7de6-4f8f-8d45-8a1aef0f2e09,P0008,68.17
1c2bd965-6496-4506-bb68-86d0dd52f862,P0176,26.88
4cc35b4b-1ca6-4221-b6a0-ab69fb487fd8,P0267,48.69
ebc8690e-cd29-47a0-93a6-5eb2685f473e,P0095,33.24
dc06c8ab-d6a3-47a9-9cda-4d89e12c8d69,P0265,29.95
c62d96a6-7b43-48ca-8669-d508c019f233,P0105,1.83
17485ecc-524f-496a-aa1a-d0da886a355c,P0230,18.8
90fccec9-423e-43a8-99ae-40de841534a2,P0045,15.81
c750845a-b86c-418f-b065-0752b1a4a1aa,P0280,60.3
3cf96a0f-ff5c-4bad-a20c-f4fda0102ad4,P0285,24.56
ab62c0a5-2603-4675-a604-5f2bcaae6ada,P0232,7.75
1ad51382-3f3e-4540-a736-9f371613e056,P0166,4.74
ebad0b1f-9bea-497e-9a72-c3f115dcae1c,P0172,49.54
7da91b84-0ca6-4dec-a9ea-aabcc277b3d1,P0012,4.02
bd69953f-deff-4efa-b8f4-52bd26662419,P0230,47.41
4f4537a9-5df7-4969-bd0f-649ee0fe39af,P0051,55.16
bd320bcd-ecfe-4285-bf8d-a57a32f113b1,P0051,105.03
59951f6e-75b1-48fe-9085-d6d8d4651b5a,P0162,49.37
e0b9f823-8206-4e6a-86dc-ba0607644a54,P0133,13.92
00a412c2-de50-40b9-ab46-e5d9122f670c,P0265,2.75
f1527932-10d0-4846-b8e0-96e02d26e9be,P0289,3.48
76c016ea-4076-47b8-bee1-69792d5d062a,P0173,61.71
1d65be3a-46fe-4621-8c71-1e3913f59461,P0094,8.43
c7fc5921-f3e6-42b2-964a-92eaff6daad0,P0280,3.12
1c2bd965-6496-4506-bb68-86d0dd52f862,P0275,2.12
0aafae43-af5d-4969-9990-eeaf3284c180,P0222,19.21
4a6f0c04-cd7b-4df6-b1f2-c59614a3f9fd,P0246,44.8
cbb70599-de8f-4f3f-89f6-9ebd3517b748,P0181,24.73
15ef8bfb-8f35-4c63-bb25-04414fe23540,P0131,5.25
98b57e60-969d-4900-a1ee-89b635907044,P0159,28.12
75639035-a91e-49fa-b54f-91c8e3f3a809,P0086,63.67
b20fca23-142c-410d-81da-5b1d6875bffa,P0018,49.61
d89f50c0-c8eb-4a21-a7ca-c258322692dc,P0223,34.05
892f75a5-df28-4157-b5bc-f7732f599c45,P0267,23.44
daf2d506-820c-4f13-818a-55026ce5e3b5,P0116,11.27
a0cac214-c094-4ca7-b87e-ccdb2c3e039a,P0214,37.65
084bc53c-d881-46df-8e8c-190aeb565ede,P0272,3.58
1a582a6f-6efa-4e65-8d9a-e5969a5db867,P0076,23.81
60e1e31f-2406-4d63-8ae3-c8c399139a79,P0172,95.05
52ae14ec-2796-48fe-8535-2ad43509b749,P0204,19.14
407cec6d-fdde-4e9e-b45b-2ca34c6c4b6c,P0224,19.78
1c07276a-4b2d-492d-a11b-04daf17e4eca,P0253,6.56
900a5850-6786-434a-8dfc-4084860b2754,P0171,48.15
615f49d3-a0ab-4a9c-857c-80f4a086aaf9,P0118,14.44
e1a0e604-1daa-4521-9f97-f3dc91dd8b61,P0010,10.14
77963b76-a4a8-47e3-93e8-260f874a14eb,P0081,28.11
5765f77a-ac17-4ebf-90cd-268261498165,P0001,102.26
a55c1555-984a-4eb6-9240-c5526347e817,P0178,11.81
c5179421-7a1e-4ab9-a16d-bab7017c4a99,P0039,52.07
0e4b88da-c2fc-42a6-a708-4db6bb55a442,P0178,12.46
84a3fcbc-1ef3-4f78-9f0b-10e28c951297,P0247,4.63
eeafdb04-5fbb-4f03-8cfd-a1aa73869eb7,P0263,87.47
579cf5b2-e48b-4f09-b897-82e7cf7e8526,P0032,22.74
f040f0b6-5806-4c0a-acba-c56cd7e70d70,P0004,89.96
892f75a5-df28-4157-b5bc-f7732f599c45,P0297,11.5
f0fc68de-590d-4a62-ac3e-50759db589d7,P0126,6.17
b03a79ec-35c3-49b6-bd75-adbd3ab352fd,P0123,13.5
ab800553-c3ff-4a09-9c96-1b02981ef060,P0298,91.99
06ed619a-2030-4876-88d9-f9f34400c361,P0042,5.77
0e5fbef2-117c-4167-bf90-902f2ec90de7,P0235,11.84
c22474da-e8b1-4c4f-b49b-d1b02f8c4923,P0051,103.45
705d2f7d-e096-479a-ad48-97930afb2972,P0248,30.29
ba4697c1-1c0b-42c7-9ffb-3cb02e28a088,P0053,6.11
37b0f5d3-f07d-42b8-a7de-e883b9b6861f,P0202,28.27
9795cfb0-0970-4a87-b7bd-42c27d046cce,P0111,17.96
58adc0aa-0e27-4718-936b-ac7eb0614b0d,P0022,114.05
c0b9b6b4-06a4-4b4f-b242-39417060c8e3,P0092,42.64
cb0b9cc5-591a-4c53-ad5d-284ba299d457,P0173,3.65
57acbd7d-1cff-484d-b87d-448509c71fd1,P0198,18.63
6463e784-8f7c-4969-ba39-a9b913775595,P0140,26.32
5259c60a-d500-4380-b051-69c4b33a1199,P0213,41.11
5104b9ec-b9e5-43d8-ac72-fbbb34607669,P0021,58.84
72bbe70f-916f-47be-846d-845142a065b5,P0248,51.46
d4de374f-8464-448b-a0e3-625c4961543f,P0104,41.53
36293cd6-5cd5-43af-9dc9-769e4576168b,P0152,31.25
f478dc46-dd3e-4d6b-a33a-05cc897028e1,P0118,15.81
70552d4a-411e-400f-aa0b-098d7e457735,P0298,64.7
4f3a08f8-6402-479f-8022-5ab95b47f86d,P0039,68.7
45dcca7b-7bbf-4340-a71f-9e3b3aceb6f8,P0062,38.74
636495c8-1837-4fc7-8157-d9312f78efc4,P0054,26.2
71f3ed4a-63cc-4bf0-b668-3837bd33dacc,P0199,43.76
132af304-0521-44a2-acec-f8532b07b74a,P0204,137.88
a4ea32d1-c33a-42e9-aec0-402a2929f598,P0093,5.7
f0a65904-b8ee-4fd8-ba37-4738a0d01eca,P0285,13.43
7fe37477-cb3f-400a-8d3b-c16b860c5083,P0225,6.9
52c2ebc8-e6c4-4a3f-9a7f-2f1c140c2e84,P0215,41.8
12d97521-eafc-4e8c-a3eb-38475dd5c48a,P0175,39.52
db448e0c-4f6e-41ba-8a97-7076a6d8e521,P0018,52.94
bbe84d7c-3f0d-4579-86a8-4342dc85b1b8,P0012,269.88
24905b2a-49f5-4961-afcd-eb29a74587a7,P0010,1.29
8028ba56-fccb-45e6-bb31-f20dc0322e91,P0090,0.99
e7dc1eae-02fd-48f9-b1ff-2211d01ec102,P0300,32.97
b50390a4-751d-4e4e-980f-e4b3d9acfe39,P0033,9.63
567784d9-211e-426c-bb0f-fbd7092b886b,P0250,11.28
82066f89-c0e6-4b90-8270-3a45e0da3215,P0132,7.22
0487bd70-18aa-4672-ab55-14481c59095c,P0057,75.51
981090c7-687c-4923-a324-f87296d3e645,P0146,83.74
3cc4c5e9-1d2e-41f1-b920-47eb8c0b9273,P0290,35.12
5a2cd3e5-405b-469d-85fd-dfe5bc9f6c1e,P0081,14.73
dae364b3-59b2-45fd-ab80-3277d3a8f8dd,P0237,10.55
8f6bc20f-1a98-4418-87a2-9e6c12a6c4f4,P0273,78.1
5528333f-1485-4c67-a691-f82fb0200001,P0152,20.67
2644acf4-d1c8-4adc-abe1-5aba80bc586a,P0206,14.93
20aca58e-eae4-4fab-83ea-27fad9e75ead,P0098,259.73
cf18ed8c-7b34-4337-9212-e16b01f86fc5,P0229,12.51
84f55c4c-beb9-4507-bcca-872b860af44d,P0110,54.17
ec134d3b-4a64-4dc3-bf16-8f042fbf2d2e,P0066,10.14
bad3546e-4364-43b1-a17a-829274bf4e83,P0164,16.51
3e9c5be2-7e4c-405d-9c11-51e0f445ce4f,P0281,80.6
66f9d2df-697e-45f3-b9f2-06e696ea4721,P0156,3.42
c4b21dbb-045c-42d4-a2f0-c5b3bb9bbbcb,P0039,9.29
51871803-6405-4de9-b6b3-699a7130af64,P0146,17.4
4cccdae3-819c-49e5-973a-325a6293c2fd,P0214,13.16
0190322d-ec87-4454-86c2-e8cb91211fde,P0299,35.16
b026183b-b148-426d-b188-90271baa77cd,P0028,147.39
558f9f11-bde3-4bee-b83e-a5df1a066734,P0044,74.87
744c28e3-00cd-438b-b1cb-54025191d895,P0006,6.77
1067a727-cab8-45b3-81b3-3d669e15f930,P0147,23.77
e963c4aa-720e-4641-bb09-afa55e493703,P0192,86.41
e5d9f296-7481-4229-aeac-35f06cd482d5,P0146,20.25
0e31e418-cdb9-4e6f-80b3-a60eed9d87c0,P0055,36.17
efffc6ca-5749-48a8-8481-b7889033be6a,P0077,83.73
ce4ed921-0b1a-4a37-81f8-5560655dcb73,P0096,57.84
71312d76-d17a-4a6d-a082-6e21662eedf5,P0071,93.2
6486e5d4-082f-4983-a90c-a2dd3dbf4605,P0024,10.16
e718080c-d554-4b8e-bbc6-2e543a9f7b2d,P0009,54.12
92118f2e-8e7b-45bc-b128-f8c435c6d714,P0231,28.42
5605b50b-ec49-492d-8a6e-574adf897a74,P0190,13.91
c4971336-a44f-4866-b49e-673314be1a50,P0132,19.09
8f692f41-74e1-474b-8d0a-90c796f18934,P0205,35.56
568cec0e-e5f6-4cfc-839f-f4940f22af50,P0214,29.25
6ade3652-6caf-4060-a6bb-df08b48ab227,P0132,19.01
43384a91-e150-4188-99ef-f3ab3b88b287,P0172,17.98
b954673e-af12-40db-9944-eec3d48393d8,P0273,49.62
ba60c30a-07ba-478d-ba82-21ea239191ea,P0073,5.52
ffc0e0b0-853b-48ae-85b7-925d085735f8,P0016,5.82
711b14b0-5261-4677-afe0-3cfb019212cb,P0050,5.08
a10ac2f1-b4ab-49c3-b188-c4fadb595b80,P0280,19.14
dac41933-311e-4064-ace3-831e08d32c44,P0030,17.39
99e5da64-bbf4-4405-9174-3d1b7ec70771,P0149,22.36
edd12dc2-fbaa-40e9-b66a-0c1d9f8cdeab,P0273,41.02
7303fed3-f96e-490a-bb35-39847319a3f0,P0094,0.62
69739a3b-f756-4e09-9f25-97abfa8fbc6c,P0041,66.98
3623c253-cd6d-4efb-bbbf-7eec3ad11071,P0015,0.18
8cd39682-69d0-4ee2-9342-b12316d41e99,P0180,5.01
7b257e9e-7647-46f1-98f8-3e0e29b11ebe,P0010,29.24
b03a79ec-35c3-49b6-bd75-adbd3ab352fd,P0087,64.03
ed245aab-cc81-483d-99b2-5d9da638faf9,P0293,6.68
3686f36b-68ff-49a6-9930-5cb87c7578e6,P0129,17.94
14321db7-f5a2-47be-857a-f314a4d7de23,P0249,18.56
18379f03-84ff-48d7-b1d8-ed7118bdf7f2,P0272,33.14
816b81d0-c141-42f0-af9a-0ef4c3254a9e,P0224,115.42
ff3aa8f0-2bd3-48d8-8eb2-51c07d720b48,P0124,28.02
fafd9779-f03e-4b3f-85d7-cf681483fc03,P0052,25.1
5ec63ad4-004e-40df-b8ed-fe1e2d2e0f0b,P0205,37.06
fedc9ec8-5c7c-43e4-a0cd-9dae9ee66eee,P0275,86.17
bbae032d-c2f8-4b2b-8732-8ee29aec54f9,P0294,38.77
5b05d55b-a3ea-4e5d-b27e-cd98c1ac505a,P0169,6.06
63d0bcdd-e04c-4a14-abce-a86856442ed7,P0288,1.53
c54434a4-eb5a-42f9-865b-6c3eb5adb48f,P0035,11.88
4998beb5-958b-4eac-a4f3-c8227e714379,P0235,89.04
3c964268-5f20-4a26-80c2-7157993039a7,P0121,62.43
ebc07257-1939-4519-b53b-1ae53360f561,P0072,38.08
ff854024-86db-4bd0-a6ab-53ca1796ff56,P0031,11.32
c763d6e4-4e13-4b55-91a6-c12854494903,P0139,6.64
ef7d9059-d7e6-447e-96e6-f56add3a94dd,P0075,4.74
27dad56e-4b7b-45a2-9d27-c5a08eae238b,P0298,19.22
677ab5e2-a0c1-4871-af34-50c9a547bda1,P0288,10.24
ff854024-86db-4bd0-a6ab-53ca1796ff56,P0233,7.81
339425ed-2e34-42a1-8831-e74961fcba6e,P0126,28.78
afbc7cc0-2f60-43c0-8c5c-f3d168283c19,P0112,50.23
962287ab-90bf-4b21-9ca0-4d044e866dd9,P0073,8.26
49e35408-74bf-4aa7-af8b-3ea1ea3b66a8,P0067,16.33
d1197bf3-d12e-4dab-8393-717dcbb15338,P0193,78.95
5620f6bd-e95c-46bc-86b1-5b8ad5b4010c,P0007,81.95
27c1e619-c28d-4aa9-8b95-fb01fe60a396,P0273,8.67
46a11d95-6b5a-47d6-824d-292989fe4e56,P0194,53.52
27daabec-1d00-4de9-a805-9f849f10fe1d,P0188,74.78
bec93144-0935-4034-aa06-73a084bf6a1e,P0225,49.85
3038f4ca-a0f0-48be-946b-88ac8d3357d4,P0081,108.98
54f3eea5-dfcf-4fd1-876c-95c5b9886b2b,P0247,21.26
096ed791-3d3e-4ee3-ab40-5c1e5b2d0758,P0300,151.45
10c2d7b6-fe79-40e4-9107-564b6ef10d98,P0279,121.3
33ead2cb-420a-4f87-9784-f08d910e8d17,P0121,51.93
e84adc77-7cd4-4868-ac90-8e9ebec0b2cc,P0104,13.45
b56161d4-7ce9-45aa-872c-3d99de5176eb,P0221,1.61
d19b90c7-1690-4f85-bdeb-e37796fb6e59,P0055,86.71
8d91c560-8471-4ee0-b3f7-5ded45821316,P0160,24.66
b6ab38dc-4bae-44a7-a058-85c4d3545f1b,P0235,8.39
b82dad5a-aac8-4804-80b6-a64d544dc2fe,P0030,2.43
3343a504-9ee2-49d2-81ed-d34ff98dfbee,P0190,16.08
4ad6dc5f-f27c-4d5c-bae0-2c3a91b8c1de,P0086,14.34
480bd846-6e97-42b3-b73b-5a715db8cc88,P0063,4.1
dbfb9738-95a4-4ca8-849a-9fa1e193b17d,P0022,66.8
480598c3-7d65-40b9-9a75-ecf15f1a3429,P0193,8.65
f0841188-ba22-4ffa-a29c-ee031af968c3,P0054,53.91
24905b2a-49f5-4961-afcd-eb29a74587a7,P0236,6.21
119dabcc-6883-48b1-9038-fa1511f1aefb,P0233,16.75
87ff2d8b-7d88-4e06-a2c1-9e697183753c,P0017,49.31
2a594e78-c8f1-4074-b301-f05fd0117860,P0290,85.99
a3169461-8b7b-4e1d-b287-3e08f6e1019b,P0166,23.61
72e7780c-345f-41b4-84a7-830f7fcf1c21,P0195,114.11
c96e9030-d71c-48c1-8dc6-dc37f5f3557b,P0110,2.3
a6a14dc2-65ea-4ee7-99c2-010d80112128,P0032,101.45
7c652f6d-48d1-4042-8dff-7cf5fd557b30,P0057,20.58
f6493859-2c94-4ba7-9bff-d80b0830951a,P0113,47.63
80b16993-2b00-4cbd-b2e8-33e390c30a55,P0050,52.32
ae85facc-9103-4339-b86b-f1f9071a5f22,P0184,23.37
b4d2fbc4-dd45-496b-8dc9-87d877270263,P0218,2.97
38cf162d-b611-42fa-98df-872bf800b8a1,P0190,24.04
6887e28b-b0bb-46c1-be0b-ebf093549912,P0299,155.01
8bff13a9-4b7a-4c10-a3dd-7d203a88e0d2,P0024,32.99
2c57666c-d312-4e40-aa1a-c454e32adc80,P0118,93.0
cd6a9e7f-4232-4edb-8351-2dd2d6a48000,P0081,26.12
b665a50f-4783-4df2-9c16-ad27a7009fcf,P0187,40.55
c38a6540-dd57-41dd-a546-ed21f58fff94,P0104,251.27
23e5f09d-9504-4606-9de3-8739bf01b66b,P0058,160.37
493207b8-dc61-4ee9-a473-aefb6eb3c80c,P0174,53.2
bc801302-fd6e-4a1e-b34f-fd96c8e73618,P0071,9.2
b4346c9a-b071-40a8-8ee5-60cf37f27758,P0250,97.16
732f38e9-5f4e-4d76-8d37-1d017b433287,P0279,83.11
e479c150-e542-4878-bf15-e2ef6b68d928,P0232,26.24
5b2fd42d-8b3b-4c27-b54c-abad4ee970da,P0024,44.6
55799435-ce97-4b75-b1db-93b59650fac1,P0244,6.69
ffabc12a-2acf-49ce-b0e1-4395e9e2f66e,P0201,0.32
7a5e068d-5071-49a7-8295-f4f3d6be4294,P0135,6.03
32e76d72-edb9-48dd-a233-d523c23be002,P0188,2.09
6caca151-34a1-4d9a-ba69-abb37f03955a,P0123,6.23
4b35127e-a6fb-4be1-887d-5eb91c836e95,P0074,56.08
8914f0d5-9b21-487c-958f-4fd67f666688,P0040,83.94
b15a1ace-32b6-4df8-a59a-9fa2fc4cf519,P0023,26.75
f788972c-e7c9-4fac-8703-f14150502e79,P0271,19.3
d36df0eb-cfe7-4391-8fb6-aa0fd57cbc27,P0092,5.07
7e304e4c-fef8-4d9f-b446-e28bb8ff680b,P0273,76.48
b83918b7-8054-40ed-8771-18bf88807512,P0212,130.24
4663dc97-36e7-4343-a80c-29275b483489,P0016,104.0
9fc3cd7d-1449-4580-86dc-ee0565fa4393,P0057,35.5
8c91f148-cae3-4013-88bb-307b51b3c6e9,P0291,25.9
68a566c1-bc4a-4e65-991a-3a4d80264b07,P0169,31.55
f620f60b-7ad1-4af5-9c63-bcf7af6f79a7,P0153,50.33
f1cc3c9d-9b26-4d7e-b929-1376abbbacaf,P0017,38.93
c96c73a0-b72d-4bde-a801-da7d859b174c,P0097,15.46
2547b8aa-9b9a-4aba-9973-3b41ce4bfcc4,P0114,55.97
1361707c-fefb-42d3-9111-dfd631cda969,P0298,14.74
8592eddd-6114-419d-8232-b4e06ea7cada,P0055,30.69
57b3cde6-4cf7-4bf4-81d4-85273506d93d,P0013,79.9
023bb97e-d7b0-4e14-be8e-09a9cc108657,P0079,9.74
aeb0ca9f-7cd7-485b-bfcc-6b71d2233236,P0116,9.48
e8d681c6-3898-4d4d-b2f7-e0c5df18c4ce,P0290,278.52
b20fca23-142c-410d-81da-5b1d6875bffa,P0085,6.24
b55bb2c9-cc52-4633-96d6-e1a0b8215547,P0280,1.71
f06a1de1-f5b6-40f3-a2ff-6ec1afdaf42c,P0017,12.77
7600af4f-7d02-453d-ac64-91dd8a0f5fe4,P0057,118.42
16cab894-ee6d-43aa-9f9c-12f56b75cf7e,P0115,41.07
c4d3f51f-dc08-4371-aaa2-00a55c8bf999,P0262,144.61
266e5aa6-24fb-4130-8458-f1f941bddda0,P0131,56.59
ebad0b1f-9bea-497e-9a72-c3f115dcae1c,P0286,75.51
23e68779-b527-418b-ad19-6d2095106f01,P0092,2.96
0658ea53-0c44-4d8e-9cbf-c19a08c6181a,P0182,9.61
4073ff5e-482b-4e82-b7fe-e18d5b536aa5,P0232,0.34
a0224ed2-a026-457c-81ee-554c6d1440e8,P0254,64.49
a13fe180-532e-488b-a90c-ee12e1a1f4a6,P0192,54.9
daeb8bcf-17a9-4eca-81e3-f7569d5ff107,P0282,18.13
81726d8e-65dc-4c49-9001-40e36a3e79c1,P0092,21.09
c040bb04-0aa1-427b-a7f1-3765037ba3ef,P0081,6.31
be5e73e5-4de7-44ae-b769-063497cdf9bd,P0256,19.44
e66d3fc8-3846-4930-8959-3f8092be7646,P0198,42.3
6d2ea369-5a82-41c6-bcc7-376f73f360b1,P0113,1.32
2b68e15c-c351-42cc-a4d6-8356d97c4e51,P0201,31.87
3dedc8a6-138e-44bf-8421-e091e7994ff3,P0239,16.09
13a0c77e-c7e4-4109-9b99-0ff267a86a47,P0273,15.7
b3f7d8b3-d047-42ad-b585-d5d662593447,P0243,28.22
3c31ccc2-d7b1-4e60-b87e-d953cfba64e8,P0015,23.16
7d6e1f84-46df-43c9-96ca-66bc14e7d802,P0035,27.58
01984287-95dd-4e18-9799-8ba2c6dd59b7,P0133,49.16
732e2013-4192-4c45-aa05-525c710f9702,P0181,72.95
616cf297-6c4f-4bce-9875-8457aa8fcb18,P0186,87.69
092ae0cc-575b-4023-a5f3-fcf0005fb050,P0269,33.35
8111c348-bd82-4876-a5c0-e10836ffcb66,P0229,12.75
0719f46e-bb83-49f0-8687-ec3fdd2d404b,P0204,38.53
a2c1f6ec-63bd-435d-bc74-d0616c05d22f,P0247,57.13
154907a9-df2f-4eab-8081-895ef9376408,P0206,55.95
b0a90921-88a2-413b-b4ce-d25219f6de49,P0075,55.02
6b747c44-9e21-48de-bae4-09e2c2086c1a,P0115,52.07
75b03876-99c1-464f-8ebf-6b90c35487b5,P0173,15.8
9b90729b-e003-42cc-bafb-312e0b07e82c,P0198,125.4
937181a1-6489-41c2-8365-f0101de4d44d,P0199,13.55
5d089bbf-4c11-4ead-a2ad-69b565536605,P0040,59.74
50987ec0-8105-4b8f-96eb-b6cd4a45289f,P0296,10.79
0cf0ded7-03e9-4dbc-8e96-a0e9dd02944d,P0121,24.14
08f7e74e-fda2-46a4-97ab-d085d0ed5c2d,P0006,13.04
43f6e1a3-01ab-4a24-8cf5-e84d788989ba,P0279,4.0
5e1fe194-182c-4afe-837e-5179c9c676b8,P0262,46.89
096ed791-3d3e-4ee3-ab40-5c1e5b2d0758,P0017,6.71
2c5114f8-e808-4f74-a4b3-2092278896ff,P0152,55.63
b40d4871-e4db-4a87-9c0d-513bee67a0af,P0210,5.87
b017898e-781c-4e1f-a25d-0fefb8a616ce,P0289,1.25
bf5c1742-7438-4317-8476-857a1490729d,P0008,10.59
1d758b9b-fc1e-4590-a0bf-59e573f61019,P0244,24.55
6d9102eb-411b-480d-b0e1-7b9d1fddf284,P0061,4.02
51bf8135-1ec1-4337-9c4e-18e50e82d06e,P0053,4.91
a0224ed2-a026-457c-81ee-554c6d1440e8,P0218,59.37
7d0a3d19-e5db-48f0-b396-df6eabc1935f,P0124,10.3
4f9a3d8d-1ae3-48c3-bba7-85984765e2bc,P0060,25.14
5238fe36-535e-4ac3-a2fe-ca72cbccc936,P0101,10.65
58874a57-062d-413b-a3d8-111eba18a37f,P0135,33.26
987fa3e5-8f14-4871-9505-011c81094140,P0144,7.54
3dedc8a6-138e-44bf-8421-e091e7994ff3,P0110,8.83
a7c49717-2cbc-4b8d-96e1-2d03199ed553,P0029,11.18
0b545ceb-9606-4ebb-8e8a-b49d029de598,P0069,46.12
2e4995df-3ea9-4abe-9f62-0a92de591335,P0104,10.79
f6c9e2df-9fff-471f-8338-c3337c2775a6,P0101,14.84
73f6e5e3-b335-49bf-988c-f56e3ce8bb90,P0273,189.08
6e858fb9-dc0a-45b2-b059-f20cf3ff059b,P0123,35.91
a94c489d-4278-46bf-a5a2-6d7304521d22,P0143,24.69
c6ef57ad-8e73-4b6c-948e-fd8927482ef1,P0207,40.14
e7dc1eae-02fd-48f9-b1ff-2211d01ec102,P0035,17.41
96a4cd79-3839-40f4-9922-7eb4ce718eab,P0187,167.58
3e9c5be2-7e4c-405d-9c11-51e0f445ce4f,P0266,90.83
81262683-dc97-4a2e-8d86-7d92299fbe8b,P0012,0.06
82a16728-21fc-419a-a226-303eb152703c,P0257,0.09
dac3c2bf-bf45-40a7-a346-78c73d120185,P0204,25.56
3c0f77c0-2789-45aa-828c-cc03c9d9d5d4,P0191,7.36
20ed12e3-2f78-4068-8f56-1a9a98bb103e,P0270,6.16
6b7a6b08-1601-4c3a-8c16-d816f7de547e,P0132,22.23
28bdbdb3-34cd-4d12-9fd4-b9e79b566044,P0061,124.0
b5826d1f-3358-463b-a1ec-1153d49b2234,P0262,70.45
78f28cec-e768-4fa7-ad49-50e3fc828de2,P0264,28.75
a8533a83-ea4b-4cef-8367-1a98407aee74,P0077,16.32
b7eb1ad3-07ba-4f73-83fb-87b9c0758d6a,P0235,11.09
cd32913c-c4e0-4924-bb63-aecd0d5e35c8,P0243,1.17
3dbb7285-3e89-48e6-a0bc-176e772f9964,P0119,47.01
c0816a76-49ed-40e9-84d5-8acfb80e3dfc,P0042,40.9
75860c60-f496-4cec-a754-da60db4a0733,P0286,269.98
62f52b54-0438-4cbd-8b8b-b23bc0333cfd,P0027,45.06
5d675b63-cafe-4368-ab9b-f66f9f11c762,P0086,4.83
a5b842f0-96e5-4df6-ba24-7b96dda852db,P0058,40.37
163ecb9d-0b07-483f-9f6c-a615f3fe0a3b,P0018,111.61
6256f01f-f205-4d11-a51c-77b8e719bf7b,P0262,5.36
aeb0ca9f-7cd7-485b-bfcc-6b71d2233236,P0012,12.68
85a195e5-28d2-492a-ab55-6fd3233fa9ba,P0004,15.62
0dfed972-2732-424a-acbe-4be24d1a1e57,P0009,38.12
1be6c683-148c-488b-8cc0-2e8c83329c3e,P0128,20.01
423a04f5-1827-4f6e-a600-dadd8994df1e,P0068,16.8
9d40d0fa-8fdd-440b-b238-6147671ced8e,P0248,16.1
74f819b2-e501-49b0-b5ba-fc67f837f7da,P0120,1.08
020a694e-268c-4db3-b91c-0c43105a4727,P0216,4.78
e5e1bdf9-b4fc-42f9-bd58-05f2498daeb5,P0062,49.03
900b0f13-e0c0-4a53-8444-34bd919c18d1,P0010,6.9
74dbd4ca-ae4e-4b96-863d-7be5543d621c,P0240,47.02
48d8fbd8-5217-4a7f-911e-218762418a8d,P0199,83.32
d728d209-f97e-4695-bd45-bb017c4d9c80,P0282,127.47
bc4a1ff4-87db-4cfe-af60-e68db68b6728,P0092,24.69
3ebc26ab-d081-491d-9f4f-bd946a0a11a5,P0259,13.41
4d3d1727-7a1a-4608-94f4-5a93f9b93c87,P0112,1.6
01745c74-0313-4bcc-9ed7-65e54efe2ae4,P0151,12.11
33a72c7b-daa9-44e7-9f42-3ebf19c4d1a6,P0209,89.48
75886044-69c7-403c-8bee-b2028b835952,P0121,15.81
efbb6271-ff2f-4e54-b10a-43b1cd407ed3,P0028,54.37
d565a75e-7140-48f6-ae9e-4ff3dff737e5,P0199,8.55
1eace4cd-5fc2-43ad-8787-c6a96f325c3d,P0208,31.01
4d2190f6-0e94-413f-92da-8dbd4f82f77e,P0191,23.3
62fd38e6-518e-4bdb-b2e4-c554f7e8db6c,P0229,7.61
42ff5ccd-93fc-4864-b033-d319ee4cbc1b,P0025,26.44
0db79aec-f5a5-434e-b29c-ff6d8b9fdbb5,P0004,36.8
663065b5-4db9-4633-bbb2-6523034bd8c3,P0269,74.63
f19ec5ec-c6b8-4cbc-93f9-8f6cac6de339,P0203,104.2
c45be5d3-382e-4b7c-a86a-26d1c49ab9fe,P0162,1.57
4ed9b8dc-1d72-43b2-b2cc-e0550eeb6912,P0007,1.32
76db2fb7-8e0d-47ff-b97e-ae6c0af216ac,P0081,11.23
393e271f-293a-46d7-8a76-e0a6459921f0,P0168,33.89
7d3dee9a-582c-4542-9b5a-dd9f383e0a2a,P0286,32.0
57a0f732-3f7a-40a1-9fe2-c8356560a889,P0226,21.97
ed9d739f-cd74-4fd5-9575-9b620cd5f4c9,P0053,9.8
79aef3b9-150c-4f16-acf3-cb4fcc0e8ed8,P0068,42.95
0f9cc7b1-cca6-4983-b2a0-959f861bddcf,P0113,24.08
826d0223-554f-4300-b7bf-bc236b44f901,P0157,202.32
3eae70be-508a-4241-9a5e-42680caec648,P0079,116.66
f6153cd7-2312-43cf-926b-12fe242c8f04,P0033,130.8
4998277a-62ca-404a-bf00-63674fb78e59,P0286,4.86
e5e1bdf9-b4fc-42f9-bd58-05f2498daeb5,P0129,117.46
8279fa4a-01f6-4eda-b79c-15963b494511,P0059,15.03
f4b8cef6-6791-40f0-8b36-95947bed4613,P0033,10.61
b2b2a08f-2078-4597-9f9d-dd7b8d7f4fd7,P0200,7.7
dc9f2f58-cb07-47a3-836e-6d1487edb36e,P0208,53.99
4e8baeb6-c9d5-42f1-9e4a-ab733e3dc12d,P0011,37.63
e6c60048-9b66-4b4d-9033-e900697f8a10,P0015,60.03
4cc35b4b-1ca6-4221-b6a0-ab69fb487fd8,P0062,18.04
10c2d7b6-fe79-40e4-9107-564b6ef10d98,P0245,43.16
5117e57c-facd-4e80-aed6-e705c54c433b,P0256,5.34
846a402f-edcd-4ec5-be8d-b44cfa4522b3,P0023,13.38
7b480e3a-3764-469a-8d46-a218aa57e610,P0299,62.19
4a2f0f2c-d1eb-45ab-88cf-c5e8b2cb44aa,P0182,21.95
02cc11ba-bb24-43e6-832e-438276f50f9e,P0162,45.52
9d45becb-4ed6-43e2-a794-b8bca3ea7efd,P0080,1.75
e9cb4431-5a7b-432f-996e-632932a9f632,P0210,156.17
ec67760b-50e3-4949-9975-5e947ae88c60,P0010,3.1
bc8d7200-3461-4ef4-9a61-3515878d4203,P0099,13.88
ee85987b-aa99-4b53-8508-1648ffc81d32,P0059,5.41
151b6a13-7b62-4a0e-b1e4-14ff5fd153c1,P0022,28.77
08ecb525-e4e7-43c6-8641-1d192ed901b9,P0127,6.86
dfb007a0-7da9-41a8-9490-74cb7c61b671,P0169,20.47
224a35e5-99a5-47bd-af58-b38cccc04f4f,P0066,33.27
825ab9f3-88f8-4611-af2b-5427718a2b3c,P0032,102.7
f240aa28-6959-4b20-a83d-53fcaaff26d0,P0019,106.13
f098117c-e41f-4772-ba4a-5de7801cf3a1,P0192,32.79
bf97db67-57e6-4a47-b65d-00f1b080b06c,P0069,9.24
d89d4590-9ed9-4178-84fa-1669fe307c79,P0036,99.78
60b62d7d-88b7-406c-a6bd-fa1e3dcd9905,P0053,4.67
b5384780-4f58-4c9f-b6c3-9f644bd803fb,P0066,27.1
5af5e057-be80-485c-a953-fe61ab919089,P0068,8.87
d948dec0-f34d-4f00-bf41-b7fb77e03d11,P0114,0.39
4e451b3a-6ae4-4a7b-ab1b-c575e7dcc817,P0225,13.85
43501286-c2f2-4d70-8321-d71d1f982d8a,P0133,13.19
e5e53897-507a-4c67-bcb3-761b4191c8f1,P0296,42.06
f54a94fa-2dbe-4dc8-82e0-ecbd3cb987da,P0217,30.75
18b572e0-5ba5-4d29-acf3-d183c6a08275,P0040,2.23
6c3c79e5-1d6c-4907-b5ca-a95b4e116f6d,P0206,17.43
b738ebfc-a5fe-461d-af7a-3336037b03e9,P0057,38.11
1ba0e8b8-ecf1-45c9-8a1f-8b4cd88fea6e,P0055,22.26
5543b362-f4f3-4068-9f81-8fdb080e8b9d,P0261,19.9
f7446af0-9897-4597-aebb-b521ca717a9e,P0226,115.07
13d4f720-8465-4a1e-a5ad-eb74afa2ff06,P0238,164.97
bd093688-f1fc-4f95-903f-daf635496749,P0006,13.38
2135358d-ef37-4c78-b067-44a5d02e29d7,P0014,57.75
852bd41d-faa5-4b2f-9201-2868d03bbdae,P0085,33.61
e309babf-db94-47f7-90ef-c5dc32f1dacf,P0281,80.65
f3947b64-e457-470c-bd8d-f9517ddc2fe0,P0235,20.54
25bc53d0-29c0-4cf5-88ac-31c894edfcf3,P0096,42.0
2765669a-3ff9-4ba2-b62a-3bec630da6d0,P0045,10.02
d00a53b1-6357-453d-bce7-06aa12b99dab,P0272,22.33
e855477d-4c25-4133-9cc6-f15e4b131fb0,P0004,44.87
8bff13a9-4b7a-4c10-a3dd-7d203a88e0d2,P0287,53.85
db84ee9a-e9cb-4618-9961-e76200f23696,P0192,27.06
c45be5d3-382e-4b7c-a86a-26d1c49ab9fe,P0153,99.26
f896b68c-bceb-43be-bf1a-a071cb34d870,P0267,18.89
89ad270e-841b-49b1-8f2a-8ac56d700eef,P0235,9.62
0b128b1f-0503-4beb-8d0c-c9c83e77492b,P0284,87.1
f986cea2-5f5d-4838-ac82-d59ce07bdaae,P0291,119.36
57246d11-0782-4c2c-b4e7-5bdae9b92641,P0011,37.51
a8767af9-10f6-480b-a9bd-4d6db0cf1f32,P0127,6.9
a9f49393-9006-4e03-ba3b-e1c08b10168b,P0270,47.73
bfe4b3a0-53f1-4dad-ab65-a2dffa4838b6,P0005,13.28
01745c74-0313-4bcc-9ed7-65e54efe2ae4,P0079,16.65
2a593b6e-917d-4a9f-8ba2-2621701ed684,P0250,17.07
b5901549-b976-48df-a6e5-5278c7d3af0f,P0192,33.7
dc9f2f58-cb07-47a3-836e-6d1487edb36e,P0016,65.07
324ce036-c202-4aef-a0f3-87ea2c5c8706,P0276,2.5
7f275a5a-72a0-4897-8726-d7361723b815,P0167,63.75
167057f1-d8af-49b3-9e75-501d91aa67d2,P0122,43.51
1c07276a-4b2d-492d-a11b-04daf17e4eca,P0282,12.0
1ecfde26-2452-4323-aaad-199f6b4a6681,P0047,9.48
6b747c44-9e21-48de-bae4-09e2c2086c1a,P0043,3.14
f4c95c6b-a877-4d90-a8b4-7267fff077aa,P0106,9.87
8e4f62eb-74ae-4db9-8ccb-9fc8f4f84787,P0105,45.9
d4fb2c90-dfaf-4559-9609-724564eeffd1,P0295,15.65
f7a434d4-d68c-4538-8602-08c88518adf1,P0262,10.05
d3cd3059-831e-4cc2-9562-7d9c166f29fd,P0283,1.45
a0ddc6e7-a9d5-4529-bfb3-0c5917d6319a,P0291,20.48
43d8ed69-6e20-40e5-b3e7-b11878f0805e,P0024,6.22
72d676f6-1562-4a8a-8dc7-e8786307b32a,P0235,59.93
2d4ee54f-2861-47c6-b90a-9a73e74b7a43,P0171,77.15
19dea58c-fcfa-4e25-ae68-6895c50f6847,P0118,6.62
51d08578-73ca-4c1a-bb49-a7dbd1cae9ca,P0200,2.41
817598a8-b7f7-4ada-858e-192e873b9ffb,P0068,35.49
0b060248-78b2-4265-ab62-7658138aa2ff,P0141,30.94
ee930232-d55f-4b08-8404-e5d8c84c5c66,P0298,2.38
c24113a0-5f9d-43f7-8b5b-b681c8682ef0,P0055,187.82
b5fe598b-c175-4f2c-a443-f07c9241e198,P0163,48.52
7c298c6d-3304-458a-a93e-fdef8ca82981,P0086,9.24
ae65edad-e9c6-4e26-88f5-5a7307301e9d,P0228,245.6
72a941ef-7a6b-40c7-8864-b7057ef42645,P0205,26.93
55b955ab-1fb8-4a7e-8a87-22622172156b,P0060,23.96
490d93a8-e7f9-4b54-ac13-f4095da7e77b,P0213,51.72
3bdc72e5-2196-4ea5-917c-31b3824cc99c,P0070,23.78
40655508-6fb2-45ba-aa39-438d244175f4,P0107,54.2
5e36f633-fdbc-48ea-8c05-8473cdf65e96,P0253,23.77
d615f47e-0fab-491a-b8b1-2692245acfcc,P0055,17.93
d65de4db-428b-44a9-8479-ba7202f44b02,P0056,17.54
ecdf7b3b-8417-494c-b39c-6a12ac6f94ff,P0187,23.82
038ad2fb-3e44-498f-b490-896852b59bdc,P0052,13.4
272b6dd3-c87c-4701-847d-80deea31d85c,P0281,45.87
3e304326-c20c-4233-bcbe-4328cd62591e,P0277,225.93
63ee0b22-9f9d-4875-bd54-ca84c125f59c,P0126,18.17
82b0550f-c794-45b7-b472-6051c29fa1be,P0293,97.35
7bb1cfaa-76f2-4c1d-91f9-114681536e89,P0275,13.92
ce5f6919-b301-4ca2-81cc-e2e81e15e159,P0251,12.03
04e964c6-ee9b-4394-9c92-6593d42f73f8,P0084,10.08
ceb23653-46b6-4138-9505-9985f76bf62a,P0060,71.58
f4b8cef6-6791-40f0-8b36-95947bed4613,P0196,62.72
d4f3564a-518f-4ff2-a36c-8e560a128907,P0087,117.19
de8f82d9-3c90-44ef-99c6-1e2d207c99b2,P0189,128.88
44e269dc-0514-4c25-ac60-ab98283329d6,P0043,24.7
7739365a-c31f-49cd-907e-9dbed3c8d65d,P0149,14.96
b872aef5-0ce1-4466-94b4-5d18986e4fb2,P0036,23.58
179c17fd-bb2a-4f3f-aacc-8910f1cde2a6,P0256,43.99
30410d0a-03cf-4677-a9a7-7bdf3e962be0,P0098,142.65
efbb6271-ff2f-4e54-b10a-43b1cd407ed3,P0056,64.43
cace4a4b-bc4b-4aeb-8b54-6bb69ec4d735,P0012,103.91
13eb883f-4e2a-49f2-8a6c-7d88d02436c3,P0044,91.03
57173d4d-626d-46c5-a035-0c1faa7429ae,P0216,3.2
998a274f-5073-4575-86b8-d1667505dfa9,P0208,12.18
a4ea32d1-c33a-42e9-aec0-402a2929f598,P0289,119.09
a421dc4c-55c8-4794-a6c3-f07a8e20ffb1,P0256,54.92
114642c4-e8c8-42b1-9d92-73efd1e5ff42,P0290,112.98
7de0a57f-0553-4674-86aa-3208e5f51bf8,P0108,41.86
57ee7b36-015a-49b5-999e-7944a5897c88,P0207,51.16
ad286a9b-aaba-439d-acd5-c0802cb6e1d8,P0134,82.78
9b90729b-e003-42cc-bafb-312e0b07e82c,P0124,11.16
70fa277b-3810-470f-933e-ce415b9094a8,P0138,17.83
ce5b40ed-3d77-4753-ad67-048c7b296b77,P0012,18.68
0d1d8fce-c588-480b-b358-194d5cb88b05,P0133,15.01
9369a857-1a7f-439f-9c43-435e4849c497,P0083,61.63
8b4e4536-92b5-477f-8b18-31c8fb2f20ab,P0033,36.0
0aaf5b6c-34dc-4a28-8ee1-b1cc69dcd81e,P0002,3.86
3686f36b-68ff-49a6-9930-5cb87c7578e6,P0118,56.43
d245ac5b-9e71-4d78-906d-03714674e148,P0131,27.69
35757333-b467-4fb3-a1a7-2ea2b438bdf1,P0021,50.02
02653fc6-4a8c-4249-96dc-dcaf56f845a9,P0060,27.22
894c46ac-f91b-4bd6-a3c1-71a780d2911a,P0277,72.15
75fcbbaf-8629-4d36-a844-fa9343e33334,P0179,2.03
fee8b8fc-a046-4283-b0ce-604cd88efe12,P0102,9.09
9e213a37-4b9d-4185-8799-d42dad7f26ae,P0185,46.12
3e7089f2-ee67-4d9f-9c69-d527eb6ecd8e,P0021,3.28
010d529e-c698-45e7-9bbf-091b6914744e,P0106,24.19
f96a8be6-b6b8-4184-8300-b9cb7b6f599a,P0264,31.99
c1923a08-9510-43ab-a324-ade696fc2991,P0245,151.54
c1d63e55-6927-44de-a4ee-cbdd146857e5,P0298,28.29
c0be03a9-a932-48b0-8541-8c04f1de1e1c,P0013,3.19
359509f3-e128-4708-a2f6-a5be55a2a7fa,P0197,46.48
2b53b20f-f8a8-4ffa-bb90-f9b982666bfe,P0019,2.55
7d8d6e00-6e5d-427f-a34c-9fad23f03bcb,P0023,5.86
8d564b96-e006-488e-9ed8-0173f8509aaf,P0279,0.93
0679706f-07ac-4c89-8fd4-635d813b9020,P0028,31.16
ca3834a8-9ba2-4039-b1c5-ab59d76dd13d,P0076,66.59
32d45017-0e8a-41db-8ed7-65989be97424,P0270,131.28
3686f36b-68ff-49a6-9930-5cb87c7578e6,P0277,9.14
0fde7820-8937-40a7-bc70-73b2b854a57e,P0075,3.03
137ea0d5-a54f-4dd7-8143-7bf3dd3b296b,P0104,166.69
4253a218-6674-4244-80a5-fad856228e0e,P0049,18.19
3aff8734-1645-4b6a-9aa4-2440e6a2e467,P0233,30.77
247db2e9-da76-4f71-86e4-ec78e5698110,P0055,32.75
90702f58-0e28-491c-82e9-8d6091e86657,P0260,95.17
ad7c010d-5857-4a8d-94dc-b0a66808471f,P0239,68.93
57173d4d-626d-46c5-a035-0c1faa7429ae,P0025,47.47
6dc20c30-35a4-47bf-a9dd-5cc907d1be88,P0222,22.93
febab24b-36c3-4118-b009-10d59d493d7a,P0004,38.76
2dc6ea01-746a-4174-977d-7e12aa16a21c,P0114,39.84
ecd5086e-8d99-4bff-9330-40e019201aec,P0010,20.07
d1d097b5-753d-41fd-8843-6983eb6b69f2,P0107,23.46
36293cd6-5cd5-43af-9dc9-769e4576168b,P0254,5.8
40655508-6fb2-45ba-aa39-438d244175f4,P0086,0.3
44a3d40f-0afd-49f5-bd1e-dea2da85d523,P0187,21.95
816b81d0-c141-42f0-af9a-0ef4c3254a9e,P0070,82.27
51ae580c-ad30-48ca-a91c-d2e659772fda,P0033,14.79
18952565-4872-4839-9660-151679382146,P0207,14.75
1a256df5-04cb-4615-8213-c08518144593,P0165,17.06
1552b7b6-cadb-407c-a1ad-2e0c2520514d,P0136,19.88
83153e7b-c87c-4390-b8d9-0c7f5b38250d,P0167,106.53
2936d551-74e8-4bdf-8adf-5845f1a60a82,P0021,41.88
398ca11c-22ac-4842-a255-ac6cc0b93911,P0026,69.42
f211d106-f05c-4907-9ed2-ddc7ca60f124,P0151,8.31
7a2fc07d-d640-46ce-90fe-015e8272842f,P0244,26.78
c35257cd-631a-43b4-8873-d30d0ec2495b,P0242,31.96
505f330f-2349-4735-925d-817dc0c6aeba,P0213,7.94
d542ec7a-63d6-437a-8545-2e81cf3b4f94,P0294,108.05
42882d25-e9ce-4e7e-bfb0-7cc52a470bd5,P0054,13.37
8481b5eb-bfff-434a-ab94-8e0b88678e04,P0097,147.59
e30b047a-e438-4be7-94ed-822dc8dec1f5,P0051,42.64
bdfc6bd0-bd7f-4995-a16d-2fe86ce84a03,P0030,5.53
d542ec7a-63d6-437a-8545-2e81cf3b4f94,P0233,74.78
ec62da7a-682b-4c01-a024-33f9f8aa6695,P0214,18.09
c18f0761-30d0-490e-a513-0ac14961fdaf,P0257,12.39
329579f7-a536-4904-a05a-dc20ebc9e282,P0047,29.66
62f78ab2-a3c1-451b-a8a1-da9f5af06c7e,P0244,30.84
62a72c50-6a4a-4b2d-a5f1-c77682fd423b,P0149,6.69
8c80820f-d85e-43a9-819a-d1da36910236,P0082,48.38
34103ba3-7d3c-4afc-b9e5-520a00c07e7d,P0235,21.64
871553f1-2ae6-4b25-838b-2fb997daf029,P0298,61.81
0f058cc8-0009-4f15-8737-e0422d69d4d0,P0193,0.93
60e54f1f-e15b-4da2-914d-3a0b2d98c347,P0095,21.93
38718699-9de3-4336-8556-21b7dd281a7b,P0234,93.55
6d924080-712a-471e-9bfc-e0a8e247689f,P0130,15.43
7d211d5c-497c-4b3d-ac66-df5897a656f9,P0213,21.66
ef7d9059-d7e6-447e-96e6-f56add3a94dd,P0292,82.88
b8c361bc-2fd9-462d-a690-85d1ce46049f,P0089,38.98
5e83c0af-4475-41d3-8424-1981ba8288a4,P0288,5.66
28d8d874-4b6f-4989-859e-541936c2b05e,P0241,6.78
d852ae0c-0a32-474a-b5d9-356dab30f40a,P0296,2.83
88322cd7-5d42-4493-a041-b11d34ea676d,P0268,33.24
d3e5e50f-51df-4220-8d67-ae6131c9c31f,P0005,0.56
06211067-3e1f-41e4-af59-450fb7b6c942,P0142,16.06
1f57a60b-530b-4623-a766-f804b7bbdc45,P0187,104.59
e537e89e-bbbf-4839-8c3d-060a520a8bd1,P0143,37.91
b76ae33d-8030-4f7b-b09d-4d6231e169f9,P0267,25.83
87f40026-4364-4a40-a53c-1aec920ef8df,P0140,58.76
4feabf32-a34d-48a6-9978-b3a43e5b794c,P0137,117.6
008972c5-dc98-46fe-a63d-cbd55f8c0327,P0094,17.83
dea885bc-7aa4-4e66-acdc-4bc15e897dfd,P0169,9.53
a2486724-9b8e-4c93-a02f-e7da09374a70,P0028,14.3
265ac0c2-cdbf-44dc-b654-eb00505189dc,P0074,5.05
20209251-9a64-4ec1-b6cd-6b821cef00e7,P0019,10.09
76cec64d-4c8d-4762-9277-413c7c566f4a,P0246,61.18
3b7d3177-bbf3-40ef-8474-d075200995f0,P0185,11.77
7f8c9b7d-99f7-414e-8297-cc474ea215e4,P0191,208.81
f79760f7-0640-4607-a21e-16ba4697b70e,P0003,16.71
68a17d08-7b8d-43b9-8fa7-b2ba12d632e1,P0274,121.35
d509a464-a8d0-40ac-85ab-02d8e608b486,P0109,3.5
28af304a-b08c-4ff0-ab85-b8766dc872f1,P0212,3.13
0a359f10-4e79-464d-9c01-ec1e2130a1f7,P0178,47.72
41c7afa6-ed4c-458d-8c29-4665c522b516,P0090,3.95
189fe3fc-6605-45c6-883b-822dacc24842,P0152,52.3
7df1dcd7-41f1-4465-8f5b-fcc52767b490,P0063,40.06
132af304-0521-44a2-acec-f8532b07b74a,P0210,18.27
51871803-6405-4de9-b6b3-699a7130af64,P0254,24.17
e371147d-f1f2-430b-aea4-4975519ff5c8,P0214,43.06
82ab9bec-d585-4b9e-835f-2677f36e619f,P0118,3.35
8547edd4-ac30-4e93-9023-ce9911efd290,P0046,4.3
70fa277b-3810-470f-933e-ce415b9094a8,P0160,40.07
440f2762-1c9a-45e0-8af5-4f2593ad8e15,P0269,17.39
83d029d1-1484-422e-9cdb-c5d17c5913ba,P0170,21.84
c616a5e0-c116-426c-b96e-77a92f011a68,P0175,3.51
83470572-1e61-42fa-ab42-19c87d187905,P0029,7.75
bb5d12fa-56d0-4b15-9f57-3e0b9b31071f,P0297,62.91
e57c49c0-2873-4395-ad5b-d527470efa4d,P0252,73.51
5988a3a4-8f74-481a-8a72-b2775fd284c5,P0231,37.12
37d1a7c3-58d1-433f-a19a-d0c84a66c01e,P0159,19.57
59db7e92-7741-40b6-8409-30493e0715ac,P0166,1.79
a7d423a5-3c2a-41e3-b9cc-c61f604aab0f,P0200,24.98
a5f4a334-f801-4d05-abee-556aad12ce1a,P0244,103.32
577738f6-124a-430f-ba14-762a21b9df64,P0011,11.81
97171586-835e-4184-9e84-8dfd5db781a1,P0272,9.61
cdfa18c5-b16b-4307-8b95-19ec4e7c96a4,P0107,11.68
cc7af329-d6b1-4858-acb7-63166f8aafce,P0214,34.72
26106e7c-3334-47e4-828c-a964058f7e42,P0110,30.11
60e0e047-0166-47b3-a245-d26934431cb6,P0190,12.72
2dce2088-0961-4c9c-b016-d214dd788601,P0221,30.94
302c47fa-db0f-4765-b878-3f2a825cd563,P0040,70.19
30fc4387-8d94-4615-a37d-3f7aa5d4afbd,P0198,14.99
7057b13d-d222-42f0-90f2-b4fc8327d39c,P0289,7.4
9af871a0-0c9d-4bc4-9743-ac6f15f8c13b,P0300,65.13
e267eb35-fc5d-4f6a-b364-e7dc6f2bbe67,P0161,11.35
9db7ac31-1527-4afd-8314-ef83fc86df46,P0163,17.34
220c9304-d122-4ba0-a746-0ade91513e21,P0299,50.45
0dddcd6b-a623-40a1-9b3f-1acb96dce052,P0255,41.33
1ecfde26-2452-4323-aaad-199f6b4a6681,P0144,4.76
7046099e-6bb0-4dff-9ecc-f03e4f51fb60,P0132,109.08
4af58e55-9370-465e-a99d-d7aef81dc61a,P0191,20.15
90c445ad-d865-47fc-94b0-a51f7472e616,P0180,95.49
dec6ac86-be09-480f-88d1-048d25e72a8d,P0227,71.34
d068a758-e992-46b3-9a29-6288c567ed5a,P0082,35.33
7bb7302c-b1dc-425f-96b5-1d1a7932b94d,P0005,10.66
e59e354c-f16a-4444-9518-db5179d63b86,P0100,83.71
f240aa28-6959-4b20-a83d-53fcaaff26d0,P0209,92.22
64818267-07f2-41e8-ad9a-dc630e097310,P0093,14.29
5b2fd42d-8b3b-4c27-b54c-abad4ee970da,P0197,60.85
0c42dba9-4166-438f-a07b-c3dd3c8a1bdb,P0300,14.69
8f22ce3e-9f11-49b1-bd8d-7a0ba9b55d3e,P0207,35.81
680287b5-531f-47b9-8c9e-0a9c00cf8877,P0115,0.49
ed678a97-b497-4974-8aea-a96cf1f3c35d,P0010,14.32
de8b3622-c617-4d77-8350-820825beba07,P0250,41.18
76db2fb7-8e0d-47ff-b97e-ae6c0af216ac,P0175,63.7
9bc998de-f451-4ead-a44e-75304f48ce58,P0248,5.29
98e59f66-d0a9-43b6-a0f6-3e9902a039a9,P0134,0.94
8229c454-6c22-4e40-81e2-9886d236402d,P0099,10.96
ce03d272-b072-44f9-90bc-a8a54c66f53d,P0283,3.46
94e06e59-ac80-4dfa-8c79-df929250a950,P0104,16.02
26d2bb30-b197-4ef8-beef-1bb69b2f6962,P0288,43.2
0248f5a1-bc0d-4879-8546-421ce19e23ae,P0215,17.3
56eed941-e0b2-4bc7-ba1b-cadad289d50b,P0027,3.08
ee3322dc-e1dd-4f36-9d1c-88c221c92fe6,P0145,9.53
0a5462c3-8617-47f9-97da-ef8fe7d6e4ec,P0266,32.56
023f7acf-feb7-4bac-b3db-108a1deec2ea,P0113,39.06
23e5f09d-9504-4606-9de3-8739bf01b66b,P0109,25.93
da1b2c1a-4934-46fe-a073-5d0a8cbe7180,P0085,49.34
34b19175-8cbe-4498-b798-77224e2b8121,P0225,92.18
8c4465d3-604d-42a8-b7be-3676a1596350,P0246,64.39
e93cbecd-f061-42d0-9be7-033e4864ea5f,P0248,9.27
23d420a9-d8fb-4989-9980-0984b0a43f0b,P0046,24.76
729caf6b-7e76-49d7-90b0-7164f5232959,P0023,25.19
a86e42dc-375e-4fe0-a49b-82b8585db937,P0155,45.9
b9082494-123d-43df-92dd-ddff48b582b1,P0045,19.49
cd41adac-0eb2-4b9f-a64e-8e55c0529a95,P0140,16.65
44474168-775a-4d5b-9b9b-d83fd1aff37d,P0143,1.2
94204e7c-4826-4b97-aacb-db0235dc4d92,P0036,7.49
0aafae43-af5d-4969-9990-eeaf3284c180,P0080,11.19
7d0a6da0-fdb6-4119-9ce7-dd847df726a7,P0045,64.36
c7a090eb-1f13-4e71-b582-b04fd3d0fac9,P0152,0.04
d4f08a79-d43c-440d-b251-a65f0a962635,P0211,52.66
0048ad40-cb9f-47e8-a701-3afa4b9f1f8c,P0094,33.04
0748c648-13fc-4f4c-8db4-85231484f2b8,P0272,3.02
559c8a3d-1b96-4998-ae1d-e3126ccfc313,P0052,3.78
de34ba4b-6979-47bf-8aea-798b0e1d4eb2,P0038,101.15
7ee7ce75-ea88-42e7-8031-9fe9afcc518a,P0123,33.92
74388509-bb37-4fbe-8ddb-19e91118caff,P0258,101.09
46399dc8-da61-4bc0-b6ab-71c476d5f388,P0165,13.57
5d675b63-cafe-4368-ab9b-f66f9f11c762,P0241,40.54
3653ffe0-3997-4369-a725-693db99fb58a,P0059,84.96
3de4324b-ba55-4d89-bf07-70d313fe1367,P0034,23.64
1d60ff9b-2a14-47c1-a695-4614cb9fc8d6,P0182,9.32
2fab9908-ddd2-4196-8eac-682f845c127d,P0071,100.46
4aab1e15-9fb2-41ea-bc68-f374267ca0f7,P0218,2.48
3c8612b1-fef2-4cc5-8950-1d3c942c6f8f,P0202,102.05
15b30801-a5e7-4889-b465-a93beaade817,P0160,34.92
bd4dfe99-de22-43ae-9d5b-c9260cb8982a,P0171,9.81
25373aef-4852-48c2-8223-6f90b8328e4d,P0179,1.84
2c9d8c3b-2603-429a-9793-38e6cc0a7423,P0079,90.26
5162c734-cb32-4604-bba1-3dd63a3c2655,P0095,0.22
355a0ff7-7794-4923-8c83-d8635f930c26,P0133,5.96
bab6205f-43c1-4805-a618-3de66b2dae24,P0283,4.27
ea18d974-38a2-43ed-94a9-07684d234ca3,P0213,9.23
a4b9615a-4be1-432f-b68d-f2d2b7cd8e38,P0152,39.93
583554b3-caaf-4436-964c-e863ea84c013,P0189,58.36
30a277c7-6133-4e10-8908-bc15026f8ee2,P0228,26.61
81cf3b71-6010-41e5-90af-e52748bc4999,P0218,18.03
ad48ff18-4942-4d4e-a026-57f566addbea,P0219,20.75
9f85cb97-f439-4098-84fa-699484f33bd4,P0213,120.17
dd3117a2-38d9-40dd-a8b9-b0f30f0ecacb,P0233,90.38
01326ce3-de65-45c5-80bd-125f084bc976,P0114,1.61
d2df2fae-ecb6-4ff0-8f16-236dd170e255,P0290,11.62
b6218deb-b8bb-4617-9253-10a4ef355a32,P0012,57.91
41d8e93e-91ab-43e9-ba0b-e286a559720d,P0277,13.5
ee4b5c56-7b8d-4a55-a5b5-3f9861c609ca,P0246,0.12
a5ea6b4f-13ec-4a72-ba0f-579ae7443e69,P0023,39.63
f33aa2e2-8c4b-4cee-8c20-4443bab6ae79,P0251,37.46
8823f95b-c59d-4e37-ba00-69df292606ab,P0228,6.68
03155f62-d286-47e2-be37-8d851799d3a5,P0096,50.29
9fc3cd7d-1449-4580-86dc-ee0565fa4393,P0155,28.34
5f3be093-2760-4b6d-b74d-be93c5789bf2,P0052,9.61
ec953656-b9f5-4968-a0af-553020f2831e,P0254,5.59
5c982bcc-ae8a-4b81-ae8c-3a106e2b51af,P0135,63.96
57168e91-01a2-45e9-9705-f9304c4cf8e6,P0145,50.86
bbaa9d40-3e66-47fc-985a-47ec0bfabd50,P0211,5.23
5b5437df-e179-420f-bc38-171f9928bbd7,P0048,20.74
0c94cd21-b834-42cc-a772-7675b9856c99,P0236,35.78
84b7c01b-53c6-448c-94c8-194a0a79732a,P0245,56.51
3178351c-76e6-400c-99c2-5ca1d7062d70,P0291,38.45
1321e0b0-02dd-48a0-83fa-731c794eec23,P0098,53.17
d336cddb-c617-4463-aad1-5a20c0b3e9fc,P0068,10.64
6493b618-c6f6-41ec-9dca-7e263b80aa2a,P0263,37.19
ad72238e-b72a-40ca-856e-978c3ac53c94,P0266,135.36
216e04ed-fa95-458a-9af1-b1f69246a48c,P0032,56.34
3e4c5dbb-225c-4d02-b4a6-3411b9f56692,P0230,59.9
70552d4a-411e-400f-aa0b-098d7e457735,P0232,27.56
db448e0c-4f6e-41ba-8a97-7076a6d8e521,P0275,39.5
ef68e394-e606-4f0d-9841-51c666e0d26d,P0074,7.18
dc51ad90-7f0d-404a-b9cb-c38ada12480a,P0061,5.22
b3b6a8d3-7d87-4e06-8f90-a873a65810ec,P0154,13.31
185ab1be-4b02-45de-a0cc-d7f670bd80e7,P0037,228.48
83f2237a-139f-4e5d-a3f9-ada82d51c48c,P0267,4.41
5fa25725-b372-458f-989a-07b866fcf894,P0289,33.99
8481b5eb-bfff-434a-ab94-8e0b88678e04,P0075,20.16
1dad64f1-886c-4c4b-bab4-1358423457bb,P0210,25.89
b5f70e8d-77ce-4840-9100-83c7bd662200,P0056,53.15
ae68aae9-1692-4160-979b-2ae71fda2134,P0149,14.89
6c34b418-7f62-485d-98d7-e3c11f691357,P0226,22.01
bc6213e1-c509-48ce-8e56-9e3e987592e0,P0240,22.38
7ccfbcf1-0964-45e0-aed6-2dd9c6c82386,P0241,29.73
e6638d0c-2803-4cfd-ac82-91f1287a5913,P0044,48.31
34103ba3-7d3c-4afc-b9e5-520a00c07e7d,P0252,74.74
80333ea1-dbab-4510-b1ca-1637504aa97f,P0055,161.21
37ca2dcd-6414-4c00-a361-51acb0dc56ad,P0028,156.72
dbfb9738-95a4-4ca8-849a-9fa1e193b17d,P0119,8.81
cd675124-5864-4acf-b5f7-8ed07d52dca8,P0015,18.58
2644acf4-d1c8-4adc-abe1-5aba80bc586a,P0018,8.02
91376904-4acc-4a5f-b586-ac2b3f080338,P0071,34.09
a0301579-1728-4980-af97-65b725769804,P0038,24.56
7b981c50-5e65-40ae-a07e-aadbb69e5bf1,P0066,54.91
ff8ef026-4f25-4779-82b2-ff6becf11292,P0284,11.75
583ad235-e947-4dbb-8020-d92b565cbac9,P0191,25.08
07b32532-ad74-40c6-bd53-3ecde7f0f4b1,P0005,3.05
79f95fec-5e35-4554-857d-7c92dd4da8ca,P0184,7.98
100e466c-2c2c-4a7b-a151-355ec44b112c,P0200,24.51
2361a6b9-7a98-4c4f-bbf3-aa4f509965b2,P0066,47.55
df3a50d4-c22d-4481-8e97-45f7c224eeed,P0118,28.57
c9dd5763-51a9-4621-912a-5b6ad282d5cc,P0267,78.65
85dcc233-f133-49e7-be12-bf23694a0f6b,P0069,39.29
d9036741-ebe5-4270-803c-e6c6a263d5a0,P0258,16.28
45589ee9-1891-4a78-a3d1-54fb167609f7,P0067,29.22
7de0a57f-0553-4674-86aa-3208e5f51bf8,P0181,57.72
793a6c27-9a38-420b-8499-538e235de896,P0238,21.28
0f16a46b-1199-4dfd-bc43-9c853632bb45,P0193,2.44
de34ba4b-6979-47bf-8aea-798b0e1d4eb2,P0135,47.82
e3593f67-ef96-4b38-9b37-012c59acf2f0,P0140,53.51
bbae032d-c2f8-4b2b-8732-8ee29aec54f9,P0026,87.37
43704df5-1866-4aea-a28d-a5b31998b5a7,P0273,3.06
39b0b8ed-d1db-4d33-ab57-3888b2081f76,P0274,13.87
9b07bf27-fe5f-43aa-9e4e-1026d560fe7a,P0139,2.27
65d14db1-b62c-487b-ac1b-0223dba8c630,P0289,2.73
9a31f857-2a2d-459d-b225-bb85a5f61ce6,P0205,0.87
3ed0c9aa-3a39-48bc-b023-755021cf19f0,P0295,10.46
ae72f4e7-a866-4771-b615-4eff8b3cc205,P0142,32.9
9789567d-1e20-480a-9cec-27fdb4c8fcb3,P0101,45.81
7ebb506c-d882-4dfb-8c49-af770072b98a,P0125,15.21
1ff251c7-796d-455d-a004-9598c997f5ef,P0074,31.16
29fe3c6c-9ccd-4bae-b2e1-e735fac64a35,P0027,65.35
39a86e72-4797-4512-9046-cf0333c26204,P0102,55.05
c476a1b3-0c85-4943-8ced-446bd6fe9d8e,P0104,13.35
093726f9-581f-492a-b362-8a223076a7fe,P0151,45.83
d1e1095e-6590-46ab-afae-8c8ba3aa43eb,P0013,23.96
6efd11c9-ed79-493c-81f8-3eb1ef3f594a,P0267,25.67
37e76a7e-d26f-4ce6-8674-c91d9bde3609,P0250,82.15
b9b07db9-056b-4759-af8b-47a11fee9ecf,P0209,51.99
1b7a0c91-7dda-467c-91e6-3dd45aa28dc6,P0071,92.01
21ff8a27-9d5a-4912-b5ae-bcb2c543431d,P0067,52.55
f0c0d1df-f571-40c6-98c4-840e5b6d3de7,P0202,18.07
6ca332db-338d-4f4f-b90a-e65747f436e7,P0240,2.33
8236c002-9578-4807-85f7-6bad6209dae2,P0176,3.42
afb3581c-5ee7-4042-8b91-575b1a5e412e,P0095,54.05
e0b9f823-8206-4e6a-86dc-ba0607644a54,P0083,66.88
35670c4e-4eda-411b-92af-c037e8aaafcb,P0228,0.09
2ef3ed35-5a81-49d5-9619-2125b860bfca,P0162,1.19
84a3fcbc-1ef3-4f78-9f0b-10e28c951297,P0278,23.84
a0cac214-c094-4ca7-b87e-ccdb2c3e039a,P0142,3.92
07536a73-1a28-4861-86fc-0d4ac4433abf,P0069,42.15
3c8edadd-34d7-480c-bdc2-40faac4b3d26,P0002,54.12
bf849717-c2ac-45dd-acd2-5979241b2101,P0245,22.46
265ac0c2-cdbf-44dc-b654-eb00505189dc,P0158,15.95
3e6d655d-f541-49da-b5e8-e5b58f5844a0,P0283,9.1
59db7e92-7741-40b6-8409-30493e0715ac,P0233,4.58
d36df0eb-cfe7-4391-8fb6-aa0fd57cbc27,P0050,61.73
41d8e93e-91ab-43e9-ba0b-e286a559720d,P0167,53.69
aad0f1bf-31ce-420b-b314-c1f77ebe27c1,P0062,161.45
55e1996e-606e-4d41-8060-b1e5fdb3693c,P0132,46.54
f5b32c01-ea73-49c0-80cd-11ca19cdd8ca,P0142,49.64
8274f165-4cf3-432d-896f-8e4277b80c7d,P0051,90.97
179c17fd-bb2a-4f3f-aacc-8910f1cde2a6,P0249,2.76
c2ffe466-567c-45f6-8d93-9dc55e221b14,P0048,61.52
f60b1e8d-3785-48cb-b52e-69a9ace855ef,P0068,42.26
d2e24da2-d60b-44d2-a15f-0d1e583c2719,P0191,14.35
b60a362a-0a43-4bdc-ad8f-2b4490555696,P0028,138.33
211b85e4-29fc-44d6-a0bf-5f6741180b32,P0043,8.58
5241adcf-cbfa-4748-8ca0-b489316bea2a,P0070,21.45
c30bf012-1555-4d93-8f2c-9dcce8867ef1,P0274,48.03
602e3a0c-25d3-41bb-a134-d77fb47f5c40,P0249,24.13
c94c9d9f-7d48-4065-96c7-12084a551eee,P0061,27.49
c02beb95-b09b-4d6f-9291-adaa59670953,P0019,6.04
36293cd6-5cd5-43af-9dc9-769e4576168b,P0057,73.45
594e148a-e9da-4b66-862c-03edfff7f117,P0023,19.81
de7d37d8-c9b0-4821-baff-ada429329879,P0149,4.28
229a54cd-b733-427f-89dc-24c749cbde27,P0121,4.42
372468ad-eca2-433d-be8b-e19ddf0d0322,P0238,46.8
2ef3ed35-5a81-49d5-9619-2125b860bfca,P0104,32.38
8eaede5d-6edd-4e8e-aad9-f56fc77cf171,P0027,35.6
5faf3c60-d7dc-4199-ac18-e05b697fa7df,P0115,28.3
b6232851-cb52-4168-9259-0fa4b210977f,P0278,82.24
c042a7eb-f4f5-4fe4-b767-c71b6203b6cd,P0180,10.96
a5bf9f59-8e87-4a61-8e2f-5c0b450c1e68,P0078,32.78
1e33e650-de51-454d-973d-5baaebf9679c,P0060,61.61
5dc8fa1e-d90f-4028-a601-e5f31636c23b,P0281,5.34
68a83323-7dc8-4172-bd73-02888d1d51c0,P0295,60.94
94e259db-e8a2-4e4a-9cf4-21c564710c9d,P0174,12.97
f26b35c0-1547-42b9-9f08-911306f9d820,P0281,11.75
dfa0def0-1fc6-4be3-9971-6fbbc333907d,P0254,17.73
f9e20033-a544-4f07-a5e3-c4972aaa1d43,P0072,132.16
4ae3c01b-8e59-4a3c-80ca-0e1e63a79315,P0108,38.09
0a6c9e82-8d5a-4953-82e5-0df5d03d80bd,P0050,3.8
83b67ef0-4e0b-4c26-8256-8400b2bde2f6,P0296,17.72
f5feb02c-6800-4052-b441-7143e6aa7348,P0109,10.34
aa274584-eb13-414c-8531-83b4426bc7f8,P0226,18.92
57988aa0-6fd8-4182-9cd3-aa7cbdd2d0fd,P0075,54.3
b43b3a91-2621-4724-911d-d27e46fcd4b5,P0280,0.03
bf4c53cb-0bd1-45f9-829d-116583670f1e,P0105,22.18
37e76a7e-d26f-4ce6-8674-c91d9bde3609,P0148,33.21
4af58e55-9370-465e-a99d-d7aef81dc61a,P0133,14.07
fe23e053-6695-4623-8013-e581f389d053,P0054,50.12
ae82661e-2e73-4494-b0f4-5ad7edba0f9e,P0198,64.79
5215bc1f-5a32-4fb0-9088-94be4c4c8d06,P0117,63.5
40bcd972-2f5b-4731-a801-3dbf371310e7,P0248,44.61
9af871a0-0c9d-4bc4-9743-ac6f15f8c13b,P0120,23.33
9316eafe-28f8-4801-a75e-53e33874bb2b,P0093,9.85
dd3117a2-38d9-40dd-a8b9-b0f30f0ecacb,P0285,9.57
f801a396-5600-4484-ad65-c10b19405b88,P0084,47.21
453be2c9-cb1b-44f2-8af4-b2d44e7240b3,P0061,70.32
cb0b9cc5-591a-4c53-ad5d-284ba299d457,P0037,43.7
9607b224-3c13-48f7-a87b-ffb0829e0a2c,P0158,75.2
2bb2ff0a-0426-4864-80f8-e51e4a247333,P0078,42.12
d15d388d-d881-4cdf-9c08-8aed377f190f,P0284,23.21
7c652f6d-48d1-4042-8dff-7cf5fd557b30,P0161,46.75
a2a2a00c-7926-477e-9e55-e57ffb8e2186,P0075,91.9
fc361615-4bdc-4557-b0ae-2d80fd7c3eea,P0174,19.88
122cd0bc-f1f2-4a67-84e6-72b0fae09214,P0168,19.92
21d7fd1e-1434-4e7b-be34-9dbd1383be1a,P0154,87.16
8e2be4c2-65ff-41ba-a8d9-8a0b8d6a5661,P0051,4.32
4ddacd05-d766-4ee9-8c6a-30b28ba4bc50,P0177,12.05
fa6999da-4309-4826-bc06-3738fc53abc1,P0250,35.15
1a8596e2-9091-4be3-9c39-5bf66ebbbd69,P0051,25.51
9a9ac4cb-df62-4e15-bc5c-69b4f7c3c7dd,P0060,3.07
ada2013c-f9a9-43e2-8ed5-3f621ef199ac,P0030,7.23
3ed0c9aa-3a39-48bc-b023-755021cf19f0,P0183,107.91
fa0edffc-6148-43ec-8b87-a1bfffff39e9,P0010,49.34
f69981e5-e736-4259-b8ff-cabfb3a6b1ff,P0115,86.44
9bf56001-220a-4b6f-b95c-39ba5e72046f,P0257,29.97
9a2baf51-c33a-4d7c-b969-7f7ef02b70a4,P0045,13.51
c0999aad-6a80-4a34-9297-de046b5d41eb,P0141,36.36
01db43c0-e92f-4f49-814a-68f3f659fa9e,P0172,15.42
6162aeb7-5fda-4dac-96a1-474dd6533d05,P0165,36.0
714bf240-4b54-4e32-85cc-8bb1e1238aca,P0029,64.74
1c07276a-4b2d-492d-a11b-04daf17e4eca,P0174,14.36
e963c4aa-720e-4641-bb09-afa55e493703,P0157,61.62
f670c38b-9285-4d67-b9bb-55426273956d,P0279,13.6
c1be2961-369a-4d7b-b07a-3ddb7ca05611,P0132,0.65
d15407a4-e05d-4b22-a714-78107c4431c2,P0281,4.68
b06d4855-df98-45df-a010-0cc90c241b69,P0011,9.6
e37c6c96-fe79-4965-b34e-8d4871736871,P0110,47.63
709cf81d-e145-4fa3-8830-f009b731dbdf,P0274,29.3
ad72238e-b72a-40ca-856e-978c3ac53c94,P0288,161.01
9784455f-ac82-4f03-a8f4-e845b22392c6,P0207,19.73
46354fa9-5e1b-4689-80c8-fa0364f4c196,P0091,21.14
e64809d3-ac55-4ab1-b84c-639f11bd698a,P0275,10.58
a35eaaef-453e-405f-b6a8-c175bd4816e5,P0237,14.52
73c104de-8840-4be9-8d17-385eb2199bae,P0014,37.22
78b4210a-9232-49d3-9fe7-9bcde57e86b2,P0102,10.87
7ee7ce75-ea88-42e7-8031-9fe9afcc518a,P0019,22.92
1c2bd965-6496-4506-bb68-86d0dd52f862,P0093,40.45
1962bd51-14aa-486b-9157-cdb5d2c98e96,P0283,12.21
09871e22-8b0c-49a8-9f1e-f4a191a3abe1,P0195,8.48
bdb8dd41-9ae5-4d70-bc1e-7113ef57a448,P0097,53.16
afae8f20-7f1a-4c0f-84fe-a0e935fa3605,P0079,4.24
53391973-ca1f-4ef9-8eeb-d14491d524f2,P0047,19.86
84cb0189-143a-464b-a654-6287c5e0265b,P0001,42.1
1eafe9e5-81ac-4eba-9b55-1cc96128dafe,P0131,48.87
84a10171-20c9-46da-9e7b-5732592d4333,P0284,40.44
ec67760b-50e3-4949-9975-5e947ae88c60,P0278,16.6
ad286a9b-aaba-439d-acd5-c0802cb6e1d8,P0052,69.13
cecf3e1e-9e9e-488b-92c7-e0ddadbde977,P0278,13.92
89ad270e-841b-49b1-8f2a-8ac56d700eef,P0194,16.46
19c1b1c0-7a2d-42bc-beef-b5cdea804995,P0078,0.64
05da47bd-1ffa-4657-81bd-5f0f6322821d,P0097,3.57
4c07552f-7044-4463-8102-fa05fcc56da2,P0186,53.66
f9435c8e-cf61-444b-a383-ee8529ac2e37,P0161,14.41
5f421fd4-eda5-4642-a49b-9da23b81abb6,P0298,139.09
3b2b3e73-0a42-455a-94b3-00f8a4ee8980,P0050,44.36
39b66090-1825-43fa-a3eb-3520b29b4c40,P0291,117.08
710d1e3f-9d69-4407-bcbc-802f7538c14f,P0174,0.81
12eff27a-2162-4b5b-9bc0-127c07092b68,P0280,15.78
5215bc1f-5a32-4fb0-9088-94be4c4c8d06,P0015,53.13
dcfe71c0-369c-435f-a6bf-5aa1cda2030a,P0056,35.57
a5bf9f59-8e87-4a61-8e2f-5c0b450c1e68,P0043,92.42
363dd551-0d3e-4a58-b407-fcc828b8cd6e,P0041,18.82
917609ae-7a54-4623-93af-ed32809f89fe,P0033,18.17
d77d4e33-2635-434e-8a38-966b1dbbde6f,P0279,2.0
ed2425f0-ed22-4c36-a53d-93635f54c714,P0061,90.0
aec06a50-db7b-4fb8-bb52-e552aae1c516,P0136,35.19
0fbadacd-bcf8-4a86-a06b-90bf84804519,P0115,17.18
1f23d838-4210-4e25-a0e1-d16da2fc2e6b,P0050,55.5
70cf9998-a8d7-4cc8-9a4d-14c2d81c6aff,P0109,33.19
02d6a61c-3c79-4042-a0ef-f5757ab62661,P0179,14.91
4da703f0-65e6-4839-8074-527b7c3a651f,P0165,31.29
fcd26cc8-42e4-422e-b9a7-3d4b17aa619a,P0186,16.65
4b9e2e8d-0556-4fa9-a54c-62e9313db390,P0170,1.23
47120d8a-e72b-4cea-a389-02ee6cedba49,P0183,4.9
faf1a81e-6cec-4ece-8051-53055d3a398f,P0019,7.15
0a906472-5fc2-4163-b9d8-5348a5261fa0,P0157,37.49
72bff2f0-caa8-45db-a0dc-dce43a42e5bc,P0294,31.56
a03b71f1-2b76-4f9f-ad65-d77a2a21e974,P0130,97.74
c795def7-e57f-4fa2-9300-e28cfee5e45e,P0284,38.05
cd63163b-3f51-4b64-a8e7-6296ad628679,P0112,58.98
b5826d1f-3358-463b-a1ec-1153d49b2234,P0202,52.77
87a7bc15-c881-4e59-92b5-91078221950a,P0210,28.24
ae24feca-4c33-4ae4-a7a5-0d4c504eb803,P0270,14.27
139e93fa-a4d9-44ea-afba-7bee519126ae,P0167,9.22
72e1ce9d-da0c-4d0f-af1c-532650bee4f0,P0114,32.96
bae403a7-42e8-47ae-b50b-613715fc3bf6,P0265,42.57
0a304ece-923d-456e-b1d1-415b719cbeba,P0049,9.13
20b086b2-d6d9-49c5-87f7-997c8fab0a36,P0173,18.08
4c0efb15-4d2f-4d84-bf4c-0d4d2a8fb8b0,P0219,5.02
85dcc233-f133-49e7-be12-bf23694a0f6b,P0049,37.86
bafcee0f-c8e4-471b-a5bd-accc1a5c8961,P0083,65.01
db356137-d7cf-48d4-8914-16d855ff3388,P0176,6.27
d565a75e-7140-48f6-ae9e-4ff3dff737e5,P0285,26.46
bb090732-a81c-4e7c-a24f-3c3b26342a99,P0012,4.51
b9da52fe-da33-4097-829b-3ecfa94544d3,P0190,29.46
9316eafe-28f8-4801-a75e-53e33874bb2b,P0084,10.41
40fb07fb-b406-45f1-915a-84fccf34fe01,P0119,64.48
b19de9f3-1329-49d3-b388-0c3fba7e0c67,P0075,19.67
edd12dc2-fbaa-40e9-b66a-0c1d9f8cdeab,P0293,19.6
6f722a0e-71c1-49de-81f9-94c06a3e76e2,P0192,14.44
aec06a50-db7b-4fb8-bb52-e552aae1c516,P0269,67.79
5dbf69ca-12e5-4c0a-b1b2-6cced878db9d,P0236,79.46
95311419-eb5b-4521-9b93-d35d4bfd413e,P0061,33.89
4b8f7a9f-33d7-492f-97a0-5c009aab33ab,P0123,14.98
181f4ff9-c41c-4254-8311-bac8d46bfe78,P0262,2.89
24b904d4-047f-430f-8d84-76f57439249b,P0227,6.62
82066f89-c0e6-4b90-8270-3a45e0da3215,P0197,23.79
94e259db-e8a2-4e4a-9cf4-21c564710c9d,P0197,6.32
02d6a61c-3c79-4042-a0ef-f5757ab62661,P0203,25.53
b478a3cf-2f4a-477e-bff1-910e559d1b06,P0079,25.85
1b88c397-fae3-4f41-979f-f44d182b9317,P0215,7.27
bbaa9d40-3e66-47fc-985a-47ec0bfabd50,P0021,38.44
e2a217f7-c2c4-4fe7-a484-1d7492c7b95f,P0260,15.42
fa1d9114-8de5-4152-83fc-e8517f8a2f7a,P0195,29.18
b50411b2-20ee-48ee-aaff-437d50a6b057,P0078,24.33
ee094e64-baaf-49e9-9b83-b0e3d3e8c8da,P0200,29.6
d9587396-7e7e-4eaa-af9e-cf497206f6c1,P0225,0.43
19dea58c-fcfa-4e25-ae68-6895c50f6847,P0045,35.12
e0dbb23b-fd8e-4409-a7be-2dea3522aa98,P0215,10.77
a7bba96b-edb3-4702-8d94-1875296b33b5,P0251,15.04
20f3cd90-d078-4b06-b418-8bc3fb743264,P0027,10.21
2cfb78b0-0e6b-45fa-9e9c-3354a9b4d63a,P0125,102.79
dc06c8ab-d6a3-47a9-9cda-4d89e12c8d69,P0084,12.77
50485785-d592-4b58-9710-97bf3fcdbbec,P0146,8.59
f7f5eb92-06da-4a05-a3df-510ba2f6ea35,P0133,43.36
1420e3fe-6d5d-466f-8403-4e60f7a06a4d,P0260,22.33
a5f4a334-f801-4d05-abee-556aad12ce1a,P0016,26.82
832cdf3a-433c-41c4-abfb-f661ad16cbbb,P0137,84.33
f718b58a-cd87-40e8-b383-a5c21b8076b5,P0249,34.38
19f05d82-0f52-4a90-81f4-76030308f452,P0055,170.75
55366a28-9da5-4341-84b6-2c7e2d71b989,P0009,78.34
e5b301ba-d5ab-4f00-8fc8-834b8489bd2a,P0112,27.74
b067963a-7a2a-47cb-b434-39e798c52564,P0183,48.99
e35ce1d3-c3e3-4a89-948f-7133ebe67277,P0037,97.76
b017898e-781c-4e1f-a25d-0fefb8a616ce,P0275,20.08
7930f813-f75e-4922-a269-81d2152c4efc,P0154,8.59
03155f62-d286-47e2-be37-8d851799d3a5,P0133,2.78
413cb11d-f108-468c-b7e7-cb526cffd821,P0118,3.74
39b66090-1825-43fa-a3eb-3520b29b4c40,P0036,1.01
2038d605-8eec-4629-a4f4-dbabe19348c1,P0124,94.25
166281ef-b28b-42f7-9ae5-067c8a91271f,P0260,12.84
01076a9c-ffac-4781-ae7f-eaa6ad82e871,P0024,4.61
b5a2a163-e360-45dd-8c5c-bf0490e995be,P0188,15.67
cbe93e5d-a13f-47ee-a93e-42829a03d1e6,P0296,136.42
592c4e39-24a7-4fdf-afa0-a877932a310e,P0166,6.79
4f31fc14-d2ec-4b04-881a-3e653a721b6a,P0143,50.58
c595b242-5b3f-49a0-8f4c-f4beecff3d79,P0173,11.91
163cc34d-d9c3-41cf-bfdc-5273e0ab5e34,P0094,13.91
f5b724c9-89da-4233-9392-08b482b8e362,P0005,36.56
4497840b-3c18-44a2-871c-7fed144caf89,P0207,14.24
26c694e8-64da-40b3-b05c-d96028be45f0,P0144,24.49
c46f5229-48b1-46c0-ae98-d35baed595e3,P0153,21.93
ecd09b4d-d248-42b0-ae7b-a45c79e99d7b,P0283,55.53
1c455787-dd14-4082-9dad-afcc141f8ec3,P0075,42.36
20b086b2-d6d9-49c5-87f7-997c8fab0a36,P0268,65.94
ba60c30a-07ba-478d-ba82-21ea239191ea,P0202,68.55
0e320a44-40c5-431f-9cfa-a730544d4bef,P0300,18.89
7a057ad2-ca1f-4066-b210-22238fd87030,P0191,18.67
a2ac916d-3c62-46c0-b1b2-a3f9d0ebc6ed,P0205,22.95
6ef0a107-d774-472b-b3e8-9267b679d5e6,P0072,3.42
801398a1-324d-435c-8620-2837eb6c1c68,P0151,54.81
5d265032-8099-46dc-872e-28357d83a14b,P0252,23.71
96a72a01-cdca-4ba6-92a4-984fb99ebdce,P0198,8.27
91a7bb81-3d12-4991-a9e5-4706de0e8d10,P0045,52.42
02d6a61c-3c79-4042-a0ef-f5757ab62661,P0146,4.73
bbfc1ab4-7ea7-48f5-a184-36af20bacf4d,P0070,62.24
6665422e-4177-4ef1-a491-0c7d4ef91dbd,P0006,2.88
5b455e54-7a7d-433d-9189-35b90eef914f,P0016,58.15
976f19a6-fc20-426f-b089-7e99445190ad,P0231,8.75
6a0d3a8a-baba-44ab-be2f-763fc15ab507,P0288,4.01
eb909080-05f9-4eff-b65b-c4bd5f17b777,P0078,2.02
2620cb5f-2fef-4a7e-9d83-3043f57685e1,P0240,36.26
af539309-d9db-4c4e-8975-ca1cd129f00c,P0016,205.86
c5b5961f-2592-4224-a7bb-18f2e4f36339,P0093,26.52
69bb7619-2231-4028-8e4b-239ddeba1692,P0082,0.49
758190bc-9572-45f6-90c6-ed1fa479d6b0,P0095,21.67
11302be5-a86e-44c4-b8b3-37e5bf2e4168,P0279,41.05
c031ec31-02f1-42eb-9828-4b0571d82ce3,P0196,33.85
47abe9a9-5743-4b7b-abf9-45fbc015d8e8,P0176,63.49
7a892297-4a40-489a-a0b9-24fe46de7d31,P0171,11.34
26ea7d58-bd2f-4347-a854-bd2ca48e883d,P0047,79.61
82209035-c58f-48ba-b63c-a0e17e54f81f,P0126,20.15
7a70c8ed-3966-4b9d-9cea-e54ff5735dc5,P0092,13.28
43ca7525-ad1d-4dae-a975-f9605776da99,P0184,18.8
375804d5-54c3-4f99-a361-22b7c3b807ef,P0263,2.4
74e9427b-ad2f-46fd-bf34-d7ef3a6a435a,P0256,13.84
59951f6e-75b1-48fe-9085-d6d8d4651b5a,P0047,35.32
7480763c-0a2c-4fdb-8637-1a5a4cdc02f5,P0056,27.94
032ca1fa-5e90-4e0e-b5f8-9dcf21747a3b,P0156,78.15
2a1e79df-bb43-4e84-8136-f99649cb0e9b,P0001,74.52
95b39d3b-7147-4ae8-bc77-188578bf0a2c,P0078,8.16
80433aaf-edae-46af-bd9b-939e3a6998b0,P0065,26.34
7803ff3b-4fdf-4b9f-b221-560be540817c,P0245,2.66
83c624ac-9ac8-4d00-9ae1-00b6ffa6a90b,P0167,9.4
877eba03-3f74-43fd-a8cd-6f04a93ded56,P0189,40.23
5117e57c-facd-4e80-aed6-e705c54c433b,P0177,84.8
5766c3d9-90dc-48ef-a7a5-7cca764c6b88,P0256,88.09
0c136b16-2bdb-4d6c-ad99-030243becc61,P0038,32.86
6b41075a-5aa5-44e1-8972-288864e3ad4d,P0135,17.54
f923d54c-9b58-431b-afa0-1cadabbaa379,P0104,8.85
ae223508-34b5-489b-9efa-c02939418a2e,P0226,52.21
047b01da-4f24-412d-b391-e52907e60ae7,P0134,161.79
75860c60-f496-4cec-a754-da60db4a0733,P0239,36.88
c464fa6d-571a-48b6-9d16-53693a1f4803,P0260,4.28
cfe4432d-9f24-4718-a318-e7abc6e8274d,P0053,41.63
4dc7d127-2710-4857-ad9b-c20ee5b239db,P0197,7.76
a94c489d-4278-46bf-a5a2-6d7304521d22,P0215,38.74
e8c8a28c-2f2d-4582-a2be-ced6cc64d746,P0290,19.69
381f2c4b-22b5-4f87-a3b8-ffd0e9675dcb,P0134,12.47
44372776-5a63-4b4c-b034-e5c50fd743bc,P0197,115.46
ffd00612-565e-4d24-a721-885a487d2379,P0050,59.16
9567e6a1-ff5e-47fc-bee9-8c3ec9fc3912,P0103,52.86
72bff2f0-caa8-45db-a0dc-dce43a42e5bc,P0077,8.86
a1bf3b64-79f7-4cc0-88ef-54fa736c2931,P0028,39.78
4b9b638d-4e9a-476f-bf2a-f060f098bc81,P0230,17.52
3441d92a-89ee-4684-adfc-4db11037b913,P0153,108.54
d548ffcb-d989-4278-912d-eec29bf9b20c,P0135,16.3
b45edfea-8e95-4c23-9ea8-4d879a1bfc92,P0009,5.14
d4de374f-8464-448b-a0e3-625c4961543f,P0202,9.28
02cc11ba-bb24-43e6-832e-438276f50f9e,P0076,9.2
38a293fa-1a2a-499d-bb0b-a7663cf1711b,P0297,18.67
72bff2f0-caa8-45db-a0dc-dce43a42e5bc,P0055,4.45
493207b8-dc61-4ee9-a473-aefb6eb3c80c,P0259,46.09
e718298b-2479-4cf8-8ac2-1e8336aadf92,P0005,1.33
acad03a0-0a69-4098-bd6a-f7cc85b0f2ab,P0281,39.71
b6e3206f-57c5-4e4c-bd73-c289db98d777,P0131,67.53
5792fdeb-f2ec-43ed-8028-b397688cff72,P0256,37.43
f3947b64-e457-470c-bd8d-f9517ddc2fe0,P0165,82.19
9ca065fc-56fb-4f29-af5e-e2eb45518f90,P0032,3.09
56df5adf-66db-4acb-9b1b-9432ad100c60,P0171,101.39
54f16d0a-6e27-4c5f-a172-d9fc820f71e9,P0033,9.35
e92e0809-6db8-43eb-b24b-037764f293de,P0023,47.1
6e092bbd-7c08-47a9-b4a4-feb4a3cbd978,P0205,33.35
b4a04ce2-0275-4a8b-b8e9-5de48a040fed,P0108,53.42
9ca065fc-56fb-4f29-af5e-e2eb45518f90,P0027,8.13
297a37b7-3c47-42cd-8750-ba2bc6853861,P0244,0.43
831cb2f0-2dca-4f39-8e6f-6e44fee6faae,P0049,1.11
9ff1d9c0-f231-4310-8e60-817b200177e5,P0177,37.7
f863d2ae-27f9-4293-a7ee-082565fb132a,P0275,28.59
c5249b6f-fa1f-4353-8ab2-6719479f5f36,P0036,8.26
359051b5-48fe-4d88-b64c-b97e6020a36d,P0216,41.52
f2275a1a-5add-470d-a901-cd150c2c7da0,P0184,72.19
7600af4f-7d02-453d-ac64-91dd8a0f5fe4,P0078,25.01
a1a33bb2-e998-4b99-a41a-68d51c9ff980,P0078,41.36
e662653c-6ce0-4be8-a110-88278f66126d,P0016,23.64
961ed627-b7f9-4fba-9ca9-f40b517bf777,P0089,17.14
bbc5100d-0a16-463b-922a-126d31862287,P0279,75.58
a1071ead-a654-4a4f-898d-2d9e2ee85583,P0234,16.05
5b2fd42d-8b3b-4c27-b54c-abad4ee970da,P0039,34.86
69481391-7484-4f24-b51c-11fa2d12b04a,P0131,13.64
b7c203ae-163a-4bbc-a936-3c1a3d40b67d,P0093,11.4
4cd79d08-0341-458a-a20d-f434ea983fdf,P0132,36.74
871553f1-2ae6-4b25-838b-2fb997daf029,P0098,15.7
50987ec0-8105-4b8f-96eb-b6cd4a45289f,P0148,18.68
743cef1d-4ea7-46ec-8e98-0178536544e1,P0250,26.09
343251f8-c06b-4796-840f-7d5f468a7de3,P0048,2.76
4cccdae3-819c-49e5-973a-325a6293c2fd,P0202,63.74
2fef1eb8-4a28-4af2-968c-071c9f25b920,P0198,57.54
afae8f20-7f1a-4c0f-84fe-a0e935fa3605,P0235,24.88
025ca879-2f2b-40c5-a842-166d3abec108,P0016,10.23
e1d32451-f349-4dfc-90a3-9dab5b4557b7,P0049,30.83
e980b026-2b54-4767-8d6a-8f5d3ac8fd85,P0131,27.05
c7a090eb-1f13-4e71-b582-b04fd3d0fac9,P0112,23.51
420be224-0652-44ca-b23f-39c665d604dd,P0034,8.26
2f8f7b4f-ef4a-461c-b135-accb1a61cd2b,P0047,27.92
e267eb35-fc5d-4f6a-b364-e7dc6f2bbe67,P0234,80.31
d9cef3b5-de3c-45fc-95a7-e548f412b53b,P0245,111.14
6905829e-ef49-496d-b49e-e8d6df9e40d2,P0077,8.4
e632a912-4a8c-4dae-ae37-8ac453444c31,P0143,36.84
ef20a7dc-9695-48dd-b391-917d157be5f5,P0009,149.36
499d0c6a-fa0c-44ab-a415-cd231d4a31ab,P0108,34.82
7a2ccdb0-dca0-437c-9cb8-b364340a46ec,P0046,91.34
b0a499a4-9b09-4334-a3fe-d00b4cc26e7b,P0072,31.94
4f3a08f8-6402-479f-8022-5ab95b47f86d,P0178,7.82
2631634d-6422-47e6-ac55-6d7cb2e246a5,P0106,53.58
c7711d58-cd84-4a66-b7c4-86c0368397cf,P0064,64.49
3fc591ac-d221-4683-a8d4-157cb29a4f47,P0213,11.85
52fae6ec-42ae-4a23-8020-ebcddb93c99b,P0180,48.04
3e7089f2-ee67-4d9f-9c69-d527eb6ecd8e,P0282,78.69
8ce2eab7-d25e-4614-9ed8-1d8569f1c470,P0071,1.35
47697df0-8c62-467c-98bd-025ddd3099b7,P0238,83.58
2d3db9ce-09e9-46b5-bc23-9eda6a355f0f,P0286,8.01
2230d676-54a6-48f8-bda7-9508074fc0ed,P0294,39.94
262bf929-c72e-4ca2-853b-82200bcd183f,P0209,8.62
a0a72323-2aff-4217-8317-8f570342b3c2,P0078,15.55
cde25618-f052-4d3f-bafe-198fb8da05a4,P0201,52.18
534ac803-ad5a-4ade-aef5-c49c1a964459,P0049,60.17
00cd15d5-ddbb-480e-8983-7e21847fce15,P0176,11.37
b0ff1133-18e1-4c5f-b78c-1f888e304a88,P0155,2.99
dbf672d6-4d6e-401e-81b9-9ef3cd9f4e43,P0139,4.64
0dac7325-997d-43fd-b8de-ce7565d72a54,P0213,13.07
8cc6a4f4-c0ca-42f1-9844-22d9259ce4dd,P0082,47.95
7e27c5b0-570b-4568-9e43-c5c515883dba,P0051,53.86
29fe3c6c-9ccd-4bae-b2e1-e735fac64a35,P0298,22.84
01419355-0f19-49cd-913e-5acfff13fd51,P0137,52.73
da0eddf2-fbd3-45b7-8086-7e064241b34e,P0243,26.29
a3d3683f-b11a-4858-af41-c3567f7a044a,P0022,51.81
28bfc8bd-648b-4a9b-bad5-18b9299ed241,P0218,9.61
d6f766a2-af00-4ca7-9ece-c2264d7a431a,P0009,77.72
355131d6-a185-4c9c-8c8f-582e48a0307b,P0135,111.13
870b585d-f7b4-4cd8-b237-b6ec11439ae3,P0019,0.82
b89dc1f3-a49e-47d6-bc27-6621e666d291,P0118,54.37
00e7ffed-db71-4dfd-8bce-247a22fa55d5,P0232,18.16
2826134a-3c0c-457d-9c47-831f8f52aece,P0119,31.03
f52ac336-4b11-4f82-a652-ab5bc7bc18a9,P0173,5.05
dc44a9cb-80e7-473a-91da-cfa15d26f5f0,P0205,126.61
3aec3abd-6126-405a-93d8-df1e56cf1532,P0093,90.44
0cd28d8a-828e-4e32-b65c-045c2332f0c7,P0016,3.48
ffd00612-565e-4d24-a721-885a487d2379,P0153,29.0
2ac0d4bd-cb2a-4301-b5a0-0efa0856bf10,P0202,99.85
7c50d064-17f3-4d83-bd0e-5a9d673bc76c,P0019,9.69
4b9e2e8d-0556-4fa9-a54c-62e9313db390,P0047,82.64
100f9088-a291-4bc6-8a44-f2b0255fc5c5,P0060,2.23
e0f288a2-ee4e-4276-a9ff-5d339b295865,P0189,24.03
cb7a3486-6e31-42f7-8226-1e8b0d2e2ec5,P0037,71.68
91ca62bf-5351-47d4-8eb0-af114079d6cb,P0274,20.73
2c6aa3e0-5574-4fbb-ae11-87977e51ff3a,P0263,43.77
cc0975a6-6ca6-47a3-96f5-9b093ac24678,P0020,9.92
71439816-75c0-4b5b-9808-0611d18b0b2e,P0151,36.49
472c46b2-230f-4907-83e4-34b19e281527,P0085,10.13
182489da-3a28-47d8-9dc1-39001642d2da,P0205,16.93
a5f3b939-1508-4a07-aeac-13df7ac39f0a,P0119,57.03
e37f092b-de9f-48f4-93e7-afa2dbd1b104,P0181,14.34
f26f2b26-7e6f-46ba-b6eb-ce467ac556b6,P0091,64.27
abc74dcb-08c5-49d3-9d3b-16b053ef76f6,P0236,80.98
dfc02785-75c2-4a47-8963-488aec4175cd,P0108,14.27
34103ba3-7d3c-4afc-b9e5-520a00c07e7d,P0067,136.53
a5f4a334-f801-4d05-abee-556aad12ce1a,P0111,22.27
969e8b31-21ff-4c1f-aeff-ef8d2f5225bd,P0089,25.24
0823cce9-3b01-4693-ad01-640c94036047,P0084,10.04
fc715351-9317-4032-91b5-6aa777098a7f,P0003,65.91
d7c0a6f1-9594-49cc-b35d-a3c0fcdb8870,P0002,25.77
d4f08a79-d43c-440d-b251-a65f0a962635,P0168,48.51
f5af9027-2b5b-4e27-96d4-5a0c5576291a,P0221,138.17
82ba42df-58b8-48b4-9c50-e238c51c10e4,P0200,120.02
22842c76-a829-4811-bb2d-e67bfa4f0690,P0223,88.44
d9b6f83e-7f8f-4eac-9709-5e18da2f9dc2,P0073,9.89
ace682ad-0237-4bbc-a026-82db9f7b191a,P0082,38.4
6ac23f56-d56f-42ac-b97d-9616b1a9af6f,P0002,34.06
0d46d00d-32dd-4f89-b512-1fecd115c5f4,P0148,7.26
7cc645bb-7a06-4211-b4b6-fed0163e8e8a,P0152,11.21
db2a6e0d-ebc9-44a0-954a-a324e5dac60e,P0144,41.1
148bc91f-3540-4531-87cd-c66cfb2424fe,P0036,20.29
0b060248-78b2-4265-ab62-7658138aa2ff,P0203,7.7
a1d54506-7666-4c8f-b9d0-7b7b04726a26,P0108,68.51
871aeadb-af97-49d3-8346-65c0a7197863,P0231,274.88
49e12abc-6639-418d-873b-5407d3f2d114,P0210,3.93
52c315d1-ae16-4ada-a940-5ba2bb1794e0,P0222,13.32
479fc3ff-5b55-4491-a8d4-8e80d5f6f2c5,P0293,9.4
eec7ac59-5683-4eb0-a5fd-ad1faf166eb8,P0056,38.8
c0a9fefd-c4cd-4f74-b03e-7897f8f22b39,P0234,26.57
4af2558e-6e5a-4ffc-83d8-68c863caa49c,P0014,19.76
9f7392bf-1ba7-4e16-9a94-4cc6c287241d,P0271,56.95
606cb1e0-4787-4815-97df-e500a4c22cfe,P0154,130.7
9fa1176e-9ae5-4a64-8df7-e8f00dcecd9f,P0093,33.28
448ec53e-fb06-4653-b5e7-7b127f793192,P0077,19.36
3d6d7ac4-88d0-4e29-9ad5-b1954f1f4287,P0044,40.41
7c652f6d-48d1-4042-8dff-7cf5fd557b30,P0135,6.47
b19f38d5-dfc1-40de-86f8-fa39c4877c59,P0133,63.85
39e1b19c-5100-46a1-b7be-c2c99d9a637a,P0187,79.9
76e4d02b-2bae-426f-9657-24dbf9362ae1,P0224,90.2
e9e9119e-7b55-45dc-89ed-5039665c9171,P0023,10.42
c7fc5921-f3e6-42b2-964a-92eaff6daad0,P0191,57.52
c6802fc4-acdd-4edc-8307-132f148958d4,P0165,64.95
079ca1aa-aa10-47a8-8898-e6523152b116,P0038,18.75
1e936b64-e089-41d0-b801-07bc0cb0010a,P0089,23.44
a1fe4d6a-07fc-4398-9478-ce634cbd930f,P0176,27.26
846248cf-a941-4d2b-8b3a-7e23e9f1a11f,P0041,45.38
23849051-9b37-4fb2-bf94-5e48f06dfc16,P0007,74.33
ee930232-d55f-4b08-8404-e5d8c84c5c66,P0225,10.67
8f090cc7-b293-4bda-a1f1-34f5958cdd6e,P0023,70.93
8f0d8ad6-49b8-4984-b005-d011310cdcac,P0297,78.61
93782ffb-7ceb-43d4-9096-3b13d72113be,P0095,20.39
ae24feca-4c33-4ae4-a7a5-0d4c504eb803,P0003,79.64
01466481-61d2-4b49-acbc-2dcc6d9eb9b5,P0200,31.67
38bcad02-262e-4878-beef-02e52a7943de,P0025,20.33
bf09bf42-98f7-41c2-9d94-f759b05d5941,P0298,59.85
cbb70599-de8f-4f3f-89f6-9ebd3517b748,P0097,26.08
498628c4-95a8-46d7-b324-b95eb86e0600,P0137,13.77
65a10676-27af-4d29-8fd9-7cb971172572,P0092,13.47
9e1653a7-3e9f-4f28-a104-6c6816ebf397,P0225,32.59
9b07bf27-fe5f-43aa-9e4e-1026d560fe7a,P0091,0.57
d9587396-7e7e-4eaa-af9e-cf497206f6c1,P0290,3.87
e11a6bd5-fa0c-4cf5-8187-afd0b5874349,P0269,0.04
10f6b73b-6850-48fd-a9b3-91d131d43c85,P0166,0.43
1a65820e-dee7-43fe-a14c-60dade04f1df,P0116,37.56
d376b497-68f5-4d3f-ba75-490053192b90,P0026,58.05
caf7bf96-12ed-4b3b-9244-ca9119bd8c78,P0260,19.41
e228626d-b477-49b7-84da-e8ece036bb7a,P0084,56.36
8b62089f-9cb1-4e00-9060-4a421eeb1b4f,P0181,14.71
de940728-137d-42b0-ba27-3893367163b6,P0008,8.7
43e55935-4688-4700-a3be-09f09fd545d7,P0067,77.72
35c68871-e1e5-444d-8ced-bf3befba17bd,P0253,69.51
b4e9607e-54b9-45d6-96e8-3f68e51842fc,P0076,30.86
a71c00b0-ae62-4ab8-a349-7b17d061e582,P0132,88.03
fd853b09-c529-4318-87b7-ece203fed9f5,P0160,97.01
b7eb1ad3-07ba-4f73-83fb-87b9c0758d6a,P0045,31.53
cd1f1c49-bb54-4f60-a2d9-59883c823af1,P0229,52.4
93918d3d-526f-4435-8d52-4c6dba35ec42,P0300,34.41
e28e242d-c190-46e4-aae2-de8ee3235e85,P0297,25.82
ed0e10e5-74fb-4610-858e-308eb8d113c5,P0222,26.95
453be2c9-cb1b-44f2-8af4-b2d44e7240b3,P0169,43.12
f8920820-bb8e-4baa-b964-f25fbcd62c3a,P0231,98.82
afe5fdcc-5233-457f-87a2-5c8e2a9e84ef,P0221,20.74
10800fd1-d37e-404a-b9f8-948772f0ca4e,P0140,4.48
04a8847d-6f79-4e3d-8034-8e3468aa1f9e,P0111,8.87
c4f3bb15-d19f-4560-b3c6-8c36e683f3c7,P0035,20.46
f819aab3-96bb-4866-acce-0deaaef44ac9,P0256,1.81
e87de402-084a-4c45-8051-9c9b592f2ddb,P0185,30.89
7fe37477-cb3f-400a-8d3b-c16b860c5083,P0136,56.12
9f9d7752-e7a2-4d12-8fea-dd32271ad2f2,P0130,165.85
a2cd47f7-4fb5-40a5-a7c3-dcb5bc27cac6,P0001,73.39
d7cf8773-7cbc-4fea-908b-7c97a082c9d1,P0298,52.0
74388509-bb37-4fbe-8ddb-19e91118caff,P0116,19.46
1e936b64-e089-41d0-b801-07bc0cb0010a,P0156,59.27
71741287-120d-4296-986f-d4c256014d54,P0152,16.58
9784cac9-2b05-4df7-aa48-cc81c1361761,P0297,23.88
d1197bf3-d12e-4dab-8393-717dcbb15338,P0110,15.72
137e0243-5a6f-4449-b485-246e013f66f1,P0124,59.72
f53a6cb4-0af6-44ab-8426-66b125c4e400,P0192,18.41
f60b1e8d-3785-48cb-b52e-69a9ace855ef,P0147,64.92
20a03414-8555-4675-9600-49b53cf4fa40,P0190,17.79
b3560185-ea4c-4b56-b4d0-74bb53e51700,P0111,23.88
08b6a13a-6115-4df3-96ae-89f034bb462d,P0123,57.31
05ed58a3-c1b3-46a2-9bcc-19324272348b,P0012,5.71
7fe37477-cb3f-400a-8d3b-c16b860c5083,P0201,13.5
5e2bd7c0-cd2c-42d8-ba4d-1aedacd5266c,P0169,4.04
241b2bc1-d74e-4501-aede-4d92fe35e0e2,P0294,77.21
dfb7ba34-01b7-4d13-96dd-7ab3790d8263,P0189,12.26
c763d6e4-4e13-4b55-91a6-c12854494903,P0118,13.91
498628c4-95a8-46d7-b324-b95eb86e0600,P0218,0.23
c45be5d3-382e-4b7c-a86a-26d1c49ab9fe,P0178,42.53
11302be5-a86e-44c4-b8b3-37e5bf2e4168,P0281,43.88
11302be5-a86e-44c4-b8b3-37e5bf2e4168,P0197,24.59
ecf15e2f-1ca6-4f16-9c02-ec8d3204e6a2,P0013,7.54
634af49e-0275-4493-a878-9d94f170fb55,P0101,8.47
a93e65c6-c326-464b-aef0-b5edbffaeb19,P0132,12.55
b2b2a08f-2078-4597-9f9d-dd7b8d7f4fd7,P0155,35.01
1a64084f-b833-4e3c-bddc-8bfb07287a90,P0232,137.6
372468ad-eca2-433d-be8b-e19ddf0d0322,P0049,66.82
0d9d60d4-8549-48f5-bb81-a0d0b2fd88fc,P0069,74.13
30a277c7-6133-4e10-8908-bc15026f8ee2,P0233,50.93
65bed8c4-b1db-4b28-a609-7c878358eec3,P0067,162.31
0081c57b-895f-443f-93d6-3ae8a46c027b,P0292,54.45
745ff306-da73-4350-91c7-2f5bd4daf2b3,P0033,27.21
4da703f0-65e6-4839-8074-527b7c3a651f,P0104,6.75
85ea58ca-d2de-4f03-b497-c0b3eef7f9dd,P0261,38.82
4dd30627-3cc2-4604-ba19-870f38bfb847,P0133,10.71
c273523e-8f78-4998-990a-9d17ef3db6ff,P0176,102.11
e5ac93fd-2d1b-4c6d-8003-8b93ca01465f,P0282,40.83
02fcc2ff-f867-451e-a3c3-c98181a857f9,P0272,5.6
7a755e03-0989-4479-ad59-bf55720fb896,P0088,7.86
de1b24ae-810c-46c1-aa41-27b552ed8583,P0217,80.86
96f3a93a-a04c-4918-b087-27d25968e559,P0142,50.73
64dd604f-92e3-4f33-8235-1b93e3c7ac2e,P0073,21.04
f593097c-afc0-44d3-9498-2082d92a6b4e,P0186,41.85
df3a50d4-c22d-4481-8e97-45f7c224eeed,P0207,7.48
a14c21f1-6ab3-462b-a51a-9b28c93e9dc0,P0189,177.61
f46451d9-8011-4877-9a67-20573d60405f,P0198,38.9
b06d4855-df98-45df-a010-0cc90c241b69,P0159,2.04
74559581-94d7-4b17-a579-7782726ea0fc,P0056,13.0
27dba5c1-5f6d-4b12-94e4-e931b475823f,P0257,23.86
736d0ec0-01d5-4b1b-ba5c-d8259dce9ccd,P0296,22.69
8c4113d4-9c98-4e73-841f-f21e1fabad7d,P0005,57.59
f3260e79-44d6-493c-8e04-e2cd31aca251,P0275,2.48
3f5048a4-181b-4e46-bd37-0258c912e822,P0225,22.41
870b585d-f7b4-4cd8-b237-b6ec11439ae3,P0094,87.46
59d3837d-ea66-4103-b943-b598f9673df1,P0102,85.06
bb2f52df-7126-435b-8ca0-055d48530d24,P0293,65.23
c168ee7d-06e9-472b-942c-4087bcbdc9ca,P0202,17.97
aa433fe5-c170-4ada-b7b8-60b054934001,P0101,14.17
97171586-835e-4184-9e84-8dfd5db781a1,P0010,2.22
d19b90c7-1690-4f85-bdeb-e37796fb6e59,P0156,40.85
5d089bbf-4c11-4ead-a2ad-69b565536605,P0083,66.85
81288e56-42e3-4d54-a4ae-521dbfd002d8,P0074,39.29
582880f1-c755-4e53-a3cb-93a31b12cdb5,P0104,39.82
8d165dfe-665c-4fee-bc3b-c13d14531d10,P0215,86.6
4a8025f7-1247-41c8-b6ee-ea4d7669ebe7,P0007,35.36
c0658686-b96a-4da6-989a-c79f6cde71ec,P0208,10.84
95c91291-c592-4add-a172-db7e39194309,P0091,17.28
e68abbc9-652a-4709-a574-55fd58f0c729,P0123,120.74
c721d1c0-6e21-4c36-976b-7fcd8cd747d5,P0008,44.17
92e0bfbe-aa70-4d56-9350-95772a104080,P0086,50.47
e1218776-682e-42a2-95e4-cbfd94e34230,P0160,1.72
bd093688-f1fc-4f95-903f-daf635496749,P0032,0.58
619e5ebd-255d-4e41-8fb4-ca2362b799b3,P0192,185.23
f891a19e-47f7-4e86-ac78-cf9357712df6,P0089,54.02
bc801302-fd6e-4a1e-b34f-fd96c8e73618,P0105,53.48
24ef1b21-7a94-4716-bcf0-612fd09b3f01,P0101,22.02
ea54029e-0e0b-46a4-8092-24baab163d3e,P0107,0.47
8f599caf-5780-467c-80ad-6cc5e94b0767,P0299,27.48
892e32f2-d459-4d90-ad91-28b6d7e6388d,P0220,7.79
c2ffe466-567c-45f6-8d93-9dc55e221b14,P0061,13.7
73576c7c-77f7-4a4b-bb8e-206b48d48207,P0154,87.68
4b061afd-4aa0-481f-b4bc-1ea35e54d46a,P0202,31.77
1f23d838-4210-4e25-a0e1-d16da2fc2e6b,P0230,10.49
e35f676b-9c71-43cf-93bd-e65a162aaeda,P0249,50.62
6493b618-c6f6-41ec-9dca-7e263b80aa2a,P0037,61.19
e1f00424-2e8f-4d52-9a8d-afe772e5b941,P0177,14.15
b68e2d5a-6f31-49bf-b70e-9655934b9398,P0062,35.88
59c6a947-3301-434f-b01d-01d969ef860d,P0146,19.84
afb3581c-5ee7-4042-8b91-575b1a5e412e,P0044,40.25
3fe24863-2fa6-4977-a689-889e58aaf424,P0249,14.98
82d2bafc-d0ff-4431-a015-231b6fbb7adf,P0057,128.66
66f06724-e6c9-4366-902a-22dfeb7ea609,P0134,42.35
8c1baf7d-9678-4201-954c-2b2ede2c2a47,P0022,12.67
b83918b7-8054-40ed-8771-18bf88807512,P0079,11.08
c94c9d9f-7d48-4065-96c7-12084a551eee,P0255,70.45
18365591-2e0d-422c-9de3-f7c3148bc373,P0009,8.57
dea98198-839a-44ce-8621-4736d17494d6,P0009,0.35
37e76a7e-d26f-4ce6-8674-c91d9bde3609,P0246,34.89
fa0edffc-6148-43ec-8b87-a1bfffff39e9,P0183,1.98
e4c6d72e-9a48-4e67-834a-af3b5cc9fc9e,P0207,28.28
7943c072-797a-4c11-ae53-9c08e4e9be35,P0115,50.94
045ef2fc-f88f-496f-a215-d2d2f1c4c480,P0119,1.06
9e1653a7-3e9f-4f28-a104-6c6816ebf397,P0186,104.41
96092ea7-ca0a-4194-a866-b4c6f4d1adb7,P0139,5.5
816b81d0-c141-42f0-af9a-0ef4c3254a9e,P0235,11.2
dd582b6d-186b-457e-b3ff-d48918039bcc,P0018,35.59
5f30ea00-33d7-47ef-b39b-61dd285cfacd,P0069,110.41
fff46fd8-99a8-4ad5-8718-6687c2259c1d,P0003,40.62
4dc1727b-9ff1-4100-ba32-e3a6829e09a7,P0050,42.18
d1d097b5-753d-41fd-8843-6983eb6b69f2,P0275,3.77
b8146968-a21f-4712-a877-4e1417daaa78,P0205,18.5
a305f059-e5b2-41ae-a926-72ef788f8b7e,P0076,9.22
b4fec70c-a474-4239-9e35-fcc1753acee2,P0035,12.42
dbac74bc-40f4-4902-812a-8658a476cf60,P0170,39.26
5cc8fa26-89b7-4da4-ba1a-6f71d4588a4c,P0293,24.68
bc801302-fd6e-4a1e-b34f-fd96c8e73618,P0149,18.67
59db7e92-7741-40b6-8409-30493e0715ac,P0124,6.18
ae7f8fe1-20ac-4643-a2a4-8bf9a821924c,P0063,123.17
95311419-eb5b-4521-9b93-d35d4bfd413e,P0054,34.49
886f043a-5e94-4090-b439-bed7a41f5584,P0024,17.37
23b21dc4-47ec-491f-b16c-331a5e15f903,P0203,49.43
82b50a93-0478-4604-9c4c-f8db045437ed,P0027,134.24
98bc8750-5140-4c92-a4e5-093a2402d584,P0175,29.02
d36a9318-13bb-4a88-befe-6d787d8bbfa1,P0292,4.29
6486e5d4-082f-4983-a90c-a2dd3dbf4605,P0036,23.41
671f3fd9-3043-4b01-b9e2-0025e841e54f,P0264,2.01
ae7f8fe1-20ac-4643-a2a4-8bf9a821924c,P0016,28.19
09944ace-a351-4b37-8c71-bdaf78a311db,P0089,114.12
ea41f531-66c0-44e6-a392-a4c7d2516653,P0254,35.86
4c07552f-7044-4463-8102-fa05fcc56da2,P0146,82.79
97103519-d092-45a6-8f2a-92cfc1e44715,P0083,53.02
b5c0ab0f-8e42-4319-b45e-26f9421851a9,P0033,38.02
32ce095e-c82a-4509-bd88-c16a5b982fd2,P0068,32.34
6dbae5a6-7f02-49bb-9df3-07ffa6f77fb7,P0127,1.76
c7f03e2d-16c7-4cba-8906-9225ce372183,P0120,50.3
1d097d1d-dbd7-42e5-90c0-d737c2d8e86b,P0237,1.73
52ae14ec-2796-48fe-8535-2ad43509b749,P0003,10.82
8ef9433f-2789-4a5f-9a69-998644d76441,P0166,155.63
56c86468-67de-43a2-84e6-1bc950742d80,P0120,30.75
b0023f5b-6df0-4142-a467-af715856f7ac,P0046,32.37
182489da-3a28-47d8-9dc1-39001642d2da,P0187,29.26
a3649547-3dea-4d00-b53a-7a302208580d,P0123,10.62
9f26698a-8463-4ac2-a93b-3207bd7f5136,P0151,33.21
0e3e9cee-238d-45e2-8234-914e7536ae57,P0251,14.84
3178351c-76e6-400c-99c2-5ca1d7062d70,P0277,7.67
0f16a46b-1199-4dfd-bc43-9c853632bb45,P0102,40.26
50987ec0-8105-4b8f-96eb-b6cd4a45289f,P0141,8.79
2841f806-1895-436e-8ec8-d6eb1abe6512,P0180,143.59
a21139c0-a14d-4500-8904-084d6c19c2bf,P0058,5.7
c0f18c6e-0b09-46cd-9afb-16878c335d14,P0133,20.16
420d51d8-eaa2-4a8e-9bec-55d2c792f7a1,P0165,0.34
e360fbb6-ee58-4fcc-9c24-ad90a705086a,P0141,3.28
bccbb513-20fa-4ef1-b426-7cf0957ffad6,P0169,16.48
e596277b-daec-41ed-ad31-1c46e3089c16,P0054,105.45
c06cfb00-64b0-43f8-bd54-5b79fb937c7a,P0282,4.14
e5e68f33-6a80-43fd-9755-3d80a53d03db,P0277,1.81
9a48ed05-fae8-41a2-bc51-dc0454907f52,P0095,98.99
b62484b4-6ef3-40eb-a433-ac110cdf32df,P0053,14.51
fa7e474b-c41d-4ebb-baac-9c742f3b1760,P0048,32.99
89ad270e-841b-49b1-8f2a-8ac56d700eef,P0006,64.12
91ca62bf-5351-47d4-8eb0-af114079d6cb,P0005,57.25
e20c393e-303c-496f-bce8-ae71cedc30d2,P0022,35.96
d6bcc23e-f48d-4028-9f4a-5030dd5e2e68,P0290,44.98
8ea90baa-69fd-4c1b-959d-c20f050dbe24,P0214,72.86
a8d0e240-6341-4ba3-83e4-26f0523c82ee,P0088,34.99
ee4c490c-7724-4f2d-8b99-fa5ddb800488,P0273,7.08
fc711dfa-fdad-46c1-bafe-ec64003a7be2,P0247,20.82
0da9f238-3f67-416d-bda3-efce703d026f,P0095,81.14
9a31f857-2a2d-459d-b225-bb85a5f61ce6,P0171,18.35
47ebb431-40c5-4e89-9411-124b977ca592,P0279,7.62
fa1d9114-8de5-4152-83fc-e8517f8a2f7a,P0213,22.27
a8115d6b-13e1-4759-9b88-b8c6b5022021,P0175,8.1
c0816a76-49ed-40e9-84d5-8acfb80e3dfc,P0232,11.27
d0004651-1c0d-4c4d-a3d0-6a7f54221f6e,P0080,40.74
e2a217f7-c2c4-4fe7-a484-1d7492c7b95f,P0051,31.22
b5c5bd09-ea2c-44ae-9203-65fc3333f7e3,P0067,63.15
6004a0b2-dea9-425a-8edb-b629b07131f4,P0086,60.66
251958ae-6992-4e75-99b5-4d1820522904,P0121,2.54
d728d209-f97e-4695-bd45-bb017c4d9c80,P0210,46.73
de8b3622-c617-4d77-8350-820825beba07,P0120,51.48
87652b4c-6a1d-47ef-b851-537de9f1aec5,P0100,41.97
15a3b228-2564-4102-9185-882997ef4a2e,P0294,70.7
75fcbbaf-8629-4d36-a844-fa9343e33334,P0129,41.84
68d13bf2-6bfe-4b52-9dd5-bf837076112d,P0251,51.59
355a0ff7-7794-4923-8c83-d8635f930c26,P0015,12.51
fcc7b211-dfdb-49f5-8eba-c8973336966d,P0105,69.9
7930f813-f75e-4922-a269-81d2152c4efc,P0195,2.82
6d924080-712a-471e-9bfc-e0a8e247689f,P0167,37.81
8304bb1b-8fa3-491e-a0a5-63d85afa6b41,P0154,19.77
57ff97a6-2b1e-495f-a38a-2a14bd6be202,P0147,39.52
6805e6e5-9da2-4e3c-b714-552a9271a213,P0200,70.55
f405ec3a-479d-404f-aab7-cf7cb9510637,P0256,6.55
f391d3d3-9dda-4aa5-9165-e77974536038,P0253,9.41
9304025a-3ace-4dbd-8b12-9e8a8d3fba08,P0189,82.05
d4f3564a-518f-4ff2-a36c-8e560a128907,P0187,33.38
215c3f5c-6076-40d9-9720-978a9af68b21,P0208,56.79
2c9d8c3b-2603-429a-9793-38e6cc0a7423,P0070,11.18
9c46d9c0-54de-4807-a425-69dc9aa4bdd6,P0099,59.49
62fd38e6-518e-4bdb-b2e4-c554f7e8db6c,P0169,25.45
4f964dfa-8d88-4002-833e-74eb55f76dc5,P0141,35.58
137e0243-5a6f-4449-b485-246e013f66f1,P0211,80.81
bc801302-fd6e-4a1e-b34f-fd96c8e73618,P0064,33.78
77d75b4c-cb9a-4d88-a5d1-db2038e1c26a,P0071,2.09
97e02654-737d-4556-883b-4af740a59383,P0212,11.51
62a72f5c-d5f5-4111-9e52-8efe7e8e7f49,P0158,47.9
98f8038d-c21f-4967-9147-148135512d96,P0234,12.59
f2c0ef7f-6c66-4284-8396-9b737b518169,P0285,9.22
6017f8e8-0fd4-4d49-972c-c27edc850a17,P0024,0.33
70f1c59b-09bf-422e-a96e-0380fd8528b6,P0123,5.47
2278a437-0030-4a2a-b410-e3ff0f207279,P0050,15.34
badc0be6-cd0c-4065-8160-f1e9f040d160,P0028,31.21
781fed15-3427-4526-9873-0fdc6d3955f2,P0024,7.82
aec06a50-db7b-4fb8-bb52-e552aae1c516,P0095,180.61
d75b3052-e742-42ee-aa4a-65e2835cebeb,P0018,25.23
8f599caf-5780-467c-80ad-6cc5e94b0767,P0101,3.25
88b6dc41-4967-4b6b-81fb-0d38b5b484e7,P0243,23.35
b15a1ace-32b6-4df8-a59a-9fa2fc4cf519,P0206,1.26
28af304a-b08c-4ff0-ab85-b8766dc872f1,P0202,93.14
95415948-414a-4950-83a8-89093699681e,P0191,62.09
33a4c9d5-1182-48bd-9da6-881f8ded60b5,P0031,28.01
3b44b6f8-47da-4730-8d38-00f210f57972,P0152,3.59
100e466c-2c2c-4a7b-a151-355ec44b112c,P0034,17.29
be2bcbe0-a4d2-480f-b9a8-7ed56b0fd6f2,P0275,12.53
3e7089f2-ee67-4d9f-9c69-d527eb6ecd8e,P0082,7.24
f187ba79-9ecb-43f8-904d-e4ab6bc77789,P0033,127.79
76298ce5-aeaf-41dd-a12a-ba27c32b8062,P0137,130.06
587e8c86-28c9-484e-90be-cdd348d2372d,P0048,45.77
349de99d-215a-4e65-a62a-0fc41cea5969,P0019,106.97
c96e9030-d71c-48c1-8dc6-dc37f5f3557b,P0278,8.0
e62e12d1-737c-4ff0-b3ea-4d339ab3dad4,P0053,72.37
8ecf8c3c-0f14-458d-ade9-273b31a56983,P0071,9.05
832d2d41-c457-4eb5-88ce-a22b85a2d862,P0192,94.11
f97ad93c-eb46-4c6f-9188-f63592b0915c,P0284,58.53
025ca879-2f2b-40c5-a842-166d3abec108,P0266,31.31
e1f8714d-6029-4b93-a797-8308df5b6d3a,P0191,48.92
aea23b0f-3211-49f9-87c3-79466992c79c,P0076,38.13
8d1139b6-e841-441c-b6aa-aabd4da22228,P0158,29.82
181f4ff9-c41c-4254-8311-bac8d46bfe78,P0032,81.89
125e7619-3fc3-4448-8fa2-b213d4acdda3,P0142,12.34
c755d485-75a8-4e28-a584-f8647e279055,P0205,93.97
420d51d8-eaa2-4a8e-9bec-55d2c792f7a1,P0176,18.59
ad7c010d-5857-4a8d-94dc-b0a66808471f,P0240,5.06
e596277b-daec-41ed-ad31-1c46e3089c16,P0216,19.26
0a5462c3-8617-47f9-97da-ef8fe7d6e4ec,P0156,28.21
dc2b4a27-4748-435a-8c66-200f01be615b,P0252,15.86
e5e1bdf9-b4fc-42f9-bd58-05f2498daeb5,P0102,29.9
ab0a0c9b-5e4a-469e-af6d-f9676ce4ca19,P0016,1.31
ee2a47d4-35d4-44a0-9550-1c95c27db037,P0008,8.5
302c47fa-db0f-4765-b878-3f2a825cd563,P0176,22.03
fc715351-9317-4032-91b5-6aa777098a7f,P0136,10.52
e655e061-74be-4f5d-aa42-aff8313667ab,P0280,9.88
bd242a69-20d3-461e-a87e-5dda0b27b7e7,P0047,41.93
2e84b08d-8feb-4120-bfe1-f9bba82e5946,P0146,49.43
81726d8e-65dc-4c49-9001-40e36a3e79c1,P0211,25.75
4c406f0f-333c-458e-b046-17deec0a332b,P0053,19.21
14a95616-01d7-42c5-b7df-add3d27dc7e8,P0249,8.92
3f22e1b0-3b4f-42d8-bc37-4e20394891e6,P0131,11.06
831cb2f0-2dca-4f39-8e6f-6e44fee6faae,P0247,106.48
efe0872d-adec-47fb-8f2c-7c2fddc63507,P0113,8.31
7a2fc07d-d640-46ce-90fe-015e8272842f,P0004,29.63
5b5437df-e179-420f-bc38-171f9928bbd7,P0198,12.78
93918d3d-526f-4435-8d52-4c6dba35ec42,P0081,45.35
70883295-86fc-48a8-afc1-32bb8c89f8b9,P0169,44.04
58b5b2cb-88e4-40ca-bf70-b3772f9a9633,P0169,16.54
8f6bc20f-1a98-4418-87a2-9e6c12a6c4f4,P0072,35.43
ec16b6bb-e955-4920-9f6b-6b267b039b69,P0071,105.29
be5b947f-8cec-4f11-89fd-91031ebc60c6,P0141,169.71
2e4995df-3ea9-4abe-9f62-0a92de591335,P0003,51.9
8db113c6-af0f-411e-8e7b-8079605fd036,P0230,74.54
fd853b09-c529-4318-87b7-ece203fed9f5,P0147,3.89
266e5aa6-24fb-4130-8458-f1f941bddda0,P0002,63.91
679e155e-6abd-4bb5-b8c8-8d45aa03f51e,P0170,1.76
951625d8-d01d-460b-8152-4c56a649f9e6,P0248,6.89
9fa84618-5198-435d-aa5c-58f1ee613c31,P0009,65.69
2165e70a-a15a-4251-98c7-484494bea46f,P0049,23.08
27d24636-7f8a-4468-9bbb-562bfc28151c,P0174,66.68
73bacd65-22d9-4b55-8cd8-247b7f82f114,P0048,16.47
2765669a-3ff9-4ba2-b62a-3bec630da6d0,P0214,31.5
63ee0b22-9f9d-4875-bd54-ca84c125f59c,P0167,200.46
1986d10f-ced3-4a8a-b7d0-925873035b87,P0133,54.39
a7d22dc1-a55e-42ff-8378-f8dcc27e38ea,P0139,89.35
ba92b712-4c20-4fe7-bb9b-1067c8f3bce3,P0115,6.7
6256f01f-f205-4d11-a51c-77b8e719bf7b,P0216,16.25
8353fdb2-a51b-4f82-a9e9-e6ac242c5199,P0110,0.39
6c152c99-9ed3-40e9-95e5-f60799961aff,P0226,124.98
81f0dd13-54d6-48d1-878b-7b76948143ad,P0259,59.25
e7173f88-f93a-468e-8ec5-30c820fcd799,P0141,17.43
969e8b31-21ff-4c1f-aeff-ef8d2f5225bd,P0240,35.59
7df1dcd7-41f1-4465-8f5b-fcc52767b490,P0277,15.02
b3f7d8b3-d047-42ad-b585-d5d662593447,P0196,25.21
6fb20436-a09b-48c4-9cc0-bb4dc9c6ba23,P0037,19.02
97b0df26-6a2e-4aa1-82d4-b152fbd1cb81,P0107,14.63
e84adc77-7cd4-4868-ac90-8e9ebec0b2cc,P0278,16.04
f227b9e2-be4b-4c39-805e-4bded21eaedd,P0055,47.28
d57618cc-6c59-4ca6-ace0-b837b2fc42e7,P0182,2.05
0f5a4d69-6cc3-4cf6-b603-6b4cc2686670,P0200,56.59
1dad64f1-886c-4c4b-bab4-1358423457bb,P0279,20.03
430803cf-87eb-40d1-a1e9-f7ab1fff49d4,P0254,17.16
bd8ef72c-a124-47ac-8309-868e7caeb704,P0055,2.67
f81c63fa-55c9-4c08-ad52-e956305e5063,P0226,121.88
74dbd4ca-ae4e-4b96-863d-7be5543d621c,P0160,20.71
abfa842f-7d97-4d38-ae72-a3620c81f0cf,P0280,41.49
d9315e80-9ab6-49fa-9147-e4cf232fea20,P0201,33.79
2684849c-d3da-4d26-9c11-7743eef051ef,P0171,18.37
5d675b63-cafe-4368-ab9b-f66f9f11c762,P0012,126.39
a7a475d8-7845-416e-bde8-e87f5dea2031,P0024,31.36
dfa0def0-1fc6-4be3-9971-6fbbc333907d,P0206,52.78
fab9f1af-a374-4fa9-b9b0-30144af11807,P0125,100.03
b57a95d6-bba9-4003-8499-261315c0d4de,P0257,56.02
19f05d82-0f52-4a90-81f4-76030308f452,P0169,14.41
8b1dd30c-4b50-4038-8bd1-dd831302e36f,P0225,21.95
194bdaa3-bcd8-4b58-9f72-5166988852bd,P0151,87.41
6b3d65a0-ceac-40b1-a1eb-cd8d50565632,P0194,91.86
b2a450ed-c6de-423d-af7d-eb3aada8ed3a,P0237,85.25
559c6471-2dc3-4e36-b805-5cee3e23d971,P0040,39.79
ee25b764-02bc-4eef-8e2c-52342d91c788,P0162,51.04
d79013a1-1f5e-4828-95dc-40fbd4218743,P0061,16.63
2bbd50af-e6ce-4823-b1b1-72bb4c6bb652,P0043,10.8
5fdd00bf-e8ae-4e39-920a-51222e678236,P0068,58.15
585865db-b6e9-4a12-9e9d-96b20009334e,P0072,3.71
1e1f257b-b563-4443-ad47-d5d458555ec2,P0150,6.14
b675cc45-d12e-4f8c-8760-8869034e6ba4,P0059,0.08
febab24b-36c3-4118-b009-10d59d493d7a,P0207,52.72
869ce9a9-6614-48eb-93d5-792e1262b0dc,P0215,2.38
315b8348-8458-4bc9-88ea-406e755beb1b,P0123,12.04
bccbb513-20fa-4ef1-b426-7cf0957ffad6,P0174,56.92
18b572e0-5ba5-4d29-acf3-d183c6a08275,P0087,7.44
b017898e-781c-4e1f-a25d-0fefb8a616ce,P0240,48.25
fa3e4f47-2bb8-4d60-8ecc-dd8a23942ed2,P0232,50.55
514e31c3-88b2-437a-8e4e-8f4a11a856c0,P0090,55.52
cab63f93-b8b2-499a-aa09-d0047be84510,P0165,127.16
9e912caa-8472-4552-9565-7e09d04738e8,P0220,26.78
55e3f527-5435-4b68-ae0d-1f294899a9d4,P0239,9.29
db6d4f32-4b9f-4d6f-8125-20730408cfde,P0122,15.05
dbfb9738-95a4-4ca8-849a-9fa1e193b17d,P0285,33.11
5dbec147-0687-4337-b6d7-c4cfdd897c00,P0238,145.84
b738ebfc-a5fe-461d-af7a-3336037b03e9,P0129,22.04
3625e796-a407-4e3e-b36b-2ba1ab9031d2,P0070,13.61
5e36f633-fdbc-48ea-8c05-8473cdf65e96,P0044,300.0
7062a365-27df-47cb-8bb7-2ebe52c9be25,P0119,31.02
e5b301ba-d5ab-4f00-8fc8-834b8489bd2a,P0252,46.69
ac01872f-b0c4-4f02-ad34-1560dc149786,P0114,2.49
6b06ab47-2bfa-4330-b512-fbfad6b1ea81,P0112,75.17
9a6670c0-ecea-44b2-9237-d47260359ce6,P0204,16.13
a22ed636-55eb-4d91-95e8-93a84b328dd6,P0185,57.21
5fa25725-b372-458f-989a-07b866fcf894,P0005,4.88
7b121417-36aa-48b6-a57b-b2d79907d1ca,P0287,1.22
c02beb95-b09b-4d6f-9291-adaa59670953,P0208,50.04
e6d942bc-7e3c-48cd-86b7-2b1b6218e279,P0090,1.93
8b1b2351-64d9-457e-9dad-26a5bed3d5e5,P0249,55.95
0db79aec-f5a5-434e-b29c-ff6d8b9fdbb5,P0215,12.86
0ea85035-6fc9-4ec0-813f-08265be1c181,P0019,8.68
d1079404-0023-4662-96ff-1a9d1b4bb1fe,P0126,22.45
fb14d416-1774-4bc2-b087-64a61668a203,P0114,5.91
bbc5100d-0a16-463b-922a-126d31862287,P0102,8.55
f5227a4d-6c86-47f2-930c-0c7618c4f847,P0141,10.92
4a2f0f2c-d1eb-45ab-88cf-c5e8b2cb44aa,P0101,14.78
229a54cd-b733-427f-89dc-24c749cbde27,P0213,51.76
c7e38659-ba79-4b23-86a5-e291708448a5,P0214,203.69
8695d14e-a6ad-4ef6-b7f6-2477efb95489,P0025,99.0
d873781b-0ff0-4c9f-9964-8de302a55d82,P0073,14.62
19f05d82-0f52-4a90-81f4-76030308f452,P0081,52.41
b0c31941-01d0-4e7d-9239-7b3a015539ad,P0141,4.33
c2dc1f5c-21d8-4fe9-82df-dc648657fe03,P0213,88.76
cf336a17-67a2-42d0-ac9a-eea66c49e415,P0229,38.33
4cb0a1d8-e1a0-41bc-99eb-564cab994869,P0206,17.5
f53a6cb4-0af6-44ab-8426-66b125c4e400,P0215,2.45
27daabec-1d00-4de9-a805-9f849f10fe1d,P0161,2.98
a0ddc6e7-a9d5-4529-bfb3-0c5917d6319a,P0084,116.26
70710bfc-4558-435c-81d6-d6fcc41f4915,P0002,101.68
dc06c8ab-d6a3-47a9-9cda-4d89e12c8d69,P0143,7.79
1e936b64-e089-41d0-b801-07bc0cb0010a,P0190,3.32
21ff8a27-9d5a-4912-b5ae-bcb2c543431d,P0169,15.87
2332007e-ea93-4030-9da9-f9753ec72f90,P0080,42.63
b1ea4184-c0dd-460d-90b5-c4fd12813868,P0251,3.16
bdac57bb-03b7-49cb-a6d0-bebc5b3c74dc,P0134,8.35
6d924080-712a-471e-9bfc-e0a8e247689f,P0048,89.73
ad7d2e70-f322-422a-a738-85f6eb5151ee,P0031,106.23
f1520251-ca17-4813-a7a8-78bf0909c030,P0189,13.74
caac80b8-dabc-41ad-a35a-e3fc5aba24a7,P0244,16.76
e6fa4780-8b67-4140-bc90-e55ab561f50a,P0275,12.82
c00821eb-3f55-4458-8e54-0496fdea6f0b,P0261,29.52
220e6a34-f001-461c-bdcd-6d696118db64,P0223,39.42
9d9ff7bd-c1b1-465e-b8d4-aa5724e9fbe1,P0198,61.17
5104b9ec-b9e5-43d8-ac72-fbbb34607669,P0129,13.21
37be3110-ea1a-4d56-88c4-2c9a25952c24,P0242,196.11
bbc5100d-0a16-463b-922a-126d31862287,P0262,46.94
e6c60048-9b66-4b4d-9033-e900697f8a10,P0053,1.51
d958219b-e83b-4f05-adf6-ca1189af682e,P0160,7.34
630c8912-6723-471a-b8d1-52b66015fe43,P0177,69.16
ca8b01e4-6f63-4d0d-ab69-f8b8e1296160,P0198,158.63
66b2e913-eb87-40c7-b0dd-a8f3386b972b,P0031,19.04
4ad8b230-4d7d-439f-b9fc-305513ac318f,P0029,24.74
9a085392-a350-4ec8-8b9d-129aa9b64f3f,P0180,102.73
360c848b-a74c-4c74-a2c8-4239eec2d5ec,P0097,59.0
cefd653b-5bb0-46ec-911f-7a69361bcb3f,P0074,31.02
650d3998-d433-420c-9a15-9f3d70502358,P0232,15.87
eb6bc860-ba21-4962-b5f3-e0e610da57f7,P0196,20.25
c042a7eb-f4f5-4fe4-b767-c71b6203b6cd,P0292,54.6
c43ed2c0-3162-476a-8ead-54626773e74f,P0028,17.57
46a11d95-6b5a-47d6-824d-292989fe4e56,P0152,263.25
e5d6f327-81f7-4e2a-a8de-d079abcbf97d,P0286,26.31
ad7d2e70-f322-422a-a738-85f6eb5151ee,P0149,86.82
c6ffce16-2cc2-4778-a51b-ffc0fe552058,P0206,33.39
8a981e12-9983-49ce-83d7-31fae1497c67,P0086,19.0
ce03d272-b072-44f9-90bc-a8a54c66f53d,P0148,14.85
42baeb3e-3985-4e75-82b9-8a94545101c2,P0262,180.17
4cf83f59-55cc-47f9-9ac0-6d8a30fedaf0,P0046,14.77
a0d51131-8b50-43c2-9451-61a175f6c651,P0275,43.87
53482330-53cf-4dd9-9980-2190c23a845d,P0016,156.59
ad585abf-1865-49d2-9b37-846b2dfe2b1b,P0096,17.96
5cd6f8a7-3d5d-4273-8cc9-283393933940,P0297,7.13
60b8a023-ec94-460e-a311-a4736cfe18c9,P0288,33.98
38bcad02-262e-4878-beef-02e52a7943de,P0129,80.28
19c1b1c0-7a2d-42bc-beef-b5cdea804995,P0127,82.54
e610646f-a151-4add-b351-3899cebc341b,P0080,7.21
91eadd3c-461e-4180-b963-549c6e665b19,P0088,22.04
c548e3bb-8788-40c3-8759-5b1bfc41845d,P0280,57.41
53f09463-c10e-41b0-a4eb-96f00150cc4b,P0207,2.73
85dcc233-f133-49e7-be12-bf23694a0f6b,P0074,22.47
88b6dc41-4967-4b6b-81fb-0d38b5b484e7,P0045,38.6
600143ee-d136-4aff-9dc8-99670636a89e,P0015,93.58
02801f06-ad64-4c8a-96ac-536bb618d0e8,P0198,8.72
36488e56-aa47-4145-9156-7bca078a7264,P0088,15.05
bbaa9d40-3e66-47fc-985a-47ec0bfabd50,P0225,69.79
e72cfb7b-d003-4abf-8388-3265dd9768ed,P0229,28.16
827052fd-2f4f-4008-94fe-dd8570bba07a,P0085,33.96
64ed47ad-39af-4a31-a929-84e373826fd6,P0244,12.94
5102e8b1-af79-4c24-84a6-5980ab89efe0,P0147,18.41
8ddb0a98-d2cd-4a5c-9f24-e041848342c4,P0083,1.43
7c1adb5a-140c-40db-8801-0469382fb800,P0066,2.94
00d5a107-a1d6-405f-b66a-4b1026cb948a,P0237,64.67
4ba96dc9-5bc9-4969-a1ea-588d71301e8e,P0055,43.08
11ee7f3c-1108-4bc3-9416-4032800c70b7,P0006,15.57
39b5681f-db8a-41b1-b550-cc206803ab6e,P0014,37.25
c62f1c6d-ae89-4abb-ab81-27cb3bb9b384,P0012,3.32
29d633fa-2747-4165-b31f-41cbc06db986,P0086,45.25
47697df0-8c62-467c-98bd-025ddd3099b7,P0189,0.38
fde66361-5cb3-48da-bde3-8db36f8e6dd2,P0068,7.92
96a72a01-cdca-4ba6-92a4-984fb99ebdce,P0007,3.12
15ef8bfb-8f35-4c63-bb25-04414fe23540,P0219,68.87
bd093688-f1fc-4f95-903f-daf635496749,P0288,54.13
18b572e0-5ba5-4d29-acf3-d183c6a08275,P0224,27.87
ff830b09-3100-4314-a6af-28f3e33cad22,P0257,27.47
359051b5-48fe-4d88-b64c-b97e6020a36d,P0153,1.78
83d14681-dce5-4a56-a9bc-3bae7f270c28,P0267,158.75
fe0aeb48-a377-4178-9cc2-e9c01e78a53e,P0165,161.58
d2b0da23-43ff-4c2c-934e-ffefd024d064,P0229,5.3
ab955f8f-c073-4b5e-ad97-bd072ad8a183,P0243,2.25
d1197bf3-d12e-4dab-8393-717dcbb15338,P0118,22.08
a3037f43-ac38-47c5-904d-108216c6ceb8,P0046,0.21
b92b64e1-56fa-45a7-a33c-acef87bba603,P0105,5.2
f6698aaf-ad9c-4a13-bce5-f33b7b7391ba,P0202,23.62
07e8ed8d-30f5-4ad6-bdf4-1caed9e5a5ff,P0201,25.83
7913c836-69f7-4184-a136-5d49dfa6a452,P0108,9.5
e9a77612-e52d-4343-bae1-2b70c247c95c,P0125,32.16
b2649a17-5191-43f1-b179-dc653166f527,P0001,13.65
8a29e666-7920-4fe5-b94e-d36fb5977e20,P0051,3.59
7d6f1d5c-0bf1-4625-a2fe-f1686c4eac9e,P0167,2.67
d7366772-a423-4c61-bb66-2173638c9a35,P0127,25.83
d8de2a04-4845-4182-b017-bab22a2f7cb4,P0122,8.88
4b8974d3-fe3d-4170-a958-39d7e3b869bc,P0190,21.24
420d51d8-eaa2-4a8e-9bec-55d2c792f7a1,P0057,24.29
a2920d26-fdb6-4d64-b40d-21911edf0070,P0258,16.24
b12421f3-3fd1-4d4b-a151-fab59c62da5a,P0021,108.57
8e00aa70-6d87-4e5d-9df4-de1fe23dfafb,P0151,64.48
556f34f4-3df8-4b63-80f2-15f7ea48c2da,P0023,8.69
a5253016-35e6-4c5a-a48c-f2cf849be6ef,P0295,39.48
76975f97-aa75-4a44-bc70-b4da874bfb67,P0191,9.66
52f35b36-9f26-41f5-bbb6-c5c329ba9d1a,P0147,15.43
9718c485-eff7-4e0a-9a76-53be69fdc331,P0099,30.94
5b4ba569-e2a0-4f8c-a143-2c8d4f450c55,P0286,58.25
2eed52f3-1fca-4c82-bb5b-c4ee68399361,P0130,29.52
f6a4441b-aa9e-4384-af76-1c11ab9d8221,P0225,11.74
75886044-69c7-403c-8bee-b2028b835952,P0056,11.75
ec00f45f-f73b-42ad-8dca-9c3ba1418cef,P0293,42.03
922064f3-475f-435d-a920-434336c7176e,P0226,20.43
892e32f2-d459-4d90-ad91-28b6d7e6388d,P0080,11.8
375804d5-54c3-4f99-a361-22b7c3b807ef,P0215,42.8
d05d1ecb-3768-41b7-b843-23c7be520c40,P0202,83.88
8b765f3c-5a84-416d-b104-dd39242f4ddf,P0173,54.92
a228d8a3-43c8-455f-9ec2-9ba44265899e,P0188,60.55
d2e2dcc8-2a48-48c8-b22f-c36f3caaa13f,P0048,25.47
1de91aa1-eb9c-4677-8aaa-d04a397f736e,P0139,51.26
b167a7f3-8241-4580-9ab6-1f6dbe395361,P0144,23.06
8611a498-3806-45ed-8e5b-72f62f608dee,P0022,26.61
b30f7d86-ab56-44c2-bd60-c0c4cbdcc5ee,P0174,22.06
91a7bb81-3d12-4991-a9e5-4706de0e8d10,P0157,52.66
ccc41fd3-8a02-4d84-9200-1a5409b08c7c,P0248,49.79
56df5adf-66db-4acb-9b1b-9432ad100c60,P0134,0.26
ab2aae15-7498-4635-b035-1d442be7bd19,P0250,34.67
3dfe7e00-fe0a-4324-9cd7-5c126a86ec5c,P0207,85.05
8481b5eb-bfff-434a-ab94-8e0b88678e04,P0280,55.32
cefd653b-5bb0-46ec-911f-7a69361bcb3f,P0164,11.66
745aa5b8-1daf-4681-9218-34a85ed3f5ac,P0031,16.28
39c4fd16-ee97-450e-b48a-473e24d67b80,P0065,38.2
ab9472fe-efd3-4768-9100-233908e2e7e8,P0172,139.41
39b0b8ed-d1db-4d33-ab57-3888b2081f76,P0283,19.32
f4bc7149-26b1-41ed-ae9a-6ee1106041f3,P0041,13.6
8268e61f-7bb0-475a-aa08-97fbea955bd6,P0126,152.87
8b1b2351-64d9-457e-9dad-26a5bed3d5e5,P0189,6.76
888dd0cf-5de3-4dcb-9310-0b78ec3b1ecc,P0081,15.39
6ec93aa2-2c14-4c6c-86a3-2e9d0af54dc3,P0224,6.74
452fd4a8-7e4c-41bf-8012-ab6c703385be,P0250,134.34
82f5261e-3d45-42e1-9db6-26a741b48839,P0006,63.85
0e44c518-91c3-40ee-884b-ffd7b8e88f8f,P0200,40.9
f3e57707-f58d-45d7-b3d5-d7fa23516d87,P0251,42.56
4dc175df-d82e-40bb-929b-f9c79e422548,P0181,33.35
e37c6c96-fe79-4965-b34e-8d4871736871,P0267,16.66
59951f6e-75b1-48fe-9085-d6d8d4651b5a,P0144,45.22
6e63f5a9-7eaa-4aa6-b396-96644befa5ca,P0082,20.85
aec795a1-aa13-46b0-a011-997975caf6c7,P0275,15.11
7b981c50-5e65-40ae-a07e-aadbb69e5bf1,P0113,20.88
47f56534-8622-4fb4-9cd3-7229991d8a06,P0045,17.98
34c459a9-70d5-4f65-8fcd-1974bcde7a24,P0233,2.87
03e0ad25-5f0b-46a5-b38f-9ec632bb155c,P0065,5.74
b75852da-1688-4e6f-9bba-ff3981c4eb29,P0009,8.86
754d9c40-c3a5-458a-8eb2-15769e07eb6b,P0260,3.49
5eb291d6-f1af-4860-819f-44577db8eeb3,P0034,16.61
d93556a6-78fa-4a07-8af9-92a71435aba7,P0243,42.49
9dabbfd6-4fbd-4a81-9743-1d777ac4335e,P0275,0.43
1eace4cd-5fc2-43ad-8787-c6a96f325c3d,P0137,50.38
7fd0fe09-cf95-424c-8492-272042363aac,P0024,5.22
04a8847d-6f79-4e3d-8034-8e3468aa1f9e,P0247,0.99
568cec0e-e5f6-4cfc-839f-f4940f22af50,P0014,0.45
b8300f8a-1b1a-4984-a095-2638330d1813,P0212,81.5
0526dab9-73a0-4067-924c-4700fad8df95,P0178,1.81
7f1a8ef6-a989-49cb-8de0-10c7ccccb188,P0093,8.53
023bb97e-d7b0-4e14-be8e-09a9cc108657,P0009,167.41
53391973-ca1f-4ef9-8eeb-d14491d524f2,P0025,53.43
b45411b0-8df9-455a-a606-ac46ff517371,P0254,22.58
c6754bbd-d18d-403c-ace9-3d5c6ff47f3c,P0039,52.2
587e8c86-28c9-484e-90be-cdd348d2372d,P0252,34.95
c464fa6d-571a-48b6-9d16-53693a1f4803,P0266,274.73
518fa04b-1e41-4dc3-aefc-fc6b4057c919,P0281,78.8
14262777-ea1a-46b3-8e6e-655391afa9f3,P0293,51.36
fc282a74-051e-4461-b7e7-49899653e57e,P0184,43.18
1277ca71-26dc-4534-8965-0fb355e3151a,P0121,32.06
c682a4de-68a7-4ad8-a023-02dd8ca37c8a,P0294,17.47
789ab8c7-d79d-438a-870a-2b8ca0fdae99,P0074,27.81
d15407a4-e05d-4b22-a714-78107c4431c2,P0110,38.82
db03ffa5-75bf-4213-8b0b-3d45cbdf4dd6,P0003,37.5
812dfe7a-5373-4ecf-82cc-5eaa4858a058,P0078,104.17
e0484fce-683e-4fd0-83ce-54a7be08267e,P0096,52.86
aab6db8f-000f-4d48-aa9c-a398d5b9d611,P0280,17.82
90fccec9-423e-43a8-99ae-40de841534a2,P0231,217.11
38e15024-ca0b-44ab-95c4-a05df75198bf,P0042,21.16
d542ec7a-63d6-437a-8545-2e81cf3b4f94,P0110,28.36
7927aa13-5e4e-4704-b49a-31ddd9301f00,P0141,6.32
4895864b-d171-45b3-b27e-456db680fab1,P0246,13.12
04a3f9d5-d24a-41f9-ac18-f380a53f6731,P0082,8.27
28bfe089-3d40-4bfa-905e-5e6bfe630bb1,P0076,16.89
c854e902-deba-4b08-97ec-5f17264c7376,P0174,36.88
f227b9e2-be4b-4c39-805e-4bded21eaedd,P0175,78.09
9b07bf27-fe5f-43aa-9e4e-1026d560fe7a,P0030,17.89
181f4ff9-c41c-4254-8311-bac8d46bfe78,P0212,28.26
2d6d7b4f-5068-41de-be49-23069400a9fb,P0035,77.93
835ccf44-2284-4952-bff2-a83a8d35475b,P0229,65.13
f7b6043d-dd28-4297-ba76-6256a9dffb15,P0295,12.04
dbd55229-ab9e-4625-9783-f9cb784d8f4d,P0233,59.96
4dc7d127-2710-4857-ad9b-c20ee5b239db,P0036,39.6
e81965f1-041c-496b-82c7-529b07a18488,P0241,8.36
dfe46b4a-543b-4d6e-81ab-8d1694f0a3d4,P0065,1.19
aa157a3f-75f1-4811-b956-848f008864cd,P0032,19.49
900a5850-6786-434a-8dfc-4084860b2754,P0239,4.92
e3c2cc93-a476-45db-a2cd-ecd390f2076c,P0099,27.38
27b6fb7f-7f0e-456e-ba56-3db1e8c65e73,P0233,7.31
28bfc8bd-648b-4a9b-bad5-18b9299ed241,P0160,11.04
5449ce9a-72c2-408f-8dd2-e307cd75b9af,P0071,13.98
fc715351-9317-4032-91b5-6aa777098a7f,P0188,48.84
93ce7146-8196-41fa-8335-8673f9efa7a2,P0056,198.2
e07a1e28-044b-4ad8-b5f3-0e7c8f97ca08,P0142,2.05
89f2c308-27a9-494f-ae0c-ccc1808bd3e5,P0272,81.2
e37f092b-de9f-48f4-93e7-afa2dbd1b104,P0068,27.04
9729569a-dbc1-469d-a1e0-c21ba13b049c,P0120,57.18
e0048a1a-f0f9-4123-9356-3788c9d466a0,P0032,24.48
ec9f43d7-8829-4861-b455-5c41a180147a,P0202,30.69
e6fa4780-8b67-4140-bc90-e55ab561f50a,P0270,28.05
d669166c-7fb5-4993-8d70-a310034c8e5b,P0038,7.53
98ec9988-aa8e-4db0-826d-5757f882df6a,P0147,11.26
ebc07257-1939-4519-b53b-1ae53360f561,P0163,10.87
26ea7d58-bd2f-4347-a854-bd2ca48e883d,P0236,41.27
f09f7c58-3b71-44b4-ab02-e990cb5e88b5,P0143,25.36
4da703f0-65e6-4839-8074-527b7c3a651f,P0088,184.33
67e70e8e-e7f7-4cc6-96b4-64b2bf4202c3,P0053,16.76
011267bc-3aa4-4b8b-a234-fc88352dc741,P0151,37.79
8cef1774-1515-498e-9b4b-8885c417a3a1,P0141,54.04
389a2da2-d6a5-48d4-9dd7-00892d6f104c,P0062,17.01
3441d92a-89ee-4684-adfc-4db11037b913,P0227,51.27
dc51ad90-7f0d-404a-b9cb-c38ada12480a,P0285,1.98
a3d3683f-b11a-4858-af41-c3567f7a044a,P0109,86.34
bf09bf42-98f7-41c2-9d94-f759b05d5941,P0202,21.16
35627815-3632-4ca9-a5b1-9b868741c824,P0005,68.24
ffececc0-1010-4985-8eae-3e4cc9c20b1c,P0121,2.83
5faf3c60-d7dc-4199-ac18-e05b697fa7df,P0107,141.86
55782960-a0ea-4977-8e27-9c4bba4d16b4,P0214,36.12
617817eb-cb5e-4d26-af42-93dcbdeff444,P0141,6.06
84c13ab2-03a1-4c6c-86ff-ca488be2adf1,P0234,3.17
b90ed7f1-4181-4d37-abee-5086bcf5d66f,P0234,34.2
4b35127e-a6fb-4be1-887d-5eb91c836e95,P0292,1.89
c2dc1f5c-21d8-4fe9-82df-dc648657fe03,P0038,10.9
5eb291d6-f1af-4860-819f-44577db8eeb3,P0240,51.23
04e964c6-ee9b-4394-9c92-6593d42f73f8,P0261,0.6
4f7f9673-ab85-4415-aeb4-48894449e112,P0104,90.83
401bc6d7-bc42-4b80-9aea-80df624e18e1,P0279,46.33
6606ce52-a272-4a18-9dde-d220709462c7,P0073,128.25
0b9d6798-19f7-4cdb-9ea9-84827292455d,P0026,96.99
32b65ecd-f481-4579-9236-72c9de435fb0,P0025,26.9
a78ff3c1-50da-4dc3-8dc1-819d1ada7b9e,P0077,38.64
caac80b8-dabc-41ad-a35a-e3fc5aba24a7,P0117,32.12
20193804-0d2b-4e64-880b-0efab3b93bdb,P0099,28.0
1a64084f-b833-4e3c-bddc-8bfb07287a90,P0026,66.12
ffd8495c-4004-4a21-b7fd-1f3c017c748b,P0071,160.6
d4a3e8c2-3ed4-4dcf-8deb-40f96bf06c19,P0212,79.41
f0f043c5-1983-484e-8d9e-be9e96ee3e79,P0143,8.45
b200647a-5e7c-4b7e-98a0-18a1d4017beb,P0126,133.13
b60a362a-0a43-4bdc-ad8f-2b4490555696,P0050,110.86
cefd653b-5bb0-46ec-911f-7a69361bcb3f,P0164,37.77
45dcca7b-7bbf-4340-a71f-9e3b3aceb6f8,P0185,11.87
c289682e-4390-4b48-a9d1-f9cee88146b0,P0225,4.14
c68e1e09-3a26-4d27-a988-534b9068c878,P0095,9.34
c8e50392-07c4-48c5-b9d4-38199d126cae,P0106,56.66
4ff74e8a-e3a6-418b-906b-90b2b3ee6672,P0200,47.72
5c27aae3-d559-4ad7-a1f6-28d712bf5f6c,P0110,111.65
534ac803-ad5a-4ade-aef5-c49c1a964459,P0162,41.51
5b5f5c9a-1dac-43eb-807f-0f54f42968a6,P0155,51.08
daf0744a-3e29-4ccd-800b-8cfa7623fa41,P0168,52.67
99cb9721-f0cd-4b81-ba62-d7548222840f,P0129,43.23
e5e68f33-6a80-43fd-9755-3d80a53d03db,P0025,14.12
ba590ee8-75e7-4ac4-ad96-a1124a087d39,P0188,47.61
f620f60b-7ad1-4af5-9c63-bcf7af6f79a7,P0233,11.85
15cd974c-847a-4cd9-9d8d-b5088bb60563,P0111,41.5
4f31fc14-d2ec-4b04-881a-3e653a721b6a,P0279,31.14
eb909080-05f9-4eff-b65b-c4bd5f17b777,P0239,16.78
7e27c5b0-570b-4568-9e43-c5c515883dba,P0040,64.8
d54d33a2-299c-42fa-b395-abfbebd3e134,P0057,22.25
3b8e48ea-9553-4040-a9c0-fd3636fb1cae,P0259,14.23
ac8bb854-2ced-416a-afbf-97d8b9a7c8e7,P0102,43.34
60de108b-1313-42f3-9924-e547a930315b,P0270,43.46
ec3d4619-d604-4e89-98c4-17d68482ef0a,P0082,33.94
4ee11a45-5996-4c56-af6b-b8601f976314,P0008,11.16
02beee10-e8c4-4024-82d4-ca0c2ecd8c70,P0186,5.11
3c157dd2-2841-4c20-978f-02c8afd258eb,P0293,0.17
0b545ceb-9606-4ebb-8e8a-b49d029de598,P0016,4.64
dd711bce-1091-4cf8-a768-5bec6d93906c,P0157,35.78
82192fae-28b0-41b1-a139-3211eaaa2d1a,P0213,26.55
ce2e5088-6542-4c79-a245-407f0cdf5004,P0017,10.41
869ce9a9-6614-48eb-93d5-792e1262b0dc,P0060,38.23
04e964c6-ee9b-4394-9c92-6593d42f73f8,P0241,8.16
d1079404-0023-4662-96ff-1a9d1b4bb1fe,P0070,3.49
3686f36b-68ff-49a6-9930-5cb87c7578e6,P0028,82.21
c0e09a88-b3a2-4953-9002-cd947632b240,P0212,3.59
a1d54506-7666-4c8f-b9d0-7b7b04726a26,P0092,23.88
d509a464-a8d0-40ac-85ab-02d8e608b486,P0091,57.23
c4c2fe86-21bd-4556-bcc9-0afc578ec377,P0266,23.24
0ec71d23-5c69-4bc1-986c-079bc0748e88,P0056,23.56
63d0bcdd-e04c-4a14-abce-a86856442ed7,P0202,15.17
cb4f1f57-0475-44b7-a430-832378ef8108,P0101,75.69
bb833320-68f7-4c43-a514-23fb2c60bfb4,P0105,24.08
48b07af4-05f6-4427-b18a-f707777c4e9f,P0139,14.7
1666b190-3da9-4099-a25f-e7335bc3db81,P0063,40.92
4c7a4d1b-f751-43ff-a5e6-97d387dd0a54,P0147,81.42
122cd0bc-f1f2-4a67-84e6-72b0fae09214,P0219,192.24
cc7af329-d6b1-4858-acb7-63166f8aafce,P0045,4.63
3c26d2be-c742-41f2-992c-1780c5541257,P0019,62.49
a7e6adf0-84f3-4a48-8fd6-8ccc6a72576c,P0267,16.97
8900e46b-4f45-4a2e-b2e9-1b420f78868e,P0186,1.07
5c897181-37d5-4eb0-99ae-7908d39da4e7,P0064,1.61
87ad5c72-8bc5-4b3c-86df-6df8d089d6cb,P0017,19.18
ce26985e-f885-444b-b2ef-753f4e3312be,P0014,69.86
c7b3a31d-9cb4-4ab6-89b1-6fb9af810209,P0158,65.84
35c68871-e1e5-444d-8ced-bf3befba17bd,P0030,51.78
d15ef0ba-a366-4fe8-825d-2bc75a713d09,P0250,50.63
eb4ce6e0-205b-4b51-9306-e33e0854ef79,P0188,7.51
bdc8e9be-9ff0-490b-8aed-0bf7df89e4ae,P0147,38.69
71f3ed4a-63cc-4bf0-b668-3837bd33dacc,P0283,2.78
9304025a-3ace-4dbd-8b12-9e8a8d3fba08,P0178,29.15
2aa9ac1a-dc42-4a47-a6bf-282feef03356,P0112,33.08
7fea6a22-96d4-4ee1-9388-fbc76b5ca148,P0029,2.32
f3b67513-aca9-45fc-91df-822bc6accf1a,P0235,44.22
9b6997f4-0447-4c1c-8e6f-c81d9cbc2f48,P0234,70.84
da17787b-3281-4bbb-9b71-5bfb2b4641b2,P0256,26.31
b7c203ae-163a-4bbc-a936-3c1a3d40b67d,P0007,17.44
8c80820f-d85e-43a9-819a-d1da36910236,P0048,151.99
baa7e82f-3548-4e1e-8a9b-cdd4b961a3fd,P0056,26.75
cdda9d5a-3f2a-4499-9498-e66ec42ea445,P0203,26.42
cde0f49b-7ff5-4533-b28b-55f9ab6e8778,P0022,36.65
bc8a4341-de09-4255-bc5c-c065ebbe6d0f,P0032,8.84
b90ed7f1-4181-4d37-abee-5086bcf5d66f,P0162,32.85
1dec9f95-5f39-47ce-a079-ba778829ee03,P0163,4.26
b200647a-5e7c-4b7e-98a0-18a1d4017beb,P0082,162.14
21111bb0-e548-4287-992a-d457df38fc48,P0058,6.98
0d40fb22-1a0c-4ff4-9c74-6f999f1a1bc9,P0028,127.36
cbdbbe75-258b-48d9-abe6-4865f0063852,P0079,43.93
dd9e18a3-8363-4de2-abb4-8b89a84b0018,P0266,104.42
dee17a55-a898-4812-95e9-3280f23a48e8,P0099,0.92
892f75a5-df28-4157-b5bc-f7732f599c45,P0169,8.66
4ddacd05-d766-4ee9-8c6a-30b28ba4bc50,P0113,22.89
9613ab93-3b12-43ec-88dd-89aafd095cd4,P0033,33.54
0c94b426-6312-4c66-ae2a-bf5b248f7656,P0150,14.43
139e93fa-a4d9-44ea-afba-7bee519126ae,P0132,15.74
40655508-6fb2-45ba-aa39-438d244175f4,P0245,45.25
cbdbbe75-258b-48d9-abe6-4865f0063852,P0295,63.9
1a3f9fd2-9c95-456c-9f57-41430a68151e,P0057,63.93
deea5f70-7e66-4d63-96ec-562d3e7ae77b,P0018,96.12
f02ed8c3-909c-4a57-870e-3cad3d024efc,P0276,122.27
941ae60b-1050-4871-98ad-f6e7e7b41926,P0195,54.54
40bee9d2-4801-4ce7-a5db-5d89d5853078,P0250,18.92
786c321b-fe5b-4340-9e25-131005c062aa,P0286,29.69
57a3a59c-df31-4b43-944b-60eb32c6a06b,P0248,3.73
36293cd6-5cd5-43af-9dc9-769e4576168b,P0217,71.85
d925ef1b-c271-47e3-9ac5-fad45967d6ef,P0128,21.2
f9ba3de8-0d32-498f-ad27-1c8ecd8bb802,P0222,233.13
30b1b9a2-ad55-4a94-b033-77202120527e,P0280,80.69
214c8eb9-d758-4d16-9b99-3ef882f5845e,P0167,19.08
ab62c0a5-2603-4675-a604-5f2bcaae6ada,P0182,12.82
17269ca8-5035-41a9-953e-e7684c2bde38,P0233,56.53
fc006896-3fe1-4c0f-a8a8-bdf586e0da22,P0071,14.61
147b6aa7-6892-44a5-9987-ad3141bd83af,P0077,16.9
6287210a-346f-4452-b699-346ca649387c,P0126,9.1
0bfe9620-62b0-4f03-9683-8c1b55ac7ff9,P0150,43.47
21d5ca1f-e4e9-406c-bcd9-59d25d08a55b,P0064,60.98
aedbd845-6fd1-49de-9af4-667f48063de1,P0170,140.52
b56161d4-7ce9-45aa-872c-3d99de5176eb,P0198,1.67
cbaa5c27-77cf-40d0-8928-f2ca79a7d337,P0208,14.6
b167a7f3-8241-4580-9ab6-1f6dbe395361,P0044,68.49
64d1ab66-ae27-43cb-a4cd-4724fd260bba,P0074,11.86
a6a7149f-a694-406c-addd-dae2dc32aa34,P0013,39.44
c7fe3827-7d96-48cd-a735-cc741b9d5d10,P0284,33.39
368c00f2-6d6d-4f0f-9624-ad5ef255c832,P0262,99.65
c0816a76-49ed-40e9-84d5-8acfb80e3dfc,P0083,63.26
8f39a4fa-f0e2-4a3d-ac97-88ab0f363616,P0025,43.43
c05f4ab0-fe12-4f2c-9858-e98d8d0a3f70,P0085,2.27
42e0067b-f758-4401-841e-34474c8ec344,P0033,9.11
f8dc33cb-2538-49c7-a919-87f583b92e3f,P0092,8.58
663065b5-4db9-4633-bbb2-6523034bd8c3,P0049,6.61
474879e3-0bb6-4a2e-8578-eb0bf3b45a38,P0274,83.92
216e04ed-fa95-458a-9af1-b1f69246a48c,P0040,26.15
1fceabbb-b691-4e84-b0f2-75d59d61c725,P0109,16.29
d00a53b1-6357-453d-bce7-06aa12b99dab,P0243,7.32
82b0550f-c794-45b7-b472-6051c29fa1be,P0241,13.32
81cf3b71-6010-41e5-90af-e52748bc4999,P0089,9.72
4c7a4d1b-f751-43ff-a5e6-97d387dd0a54,P0228,36.82
c8e50392-07c4-48c5-b9d4-38199d126cae,P0172,15.94
abe2ede2-2d8a-4364-98ee-9157cae93ceb,P0002,0.06
1a8596e2-9091-4be3-9c39-5bf66ebbbd69,P0188,45.14
7e514ba8-881f-4c1a-854f-aa8bfd577015,P0066,78.73
a0adfc8a-42cd-4a9a-abc4-eb21279b5154,P0133,32.52
ed9d739f-cd74-4fd5-9575-9b620cd5f4c9,P0205,15.55
ab5dd80b-d1b0-4afa-b5f6-fa48e256e32e,P0138,23.62
c7fe3827-7d96-48cd-a735-cc741b9d5d10,P0011,65.66
37b0f5d3-f07d-42b8-a7de-e883b9b6861f,P0076,49.14
0a876d8a-49ee-4ab5-9508-4a43dea43a7b,P0253,4.73
20892433-7be7-45e3-b6fc-43753fbe7c44,P0035,15.09
a0312d45-aa2c-452b-aa67-3c34b010f54a,P0099,66.4
329579f7-a536-4904-a05a-dc20ebc9e282,P0041,35.61
96370e9b-72fb-47cd-9e75-ecb58e202405,P0102,17.28
ea762ddd-8856-496d-b3c1-7a5e9593ebd4,P0231,21.27
af44e131-644b-4695-8e48-d536557678de,P0294,25.56
4882c25d-00c3-4bb0-8ccf-56130a4f39d5,P0081,29.31
fafa98f5-4694-443f-b705-d0e51fa68323,P0205,12.59
b8208e37-2e80-4f5c-815c-f882c86652ca,P0128,74.92
960aaec5-5372-4da3-a5b1-cbc3dbbbae5c,P0090,56.72
56901874-3fa9-43ab-b99f-a126580e6c4e,P0296,7.72
c88930a9-c260-417e-b7bb-30eb3944386e,P0280,11.08
3c31ccc2-d7b1-4e60-b87e-d953cfba64e8,P0243,51.22
ac8bb854-2ced-416a-afbf-97d8b9a7c8e7,P0103,30.11
633f9520-db9d-4192-9e4a-1b4ff50cddc5,P0247,35.51
55366a28-9da5-4341-84b6-2c7e2d71b989,P0142,38.42
2230d676-54a6-48f8-bda7-9508074fc0ed,P0185,20.58
18e2e78e-40be-4c60-9a8d-a3a563f8bcfd,P0101,28.06
d3e8d9b0-1e6b-486a-b372-879a00998b42,P0242,3.69
4f7f9673-ab85-4415-aeb4-48894449e112,P0005,8.43
3d1e14c7-340c-4e35-82e1-827437bb696c,P0004,90.34
091eb42b-b3e7-4153-b959-0989cdab2da0,P0076,31.4
6e858fb9-dc0a-45b2-b059-f20cf3ff059b,P0173,12.89
0fb3ba2b-cdf2-4709-9e41-75f74797f434,P0273,34.31
b62484b4-6ef3-40eb-a433-ac110cdf32df,P0221,25.17
c3ae6f3e-b228-4a1e-ad4f-d3c6f8f28cfa,P0147,63.68
020adb09-1f7b-409a-af6e-0fa864bc6211,P0084,48.13
e0b2a220-d140-4105-89be-868bc4e26857,P0157,21.63
e1a0e604-1daa-4521-9f97-f3dc91dd8b61,P0271,168.83
d873781b-0ff0-4c9f-9964-8de302a55d82,P0079,10.28
dd1e515e-01c5-4af0-b132-4886405ad1e9,P0138,11.63
9aff902d-8ccf-420c-94b9-474853d0fa38,P0231,2.38
dc51ad90-7f0d-404a-b9cb-c38ada12480a,P0137,23.81
10f6b73b-6850-48fd-a9b3-91d131d43c85,P0247,30.01
1fbb9ed2-51d5-4a65-8c43-6416c78a5952,P0212,74.89
c4b21dbb-045c-42d4-a2f0-c5b3bb9bbbcb,P0280,7.31
d9b6f83e-7f8f-4eac-9709-5e18da2f9dc2,P0072,62.45
7609f104-43b3-4e1e-a8af-77281157364f,P0104,16.77
e45cf8c4-fc73-4f32-948d-683246bff206,P0054,12.22
d925ef1b-c271-47e3-9ac5-fad45967d6ef,P0098,118.89
a1fe4d6a-07fc-4398-9478-ce634cbd930f,P0090,36.8
0c62b853-9c76-4f5c-8109-1ba68821e4d1,P0029,4.64
f8b96a90-1c95-49ae-8729-34e34d0197c1,P0215,19.97
c289682e-4390-4b48-a9d1-f9cee88146b0,P0024,43.23
997ad08d-1761-4db0-9eb5-8408bc4f997c,P0160,9.26
dfa0def0-1fc6-4be3-9971-6fbbc333907d,P0018,99.1
302c47fa-db0f-4765-b878-3f2a825cd563,P0154,37.51
7609f104-43b3-4e1e-a8af-77281157364f,P0116,89.22
aae08394-cbca-41c7-bbb3-aa420f20af8b,P0278,90.42
be41e9b4-9332-45db-a133-1faef6ff99ab,P0160,27.87
c4f62ec9-d4c3-459a-a98d-709ff53f684a,P0218,16.79
cd6b21ec-dd7f-4f2a-b002-f1af07698eb5,P0160,33.06
427c5e7f-7b01-43e6-af41-e45a1d8f60a3,P0296,56.78
3ae554f7-4be4-4483-9247-e359b52cb0cb,P0119,2.33
e3f68f45-3d0f-41bf-9fcb-dd6419cab123,P0064,29.78
6648a09d-87e3-4c4e-b83c-000f69396e86,P0062,55.53
4cb0a1d8-e1a0-41bc-99eb-564cab994869,P0110,8.65
eb909080-05f9-4eff-b65b-c4bd5f17b777,P0174,28.65
bb4919ba-3b14-4d96-9246-a82a4cae1f09,P0066,32.98
da6db922-b246-4add-bd1f-cedae1132f68,P0029,34.69
133faabe-56d4-4b99-95c9-4c9270fd902b,P0233,60.0
1f534934-089e-4ab0-8242-3b9a44d823e6,P0153,6.09
ff854024-86db-4bd0-a6ab-53ca1796ff56,P0101,12.27
f20b61a9-31f8-4354-8b57-908a78a9be42,P0031,45.17
12c5e724-f92a-480f-ba63-83d8e6d7c6a1,P0284,2.16
60e54f1f-e15b-4da2-914d-3a0b2d98c347,P0160,5.69
44763431-b1a9-467b-81f8-d719a60c3882,P0121,152.74
7342b059-91de-4206-8500-56c0eeb328f6,P0176,62.03
3696a3ee-2498-40f6-929d-2fe9944ed816,P0289,23.67
9b208664-659a-49f4-b92a-a5ccc10d2a66,P0006,6.55
11093a5d-0108-4a9f-a0ea-e099f18819e8,P0179,12.86
8e4f62eb-74ae-4db9-8ccb-9fc8f4f84787,P0132,60.96
5dc8fa1e-d90f-4028-a601-e5f31636c23b,P0205,31.7
987fa3e5-8f14-4871-9505-011c81094140,P0070,13.42
19e93f20-7486-43f2-86ce-90feb9c70c38,P0264,56.55
973866f7-a9ec-4ef7-ae23-773c8d22b02c,P0241,17.19
58b5b2cb-88e4-40ca-bf70-b3772f9a9633,P0169,54.52
541a8c51-28b2-4841-b403-6375cc10ca4f,P0169,37.85
b91a9337-3145-4682-b16d-12f5b72b62db,P0215,17.27
77bc2cbc-fb76-4a1d-9c24-531d390aec73,P0257,14.81
b0a20956-2467-4a8f-a3c6-7b59276713a5,P0180,10.98
d0c16435-85de-4d21-9e20-46bd42c2397d,P0043,43.24
606b74c3-df91-497b-9e9c-fd55c1af67ce,P0009,25.24
ff528411-3dfc-4a4e-99b0-32037c9c3712,P0214,205.89
c0a8d9df-9106-4900-bc28-207972af2b92,P0291,18.87
5ee36bd9-9b22-4b1a-8c0a-f3fd33fdacd0,P0154,19.64
ec953656-b9f5-4968-a0af-553020f2831e,P0183,47.08
64dd604f-92e3-4f33-8235-1b93e3c7ac2e,P0188,62.74
01076a9c-ffac-4781-ae7f-eaa6ad82e871,P0126,0.63
ba10d5ac-1877-43fb-a56f-e34e6eadfb9c,P0037,39.89
73f79a82-f492-4712-a6de-b4f9034c09c4,P0019,33.45
45a871b0-9a7f-4f3b-a757-7c92caef7003,P0054,26.69
d958219b-e83b-4f05-adf6-ca1189af682e,P0087,20.36
38a33506-7507-4648-baaf-e0aa624b76fd,P0168,35.01
a075b0df-a6db-47f7-be81-47d8a6eafe1f,P0195,3.92
98f8038d-c21f-4967-9147-148135512d96,P0094,24.82
b017898e-781c-4e1f-a25d-0fefb8a616ce,P0268,59.74
57a0f732-3f7a-40a1-9fe2-c8356560a889,P0178,2.98
2051a5bf-eada-4db9-800b-b030b8cbd012,P0064,113.5
983f0d51-da78-4790-bc24-f838191bdb0c,P0074,3.13
27157178-2be5-4b39-a1d6-5a47277fe09f,P0010,30.16
66b4b80b-cde2-47fe-b457-96057131661a,P0143,11.7
241b2bc1-d74e-4501-aede-4d92fe35e0e2,P0170,25.04
a0312d45-aa2c-452b-aa67-3c34b010f54a,P0138,87.13
96b32d84-75c2-4e5d-b5c3-cee535fc4412,P0298,103.12
aaf058c1-cfb5-4a25-afeb-e9e5d8f0f396,P0181,0.08
7142805c-d4bb-4166-b9b6-6ee2768a85b5,P0037,46.46
038ad2fb-3e44-498f-b490-896852b59bdc,P0109,34.51
6ad0d513-fa74-4af0-91c8-3402f78dcd82,P0246,25.86
8f30a8df-f685-4014-996f-4a4be3cdf85f,P0042,24.41
daeb8bcf-17a9-4eca-81e3-f7569d5ff107,P0082,9.35
72d676f6-1562-4a8a-8dc7-e8786307b32a,P0183,44.02
e662653c-6ce0-4be8-a110-88278f66126d,P0143,23.54
202f6f1c-c12e-4044-a90f-6a1275b4a0a0,P0186,3.81
c0a8d9df-9106-4900-bc28-207972af2b92,P0091,67.61
6bb9c257-6c89-48be-b27b-f4b929bc5bb9,P0186,5.92
15a38e70-fd5c-4203-96f5-e5ad184ded00,P0091,8.26
1be368e0-a1de-4f39-8312-ac675f90c616,P0224,31.96
ec3d4619-d604-4e89-98c4-17d68482ef0a,P0254,6.69
7205ccaf-ba83-4dba-ba8e-d4ec07a14074,P0009,60.02
5e8fc975-ccec-4b22-b5fa-af9510a936c9,P0006,40.91
b06d4855-df98-45df-a010-0cc90c241b69,P0097,28.82
e3593f67-ef96-4b38-9b37-012c59acf2f0,P0299,7.39
0a108726-4ae3-4819-84ed-f7103a094266,P0247,103.26
49cb0735-f231-417d-b678-d6b042c75fd6,P0232,4.11
53391973-ca1f-4ef9-8eeb-d14491d524f2,P0054,11.85
b4cac47e-0f26-457f-9639-95730cbf49bc,P0094,12.33
98284f09-b634-4b29-8514-60620f475c3e,P0005,51.03
e1631055-7fb1-424c-8f15-44cbcaa8e0a5,P0110,35.83
0b8c6f29-a59f-4f19-9c96-7341f9026de0,P0199,26.59
a761e28d-d262-4209-b10d-6b2d4b636ff9,P0288,1.75
6f2c7d38-f5b8-4cd7-ba88-098a44d4900c,P0236,4.72
f788972c-e7c9-4fac-8703-f14150502e79,P0069,46.96
499d0c6a-fa0c-44ab-a415-cd231d4a31ab,P0115,82.98
aaf058c1-cfb5-4a25-afeb-e9e5d8f0f396,P0017,50.89
1e5c711f-412c-4f62-85f6-c4068816ae12,P0297,7.58
79a375e5-1467-4d3f-b9b0-4eec353e6a86,P0178,3.69
00cd15d5-ddbb-480e-8983-7e21847fce15,P0193,40.61
87f65ec2-e8a3-435e-8ec5-af191d4b06b5,P0093,27.69
e8e96576-8c6c-479e-ad26-496e1484e00d,P0182,10.31
583ad235-e947-4dbb-8020-d92b565cbac9,P0222,0.16
80b16993-2b00-4cbd-b2e8-33e390c30a55,P0181,22.25
91649df0-9864-45a3-8419-7513bcf44d87,P0059,53.27
5e5432e8-b456-49fb-b018-e5d06c9161b8,P0167,71.36
22842c76-a829-4811-bb2d-e67bfa4f0690,P0231,34.9
a75caac4-7533-4eed-a976-3fb6e42c5bb9,P0158,60.2
c6ef57ad-8e73-4b6c-948e-fd8927482ef1,P0215,4.76
d40b7355-0dc5-415a-abeb-577e4978d57e,P0128,0.99
123453e1-1164-42b2-8c46-1ba4004104ae,P0245,5.16
825ab9f3-88f8-4611-af2b-5427718a2b3c,P0059,43.51
324ce036-c202-4aef-a0f3-87ea2c5c8706,P0202,13.14
387d6a48-143d-4355-a6b2-69010a143feb,P0154,24.16
a9f49393-9006-4e03-ba3b-e1c08b10168b,P0037,104.0
8f6c02de-58e0-4bd7-a385-c77673d277b5,P0145,37.75
109595b5-97d6-4b0a-9eb7-92b6c04d47a6,P0108,19.15
8b1b2351-64d9-457e-9dad-26a5bed3d5e5,P0220,85.23
e9327ef4-6410-4c57-b258-a20d99e1d894,P0159,2.57
0d26bb0c-f91b-4cf0-b12d-9d1a4f7c49e0,P0286,20.71
84f55c4c-beb9-4507-bcca-872b860af44d,P0105,4.8
0b8c6f29-a59f-4f19-9c96-7341f9026de0,P0120,95.03
9e2000e1-83c9-4fd6-ba0a-633b3613747b,P0264,17.69
754d9c40-c3a5-458a-8eb2-15769e07eb6b,P0229,43.99
6441573c-23da-4096-a805-9e7514857eff,P0172,14.8
5a513e8a-3b13-4ae9-b598-27339fcf83e4,P0056,33.5
7b16f8aa-fd21-46e8-93ad-a88196354f76,P0263,17.48
7b0dec73-4652-40ad-bcbc-d49c7c0a52ad,P0220,186.63
fd2be450-c71f-46cb-bdd5-1c41cd128fd0,P0184,118.05
f948a8ec-c38c-4268-ae75-efcf0ea73e28,P0085,37.76
17123bf2-c829-4f1b-bec4-8cd1fb5b7466,P0129,27.46
680287b5-531f-47b9-8c9e-0a9c00cf8877,P0029,30.67
3a71600d-a2b9-4062-b8d9-d2b9bb26ec8e,P0083,37.23
266e5aa6-24fb-4130-8458-f1f941bddda0,P0228,4.39
1a541176-5f92-4934-bd24-a076920e0443,P0288,111.59
0691ead5-dee9-4881-b1a5-e2106411322f,P0285,53.4
73f1e0e0-fbe2-4567-9d2d-7f1275c1e060,P0292,127.27
bb090732-a81c-4e7c-a24f-3c3b26342a99,P0167,93.16
0950554d-f688-4efc-a028-0cf782f61709,P0064,116.0
87301056-9702-400b-82fe-af53e841629a,P0106,39.59
36488e56-aa47-4145-9156-7bca078a7264,P0049,11.22
42fab363-2a44-4edc-aee6-cea20a88a977,P0163,4.14
a6f5c906-4ec5-44d8-8218-ec8b91496ec6,P0286,2.67
0e320a44-40c5-431f-9cfa-a730544d4bef,P0066,13.75
c3f9071d-aaa4-4847-89cf-fbeb99c67509,P0100,4.82
8ca46ebd-23d5-4425-b218-916046b47fd5,P0244,46.23
96a72a01-cdca-4ba6-92a4-984fb99ebdce,P0123,44.75
ca2f9775-a365-4110-a2c3-52d68b6f3baa,P0272,24.12
4a6f0c04-cd7b-4df6-b1f2-c59614a3f9fd,P0114,41.39
19e93f20-7486-43f2-86ce-90feb9c70c38,P0136,1.52
f319a8eb-9006-4edb-880c-c9570ef4ca8e,P0168,36.72
38a8792a-617c-4970-890d-d213ed1be4ea,P0243,47.19
bc801302-fd6e-4a1e-b34f-fd96c8e73618,P0047,55.11
b89dc1f3-a49e-47d6-bc27-6621e666d291,P0243,130.38
107b2493-f452-4644-910d-4230fc211b79,P0163,49.03
0fd4367c-9244-4e74-b242-1362a6b6183f,P0273,81.97
8f0d8ad6-49b8-4984-b005-d011310cdcac,P0299,76.46
d376b497-68f5-4d3f-ba75-490053192b90,P0195,41.68
43638094-03ae-4b98-90a4-6bbe85ccbf26,P0180,28.86
21d5ca1f-e4e9-406c-bcd9-59d25d08a55b,P0089,4.4
b872aef5-0ce1-4466-94b4-5d18986e4fb2,P0243,124.99
aae08394-cbca-41c7-bbb3-aa420f20af8b,P0001,11.06
1e268d12-6c38-4198-b7cb-f411d2fa223d,P0007,41.68
093ca4cf-242d-430d-b8f0-fc443b684f51,P0203,71.05
5e835f7b-01ea-4356-9c7f-4017fe3a2127,P0253,20.68
84ade16c-367e-4ccb-b57d-bcc94a1ee67e,P0054,24.17
e7dc1eae-02fd-48f9-b1ff-2211d01ec102,P0045,17.77
5b5f5c9a-1dac-43eb-807f-0f54f42968a6,P0186,5.73
c29804c1-22c5-46d5-9730-8bd1550bf954,P0295,16.46
46a11d95-6b5a-47d6-824d-292989fe4e56,P0155,56.98
53a795c8-4dca-42b2-8876-949bfe0118b3,P0175,9.68
c02c623d-2ae6-492d-bfe9-9e0e842ee78f,P0274,4.29
fee8b8fc-a046-4283-b0ce-604cd88efe12,P0051,28.02
15c9b5a0-5e79-485e-a4e2-e10f54b6aa4d,P0134,66.54
1d60ff9b-2a14-47c1-a695-4614cb9fc8d6,P0283,1.02
5a2cd3e5-405b-469d-85fd-dfe5bc9f6c1e,P0035,44.77
7ee7ce75-ea88-42e7-8031-9fe9afcc518a,P0063,0.39
c5249b6f-fa1f-4353-8ab2-6719479f5f36,P0108,21.56
05a5c7e6-d249-4261-82fe-4b5329aca706,P0275,11.63
4b033133-550d-4521-92d3-77d762772b8d,P0254,61.11
a2c1f6ec-63bd-435d-bc74-d0616c05d22f,P0084,22.06
5ba4d675-446b-404a-876c-338ce9bcb049,P0289,104.08
9e2000e1-83c9-4fd6-ba0a-633b3613747b,P0175,88.37
3ef26891-2a76-4ea0-8589-ffca6fbb7c67,P0269,45.36
ef20a7dc-9695-48dd-b391-917d157be5f5,P0086,9.13
86590d06-8df6-4222-885a-d40a689bafdf,P0186,85.22
de36f30d-9aab-4751-a3db-b2abdfc27881,P0281,48.39
60e1e31f-2406-4d63-8ae3-c8c399139a79,P0168,132.91
2a5cfb1d-b0d3-4f3c-81fb-de559732a96d,P0263,76.23
e662653c-6ce0-4be8-a110-88278f66126d,P0052,15.31
1512df76-0c94-4c23-9dfe-f5dd65942e01,P0151,24.39
a305f059-e5b2-41ae-a926-72ef788f8b7e,P0192,17.46
97e02654-737d-4556-883b-4af740a59383,P0286,72.72
3ea56d12-abac-4522-a2bc-f224afab3618,P0283,92.24
666841e9-e6f1-4b9a-8551-a6aeee802d6d,P0119,44.62
fa244034-916a-46b5-8fca-1c34d3fb0f77,P0204,50.4
93f4de3a-5b42-44a4-b2c7-0def00165606,P0053,71.65
86099410-2a13-475a-9dec-e50fcaf73b40,P0207,20.75
d8574981-8c19-4104-8610-4aa242d0c467,P0294,45.6
0aee3fae-7193-44d0-b084-320f3825cf3f,P0191,21.66
d248d710-8281-48f7-9357-bf7ce491870a,P0102,87.75
b693485f-68da-4a9d-8aae-d5a9f66a7965,P0147,26.35
df4ae799-32bd-4561-a25a-c969895dc6ca,P0056,21.69
624ab239-8726-40f0-a5de-307513b93ab6,P0257,3.09
b53b41f9-d637-4919-aa2a-80e3d29a1479,P0117,36.25
d1197bf3-d12e-4dab-8393-717dcbb15338,P0281,0.18
fb362d0f-99b3-4c58-94ad-d86a019007a6,P0077,14.73
cbe93e5d-a13f-47ee-a93e-42829a03d1e6,P0037,61.79
372733b5-3016-4445-be54-2caa949999d5,P0293,52.3
063b3639-56fb-448f-8998-1e5e6f3ef41e,P0259,4.15
5fdd00bf-e8ae-4e39-920a-51222e678236,P0139,61.13
65c994e7-1408-4027-97aa-c40de288c1cf,P0174,36.98
48f244c0-2793-4e40-96c6-124952d47829,P0088,7.87
dc128e29-b6bc-4f79-bfaf-931aec5a4b36,P0294,10.75
4e0e176a-30d3-445a-a1a1-ecc5734c019e,P0079,10.47
9db4a827-acf6-4069-bec6-89b163b2bd23,P0206,15.63
709cf81d-e145-4fa3-8830-f009b731dbdf,P0002,28.58
4c7a4d1b-f751-43ff-a5e6-97d387dd0a54,P0199,16.63
e9cb4431-5a7b-432f-996e-632932a9f632,P0027,20.4
231046b8-3a29-453e-b499-2f1ca21acd22,P0262,15.61
d097d394-06af-4e72-b511-0edc233aeafa,P0089,78.45
b0526a4f-da2a-4924-b852-1e28b27f3a97,P0170,1.84
1c3df0c7-159f-47f2-bf7d-dacfd636270b,P0095,12.78
685ce01a-2a04-4842-8b10-6f4ce2459511,P0193,4.85
a8b64f21-d1b5-4e3b-abec-d78edb6af477,P0230,70.57
214c410e-fb79-4831-a1a8-849f9003d2b4,P0225,25.7
ad526bda-da0a-459e-8081-3ebc2fdf7e77,P0050,21.71
5d5b773c-8798-4192-8a0c-ff16c03c01c1,P0196,94.35
9a7426ac-5f34-4b17-8a6f-efe2316d135b,P0229,34.44
1e33e650-de51-454d-973d-5baaebf9679c,P0034,16.88
1a256df5-04cb-4615-8213-c08518144593,P0098,28.76
680f311b-99cb-4321-ba77-160e00503578,P0289,21.53
8ecf8c3c-0f14-458d-ade9-273b31a56983,P0065,71.0
60b62d7d-88b7-406c-a6bd-fa1e3dcd9905,P0218,36.53
70710bfc-4558-435c-81d6-d6fcc41f4915,P0093,32.08
b4d75ef5-78f1-4a50-a19e-68dc63296b29,P0165,50.76
a8d56062-c3d4-4347-954e-962e81904c72,P0136,4.24
2eed52f3-1fca-4c82-bb5b-c4ee68399361,P0073,87.82
2d6d7b4f-5068-41de-be49-23069400a9fb,P0179,2.31
f0d7beba-eb07-4023-b760-19c5b2eaee27,P0233,156.94
411cc5d7-cfe5-4341-9965-b0f6835ff81a,P0176,20.1
5988a3a4-8f74-481a-8a72-b2775fd284c5,P0008,17.62
6c65dfa5-6324-4711-a65f-7ecf5cec92a4,P0046,92.67
b017898e-781c-4e1f-a25d-0fefb8a616ce,P0271,48.5
01b15afe-3049-4b07-8c18-01e8b92b4655,P0164,5.2
1e95a2a8-59b5-43f2-a591-4ad11eaa5e6c,P0157,141.01
2aefc617-abea-4c83-8c07-1fd7a605c576,P0182,64.43
d4de374f-8464-448b-a0e3-625c4961543f,P0284,7.63
3f33adc8-76b7-47d6-bc6e-d5626d7303a0,P0018,4.0
e63ef0b9-ead9-451b-a5aa-22ecb5facd94,P0190,2.43
25bacdca-8734-444a-b48f-883e7535d70f,P0038,22.9
13f96d0e-981f-43b2-a456-0589aa2506e3,P0170,49.74
8b4e4536-92b5-477f-8b18-31c8fb2f20ab,P0114,34.43
a80a059c-328d-43a1-b609-ec9e51584518,P0078,25.14
e9cb4431-5a7b-432f-996e-632932a9f632,P0240,32.79
9775909a-0fd7-4209-ae40-f5aa1ed1362c,P0158,33.92
3bf0993b-45ff-499b-a36e-a5a4cf34192e,P0037,7.11
2bbd50af-e6ce-4823-b1b1-72bb4c6bb652,P0115,165.15
6c65dfa5-6324-4711-a65f-7ecf5cec92a4,P0267,18.21
8534d13d-f9a7-49d9-ad8f-9c31565b8ba8,P0002,70.92
ec249cb3-d29b-470e-962f-61a31d6c0731,P0287,61.2
78b4210a-9232-49d3-9fe7-9bcde57e86b2,P0019,4.54
a9413983-85e9-4cd7-b954-8a9b8ec34e56,P0241,34.11
414c2c77-dcf4-45ab-80c2-51dfd808deda,P0038,9.06
4ede349a-921e-42f8-a0d3-8d8d5ab1481e,P0023,68.69
6269f96e-f72e-4e06-a009-6d6fd47a449c,P0042,18.58
9ce0e3cc-088c-4620-9244-f7e3adf352d0,P0052,60.9
29504080-6417-4f34-a863-01577b9680a6,P0289,70.08
3c346d1e-c3b8-4192-a028-2dc04c892b93,P0144,15.56
d3db210c-15a9-4deb-b012-a6380b0c517a,P0184,12.59
68d6a377-7520-4ac6-8cdc-76a68f5ac4ef,P0267,48.26
dbf1aacc-76b0-4800-9126-8ad16119491a,P0045,29.45
e57ff1b7-507e-4267-9246-99ae265578ea,P0183,6.31
b4a60668-7e18-44f0-a06b-9fe93ebf49d7,P0242,20.39
6caca151-34a1-4d9a-ba69-abb37f03955a,P0071,2.49
03ae7970-7bf8-457a-a10b-9ca5094e5edb,P0024,33.88
63462893-8eb5-4520-b82e-f9a7c0ecc2b3,P0226,8.38
ed9d739f-cd74-4fd5-9575-9b620cd5f4c9,P0132,2.82
a435b2f3-096a-4141-94ea-16e59318548d,P0023,126.55
35757333-b467-4fb3-a1a7-2ea2b438bdf1,P0282,24.51
83b35154-dfb0-4708-84c2-afe84a7751de,P0087,133.17
c5c78fb5-f523-4aaa-b121-a0f06577ef7c,P0102,4.0
5b05d55b-a3ea-4e5d-b27e-cd98c1ac505a,P0170,53.14
b914bc7d-44bf-49e4-bfc3-e37053b8c2e8,P0260,92.14
8e2be4c2-65ff-41ba-a8d9-8a0b8d6a5661,P0281,22.08
93bfa20b-6118-4b9e-b6ae-f66faa628eb6,P0144,15.21
8b62089f-9cb1-4e00-9060-4a421eeb1b4f,P0003,27.17
cdd3242f-0ef8-430f-9951-e217f0359a90,P0055,78.97
aba86dde-d2f5-4b43-aa02-0d0db2c77786,P0161,9.94
50623b0f-8d66-45a6-b45b-845f8ee3e78e,P0181,22.15
eefaacbc-e0ba-45f2-9755-dd8335b78feb,P0190,4.5
6d0c2328-1b93-4c53-8320-5bb9055f9918,P0245,43.67
56b35ae4-b148-45bb-b0c9-87bd358fa9b1,P0296,28.04
c5cd21fe-e362-42e5-8665-3699a44a5fb8,P0253,27.48
559c8a3d-1b96-4998-ae1d-e3126ccfc313,P0223,3.23
585fa854-2ade-43fd-a0bb-aee6da8a36e1,P0186,42.0
e1f00424-2e8f-4d52-9a8d-afe772e5b941,P0019,24.59
cee4d04e-670c-4bfd-b275-9759635f8467,P0082,65.99
0e186820-3ba5-4470-8ac8-f96c5ab85bbb,P0059,17.13
6dc20c30-35a4-47bf-a9dd-5cc907d1be88,P0198,162.61
b7708e91-4562-47dd-91bd-9c4779f52a94,P0177,194.8
9e912caa-8472-4552-9565-7e09d04738e8,P0118,71.41
76a50f10-5c48-4445-b726-ad3ee6b5bc38,P0124,57.48
da1b2c1a-4934-46fe-a073-5d0a8cbe7180,P0189,16.39
ee47998e-462d-4f4e-98f9-af89200c2352,P0145,10.69
a7e6adf0-84f3-4a48-8fd6-8ccc6a72576c,P0234,22.34
8e7675c8-09f8-4eb7-bea4-c949ee077be5,P0035,20.83
d1004bca-2628-42f0-8087-b864934fddf3,P0189,4.55
23442303-7491-460f-978c-666b37018aeb,P0015,18.85
b60a362a-0a43-4bdc-ad8f-2b4490555696,P0182,1.29
f0c0d1df-f571-40c6-98c4-840e5b6d3de7,P0296,27.85
38f4abf2-861b-4e03-8d39-4ae6b2e86226,P0117,23.27
3cbda0a3-06d0-4674-b109-1fe5cf6fcff2,P0149,34.17
fa98bd04-d9d2-4995-93f8-b449bcfd7401,P0195,1.27
6ce85e6e-1795-4521-9f91-f777d970228e,P0172,35.49
409837c2-b34c-4de1-96be-9c5223f26e53,P0173,22.61
5dc4703f-51ef-4a6d-8389-128f3920cf48,P0220,85.97
b4cac47e-0f26-457f-9639-95730cbf49bc,P0009,51.09
9481c2ea-0e0b-4e48-a0af-b3300129be12,P0176,17.89
4feabf32-a34d-48a6-9978-b3a43e5b794c,P0025,26.13
98f3c193-7e55-4e01-8517-82a7796d8277,P0107,1.88
73f1e0e0-fbe2-4567-9d2d-7f1275c1e060,P0194,70.31
56eab249-9ce7-4fe5-b1d2-f57cd04d32e4,P0208,30.98
9b5210f7-9912-4a20-8a96-1a1d81ef0faa,P0290,39.87
1e268d12-6c38-4198-b7cb-f411d2fa223d,P0158,56.37
74559581-94d7-4b17-a579-7782726ea0fc,P0261,8.17
62a72f5c-d5f5-4111-9e52-8efe7e8e7f49,P0086,28.66
cd61532e-af1a-47db-a8b1-abde7a69679a,P0179,6.18
8323f5b6-ed64-4c2f-9a92-87a6bb05d580,P0046,21.88
f04a17e1-d8ef-48b2-a774-b409554849df,P0218,25.47
1d758b9b-fc1e-4590-a0bf-59e573f61019,P0278,6.75
fd338ec5-5e6a-4ffa-bf56-12e11cc257d4,P0232,4.63
68d6a377-7520-4ac6-8cdc-76a68f5ac4ef,P0223,9.06
4b061afd-4aa0-481f-b4bc-1ea35e54d46a,P0119,8.99
7ec9c00b-66dc-4ef4-ac21-3e6d74d704ab,P0117,38.28
892f75a5-df28-4157-b5bc-f7732f599c45,P0228,67.76
a421dc4c-55c8-4794-a6c3-f07a8e20ffb1,P0065,69.8
a8d56062-c3d4-4347-954e-962e81904c72,P0092,22.17
ab955f8f-c073-4b5e-ad97-bd072ad8a183,P0298,11.98
5ed772b8-c959-4153-86c4-fd8793969184,P0184,135.72
b2649a17-5191-43f1-b179-dc653166f527,P0003,24.85
e84adc77-7cd4-4868-ac90-8e9ebec0b2cc,P0038,15.16
17485ecc-524f-496a-aa1a-d0da886a355c,P0123,7.41
72e46aae-c6cd-45ba-bf28-f26940e55e55,P0164,27.44
3e6d655d-f541-49da-b5e8-e5b58f5844a0,P0182,110.99
b7708e91-4562-47dd-91bd-9c4779f52a94,P0043,8.94
fab9f1af-a374-4fa9-b9b0-30144af11807,P0007,49.01
f896b68c-bceb-43be-bf1a-a071cb34d870,P0254,1.7
420f992f-84ce-4e4d-9f03-c88b8bb647ff,P0237,8.78
8bd50318-e452-4f30-9360-b1aa09c37b87,P0069,57.03
64dd604f-92e3-4f33-8235-1b93e3c7ac2e,P0240,26.02
748fac1a-4a7e-486d-b348-277e61e77af5,P0069,37.58
eeac70dc-e8bb-431b-999e-ccff2840f751,P0188,13.15
b57711a6-b1d8-4dd8-9977-dbe2b165981c,P0284,8.46
469958dc-7f5a-4c7b-8040-32d097fdf6a9,P0157,14.5
58a0404a-8ef2-4ab9-b29d-a18b06710a33,P0178,43.52
d8282081-31a7-43e7-8276-d554b6bf88a4,P0109,20.99
38f4abf2-861b-4e03-8d39-4ae6b2e86226,P0146,7.43
32abad51-3ff3-452a-bd83-a65edac2881e,P0205,95.02
305b6e8b-82e7-485f-8f81-e1734785851a,P0082,151.4
f2d19403-9229-4cb2-b51c-6fbc09964296,P0174,49.15
43e55935-4688-4700-a3be-09f09fd545d7,P0202,18.25
5dc4703f-51ef-4a6d-8389-128f3920cf48,P0208,35.33
f3b6eead-8ebf-448b-910c-c7605e44b5bf,P0233,48.61
1858f701-cccd-4379-89ac-80c03b11857f,P0162,47.71
f683139a-efd3-43aa-87cb-08c6718140df,P0178,45.08
8900e46b-4f45-4a2e-b2e9-1b420f78868e,P0006,19.74
0466e918-4cd1-49b3-8150-15fc4f36132b,P0088,5.33
f8327269-7bfd-4744-8cd0-ea50d5fc08b9,P0015,67.07
4b8156eb-3598-497f-b4a3-ad816205dffe,P0228,49.01
16da432b-59fd-4d27-80b5-bb23f8a67ded,P0203,11.34
1ecfde26-2452-4323-aaad-199f6b4a6681,P0009,9.4
b52dc365-c0d6-480e-b948-dde79b81af48,P0036,7.59
c64ffea9-1125-468a-9478-f326bce389d7,P0270,59.38
e4421c02-8ee2-4af4-9d92-f9af9b9af88b,P0037,62.46
4e20f2b7-91e4-4e89-b534-f74d2add8174,P0221,23.15
5b79024c-b555-4988-87fc-3ddfb34817fb,P0092,11.39
95cdcd0f-0f92-4d26-b30e-88db8df907c1,P0012,46.13
bbfc1ab4-7ea7-48f5-a184-36af20bacf4d,P0059,23.84
e608b529-a19b-4169-b2a0-86695abfce68,P0171,50.29
ee9fc567-ebf9-4077-8f9d-53c162c20f63,P0090,110.32
7664de7e-ceff-418a-abd8-11da5f485aa5,P0239,2.53
b76ae33d-8030-4f7b-b09d-4d6231e169f9,P0157,12.04
9d4aa050-7d76-4456-8aaf-2f66eb15fb2c,P0243,41.96
1b6ca24a-ad47-456f-9382-d397a2ba6295,P0014,32.8
8425613e-9736-40ee-b4a1-8f081e45cbe5,P0161,133.24
7de0a57f-0553-4674-86aa-3208e5f51bf8,P0191,20.86
2620cb5f-2fef-4a7e-9d83-3043f57685e1,P0047,37.24
f0fc68de-590d-4a62-ac3e-50759db589d7,P0132,88.59
5b5437df-e179-420f-bc38-171f9928bbd7,P0250,67.99
b7546a9f-baae-4ec0-a194-8156ddf042aa,P0127,37.44
6d4cf5ad-9ed9-4750-8859-cfb5696b8d32,P0106,64.57
b57a95d6-bba9-4003-8499-261315c0d4de,P0009,0.9
dd582b6d-186b-457e-b3ff-d48918039bcc,P0117,17.67
2bb8414e-63df-486e-b6a7-2ba1457f41e6,P0081,83.81
61feca89-69e5-42ef-9872-a736586a6733,P0213,51.01
e4c6d72e-9a48-4e67-834a-af3b5cc9fc9e,P0024,26.06
4246cb94-90c8-4098-afe4-d7edd363522e,P0291,112.34
cfc7a3b2-2f4a-4bcb-8c8b-4e4b7d6acd8c,P0174,16.23
77d75b4c-cb9a-4d88-a5d1-db2038e1c26a,P0106,2.96
b5826d1f-3358-463b-a1ec-1153d49b2234,P0016,26.53
c721cb66-74c0-4a22-9f27-068f4bc5af10,P0233,32.24
54f16d0a-6e27-4c5f-a172-d9fc820f71e9,P0222,56.51
f788972c-e7c9-4fac-8703-f14150502e79,P0004,144.25
ee25b764-02bc-4eef-8e2c-52342d91c788,P0290,29.88
2dbd8281-645a-4a27-bc13-f66164b06e89,P0206,29.61
7df0c146-b30d-4fe5-b5e6-d404efac5646,P0222,25.87
f14c4d29-86bd-4894-827b-35cbbc8114f9,P0014,55.13
5162c734-cb32-4604-bba1-3dd63a3c2655,P0037,38.97
bea1e045-5c62-4128-99af-d7a4e8bc1c81,P0203,231.48
deb12f3d-c256-4f38-bd41-d260634d4c57,P0114,24.04
42f926fc-76e0-4fa8-88f3-59fea62d541d,P0129,19.84
13604b93-de53-42cb-b8e1-da8047b8a4a4,P0003,3.56
ec4f73d3-8644-4767-b5b3-fc5f8630177b,P0068,8.0
0f0d37ba-f8eb-4e42-a714-19bf15b8f91d,P0142,17.22
e9eaf931-c0ba-468c-83e0-f90a9f8cb9b1,P0197,31.38
67c3c94b-5621-461d-b5c9-4e1f0c7deeb2,P0127,111.24
49cb0735-f231-417d-b678-d6b042c75fd6,P0061,4.14
368c00f2-6d6d-4f0f-9624-ad5ef255c832,P0261,8.04
c02beb95-b09b-4d6f-9291-adaa59670953,P0221,98.9
729caf6b-7e76-49d7-90b0-7164f5232959,P0044,117.84
fb577a74-1f51-4dc4-9ec3-aee49448f286,P0234,13.95
dfb007a0-7da9-41a8-9490-74cb7c61b671,P0214,14.8
c08dda7a-4cef-4535-a62e-3fb17fd17e56,P0141,80.6
469ed85c-e016-4fb0-990b-cea78347c644,P0134,26.89
550c97d5-a108-4d36-ac91-e0039b6ee856,P0257,20.43
c0658686-b96a-4da6-989a-c79f6cde71ec,P0202,131.96
3c31ccc2-d7b1-4e60-b87e-d953cfba64e8,P0072,28.11
2230d676-54a6-48f8-bda7-9508074fc0ed,P0300,21.34
17485ecc-524f-496a-aa1a-d0da886a355c,P0179,55.81
ca2f9775-a365-4110-a2c3-52d68b6f3baa,P0059,59.93
5e76fa70-26ab-4a89-a916-66fb65abe908,P0070,73.37
941ae60b-1050-4871-98ad-f6e7e7b41926,P0226,44.58
f6a5d120-c8a5-479b-8256-5c048a4553f7,P0264,47.47
45042f45-f550-4e1e-a01a-6744b47c719b,P0198,65.84
1a72583b-a027-43c7-a082-cb63015fa4f4,P0130,10.27
f32a6c93-dbcc-4478-9b12-1e0182e3decb,P0030,3.51
28cd77fd-429a-4516-828f-81667860d4a7,P0134,23.28
5285e5da-acc7-48e0-a21f-bf5ebecaa07b,P0178,0.05
26d2bb30-b197-4ef8-beef-1bb69b2f6962,P0116,16.98
4a056190-b874-442a-8c11-d4db9e88b8a4,P0070,33.57
d1197bf3-d12e-4dab-8393-717dcbb15338,P0120,15.82
c0206690-53b9-4621-8ef3-742434bc0274,P0297,100.23
93b3134e-9822-45e6-b9ea-9c0135af9754,P0292,13.33
068922d6-705c-4e5d-a876-4a825c649630,P0193,75.12
29991b09-0bcd-4692-b1fc-0d684019c98b,P0022,39.06
2aa9ac1a-dc42-4a47-a6bf-282feef03356,P0090,121.64
f5208e88-1be5-429a-bf08-04bb651d1f35,P0216,73.51
bec93144-0935-4034-aa06-73a084bf6a1e,P0150,9.56
440d90a8-c5bc-4963-ae16-44169be989ee,P0057,7.42
1403847c-61b4-404e-9929-6113b2c17126,P0144,22.9
f224d69f-68a2-402a-98fa-ef17a8ab4eb5,P0172,27.72
a4bd604a-eb01-4340-bb72-27b892a44bbb,P0211,4.88
28f7f6de-89a5-43d1-bc23-55d3d0675fdd,P0197,26.42
4ded2376-8213-4df6-8f3c-48662612ee93,P0073,5.33
ea18d974-38a2-43ed-94a9-07684d234ca3,P0286,46.1
dcf3cc51-3a1a-4528-9d9b-11c11c2316d1,P0049,29.86
770ae9e1-a056-4e4a-887e-4a013e65f6a4,P0281,17.9
e5d9f296-7481-4229-aeac-35f06cd482d5,P0293,13.64
f7208e3e-fd9b-4568-9451-b6b06eaee9f5,P0017,94.31
ab62c0a5-2603-4675-a604-5f2bcaae6ada,P0017,136.57
663065b5-4db9-4633-bbb2-6523034bd8c3,P0207,3.42
25373aef-4852-48c2-8223-6f90b8328e4d,P0051,8.51
6a8ed70d-47da-4555-bd22-7516942fd7a4,P0231,49.78
ae524736-3e6d-4a68-8599-f37d4b4548eb,P0093,37.28
aaeecd41-e479-42b4-b149-ec7e5a825369,P0276,29.13
f4f4779d-8dc1-41e1-a843-c322186273e8,P0213,9.65
c3b56243-4b38-450a-ac6b-6b4f4b8e3824,P0219,32.08
753c0c72-b395-4a41-af49-a016637d505d,P0119,16.41
6a0048d3-7f25-45c5-9107-88175055c941,P0251,18.43
199cf9ea-d0f8-452a-9db0-748bac00dad6,P0288,50.06
e228626d-b477-49b7-84da-e8ece036bb7a,P0012,21.37
42f926fc-76e0-4fa8-88f3-59fea62d541d,P0048,135.55
e26c03f5-a42c-4bd5-83c0-a7644173f8d9,P0150,45.34
5285e5da-acc7-48e0-a21f-bf5ebecaa07b,P0191,0.06
cac4b625-2512-4890-967c-18384135bbf8,P0112,11.72
ff3aa8f0-2bd3-48d8-8eb2-51c07d720b48,P0213,18.26
ad69464a-f4e4-47b8-91b8-6c971befe632,P0046,23.99
31c0aa4a-1ec8-4784-b325-314e9cb20c30,P0290,14.51
18bc1c56-b824-42db-8f24-99bd2e508602,P0185,0.32
f31983ec-c39b-45d5-ab33-a848730a0c9f,P0149,41.82
f26f2b26-7e6f-46ba-b6eb-ce467ac556b6,P0260,87.82
d15ef0ba-a366-4fe8-825d-2bc75a713d09,P0240,16.55
63494cb5-dd21-4cd1-b0f4-fe05f2762ab0,P0277,180.87
c2348751-1eef-46dd-ba2b-63405fa7dccb,P0194,9.7
5e810667-1383-4443-8d94-f02b6f43c071,P0295,33.71
e68db048-062d-4386-befb-522e22a43bc4,P0197,38.95
73fd1f1a-fada-47e5-9462-74d06cb4355b,P0205,2.07
4e20f2b7-91e4-4e89-b534-f74d2add8174,P0179,8.16
01569d81-70ff-41f9-a35a-62759b443e27,P0173,14.75
e6d942bc-7e3c-48cd-86b7-2b1b6218e279,P0255,24.19
985daa6e-a7c0-4e89-8807-3514036fdd2d,P0181,134.13
8a981e12-9983-49ce-83d7-31fae1497c67,P0273,28.71
977ebed8-1cee-4429-92d2-e10774aa69e7,P0144,18.86
19c1b1c0-7a2d-42bc-beef-b5cdea804995,P0300,18.73
b6691d0c-d05a-43d1-9a20-0d37e157d698,P0134,5.21
cd61532e-af1a-47db-a8b1-abde7a69679a,P0240,22.42
edd12dc2-fbaa-40e9-b66a-0c1d9f8cdeab,P0158,44.62
cb4f1f57-0475-44b7-a430-832378ef8108,P0250,2.65
dd275c12-ed7a-4d29-9063-85a4aa5c6461,P0248,1.34
d0bb3cc3-7dff-42a4-8ad1-9390ab836307,P0259,4.15
ad7d2e70-f322-422a-a738-85f6eb5151ee,P0140,189.99
a1e0263d-163c-4d14-b20d-d068a34f93a6,P0053,6.77
87803281-193a-4415-bb1d-484898342b5a,P0138,8.41
4ad8b230-4d7d-439f-b9fc-305513ac318f,P0077,92.79
d7cf8773-7cbc-4fea-908b-7c97a082c9d1,P0008,43.42
60b8a023-ec94-460e-a311-a4736cfe18c9,P0134,69.01
2e4995df-3ea9-4abe-9f62-0a92de591335,P0036,17.06
2dce2088-0961-4c9c-b016-d214dd788601,P0070,9.36
f486172b-9796-4443-a289-7af24c42b648,P0050,7.47
53bbe8fa-8e52-4af5-a675-9581fce52f4f,P0019,4.95
100f9088-a291-4bc6-8a44-f2b0255fc5c5,P0074,83.27
4e21ce01-704b-42e2-97e2-ea21609b5c9b,P0278,60.78
b20fca23-142c-410d-81da-5b1d6875bffa,P0281,39.33
baa7e82f-3548-4e1e-8a9b-cdd4b961a3fd,P0085,0.54
6c3ccbc0-9c20-4fdd-a4af-60c78fb0f247,P0291,66.06
be5b947f-8cec-4f11-89fd-91031ebc60c6,P0220,280.63
1a52211a-4494-4796-ba0d-1f0c76bd9ea6,P0255,76.07
c55cc877-1950-4bc4-9a54-9d75a5da5c82,P0205,39.29
092ae0cc-575b-4023-a5f3-fcf0005fb050,P0231,26.06
37a1774c-510c-4f39-9284-6061131b8d17,P0146,30.46
49e12abc-6639-418d-873b-5407d3f2d114,P0242,19.35
060dd919-d635-4efd-8316-efe6a3187080,P0234,3.78
7c62c2c7-a608-442b-9c81-1c2dcf9a2c32,P0170,37.41
606c62b5-e962-4e82-8efc-878d3ce4cc1b,P0204,19.8
01345e06-c0cf-4bd0-9018-458033eabff2,P0273,49.5
393e271f-293a-46d7-8a76-e0a6459921f0,P0045,6.63
64c7f10c-2f7a-41e4-aeec-7f01eb6eb66f,P0167,3.25
81218ddb-a51e-4efa-84ed-f7c0529b80ba,P0193,14.71
f098117c-e41f-4772-ba4a-5de7801cf3a1,P0186,12.69
d6ad443a-6a8c-40b4-ac2f-09b1545595df,P0123,0.65
69739a3b-f756-4e09-9f25-97abfa8fbc6c,P0055,46.63
cda1aef8-b390-44b1-bf9d-9b790303d4ac,P0242,8.26
9842e1dd-80ba-46f1-aba4-9534dca37825,P0279,199.71
e9532eab-06ba-4eb4-b4a9-0d2b848ef34e,P0062,31.85
d3361037-df46-40f6-af8d-542edd86b8ce,P0090,106.23
894c46ac-f91b-4bd6-a3c1-71a780d2911a,P0233,97.8
3cb43cb6-2276-4ff2-91f8-e93d9e0b15ac,P0116,28.2
42fab363-2a44-4edc-aee6-cea20a88a977,P0086,35.12
7205ccaf-ba83-4dba-ba8e-d4ec07a14074,P0200,48.44
1ecfde26-2452-4323-aaad-199f6b4a6681,P0014,26.89
888dd0cf-5de3-4dcb-9310-0b78ec3b1ecc,P0179,0.73
770ae9e1-a056-4e4a-887e-4a013e65f6a4,P0112,42.24
33a4c9d5-1182-48bd-9da6-881f8ded60b5,P0274,35.79
ed2425f0-ed22-4c36-a53d-93635f54c714,P0295,66.34
e9e9119e-7b55-45dc-89ed-5039665c9171,P0129,10.37
5ca457bc-24d2-4b84-96e7-493b85014741,P0210,64.23
f04e7595-2aaf-4015-a28a-2e86bc03b70f,P0291,77.65
d4ac9c55-7cf3-49e3-b65b-2fbe25676336,P0183,5.69
571528cb-7ca9-49a6-baa5-cdacc971f0a0,P0053,3.36
73f1e0e0-fbe2-4567-9d2d-7f1275c1e060,P0030,34.96
f7b6043d-dd28-4297-ba76-6256a9dffb15,P0066,88.71
d8282081-31a7-43e7-8276-d554b6bf88a4,P0213,31.37
5988a3a4-8f74-481a-8a72-b2775fd284c5,P0147,7.88
76975f97-aa75-4a44-bc70-b4da874bfb67,P0008,2.46
3ad38997-c1af-4213-94e2-dd96bead4d0f,P0012,10.62
f0a65904-b8ee-4fd8-ba37-4738a0d01eca,P0206,31.33
7e949d0f-69f7-4e49-8b86-5800d5564759,P0046,30.97
1e268d12-6c38-4198-b7cb-f411d2fa223d,P0117,9.68
0d6b731e-e59a-4884-ba91-18ebc70b608e,P0126,35.69
c7f03e2d-16c7-4cba-8906-9225ce372183,P0216,70.11
de31c417-b8a3-4592-857f-7b09e07032dd,P0086,22.11
c721d1c0-6e21-4c36-976b-7fcd8cd747d5,P0171,10.84
db356137-d7cf-48d4-8914-16d855ff3388,P0178,3.61
ef66e7b5-c604-4bcc-89e7-9f55d1a67721,P0289,149.71
45940f1f-41df-4192-95c6-acdc6efd22ec,P0143,5.66
5e1fe194-182c-4afe-837e-5179c9c676b8,P0159,1.58
391c2ad0-2b62-4e6c-96af-00f4e3e815fe,P0141,24.62
a0ab2380-a56e-406f-bcfa-7da3d5322f59,P0227,18.23
02cc11ba-bb24-43e6-832e-438276f50f9e,P0178,61.95
77e3e9b0-8872-4dea-ac2d-fede449ffcd0,P0229,44.39
d1004bca-2628-42f0-8087-b864934fddf3,P0151,94.72
b4a04ce2-0275-4a8b-b8e9-5de48a040fed,P0135,46.45
28bbf52d-8655-4594-9dcf-0940e825f961,P0153,15.91
80433aaf-edae-46af-bd9b-939e3a6998b0,P0061,45.26
e6fa4780-8b67-4140-bc90-e55ab561f50a,P0011,40.81
8b1dd30c-4b50-4038-8bd1-dd831302e36f,P0165,156.63
997ad08d-1761-4db0-9eb5-8408bc4f997c,P0157,95.04
4c2c2949-88d1-49d0-abaa-6d4cada5249e,P0112,88.2
28450d70-acc9-42f3-bef6-e09dcd5aa73b,P0034,86.07
8071a01e-ff6c-4f65-93c7-78ff9d2c5750,P0218,56.65
b68a74cc-5dc5-44f8-81a5-9a9af76f64c6,P0173,78.93
7057b13d-d222-42f0-90f2-b4fc8327d39c,P0243,36.19
40bee9d2-4801-4ce7-a5db-5d89d5853078,P0206,37.1
7a2fc07d-d640-46ce-90fe-015e8272842f,P0089,152.74
9a5fa139-48d3-4997-b345-9aab6a388aca,P0240,14.36
37d79f11-adbc-4a88-b15b-0214dd28f035,P0300,0.87
a6942e3a-e476-4fe7-874d-99e073a4c1e4,P0082,48.04
5a2f86da-933f-4be7-a3fd-8262664b664f,P0086,89.71
c5737998-d5ca-490a-914b-292827ba4fcf,P0081,41.3
88aff3b6-8d69-4aba-90c3-c91c019e1ca4,P0057,65.47
de36f30d-9aab-4751-a3db-b2abdfc27881,P0177,4.79
bd4dfe99-de22-43ae-9d5b-c9260cb8982a,P0143,111.06
ac241d62-e4ba-4108-a67b-c0d9c007877f,P0054,64.17
d068a758-e992-46b3-9a29-6288c567ed5a,P0148,45.0
411cc5d7-cfe5-4341-9965-b0f6835ff81a,P0247,5.1
67e70e8e-e7f7-4cc6-96b4-64b2bf4202c3,P0158,49.41
041c0bcf-30d5-49a9-a3cc-eb817591574a,P0266,10.11
3bbd8b93-da6f-4ba1-8e17-781c1588ce34,P0038,79.74
8c4113d4-9c98-4e73-841f-f21e1fabad7d,P0172,62.83
20a03414-8555-4675-9600-49b53cf4fa40,P0054,61.44
12eff27a-2162-4b5b-9bc0-127c07092b68,P0235,146.8
a9350360-852d-462d-9569-f3331a737e87,P0244,31.16
7436fe6c-4968-4cb3-9fe5-9904a8d1f017,P0021,18.28
14460cdd-57c5-45dc-903a-521052724bb8,P0148,6.76
d2e2708f-6920-42c9-82a0-dadc8a17d575,P0119,7.25
b0526a4f-da2a-4924-b852-1e28b27f3a97,P0236,11.22
4b8f7a9f-33d7-492f-97a0-5c009aab33ab,P0176,26.54
48cb2f27-2ec8-4cfe-b9e4-094d0f268c92,P0103,6.56
55594a88-39d2-42be-afdb-cac564f6d7a5,P0177,20.61
1e967737-9096-4390-934c-8980e79f566a,P0228,31.85
8619fecf-70a6-4d5a-858e-924e80215772,P0070,60.18
202f6f1c-c12e-4044-a90f-6a1275b4a0a0,P0189,43.62
583554b3-caaf-4436-964c-e863ea84c013,P0131,17.99
53f09463-c10e-41b0-a4eb-96f00150cc4b,P0107,11.33
3bbd8b93-da6f-4ba1-8e17-781c1588ce34,P0117,31.45
721f3698-85c2-4f43-8c68-b6e13a92758e,P0195,50.95
4b9b638d-4e9a-476f-bf2a-f060f098bc81,P0298,26.84
c1d63e55-6927-44de-a4ee-cbdd146857e5,P0205,29.89
dac18cc2-1921-4bd7-b463-a5c3c64566f7,P0031,167.25
0e46a77c-75b2-4250-9032-6ab0fcbfd525,P0118,26.53
24946077-f216-475c-9ca6-902abdd2dba5,P0254,11.35
4dde197b-4551-4cab-a4a4-f05887733ee0,P0117,36.3
0658ea53-0c44-4d8e-9cbf-c19a08c6181a,P0073,45.47
9dabbfd6-4fbd-4a81-9743-1d777ac4335e,P0005,27.44
e3a952c5-fc17-4494-8666-3bf2d76beea3,P0201,78.32
3bdc72e5-2196-4ea5-917c-31b3824cc99c,P0006,234.83
2121c5db-ecc1-4728-b5ff-73e7db18ec68,P0106,110.33
da25a95d-f072-4b15-832a-ccfcf889b34b,P0121,83.15
3623c253-cd6d-4efb-bbbf-7eec3ad11071,P0147,1.22
7e27c5b0-570b-4568-9e43-c5c515883dba,P0184,146.84
63d0bcdd-e04c-4a14-abce-a86856442ed7,P0299,90.28
a0d51131-8b50-43c2-9451-61a175f6c651,P0044,11.12
e267eb35-fc5d-4f6a-b364-e7dc6f2bbe67,P0138,140.98
45940f1f-41df-4192-95c6-acdc6efd22ec,P0073,5.5
ed678a97-b497-4974-8aea-a96cf1f3c35d,P0125,3.94
50914877-3ac6-43b0-9c6d-196fb2701ce7,P0256,30.1
a4b9615a-4be1-432f-b68d-f2d2b7cd8e38,P0167,3.22
ad585abf-1865-49d2-9b37-846b2dfe2b1b,P0008,46.7
27b6fb7f-7f0e-456e-ba56-3db1e8c65e73,P0286,32.27
601b8b87-541e-495f-a1af-efc5ded039b9,P0192,17.13
8882d424-60d1-493d-abdb-827b1d46887b,P0091,36.66
c4971336-a44f-4866-b49e-673314be1a50,P0170,24.99
c85ece5a-8676-4c21-9975-50b4e339096e,P0295,21.24
b5939ec7-0588-45cd-b1d5-b7f3e1327558,P0156,4.16
e3c2cc93-a476-45db-a2cd-ecd390f2076c,P0086,76.26
0b8c6f29-a59f-4f19-9c96-7341f9026de0,P0060,8.18
ce26985e-f885-444b-b2ef-753f4e3312be,P0240,74.46
3863a5f0-4fd7-4e10-9171-3bb1212c5aaf,P0147,51.66
83a0c399-541c-406d-b36a-5037d3682c0f,P0010,144.14
4839f5e7-b6fd-4546-b7eb-9d7076a194b6,P0199,23.77
0823cce9-3b01-4693-ad01-640c94036047,P0274,40.94
2fb52533-e898-4884-8545-b5b0763cee49,P0016,38.97
9316eafe-28f8-4801-a75e-53e33874bb2b,P0130,8.88
01b15afe-3049-4b07-8c18-01e8b92b4655,P0148,98.37
c97831ad-6842-4446-9667-a5720508613a,P0115,27.77
a964d704-1c7f-48cd-b9ec-ca0783b4b9d1,P0205,35.63
c68e1e09-3a26-4d27-a988-534b9068c878,P0282,62.77
77e0647c-5cd7-4946-bc3c-4af94e8b21f8,P0079,9.88
aa433fe5-c170-4ada-b7b8-60b054934001,P0079,39.2
d0249945-9822-4d80-9e9b-1ac56e98e16e,P0072,76.26
21df724d-0b90-420f-9a01-7fb970fc49bc,P0199,4.98
c35257cd-631a-43b4-8873-d30d0ec2495b,P0098,14.85
bf13f973-4079-4b6b-9abc-0bd8c321966d,P0172,77.39
32d45017-0e8a-41db-8ed7-65989be97424,P0217,103.56
4895864b-d171-45b3-b27e-456db680fab1,P0049,10.24
3441d92a-89ee-4684-adfc-4db11037b913,P0021,39.61
5ff20350-6a96-452a-8b15-b6f34b2eccc7,P0021,31.03
0e8cd96f-30c1-4d7f-8b4d-07cdd279cdc7,P0065,5.54
30bc6afa-b849-4a2a-9917-2c4bdb17e21c,P0198,8.66
c2ebae8e-c3a5-420a-b926-eeca057bfbc5,P0075,74.5
306272b3-3cb7-4d56-8b69-4822e280c042,P0162,0.48
941ae60b-1050-4871-98ad-f6e7e7b41926,P0142,17.81
052fc4c9-3ecf-48dd-b484-325210be8925,P0103,43.5
95edd556-b875-4095-8a0e-525e456990d4,P0200,39.47
241b2bc1-d74e-4501-aede-4d92fe35e0e2,P0290,28.77
9bc998de-f451-4ead-a44e-75304f48ce58,P0284,15.38
c1e26289-abf0-40a7-81a5-871c4d1b9765,P0160,0.94
584e03ec-4ba3-46e3-a219-a8a833111f8d,P0235,4.63
fcd81d16-570a-408a-b577-ed31c0c5430e,P0122,8.21
f600b3ef-5af7-4e7a-9149-2e5cecd9bfd4,P0133,12.79
d19b90c7-1690-4f85-bdeb-e37796fb6e59,P0168,172.04
fd49026b-6700-4dcc-aa66-d1e7ffcde881,P0125,10.23
0048ad40-cb9f-47e8-a701-3afa4b9f1f8c,P0191,28.75
583a3d14-1314-46f0-97d8-3345ea86b553,P0144,4.36
70584384-b70d-415f-8f21-2d4841c220a8,P0285,43.39
9ed8b6eb-4fcb-43f1-9219-4ac2fbbfdcc0,P0152,20.7
cd6a9e7f-4232-4edb-8351-2dd2d6a48000,P0092,14.62
de5b80e1-e0ab-4e8b-b804-2ec23cd63bd9,P0179,19.06
c548e3bb-8788-40c3-8759-5b1bfc41845d,P0004,46.61
585fa854-2ade-43fd-a0bb-aee6da8a36e1,P0158,63.32
fbf7ab66-be0c-4e19-bb6a-c1c640f643d4,P0233,37.22
60e1e31f-2406-4d63-8ae3-c8c399139a79,P0056,6.77
98284f09-b634-4b29-8514-60620f475c3e,P0051,12.75
3ec3b513-2089-404f-b2f6-2e1c3ae77bad,P0110,18.78
d3568e1b-314f-4ee4-b27e-ee2d232ec6af,P0222,83.97
b9ee408a-3ade-4a8d-a5d6-aa036d932014,P0038,6.16
59e99f2f-eb09-4f56-ba10-ca629b9023ec,P0185,6.12
89b5da7a-7697-40cf-8197-95b82270836e,P0063,11.7
8547edd4-ac30-4e93-9023-ce9911efd290,P0269,27.99
5605b50b-ec49-492d-8a6e-574adf897a74,P0014,58.92
816b81d0-c141-42f0-af9a-0ef4c3254a9e,P0018,68.28
a421dc4c-55c8-4794-a6c3-f07a8e20ffb1,P0238,38.18
69739a3b-f756-4e09-9f25-97abfa8fbc6c,P0280,12.4
379f26bd-6b75-416c-94a4-fe2766bf1675,P0009,65.04
deea5f70-7e66-4d63-96ec-562d3e7ae77b,P0231,15.86
1daa52d8-4872-48c4-9dbd-ba2ccb65bba8,P0002,53.97
9edda47e-3e5f-4de6-80ba-ec1937f59d09,P0157,94.01
025daa55-5f8c-4b91-9a2d-5904c53717e0,P0146,38.38
99225ef0-6e43-4734-9947-95a70252693b,P0058,96.43
8880ada8-b369-4e5c-bcb7-7c8abaa1e54d,P0243,4.76
558f9f11-bde3-4bee-b83e-a5df1a066734,P0270,3.99
ed1b5a3e-9a61-47fd-9453-b17a4237bd69,P0119,61.01
4a056190-b874-442a-8c11-d4db9e88b8a4,P0259,8.12
792731e1-6c1c-4169-8776-b97d16ad01bf,P0267,78.02
a075b0df-a6db-47f7-be81-47d8a6eafe1f,P0023,38.3
6097d8d5-255d-4f5a-b525-88d7110239c7,P0108,45.33
5a4848f1-e1ea-423b-ac57-8885af3e2f6f,P0258,42.89
d2f9f7d6-6471-42f7-bb1b-a9b33bbec49f,P0005,11.59
9784455f-ac82-4f03-a8f4-e845b22392c6,P0094,4.67
14262777-ea1a-46b3-8e6e-655391afa9f3,P0176,69.13
3b8e48ea-9553-4040-a9c0-fd3636fb1cae,P0269,5.24
8db113c6-af0f-411e-8e7b-8079605fd036,P0152,20.43
4998277a-62ca-404a-bf00-63674fb78e59,P0249,1.56
caf7bf96-12ed-4b3b-9244-ca9119bd8c78,P0142,10.21
81726d8e-65dc-4c49-9001-40e36a3e79c1,P0169,65.3
7a7be7ee-2065-4d1c-bb38-16583f0f1c6b,P0169,51.14
ec62da7a-682b-4c01-a024-33f9f8aa6695,P0217,103.8
a5bbbea9-761f-457b-9f64-ae9bb1473998,P0114,47.9
49cb0735-f231-417d-b678-d6b042c75fd6,P0176,47.23
1420e3fe-6d5d-466f-8403-4e60f7a06a4d,P0263,11.88
3af20693-635e-4000-a1ee-cec88e329fdd,P0281,24.21
062e187b-0b50-44b9-b86e-08d2c19dd95f,P0126,132.16
0cf0ded7-03e9-4dbc-8e96-a0e9dd02944d,P0158,0.3
f084ee17-cb21-4158-a7c7-60626f3168d9,P0267,187.19
387504ea-331f-4da0-a8bc-2759c0328127,P0079,40.34
50ae714f-07e1-495b-bb4d-67875e493a93,P0243,36.57
21d5ca1f-e4e9-406c-bcd9-59d25d08a55b,P0119,74.94
5abf8d4f-8ac8-432d-b447-63cab5a70c82,P0062,6.59
eb61b22a-26c8-4d6e-b3dc-fd2e9b887fd3,P0063,78.82
336f66cd-bfd5-4de0-ac38-4bd391c69779,P0051,2.67
01984287-95dd-4e18-9799-8ba2c6dd59b7,P0204,90.94
a7bba96b-edb3-4702-8d94-1875296b33b5,P0022,19.37
40bee9d2-4801-4ce7-a5db-5d89d5853078,P0003,64.28
3ce43815-812b-40fe-bc86-7fee46076ad6,P0146,5.99
297a37b7-3c47-42cd-8750-ba2bc6853861,P0252,6.96
70710bfc-4558-435c-81d6-d6fcc41f4915,P0226,93.23
99e40f70-095e-4f0a-8382-33a426aab74a,P0114,0.7
6256f01f-f205-4d11-a51c-77b8e719bf7b,P0251,58.41
a1e3a176-0878-49e0-bfd2-04c53345c80b,P0145,29.81
ffd8495c-4004-4a21-b7fd-1f3c017c748b,P0291,23.9
8b4e4536-92b5-477f-8b18-31c8fb2f20ab,P0138,28.53
8946b5ef-9434-4508-ab06-4583d4d57bec,P0022,194.98
9fb0abc7-00f2-43b2-add2-ea43cebda90d,P0164,70.03
ada2013c-f9a9-43e2-8ed5-3f621ef199ac,P0094,36.77
2f8f7b4f-ef4a-461c-b135-accb1a61cd2b,P0226,122.26
9124a0d2-30e4-4624-ab36-10080e5879c8,P0142,127.7
7ae51695-ba23-42ab-82d0-9ae7d895f798,P0068,1.97
7ba2c575-0893-470c-a39c-830091e839b1,P0287,141.82
101bd97a-8302-403e-85c4-10dd9d1dd7be,P0022,2.26
7b981c50-5e65-40ae-a07e-aadbb69e5bf1,P0076,3.77
c476a1b3-0c85-4943-8ced-446bd6fe9d8e,P0167,96.16
7e304e4c-fef8-4d9f-b446-e28bb8ff680b,P0287,6.5
7a892297-4a40-489a-a0b9-24fe46de7d31,P0277,8.32
43e55935-4688-4700-a3be-09f09fd545d7,P0183,91.63
778929fb-3c1d-4e6b-a0b7-a0d097f0f386,P0300,40.71
278f6da6-912d-4917-9cf8-28d92981e338,P0066,18.56
c7fe3827-7d96-48cd-a735-cc741b9d5d10,P0252,96.9
0c4b0de2-d2ba-4707-ae70-8a18f9e93b1c,P0031,6.71
eeac70dc-e8bb-431b-999e-ccff2840f751,P0178,3.64
eaba920f-8a79-4013-bb7d-9bc1edc1a563,P0153,15.68
2bbaa562-291e-4080-9e3c-6cc304a3f9bb,P0283,18.45
50ae714f-07e1-495b-bb4d-67875e493a93,P0072,13.06
10684084-f7de-4b02-b0b7-7e9973832fc7,P0139,24.36
c9dd5763-51a9-4621-912a-5b6ad282d5cc,P0159,18.55
3c5ed7db-089c-4d1c-b94d-2959628bf939,P0210,9.86
7f275a5a-72a0-4897-8726-d7361723b815,P0209,98.26
d2e24da2-d60b-44d2-a15f-0d1e583c2719,P0071,28.94
c88930a9-c260-417e-b7bb-30eb3944386e,P0172,91.58
1c924c1f-53ba-451b-8096-2f8009924574,P0186,17.54
d615f47e-0fab-491a-b8b1-2692245acfcc,P0114,22.01
d669166c-7fb5-4993-8d70-a310034c8e5b,P0080,13.65
bc8a4341-de09-4255-bc5c-c065ebbe6d0f,P0279,9.78
b0526a4f-da2a-4924-b852-1e28b27f3a97,P0042,52.27
9dabbfd6-4fbd-4a81-9743-1d777ac4335e,P0043,105.67
14135da2-3a4a-4aa9-8f08-f226fcb6070f,P0046,62.75
303fe9fd-65c2-46ad-b67d-16888f959e1f,P0153,27.19
8d697151-75f2-462a-9dd5-5d72aa8b0e0a,P0040,81.26
dc360e39-b1a1-45e8-96bf-0c1926193836,P0169,17.66
f2275a1a-5add-470d-a901-cd150c2c7da0,P0072,13.22
b8208e37-2e80-4f5c-815c-f882c86652ca,P0045,63.82
e0469cbc-bd52-4ef5-8997-b3f0a4c0dfe2,P0252,2.17
f3af43a0-0b20-40d4-bcda-229f73fed4d2,P0096,3.73
74388509-bb37-4fbe-8ddb-19e91118caff,P0042,55.77
f179fe67-8528-44da-81d3-43cb860a8cf0,P0129,19.22
dcde352b-5760-41e9-99f4-c8a279c24b58,P0102,27.29
8c4113d4-9c98-4e73-841f-f21e1fabad7d,P0213,22.32
20778523-b196-4b8d-9d96-b4b9941c6526,P0209,33.08
dda022fd-5afe-48f5-a802-dbcaff2dbf5b,P0293,31.18
cd63163b-3f51-4b64-a8e7-6296ad628679,P0201,25.34
e479c150-e542-4878-bf15-e2ef6b68d928,P0254,66.14
05da47bd-1ffa-4657-81bd-5f0f6322821d,P0221,4.36
fd5bd6b1-3318-4026-a742-94cda2545aeb,P0107,4.24
8ec1f1b1-d502-4af8-8463-becd05971a4d,P0257,92.91
fb14d416-1774-4bc2-b087-64a61668a203,P0223,50.5
13cdd3c5-039e-4064-9fbf-ae839d4aedf3,P0245,27.47
71ce46cd-7ee0-4bc6-a120-9666de2206f9,P0006,139.25
1e66698a-1099-4826-a0db-4bec74fb94f2,P0093,36.58
4282a539-0f5a-400a-ad7c-8d8fbf1471ef,P0088,19.81
91dd2258-12e6-4c17-8448-dd3c845c9f2d,P0187,46.87
8e7675c8-09f8-4eb7-bea4-c949ee077be5,P0177,24.97
634af49e-0275-4493-a878-9d94f170fb55,P0249,14.83
82448123-5657-4ab9-8941-1d2f5c8150bb,P0232,118.83
b100f2c9-6d03-4112-8fe9-228f0ca2a501,P0234,19.35
4674746a-ab06-4549-a082-fc476eda1770,P0201,15.88
f1563b5a-83db-421c-9a41-c15b7a8cf815,P0020,27.99
62e5cc78-c88d-4499-9aeb-13ea7727a4db,P0008,6.0
12148565-087f-4c9c-8f97-6cc1e248be56,P0181,14.7
49400275-8716-400b-bef1-6c76d508cd97,P0160,6.36
e5bb2dbc-c5c6-43ff-872e-71a98e89c654,P0129,149.72
ec00f45f-f73b-42ad-8dca-9c3ba1418cef,P0166,54.75
2b68e15c-c351-42cc-a4d6-8356d97c4e51,P0251,15.74
6b3d65a0-ceac-40b1-a1eb-cd8d50565632,P0178,44.73
7b257e9e-7647-46f1-98f8-3e0e29b11ebe,P0264,8.87
48cea1bc-ab81-496c-9527-8ffc63b2931c,P0286,8.34
69b96bdd-478f-4425-891a-326ca4183d18,P0015,36.64
8926643f-4cbb-4ed4-868c-1a65e0345114,P0241,7.69
d55ba4d1-424a-4ec0-addd-43f32c0a6bab,P0192,40.01
e3a952c5-fc17-4494-8666-3bf2d76beea3,P0011,12.28
b2aebe6c-58f7-40fa-b08b-60b7a8e0eecf,P0230,1.2
c46f5229-48b1-46c0-ae98-d35baed595e3,P0134,17.57
983f0d51-da78-4790-bc24-f838191bdb0c,P0040,73.03
3de4324b-ba55-4d89-bf07-70d313fe1367,P0031,34.76
11510004-bedf-45e9-80e5-baafeac56d20,P0020,52.85
c5c78fb5-f523-4aaa-b121-a0f06577ef7c,P0141,14.63
d55ba4d1-424a-4ec0-addd-43f32c0a6bab,P0103,84.02
3dbb7285-3e89-48e6-a0bc-176e772f9964,P0246,15.82
07b32532-ad74-40c6-bd53-3ecde7f0f4b1,P0117,43.69
27a9e56f-9ea0-4d50-8a96-6a0d7742fd54,P0102,25.1
826d0223-554f-4300-b7bf-bc236b44f901,P0153,69.22
ab9472fe-efd3-4768-9100-233908e2e7e8,P0022,143.02
045ef2fc-f88f-496f-a215-d2d2f1c4c480,P0283,29.7
e6d57b28-be51-4372-8fe4-611e1b6fa58d,P0150,49.8
b60a362a-0a43-4bdc-ad8f-2b4490555696,P0223,43.94
29d633fa-2747-4165-b31f-41cbc06db986,P0148,14.69
41166e77-6d9f-49eb-84b0-aa5ee21fbb0f,P0229,4.97
9e0255ac-3848-44ba-8016-f84bb645510e,P0253,0.4
4d2190f6-0e94-413f-92da-8dbd4f82f77e,P0069,6.86
1a64084f-b833-4e3c-bddc-8bfb07287a90,P0055,13.43
b67c6738-e37a-45a0-b635-62e3386f1db1,P0143,53.94
3b44b6f8-47da-4730-8d38-00f210f57972,P0297,37.62
9e83e787-126a-4e62-9513-6e8484683fb8,P0260,23.83
17ed751f-644b-4ca6-95f7-2dca559a11f5,P0217,9.26
3c26d2be-c742-41f2-992c-1780c5541257,P0171,9.1
c8b615a5-ae0a-48a5-af83-2bbe271b37ad,P0093,64.22
e8be8142-785a-44a3-813c-4bb4e7ffd7f6,P0262,120.97
d1079404-0023-4662-96ff-1a9d1b4bb1fe,P0128,73.1
4073ff5e-482b-4e82-b7fe-e18d5b536aa5,P0248,26.64
c4d3f51f-dc08-4371-aaa2-00a55c8bf999,P0263,7.97
195a7bd8-0897-42f3-827e-d22e713db27e,P0001,10.11
fc02b666-9066-4e19-86b8-b0f46e527f1a,P0042,157.76
f6698aaf-ad9c-4a13-bce5-f33b7b7391ba,P0131,21.47
f6493859-2c94-4ba7-9bff-d80b0830951a,P0230,1.2
835ccf44-2284-4952-bff2-a83a8d35475b,P0030,31.34
c0497001-55d0-41c0-8e60-efa4ed10c46f,P0170,63.71
2e84b08d-8feb-4120-bfe1-f9bba82e5946,P0139,28.21
70112c41-11f1-4486-bd4b-e151f7c20a78,P0178,41.91
c5363310-c306-4d70-9cb6-f101a49660fc,P0122,112.76
c7caef5f-3ef1-4f52-bf93-4d27f215f857,P0011,26.97
a13558c1-6507-42f1-aa99-fc820c3f22ec,P0080,93.76
efce6f08-03b9-407b-901e-90b96b300a66,P0080,16.66
bec100df-6e91-490c-bf4f-cd62a6dfdbea,P0059,33.28
f33aa2e2-8c4b-4cee-8c20-4443bab6ae79,P0011,123.85
e0bdaccf-bdf8-47ee-94b4-fd88b8fe6cf3,P0206,89.55
0e8cd96f-30c1-4d7f-8b4d-07cdd279cdc7,P0290,9.45
ab62c0a5-2603-4675-a604-5f2bcaae6ada,P0143,30.94
21321203-9938-469d-819b-30a153ed73ec,P0013,3.28
c6420470-0bdd-4dbd-b961-974f670e41cb,P0105,38.97
ff528411-3dfc-4a4e-99b0-32037c9c3712,P0122,0.66
eec7ac59-5683-4eb0-a5fd-ad1faf166eb8,P0194,2.83
7e27c5b0-570b-4568-9e43-c5c515883dba,P0021,8.61
3b730646-7309-4e55-8636-023308d2802b,P0007,90.39
15b3d27c-7f02-4d72-b90f-e0a1f81a7543,P0015,24.54
8c2bdfe0-705c-4e17-bf86-51d7fc7666fa,P0072,56.06
4c0efb15-4d2f-4d84-bf4c-0d4d2a8fb8b0,P0248,8.33
299fff51-4035-4da4-aa7b-e11905b11f7f,P0191,44.94
691496d5-20fe-49e3-9c21-62645d621f93,P0037,4.87
585865db-b6e9-4a12-9e9d-96b20009334e,P0274,6.86
c6538059-d406-4ea4-a957-a2f517d6f72a,P0217,204.8
ddb624b6-0ad8-424c-b9e0-58a469752311,P0159,21.71
c3912fb9-747a-4c7e-a589-b4d407e41cb9,P0071,142.12
781fed15-3427-4526-9873-0fdc6d3955f2,P0114,29.96
15dd3ba0-9462-43a4-9756-7704a8e7f378,P0006,22.43
f3a9496b-ba7b-4bc9-ad12-76d2ee7c3b6d,P0178,14.89
4882c25d-00c3-4bb0-8ccf-56130a4f39d5,P0061,43.13
f45295ce-b444-4f58-b3e1-90e26a4dd884,P0243,60.13
2a0c93f4-015c-451b-b012-6e095ead8100,P0178,33.49
16f109da-cbef-44f5-8776-3d247ac72a57,P0161,13.83
53b308ba-ec45-43f3-a4cb-0ea51604d52f,P0020,113.99
b42dc6b7-6e4e-4874-b668-e0b2ca1d59e8,P0287,30.44
ecc5cf8a-04fc-4c5e-a99d-05da3ba8da55,P0215,3.13
43501286-c2f2-4d70-8321-d71d1f982d8a,P0203,233.96
3f22e1b0-3b4f-42d8-bc37-4e20394891e6,P0087,26.17
c1390d9b-213d-4efd-89dd-71d27b046e16,P0144,18.84
74dbd4ca-ae4e-4b96-863d-7be5543d621c,P0206,8.8
c543b3e6-ba39-47c9-9399-c76a87696b6b,P0032,59.8
6b4fec91-d435-481d-a38c-72ea2760da3b,P0276,14.39
f5089a95-ebe7-42d9-b039-dccda37fb828,P0179,50.62
de24dee8-3598-444e-a536-fcdf5e3ba954,P0052,19.49
ec9b856c-fb8e-45cd-af1d-b82ee78cd2f7,P0233,176.08
87f554fa-eb4f-4c48-aa48-5800e9df6063,P0091,166.49
3ebc26ab-d081-491d-9f4f-bd946a0a11a5,P0100,23.3
baa7e82f-3548-4e1e-8a9b-cdd4b961a3fd,P0226,124.81
5d15a527-b03b-4277-aa59-f639be3b2693,P0125,11.88
a9e856b5-284b-4694-96d5-ac7409843281,P0223,34.06
3228554d-6457-43e3-a47f-553ff7a2a2db,P0147,59.94
3228554d-6457-43e3-a47f-553ff7a2a2db,P0080,28.51
3b8e48ea-9553-4040-a9c0-fd3636fb1cae,P0202,244.56
a26b7f21-efaf-4286-a23c-6c6a9116a07d,P0243,22.19
a0ddc6e7-a9d5-4529-bfb3-0c5917d6319a,P0256,26.27
985daa6e-a7c0-4e89-8807-3514036fdd2d,P0280,43.58
221d853b-3ecd-475c-ba24-16db2c99908a,P0026,108.52
ea43c66b-4da8-4cef-87b4-10db282beb5e,P0114,106.72
1bcfacb8-363c-43a0-aa37-67a307495951,P0030,23.57
afc95573-08a3-4621-b32e-c6126d46caef,P0069,19.67
c0e09a88-b3a2-4953-9002-cd947632b240,P0215,22.25
772948c1-a267-4aa6-bc5c-85aaee488767,P0027,2.56
87301056-9702-400b-82fe-af53e841629a,P0224,2.69
c69dbb84-6535-4e4a-8978-100bf360ef25,P0254,49.88
7418f459-f888-4fc3-9155-7d070b35df4b,P0169,1.74
dcfe71c0-369c-435f-a6bf-5aa1cda2030a,P0001,35.78
247db2e9-da76-4f71-86e4-ec78e5698110,P0167,56.83
2ef69c05-b42f-4011-9797-ebc5fc40f3b5,P0280,10.34
389a2da2-d6a5-48d4-9dd7-00892d6f104c,P0145,188.65
aba86dde-d2f5-4b43-aa02-0d0db2c77786,P0117,8.99
0c40424d-3d79-46b4-ab26-8f126f156c6d,P0207,107.06
72d676f6-1562-4a8a-8dc7-e8786307b32a,P0094,14.88
534ac803-ad5a-4ade-aef5-c49c1a964459,P0296,43.44
e84adc77-7cd4-4868-ac90-8e9ebec0b2cc,P0269,25.35
571528cb-7ca9-49a6-baa5-cdacc971f0a0,P0197,11.54
161c5aa8-035c-48e3-80bc-671c1cc9235a,P0104,14.55
e9db918f-4de8-40e9-a9ab-6b35cfeef555,P0019,3.79
a0e194f1-7545-47c9-85af-c011e0a54ee9,P0077,10.81
82b0550f-c794-45b7-b472-6051c29fa1be,P0243,29.3
60b62d7d-88b7-406c-a6bd-fa1e3dcd9905,P0167,11.39
f6a5d120-c8a5-479b-8256-5c048a4553f7,P0293,11.52
37d79f11-adbc-4a88-b15b-0214dd28f035,P0247,9.57
cf336a17-67a2-42d0-ac9a-eea66c49e415,P0004,79.13
ed1e2fe2-92a7-4cc6-9707-42de0ec0d2ec,P0250,29.23
5d5f51f3-d01d-4c57-a1b2-4a235f95bfe8,P0123,52.44
9ced4ead-e004-4b22-a856-6f739490e36c,P0044,7.52
b40d4871-e4db-4a87-9c0d-513bee67a0af,P0162,120.53
1a6810ad-34a7-437d-a3d7-4e4aa4f06ec9,P0030,36.19
71f1e811-815d-4acd-9dfa-aa3ab9f7fd47,P0185,31.85
91eadd3c-461e-4180-b963-549c6e665b19,P0258,1.58
8882d424-60d1-493d-abdb-827b1d46887b,P0237,62.71
f0dd1539-a361-464f-90ba-b5317d768352,P0084,117.94
3adac1dc-d8f8-4ada-85c5-3edbb7566601,P0034,47.5
8ef9433f-2789-4a5f-9a69-998644d76441,P0003,31.66
f39656af-325c-4c75-99dd-4bc1c0b37905,P0232,55.25
3c157dd2-2841-4c20-978f-02c8afd258eb,P0133,1.37
29991b09-0bcd-4692-b1fc-0d684019c98b,P0002,59.15
bf4a6292-ed98-495f-9110-e9314731a3fd,P0264,7.62
98e59f66-d0a9-43b6-a0f6-3e9902a039a9,P0238,17.83
f8e1e7c6-f751-4c38-b642-84b8fecf633f,P0050,20.48
43704df5-1866-4aea-a28d-a5b31998b5a7,P0150,24.79
3e987dfa-389b-4552-8634-1a03990b741b,P0142,136.66
32e5f0be-1914-4e88-b62c-3ef43f861722,P0153,22.23
73ca1fcd-bcf3-4a5b-ae03-f40e0bad36ee,P0242,89.38
b914bc7d-44bf-49e4-bfc3-e37053b8c2e8,P0021,11.27
ffd8495c-4004-4a21-b7fd-1f3c017c748b,P0083,77.7
2a1e79df-bb43-4e84-8136-f99649cb0e9b,P0114,5.63
6ce85e6e-1795-4521-9f91-f777d970228e,P0270,75.36
ea43c66b-4da8-4cef-87b4-10db282beb5e,P0238,26.45
27d24636-7f8a-4468-9bbb-562bfc28151c,P0071,61.02
e5e1bdf9-b4fc-42f9-bd58-05f2498daeb5,P0044,36.43
72e46aae-c6cd-45ba-bf28-f26940e55e55,P0074,58.05
f2ca2832-b1ad-46eb-a797-23f469affa0a,P0080,54.65
d4ae9e4b-8605-4be5-8371-1f16db155de9,P0214,6.94
16be6a51-08c8-463c-b940-42292ec6d8f5,P0150,9.19
4a35d462-17c7-4d94-b843-8761407cff11,P0120,28.62
fbcd2811-8671-4247-a573-0422225adcb9,P0247,4.07
3ae4964a-1c87-4900-9731-2138c1a25d0f,P0114,52.55
43f6e1a3-01ab-4a24-8cf5-e84d788989ba,P0028,36.5
407e2844-690d-48f9-93de-10c2dfaa8ed1,P0231,7.39
deea5f70-7e66-4d63-96ec-562d3e7ae77b,P0258,88.2
6a91124d-556d-4eab-8f3e-6beb5eced634,P0199,160.68
0a5ed587-4fa1-4259-9497-4cbd00fcf1f7,P0204,136.11
f3947b64-e457-470c-bd8d-f9517ddc2fe0,P0035,56.87
3c1fe103-441f-4827-a945-664027676338,P0264,1.16
047e7202-8b7c-45c0-adda-32a2780e7e99,P0156,165.11
166281ef-b28b-42f7-9ae5-067c8a91271f,P0073,9.47
a1a33bb2-e998-4b99-a41a-68d51c9ff980,P0085,1.37
ebc8690e-cd29-47a0-93a6-5eb2685f473e,P0134,9.7
33dcbb0e-e2d2-4213-a18b-941e0eb41c0c,P0034,5.5
c4d0c729-6c68-46b3-88e5-9deed524ee1d,P0162,20.54
7dc725ce-d78e-4828-970a-667553c4fdc8,P0260,17.29
4dc1727b-9ff1-4100-ba32-e3a6829e09a7,P0010,3.13
680b8590-e286-4f2c-a307-35e3b2885483,P0059,32.59
5259c60a-d500-4380-b051-69c4b33a1199,P0250,15.96
8268e61f-7bb0-475a-aa08-97fbea955bd6,P0016,79.88
b4e9607e-54b9-45d6-96e8-3f68e51842fc,P0085,3.57
a970a33c-f974-484a-a4eb-178243efe10b,P0028,89.23
265ac0c2-cdbf-44dc-b654-eb00505189dc,P0047,183.19
11093a5d-0108-4a9f-a0ea-e099f18819e8,P0221,54.23
d1004bca-2628-42f0-8087-b864934fddf3,P0264,74.44
b15a1ace-32b6-4df8-a59a-9fa2fc4cf519,P0032,6.88
2a5cfb1d-b0d3-4f3c-81fb-de559732a96d,P0085,7.82
8c4465d3-604d-42a8-b7be-3676a1596350,P0186,24.02
93782ffb-7ceb-43d4-9096-3b13d72113be,P0201,9.57
84a3fcbc-1ef3-4f78-9f0b-10e28c951297,P0021,33.57
4982263d-6a72-45dd-9918-6585842fd89e,P0054,3.97
755ee3f1-4dfc-4dad-84d8-f1cff46cac20,P0141,13.26
47120d8a-e72b-4cea-a389-02ee6cedba49,P0191,34.79
9ed8b6eb-4fcb-43f1-9219-4ac2fbbfdcc0,P0137,0.33
122cd0bc-f1f2-4a67-84e6-72b0fae09214,P0027,7.93
c6d2894e-ae27-4282-9faa-a9ee0ac4eee8,P0127,16.78
8e7675c8-09f8-4eb7-bea4-c949ee077be5,P0296,11.53
b6c790ca-6cf9-4361-be86-429cc8a28408,P0237,177.61
bd69953f-deff-4efa-b8f4-52bd26662419,P0251,4.55
84476d93-d839-402f-b72a-6fabb5341c98,P0058,54.0
f20c9b87-3893-4620-bf4a-26bc5fde58bc,P0171,77.48
3e6d655d-f541-49da-b5e8-e5b58f5844a0,P0202,28.64
84b7c01b-53c6-448c-94c8-194a0a79732a,P0033,3.87
058a8963-0c2c-42b0-a098-1a09284e0bf7,P0042,123.76
48d8fbd8-5217-4a7f-911e-218762418a8d,P0088,10.22
6b7a6b08-1601-4c3a-8c16-d816f7de547e,P0293,2.28
20f3cd90-d078-4b06-b418-8bc3fb743264,P0039,89.88
523e9a86-d650-4cfa-ae0c-4a1af4b8c09b,P0263,56.46
792731e1-6c1c-4169-8776-b97d16ad01bf,P0133,18.51
a341d80a-04ed-4149-949b-f1abbbd2bb9f,P0170,34.42
aa157a3f-75f1-4811-b956-848f008864cd,P0091,22.86
76e175d2-000a-433a-a03b-3ce48123bff5,P0252,11.7
0f266162-dcc6-49a0-9a9e-23f0973f560f,P0191,35.88
f40038b2-c206-42fe-be4e-b1db10642a86,P0058,22.77
3e2b57b2-c987-4a14-b598-f893d5287c14,P0258,70.01
9d8848a4-31c1-408f-aaca-85b23444f8e5,P0005,28.42
b8e6eb03-f935-49db-a5c3-c88a0300c317,P0277,15.61
3026827b-a7c9-462f-a629-cc9878256eea,P0088,51.59
efdf4d86-92ae-4067-9868-d93b054ad9b5,P0292,1.77
87d40b7d-5d96-42e8-8a20-9086c58a4471,P0051,9.17
42f926fc-76e0-4fa8-88f3-59fea62d541d,P0206,17.11
25bc53d0-29c0-4cf5-88ac-31c894edfcf3,P0226,117.08
2221d602-4bb9-4320-893d-fe1f31dbbe0c,P0237,11.1
1f1d23e4-1856-42db-baf9-1e4ddfd3b30b,P0230,18.99
2547b8aa-9b9a-4aba-9973-3b41ce4bfcc4,P0149,56.9
d099308e-d83b-410f-95a3-33ea68b68cbb,P0184,11.68
d89d4590-9ed9-4178-84fa-1669fe307c79,P0091,68.41
10650a7f-f967-4a60-a4ab-322a41e2a1cf,P0100,33.14
8f22ce3e-9f11-49b1-bd8d-7a0ba9b55d3e,P0133,17.31
ed9d739f-cd74-4fd5-9575-9b620cd5f4c9,P0269,43.68
922064f3-475f-435d-a920-434336c7176e,P0294,43.13
33a4c9d5-1182-48bd-9da6-881f8ded60b5,P0268,13.29
5d435825-7807-4d99-8c92-9c16f48e32bd,P0105,15.07
d4e4cc8c-13ed-4680-abd6-383886791770,P0036,55.69
d948dec0-f34d-4f00-bf41-b7fb77e03d11,P0094,14.18
a0bfcd78-3aab-48e6-98ad-4171b5920a90,P0126,7.09
1f23d838-4210-4e25-a0e1-d16da2fc2e6b,P0032,180.11
35901c4c-4cb6-4963-8e93-379cf41be2bf,P0164,114.77
772948c1-a267-4aa6-bc5c-85aaee488767,P0115,14.33
6ef0a107-d774-472b-b3e8-9267b679d5e6,P0143,54.83
9be962d2-7757-468b-ac97-7a9a220d4405,P0255,144.71
65c49f63-74aa-456f-9919-9961ba8755dd,P0019,41.23
eafae095-5dc3-4c04-bc5b-af4e43816018,P0051,62.69
f4666d79-464f-4a8a-ba6f-9eed54eb890b,P0077,13.1
9228ba43-6207-4bc1-9a64-cf871959d56e,P0278,55.01
20778523-b196-4b8d-9d96-b4b9941c6526,P0200,73.8
93bfa20b-6118-4b9e-b6ae-f66faa628eb6,P0168,22.76
ee3322dc-e1dd-4f36-9d1c-88c221c92fe6,P0259,10.02
1eafe9e5-81ac-4eba-9b55-1cc96128dafe,P0066,102.3
be61fb07-2888-4bfe-a2c8-53af6a4d2370,P0088,17.03
7f355830-0c06-4d8b-b758-8ae57bdfd862,P0291,28.02
d8693571-e737-4c18-9eac-b90a38c21840,P0219,17.26
f040f0b6-5806-4c0a-acba-c56cd7e70d70,P0289,30.57
d0c5562b-9595-483f-a34b-6bef0cd29594,P0016,27.47
eefaf7ad-e814-478a-80f6-cc3ac9e19e0f,P0058,1.45
5605b50b-ec49-492d-8a6e-574adf897a74,P0219,5.61
10f6b73b-6850-48fd-a9b3-91d131d43c85,P0007,35.82
ef68e394-e606-4f0d-9841-51c666e0d26d,P0283,88.32
5d46450e-2f45-47e9-92d5-9927e3d7ff51,P0084,62.96
d48a366a-4a2b-42ce-a06e-014cc78fa720,P0081,32.16
c5363310-c306-4d70-9cb6-f101a49660fc,P0036,62.88
8fa4a91b-b43b-4fdc-988d-ebb09b9cd640,P0028,23.47
37e76a7e-d26f-4ce6-8674-c91d9bde3609,P0184,11.83
278f6da6-912d-4917-9cf8-28d92981e338,P0103,1.39
cda1aef8-b390-44b1-bf9d-9b790303d4ac,P0265,15.18
f46451d9-8011-4877-9a67-20573d60405f,P0096,17.77
4af58e55-9370-465e-a99d-d7aef81dc61a,P0154,9.85
3f37d922-dc0c-4dfd-a272-b3f879fc3208,P0055,1.47
5cc8fa26-89b7-4da4-ba1a-6f71d4588a4c,P0246,50.65
ae223508-34b5-489b-9efa-c02939418a2e,P0092,17.69
31e0a504-de2a-4f81-a06a-588e14542463,P0174,6.34
60c60c85-30be-4f3d-9643-ac523f423e33,P0133,1.33
2121c5db-ecc1-4728-b5ff-73e7db18ec68,P0195,0.09
46399dc8-da61-4bc0-b6ab-71c476d5f388,P0164,26.6
b4902bae-6d2e-45da-8dfa-eb95ec69b5bb,P0224,35.34
835ccf44-2284-4952-bff2-a83a8d35475b,P0112,67.68
d15ef0ba-a366-4fe8-825d-2bc75a713d09,P0282,19.02
c5179421-7a1e-4ab9-a16d-bab7017c4a99,P0294,65.55
3ea56d12-abac-4522-a2bc-f224afab3618,P0046,10.09
1498487b-8463-4b15-9038-c307d8048ecc,P0200,19.86
35ea6dad-9a0b-44e6-8374-43a3ef639c3f,P0209,82.26
2ce49e02-c68e-43f8-9c9e-878fc5d1292d,P0264,46.83
1a65820e-dee7-43fe-a14c-60dade04f1df,P0067,15.73
b924424f-2219-4250-afd0-4a5ebbd76155,P0207,8.15
c043e6f6-ed9c-40e9-a75d-6b9444b73149,P0019,10.2
8a5ad917-16ea-4219-9d9f-375109d007c0,P0032,50.71
1981cc28-c3c3-49bd-b847-0c26a95aee38,P0015,30.95
a1d54506-7666-4c8f-b9d0-7b7b04726a26,P0113,4.08
7664de7e-ceff-418a-abd8-11da5f485aa5,P0145,18.26
b6ab38dc-4bae-44a7-a058-85c4d3545f1b,P0057,11.81
75fcbbaf-8629-4d36-a844-fa9343e33334,P0204,42.15
4b1accf0-11ac-42f3-8caa-2b6e4723395c,P0124,33.74
b5c5bd09-ea2c-44ae-9203-65fc3333f7e3,P0046,37.36
73f6e5e3-b335-49bf-988c-f56e3ce8bb90,P0171,25.0
148a025c-5f20-4101-9c0f-5789bd457bb7,P0070,93.09
5338ffbc-eacd-4918-9629-fa5c8551a47d,P0214,47.07
724d4023-f2a1-4bd7-9623-5fa759ee0264,P0286,42.78
0e44c518-91c3-40ee-884b-ffd7b8e88f8f,P0135,104.84
3026827b-a7c9-462f-a629-cc9878256eea,P0116,80.77
e50d7533-2da6-4c87-b639-c9d04726c001,P0017,40.84
61288110-8bd6-4d31-b4e0-70a2a106f9c3,P0206,8.19
0218557e-7021-4d37-b22d-5b404c9cf621,P0145,24.14
ed9c4998-de5d-4e4f-8910-1a31e1e2668c,P0045,120.89
edef753a-94c2-4652-9344-94d1f3015bf6,P0030,71.08
edd54cfc-b2a4-4c31-9d62-855520968389,P0255,0.3
456447f3-99fd-4a60-90f8-0d803160f8e0,P0034,51.65
deb416cc-06ac-479e-8b79-78fdd8f03ecc,P0255,45.6
825dd1a6-3520-4055-b232-c318c0d10934,P0199,115.24
b0b0b54e-1bd5-4e03-9eae-9fa68ab289d7,P0011,14.4
e224b8b0-5bde-4206-9d3d-03c3dac1fcc4,P0070,37.25
003b1a10-67fe-4547-8277-834658a272fe,P0051,7.52
6d2c4754-c91c-4447-8679-9ba6734a22b0,P0155,80.87
dfe46b4a-543b-4d6e-81ab-8d1694f0a3d4,P0188,7.07
951625d8-d01d-460b-8152-4c56a649f9e6,P0230,5.16
daf0744a-3e29-4ccd-800b-8cfa7623fa41,P0108,46.57
6ebb9532-0542-48d2-a29b-6d9a3cdae5d8,P0221,88.63
1519e022-78ad-48e5-badd-f4840f361393,P0164,9.85
07c315cd-835f-431e-845b-8ee93dd48bb2,P0029,24.94
8ed41904-99ad-4f5a-8662-640feac12bf2,P0270,11.08
2348579c-db29-4275-aea8-a3f38a5d24ff,P0287,44.85
ebc07257-1939-4519-b53b-1ae53360f561,P0042,14.61
a2047f07-760b-46c3-bfc0-6a35a167cb9d,P0258,19.65
e855477d-4c25-4133-9cc6-f15e4b131fb0,P0101,68.72
019ebe5f-7a33-4264-9134-9770a4c9d2eb,P0191,54.6
f986cea2-5f5d-4838-ac82-d59ce07bdaae,P0103,9.56
9c5919c7-05fc-41ac-8fec-a53e579b1f9c,P0289,94.24
66d92707-0268-41ce-ad38-7a103669b9df,P0263,25.19
b7f7812f-e991-4684-b3d4-f5de6196720c,P0148,62.49
99799742-1a9d-41cd-a385-2042de1d5594,P0187,13.88
d525e28f-c243-47a5-b324-481ea5225db1,P0044,5.21
28af304a-b08c-4ff0-ab85-b8766dc872f1,P0237,58.86
93ea4ad5-3d61-494b-b2d7-e795c5493c5f,P0130,9.9
a36197f9-7a6e-4b47-a781-d7ae4a3e9ead,P0280,14.46
44372776-5a63-4b4c-b034-e5c50fd743bc,P0248,31.68
5a4848f1-e1ea-423b-ac57-8885af3e2f6f,P0005,131.54
0719f46e-bb83-49f0-8687-ec3fdd2d404b,P0135,2.41
14135da2-3a4a-4aa9-8f08-f226fcb6070f,P0256,24.45
35ddd802-021b-4017-b2f4-36a86df98cc1,P0271,1.76
01db43c0-e92f-4f49-814a-68f3f659fa9e,P0244,17.36
ac326854-d964-42b4-97f3-494ec8ace51d,P0241,58.07
2a38a816-aba9-4455-ad87-6c1203c967d8,P0047,29.57
7bb7302c-b1dc-425f-96b5-1d1a7932b94d,P0217,82.54
4a35d462-17c7-4d94-b843-8761407cff11,P0068,6.59
17ed751f-644b-4ca6-95f7-2dca559a11f5,P0270,8.43
2165e70a-a15a-4251-98c7-484494bea46f,P0124,16.04
c324b891-2663-4f4c-9de6-21f9c11762f1,P0244,30.37
867b210d-8f0d-48d7-9926-9ee60a98cdac,P0046,27.68
81923785-75ec-4616-b7ea-13375384dc47,P0030,48.62
93918d3d-526f-4435-8d52-4c6dba35ec42,P0029,23.47
bc230bce-7f84-45a5-a14c-6a29c53140c3,P0222,14.89
d89f50c0-c8eb-4a21-a7ca-c258322692dc,P0011,0.45
d0c16435-85de-4d21-9e20-46bd42c2397d,P0068,16.83
ace682ad-0237-4bbc-a026-82db9f7b191a,P0102,2.85
9155205a-3e3d-4899-8ea6-9e56f8a4d899,P0084,14.62
860a8a81-7014-4c2b-afac-48a798145c17,P0238,16.78
5af5e057-be80-485c-a953-fe61ab919089,P0003,54.93
88b6dc41-4967-4b6b-81fb-0d38b5b484e7,P0018,33.2
e20c393e-303c-496f-bce8-ae71cedc30d2,P0151,14.54
d603aa98-c2d4-4b39-8c54-7db522116d10,P0241,16.34
8481b5eb-bfff-434a-ab94-8e0b88678e04,P0245,41.73
c168ee7d-06e9-472b-942c-4087bcbdc9ca,P0109,28.45
8cb63c1e-5f55-4daa-804b-9a5dc6d13601,P0178,17.65
78edeb79-0f92-44c1-95ea-cc4ac2012ec2,P0109,20.45
c44590c9-90eb-4f2c-95b6-5c0950ff8bfd,P0299,36.52
1f3c7b6a-5aab-4e22-b0c1-d1a1a914b928,P0218,24.32
1e268d12-6c38-4198-b7cb-f411d2fa223d,P0138,18.82
aa8fceb9-ffe8-43d2-8f05-74e17799b3d6,P0098,75.78
c22474da-e8b1-4c4f-b49b-d1b02f8c4923,P0061,28.58
4a1d5bb4-7d91-4f23-9136-3748918d3e95,P0126,1.77
585833cd-fab8-4c23-b645-8bb5d5307098,P0071,140.79
994ae604-0c97-4b1a-aca6-915b60e4de99,P0042,56.55
0d151295-0930-4f5f-a1e9-7e6498675c77,P0054,29.04
f0d96c03-e46b-40e5-b174-25b3d1df947e,P0126,23.31
70418087-2adc-4476-b54b-f6a4bcd8a446,P0205,16.71
137ea0d5-a54f-4dd7-8143-7bf3dd3b296b,P0291,67.2
10f7309c-f21b-4357-bf1b-e4e191d4a458,P0134,18.53
2620cb5f-2fef-4a7e-9d83-3043f57685e1,P0064,24.11
83d14681-dce5-4a56-a9bc-3bae7f270c28,P0245,17.38
66f06724-e6c9-4366-902a-22dfeb7ea609,P0236,53.41
2f2796b2-27b8-4b76-8892-3fa70bd8ca0d,P0221,99.89
f46451d9-8011-4877-9a67-20573d60405f,P0207,9.3
17ed751f-644b-4ca6-95f7-2dca559a11f5,P0139,21.44
c1be2961-369a-4d7b-b07a-3ddb7ca05611,P0194,44.86
0519cfad-30ac-4584-a9e4-0ba700e41f54,P0175,73.93
e37e607a-3407-4fb9-9215-90244e5e21d7,P0080,20.28
63f6f03d-3f7a-4bf2-b9fc-c82b94a60686,P0093,16.79
4e528bb9-cee9-4116-bba6-223c2080eb77,P0044,23.84
1ba0e8b8-ecf1-45c9-8a1f-8b4cd88fea6e,P0027,5.88
61eb27bf-2ffe-412b-8ec1-d2257de2e699,P0091,4.32
eefaacbc-e0ba-45f2-9755-dd8335b78feb,P0271,8.93
57988aa0-6fd8-4182-9cd3-aa7cbdd2d0fd,P0193,2.65
ee3322dc-e1dd-4f36-9d1c-88c221c92fe6,P0240,11.81
4c2c2949-88d1-49d0-abaa-6d4cada5249e,P0169,6.85
3b92b20d-f213-44f6-97ef-eebcd8f259cf,P0005,80.48
1cfe8223-fe05-44ac-b9b4-43296dbaf1a0,P0252,6.27
4f5fb2f1-cbb4-49a7-affc-3d89279bb1d7,P0183,72.89
08b8dd94-f070-418d-a9ad-e02b53a1d5f1,P0110,51.82
7a75d8e6-ce75-4a51-9f8c-c91df3723ea0,P0058,60.7
93b3134e-9822-45e6-b9ea-9c0135af9754,P0093,43.25
39534a9b-294e-49f4-b883-f0d55f27733a,P0198,113.76
f9c89347-46e6-41ed-aec7-c3307046a65b,P0122,1.46
339425ed-2e34-42a1-8831-e74961fcba6e,P0295,74.11
6a9d2157-7499-4969-913b-b05312913c02,P0016,59.76
753c0c72-b395-4a41-af49-a016637d505d,P0043,13.74
d4ac9c55-7cf3-49e3-b65b-2fbe25676336,P0026,101.1
b45edfea-8e95-4c23-9ea8-4d879a1bfc92,P0071,6.43
797c9215-7f07-4e24-a0ad-4e5ac0b0a992,P0079,3.63
088bd419-01b2-42fd-bfb8-a7086f98c90a,P0214,51.15
7e80695a-1c92-4d05-8a8a-f7975b32fdc4,P0216,2.51
5c897181-37d5-4eb0-99ae-7908d39da4e7,P0054,32.03
82f09e74-fb4b-42e0-9f1f-98a229a221ab,P0239,115.23
101df731-8c85-430c-bf03-a3b5baef7d4b,P0190,99.4
673063b3-b8b4-4d66-aa73-4bb595f8df55,P0276,24.4
8547edd4-ac30-4e93-9023-ce9911efd290,P0068,74.36
7555253b-8d29-4538-876c-d7ee80cf9fb3,P0138,5.79
ca420573-7b56-4bd6-a4f6-51fbb7af2634,P0060,39.7
81cf3b71-6010-41e5-90af-e52748bc4999,P0179,44.25
7b257e9e-7647-46f1-98f8-3e0e29b11ebe,P0134,3.52
584e03ec-4ba3-46e3-a219-a8a833111f8d,P0038,146.72
de001eb7-f19b-4895-aba9-26108005f7e3,P0092,8.58
d6922485-10de-4a0a-9e8b-668eb56537d2,P0059,1.07
7ed9dbb5-4928-448e-b773-dead9411ffc5,P0052,101.18
83799318-e9b5-464e-80ab-cbfcfc1639bb,P0209,50.0
22842c76-a829-4811-bb2d-e67bfa4f0690,P0065,82.7
d89f50c0-c8eb-4a21-a7ca-c258322692dc,P0084,42.11
e87de402-084a-4c45-8051-9c9b592f2ddb,P0152,32.87
0dff5bad-b877-49c2-ab1d-9cbc7114df27,P0163,3.84
2dc6ea01-746a-4174-977d-7e12aa16a21c,P0268,3.33
7a7a9611-cb47-4fb0-8eef-739882f322c5,P0127,109.46
5988a3a4-8f74-481a-8a72-b2775fd284c5,P0116,76.97
ee25b764-02bc-4eef-8e2c-52342d91c788,P0028,192.99
17ea8a3f-da17-4edc-bf73-2b4f442fea83,P0133,21.88
2042b5c0-1029-4fd8-b1ae-66898cab3a9e,P0082,138.27
91dd2258-12e6-4c17-8448-dd3c845c9f2d,P0140,14.93
96f3a93a-a04c-4918-b087-27d25968e559,P0158,5.29
7fc45598-fb00-4a45-a55e-e02d57069058,P0015,26.4
9b8559dc-e673-42e6-afd7-ab97a1d79f5e,P0064,39.82
20b086b2-d6d9-49c5-87f7-997c8fab0a36,P0039,12.16
4938fc16-d9cb-4811-8f94-04a2f277a5aa,P0023,41.33
122a0ce8-1878-48ec-9b76-ded11e49ab61,P0223,11.62
7ec9c00b-66dc-4ef4-ac21-3e6d74d704ab,P0235,6.35
934e5c0d-4416-45a9-b4c5-7c965d5f8d61,P0082,10.8
0f9809e3-c22d-4393-b74d-8bafc3e426b9,P0128,26.92
d36df0eb-cfe7-4391-8fb6-aa0fd57cbc27,P0083,2.72
5e2bd7c0-cd2c-42d8-ba4d-1aedacd5266c,P0144,5.37
5fdd00bf-e8ae-4e39-920a-51222e678236,P0080,63.26
e3f68f45-3d0f-41bf-9fcb-dd6419cab123,P0265,52.58
9c5cec13-aa2b-4613-b6c5-e7b41a837312,P0196,1.88
c54434a4-eb5a-42f9-865b-6c3eb5adb48f,P0035,4.37
2d4ee54f-2861-47c6-b90a-9a73e74b7a43,P0191,25.79
0c94cd21-b834-42cc-a772-7675b9856c99,P0032,93.21
189f45b3-32a2-40a4-aae2-f6f6e33038f0,P0027,79.05
d3a00193-a324-4f3b-a228-c1e749afee7f,P0024,69.48
e72cfb7b-d003-4abf-8388-3265dd9768ed,P0196,10.38
ce8752fb-1ab4-4173-918d-e163b5bcd9b5,P0300,72.53
5dc4703f-51ef-4a6d-8389-128f3920cf48,P0210,10.42
f53c47ab-d5b1-492f-9d1f-ea82879d9207,P0084,25.12
994ae604-0c97-4b1a-aca6-915b60e4de99,P0197,15.87
9a449b98-5bc6-4616-afe5-8ea680a4d2ef,P0118,46.32
6cbbc76e-4c24-4e17-8270-04648363e736,P0092,9.05
66b2e913-eb87-40c7-b0dd-a8f3386b972b,P0259,81.79
ea54029e-0e0b-46a4-8092-24baab163d3e,P0126,140.22
0b1206d9-a13c-4a5f-ada9-98f0dabcfc4b,P0023,13.62
221d853b-3ecd-475c-ba24-16db2c99908a,P0158,41.93
cace4a4b-bc4b-4aeb-8b54-6bb69ec4d735,P0128,97.99
ffaa1fab-dafc-4ef3-ba1d-6b1b1b91615f,P0009,74.14
29d633fa-2747-4165-b31f-41cbc06db986,P0074,32.04
c06cfb00-64b0-43f8-bd54-5b79fb937c7a,P0032,16.27
bdf0d877-b09b-46f0-ab3d-a2de3b259e8b,P0198,21.05
962287ab-90bf-4b21-9ca0-4d044e866dd9,P0048,1.67
6648a09d-87e3-4c4e-b83c-000f69396e86,P0225,9.54
10524e71-dc53-4eed-b7c5-c19686b3e944,P0296,57.55
bf13f973-4079-4b6b-9abc-0bd8c321966d,P0064,68.37
e855477d-4c25-4133-9cc6-f15e4b131fb0,P0066,12.12
654ebf0a-cba3-4abe-a680-5321bf4f490d,P0097,65.68
849b9161-af78-4b87-92ee-4fa46d249d63,P0125,12.97
7142805c-d4bb-4166-b9b6-6ee2768a85b5,P0071,10.17
87ae789a-12ab-4acc-af87-74a82b4c0b9a,P0027,11.45
5d44b04a-1e2b-4eec-8e5d-cbe3c1114d96,P0088,39.24
d248881e-9184-474b-97ad-5696f2b64b6c,P0184,6.61
aaf750b9-0b89-46ef-8215-621bb174058a,P0125,55.81
2044edc4-3399-489d-88cc-3daba8bee014,P0106,48.2
1eaa502f-0d27-4151-89f0-ce56a9cb8d92,P0203,87.68
41e30bf6-d675-4f21-922d-25d8f96ed136,P0286,33.45
52c2ebc8-e6c4-4a3f-9a7f-2f1c140c2e84,P0190,19.88
fb21ee2d-e6fe-4615-b0bb-755dd5974e56,P0270,108.66
83a0c399-541c-406d-b36a-5037d3682c0f,P0068,59.73
3c0f77c0-2789-45aa-828c-cc03c9d9d5d4,P0071,3.22
8880ada8-b369-4e5c-bcb7-7c8abaa1e54d,P0018,5.57
e718080c-d554-4b8e-bbc6-2e543a9f7b2d,P0072,22.83
871553f1-2ae6-4b25-838b-2fb997daf029,P0017,64.05
f240e7e3-9822-4dd5-b289-f5c3967f9467,P0248,21.58
e0469cbc-bd52-4ef5-8997-b3f0a4c0dfe2,P0175,33.12
df4ae799-32bd-4561-a25a-c969895dc6ca,P0276,20.49
da29e2bb-78f7-416a-b00b-e86acdc1eeeb,P0076,52.66
9e0255ac-3848-44ba-8016-f84bb645510e,P0038,45.54
7ba4be82-c426-4049-8a7a-f413f8955198,P0168,25.91
0381bc26-575c-41d0-81e3-705df251e2b3,P0110,25.49
ad69464a-f4e4-47b8-91b8-6c971befe632,P0232,0.94
d75b3052-e742-42ee-aa4a-65e2835cebeb,P0204,16.7
ec953656-b9f5-4968-a0af-553020f2831e,P0085,33.62
87f65ec2-e8a3-435e-8ec5-af191d4b06b5,P0284,20.47
6b7a6b08-1601-4c3a-8c16-d816f7de547e,P0277,22.95
93782ffb-7ceb-43d4-9096-3b13d72113be,P0187,51.61
673a5861-1c9c-40fd-aacb-58fba0dd319f,P0022,3.87
fb14d416-1774-4bc2-b087-64a61668a203,P0047,16.56
97b9ad02-c8c3-4bd4-8640-a6ed84701ae4,P0156,64.42
21df724d-0b90-420f-9a01-7fb970fc49bc,P0079,133.86
4f625543-5216-47d6-8ffd-f67faf8a71b7,P0185,7.68
70db077e-6035-42e6-8dcd-c9179d975433,P0299,6.93
b82dad5a-aac8-4804-80b6-a64d544dc2fe,P0205,2.17
a1e3a176-0878-49e0-bfd2-04c53345c80b,P0062,15.47
b2694097-3653-454b-b05e-17b0c7a70368,P0012,31.48
677ab5e2-a0c1-4871-af34-50c9a547bda1,P0273,29.71
1b26d165-9372-4172-848b-a10d3b07d6f5,P0098,5.89
00a412c2-de50-40b9-ab46-e5d9122f670c,P0146,25.8
e25926c3-b28e-4e6a-91ea-60489cadefc6,P0155,9.35
e9a77612-e52d-4343-bae1-2b70c247c95c,P0089,64.84
68cc5ed9-d6b8-4ed5-96c7-b208bf430b69,P0185,115.63
7a75d8e6-ce75-4a51-9f8c-c91df3723ea0,P0054,8.53
0c136b16-2bdb-4d6c-ad99-030243becc61,P0188,29.85
de2cfa74-f4ca-4c27-9756-7e1d071f02fd,P0184,110.78
0711c071-781a-4d18-83d2-6cd78ca19284,P0011,28.82
2dbd8281-645a-4a27-bc13-f66164b06e89,P0276,30.48
759d2925-23d5-499c-abe5-9b492c576937,P0141,47.17
0466e918-4cd1-49b3-8150-15fc4f36132b,P0268,24.38
1f28a412-e3b6-4dba-b1fa-a820abafac15,P0240,23.5
24905b2a-49f5-4961-afcd-eb29a74587a7,P0175,35.16
7a70c8ed-3966-4b9d-9cea-e54ff5735dc5,P0171,60.92
3f44bcb0-3166-4761-8c8c-c99675c2d1e2,P0008,40.38
11609bd8-1dd5-4e92-906a-1f09701d0f9b,P0237,88.18
b4d2fbc4-dd45-496b-8dc9-87d877270263,P0067,95.79
c1e26289-abf0-40a7-81a5-871c4d1b9765,P0077,1.33
4f31fc14-d2ec-4b04-881a-3e653a721b6a,P0261,14.75
bc801302-fd6e-4a1e-b34f-fd96c8e73618,P0075,8.57
7801992f-5294-4edd-bac2-9307f123f08c,P0202,123.62
0f65632d-0621-4f71-8272-c02f8dccd05c,P0107,7.78
eb378c87-4f69-4867-9416-4e9adc5de126,P0214,21.65
80447971-0962-4e6a-9974-ed04d7754ebe,P0294,24.08
04e964c6-ee9b-4394-9c92-6593d42f73f8,P0079,45.11
656ecaac-ca5f-48a4-ba95-7b57afdff5b2,P0167,7.3
7fe37477-cb3f-400a-8d3b-c16b860c5083,P0129,117.63
f1bee9c2-1993-4fe9-9271-92b9d6a067dc,P0075,19.33
69739a3b-f756-4e09-9f25-97abfa8fbc6c,P0174,13.83
f89df584-0c58-42a1-b97e-160cac5fa5be,P0093,9.13
7f8c9b7d-99f7-414e-8297-cc474ea215e4,P0048,44.92
c88bdf5f-4bd0-48f3-8458-3f07e257e2ad,P0188,38.33
50623b0f-8d66-45a6-b45b-845f8ee3e78e,P0153,45.14
2cd04d9c-ba31-4292-a81c-616dbe30b956,P0208,8.39
27daabec-1d00-4de9-a805-9f849f10fe1d,P0112,17.19
cf87df2a-c397-4ca1-9ee1-00c3907eea2f,P0136,11.98
28cd77fd-429a-4516-828f-81667860d4a7,P0201,92.35
a75caac4-7533-4eed-a976-3fb6e42c5bb9,P0201,1.24
bf4c53cb-0bd1-45f9-829d-116583670f1e,P0199,17.49
c7568fb9-7966-4a52-8eb4-32dbe64853d3,P0042,20.0
220c9304-d122-4ba0-a746-0ade91513e21,P0006,36.59
d56727bc-17cb-4434-853b-d0976f235a6d,P0280,49.75
39b66090-1825-43fa-a3eb-3520b29b4c40,P0018,100.92
73f79a82-f492-4712-a6de-b4f9034c09c4,P0273,31.0
8f403ac9-0bb7-48a8-9d39-db2b45dcdda3,P0148,6.15
ea41f531-66c0-44e6-a392-a4c7d2516653,P0074,37.85
3d6d7ac4-88d0-4e29-9ad5-b1954f1f4287,P0057,1.31
f0f043c5-1983-484e-8d9e-be9e96ee3e79,P0222,40.2
9382c10f-c92c-4811-a9ad-b7484c29ca65,P0124,15.86
ecc5cf8a-04fc-4c5e-a99d-05da3ba8da55,P0260,8.19
ede17241-004c-46d8-86a3-1c011ec4aa19,P0100,14.16
fa69eb79-e112-456e-be5c-6543cff54553,P0039,44.16
d25d3196-800b-4a7f-9c8a-68114ab6c563,P0020,73.13
5cd6f8a7-3d5d-4273-8cc9-283393933940,P0069,27.72
6a91124d-556d-4eab-8f3e-6beb5eced634,P0146,9.57
b9082494-123d-43df-92dd-ddff48b582b1,P0187,16.85
e6ff054f-93e5-47b0-8a57-bcec7345d167,P0175,1.25
7a53d649-f503-4c99-9cb9-08cf946e82f3,P0205,3.79
357f130b-e66e-4ef1-82c1-6f7efa9d9925,P0214,21.81
084bc53c-d881-46df-8e8c-190aeb565ede,P0237,5.24
8c2bdfe0-705c-4e17-bf86-51d7fc7666fa,P0181,12.78
70883295-86fc-48a8-afc1-32bb8c89f8b9,P0014,0.28
ab255b24-6270-4d65-9da7-42b114397481,P0148,5.54
9a573f52-d08a-4f86-b0f9-69e05d780512,P0069,7.81
03155f62-d286-47e2-be37-8d851799d3a5,P0013,25.9
be5b947f-8cec-4f11-89fd-91031ebc60c6,P0087,46.91
30839385-f8f6-4d50-9fe5-0f335b8d1583,P0178,8.42
1a1e0099-10b4-461c-9619-1c399349bf23,P0195,12.11
14852895-0dca-4d76-a4f8-24eb0fad6735,P0244,19.54
3a80b320-5fc7-4565-bff6-5006ec333ec2,P0159,2.19
772948c1-a267-4aa6-bc5c-85aaee488767,P0254,36.61
a325a5e2-4391-4a73-baf4-7278425c57c9,P0259,33.09
ee25b764-02bc-4eef-8e2c-52342d91c788,P0288,30.19
31fda753-537a-45dc-b687-e62bf1bde759,P0239,29.44
553be35a-7436-4ea1-b23d-304999cb7ce9,P0025,18.75
3ae554f7-4be4-4483-9247-e359b52cb0cb,P0238,19.29
16997476-c8ca-49c5-932c-0fb7b2eac63f,P0149,6.86
137ea0d5-a54f-4dd7-8143-7bf3dd3b296b,P0143,35.59
e39ae838-e965-47d1-9ff9-469cbf528c34,P0156,25.02
ed9c4998-de5d-4e4f-8910-1a31e1e2668c,P0080,3.39
77963b76-a4a8-47e3-93e8-260f874a14eb,P0067,34.51
0d26bb0c-f91b-4cf0-b12d-9d1a4f7c49e0,P0259,2.0
1d902049-83b7-4f50-a594-6b56fa4a5798,P0201,47.11
28d8d874-4b6f-4989-859e-541936c2b05e,P0008,6.26
9b6997f4-0447-4c1c-8e6f-c81d9cbc2f48,P0059,3.03
09c2d82e-4c1c-419c-83da-0b36944e3347,P0122,13.39
fa7e474b-c41d-4ebb-baac-9c742f3b1760,P0065,42.35
38530a20-5057-48ba-8f6f-84ab1470dd01,P0277,70.05
30307c23-0749-47dc-bb09-aca73ae4e84e,P0059,14.47
52cc9fee-2e9e-40e4-bddf-d3cf106bb08a,P0039,13.31
65c1eef3-9d3f-42f8-803b-791f7647e758,P0028,7.33
17ed751f-644b-4ca6-95f7-2dca559a11f5,P0295,5.86
dced4585-8320-4063-8c4b-b5e0f0383562,P0074,71.51
35901c4c-4cb6-4963-8e93-379cf41be2bf,P0071,97.72
377327a4-4819-4a95-9e5f-effef3b74f96,P0006,29.14
32362c30-fd5e-4a98-b67c-4af05f9b1b75,P0211,91.48
c88930a9-c260-417e-b7bb-30eb3944386e,P0175,46.54
a7a55687-e7bd-4f77-b680-800da0e0feca,P0065,45.37
32d45017-0e8a-41db-8ed7-65989be97424,P0252,3.64
ff1c8636-222e-4412-b978-5841959521fa,P0013,14.18
fc711dfa-fdad-46c1-bafe-ec64003a7be2,P0102,43.29
6763f14c-6715-4978-82ba-1822603bd8fc,P0196,5.72
32b65ecd-f481-4579-9236-72c9de435fb0,P0172,12.49
fca71fbf-aed0-4409-b40a-17370223959d,P0120,1.91
13eb883f-4e2a-49f2-8a6c-7d88d02436c3,P0293,84.39
bb6216c6-8f17-4d3e-a72c-00a490936f50,P0081,50.67
17a6b52f-ba47-445b-8de0-87a9e59db19f,P0030,0.86
f5c574fc-b367-4c7c-a747-e2844a758904,P0229,32.39
122cd0bc-f1f2-4a67-84e6-72b0fae09214,P0181,35.64
87424705-db1a-4604-a4d7-46a9863798b7,P0206,12.92
f2b00fc0-8348-4b0f-b543-210584746932,P0006,5.04
6a0d3a8a-baba-44ab-be2f-763fc15ab507,P0157,13.11
860716bf-c78e-425b-b234-8e1b17b96acd,P0215,4.87
fa6999da-4309-4826-bc06-3738fc53abc1,P0276,30.79
2eb60703-b09c-4ebd-84c7-aa817112f435,P0013,11.12
dea81df4-9fdf-46a3-8e9f-b610ccad7003,P0262,20.9
07e8ed8d-30f5-4ad6-bdf4-1caed9e5a5ff,P0276,5.9
b478a3cf-2f4a-477e-bff1-910e559d1b06,P0195,5.53
bf5712b7-31aa-467b-b214-1bf911b652a5,P0295,5.33
02801f06-ad64-4c8a-96ac-536bb618d0e8,P0242,18.0
c43fa4f2-9d45-4c6f-a00b-3c8698e948db,P0150,40.66
0ea85035-6fc9-4ec0-813f-08265be1c181,P0092,6.81
068922d6-705c-4e5d-a876-4a825c649630,P0070,25.79
5a4848f1-e1ea-423b-ac57-8885af3e2f6f,P0087,43.25
6f2c7d38-f5b8-4cd7-ba88-098a44d4900c,P0095,163.26
053a7f88-a77c-4f57-ba64-967790b80ab5,P0149,1.64
0d94b769-288c-481f-afde-24ee1b1271ea,P0036,12.21
b951ee6c-01e1-46da-b521-c172c01c998d,P0124,28.28
0f7c5383-e116-46fa-a426-49f309147fd0,P0205,6.33
7739365a-c31f-49cd-907e-9dbed3c8d65d,P0248,38.53
8e00b4e2-3795-4d65-96e5-96fd631781dc,P0019,26.76
7e304e4c-fef8-4d9f-b446-e28bb8ff680b,P0250,83.82
666841e9-e6f1-4b9a-8551-a6aeee802d6d,P0294,1.89
97e02654-737d-4556-883b-4af740a59383,P0136,0.41
f0841188-ba22-4ffa-a29c-ee031af968c3,P0234,55.14
fe880b07-585c-47a9-ab47-b6632d40f11f,P0004,31.27
87d552a9-ed0c-42d4-a1a4-03e4ffb0362e,P0273,2.5
8323f5b6-ed64-4c2f-9a92-87a6bb05d580,P0214,79.11
deea5f70-7e66-4d63-96ec-562d3e7ae77b,P0242,2.87
48e5054f-b483-4ff2-bd5e-6f438f256776,P0250,74.56
3e171dd2-91d5-47a2-90e1-3eb4587c03de,P0276,65.09
9ced4ead-e004-4b22-a856-6f739490e36c,P0171,30.97
2264d631-77fd-4f06-a09f-eda9a6f47f3d,P0142,43.52
4e4417ef-b059-475a-8d0d-d2c8b7cb3cdf,P0287,9.35
60b62d7d-88b7-406c-a6bd-fa1e3dcd9905,P0272,49.69
02801f06-ad64-4c8a-96ac-536bb618d0e8,P0100,26.19
19e93f20-7486-43f2-86ce-90feb9c70c38,P0036,36.78
714c2f17-f327-486a-accd-d07a44f10a3d,P0173,22.46
10d8bff2-f1d6-4f08-8344-815b93d010d9,P0091,25.34
f9e20033-a544-4f07-a5e3-c4972aaa1d43,P0299,58.77
e35f676b-9c71-43cf-93bd-e65a162aaeda,P0057,5.75
4b033133-550d-4521-92d3-77d762772b8d,P0279,40.99
c616a5e0-c116-426c-b96e-77a92f011a68,P0274,103.61
a0921c2f-5819-4a3f-8042-19e789e63384,P0104,18.71
581a1dcd-eaa0-4771-8ba2-b929650c7cb7,P0029,91.31
e48e4842-300c-4216-86db-62dc6bdce3a5,P0048,5.23
e93a0f77-cef6-4efc-84b7-daa2ee5b985b,P0056,34.29
f891a19e-47f7-4e86-ac78-cf9357712df6,P0032,114.61
bf849717-c2ac-45dd-acd2-5979241b2101,P0265,43.46
ba590ee8-75e7-4ac4-ad96-a1124a087d39,P0082,12.83
b4d2fbc4-dd45-496b-8dc9-87d877270263,P0239,63.71
eedaad95-d849-4112-84af-aa3852bb46bf,P0222,9.91
4df3a840-13da-4b8f-ae6d-1b74c9b8ff96,P0236,2.84
266e5aa6-24fb-4130-8458-f1f941bddda0,P0184,6.79
0e32afbc-2272-4baa-a961-a853f00ef045,P0122,5.07
13728f82-f979-4643-a2f5-4083661ebc9b,P0028,26.04
54c4f5f0-d710-4f0c-a65a-525a5bafd5fe,P0244,38.84
5d15a527-b03b-4277-aa59-f639be3b2693,P0056,31.17
5e8fc975-ccec-4b22-b5fa-af9510a936c9,P0136,8.34
cbb70599-de8f-4f3f-89f6-9ebd3517b748,P0216,23.58
c7e38659-ba79-4b23-86a5-e291708448a5,P0294,7.04
603c7499-1ad1-48b5-9fd9-81430c9d1f16,P0013,31.05
cdda9d5a-3f2a-4499-9498-e66ec42ea445,P0039,37.62
82eabc23-ccbb-41ac-96d6-ded57ccd83ab,P0028,0.01
a325a5e2-4391-4a73-baf4-7278425c57c9,P0287,70.4
567c1b21-6bd4-4a4d-bfae-abd065442fa5,P0096,14.67
ec01ac50-06c4-4ff9-a08b-be5d986b5749,P0010,27.82
b64827c3-e3ac-4a7c-b5bf-66b24bc1585f,P0148,24.89
77e0647c-5cd7-4946-bc3c-4af94e8b21f8,P0123,41.33
960deb48-110a-4e17-92c0-dd7110bf8295,P0009,85.92
9ed8b6eb-4fcb-43f1-9219-4ac2fbbfdcc0,P0288,6.65
7beba196-f02a-45a7-9dac-45512160e761,P0272,15.56
ee91b54f-d3e7-4f1f-98fc-2cfdf783fe8d,P0162,128.09
1f84188a-b37f-427a-93b8-6596a9f32709,P0019,49.99
0a6c9e82-8d5a-4953-82e5-0df5d03d80bd,P0014,12.03
59db7e92-7741-40b6-8409-30493e0715ac,P0177,36.13
8cc6a4f4-c0ca-42f1-9844-22d9259ce4dd,P0231,26.33
ae6c5586-f807-472c-874c-573daf99181c,P0227,58.37
0e4b88da-c2fc-42a6-a708-4db6bb55a442,P0274,7.08
2278a437-0030-4a2a-b410-e3ff0f207279,P0084,34.33
49726e8c-acdd-41be-88f1-b5d68865e25b,P0133,39.63
07fdcda7-39d5-457b-887a-5450a7de4c92,P0119,16.68
98574aed-7b28-4362-afa9-1f0ec59093b9,P0079,8.67
e7180c32-0bef-4f60-8a7e-0425a5a5ebef,P0018,109.06
600143ee-d136-4aff-9dc8-99670636a89e,P0232,16.01
edef753a-94c2-4652-9344-94d1f3015bf6,P0016,15.73
4e21ce01-704b-42e2-97e2-ea21609b5c9b,P0189,21.66
189fe3fc-6605-45c6-883b-822dacc24842,P0110,3.66
da17787b-3281-4bbb-9b71-5bfb2b4641b2,P0013,19.89
aaafd101-5d47-4d07-bcc2-7ec035c4798e,P0050,14.87
10f84abb-ed85-46e5-a4eb-ccfac8da28a2,P0233,87.16
6efd11c9-ed79-493c-81f8-3eb1ef3f594a,P0058,93.11
a0a72323-2aff-4217-8317-8f570342b3c2,P0271,72.97
910c5d7c-bdeb-418e-b89c-53be22a81507,P0211,27.74
7d0a3d19-e5db-48f0-b396-df6eabc1935f,P0045,48.9
9718c485-eff7-4e0a-9a76-53be69fdc331,P0288,7.0
2fb52533-e898-4884-8545-b5b0763cee49,P0158,47.18
508b8cd9-ab39-4da0-9cae-6409d51f6bf5,P0168,89.47
6ad47797-65d7-4743-a158-9b9f7fc81334,P0297,89.85
47697df0-8c62-467c-98bd-025ddd3099b7,P0277,107.48
bb4919ba-3b14-4d96-9246-a82a4cae1f09,P0245,2.65
ba10d5ac-1877-43fb-a56f-e34e6eadfb9c,P0036,22.81
2e84b08d-8feb-4120-bfe1-f9bba82e5946,P0121,90.84
af44e131-644b-4695-8e48-d536557678de,P0126,6.53
129dda1a-1e85-430a-85c6-710805afa46d,P0274,30.57
7a9e331e-6dcf-4eb1-84af-6c21d4a98ae7,P0213,2.18
c8f9bb0c-f82e-4116-bd48-c54a392bbc99,P0049,9.32
efc613c4-cb2d-4b9d-82e5-5f76b4f93246,P0109,14.55
fa0976f1-ab55-430a-82ca-44275550460a,P0177,21.98
9fa505e4-7d80-4aa1-ba81-bb33b7fedb98,P0118,4.17
759d2925-23d5-499c-abe5-9b492c576937,P0069,23.64
e292f1e4-aa77-44a4-b7fc-c56bb1018de9,P0078,18.6
5590ea94-58b6-4625-b660-ef0335992f83,P0200,111.21
a435b2f3-096a-4141-94ea-16e59318548d,P0018,1.06
147b6aa7-6892-44a5-9987-ad3141bd83af,P0164,50.38
4a35d462-17c7-4d94-b843-8761407cff11,P0125,13.05
afc95573-08a3-4621-b32e-c6126d46caef,P0007,4.43
c12dd0a4-80e0-4119-8835-28e3fc614cd6,P0114,71.66
32b65ecd-f481-4579-9236-72c9de435fb0,P0027,5.17
87f29b02-6d00-4788-9623-a79a7e5d2a1d,P0052,23.31
2a0c93f4-015c-451b-b012-6e095ead8100,P0209,102.22
c64ffea9-1125-468a-9478-f326bce389d7,P0101,17.64
2011fe89-0a6f-4f1c-8625-c33024fb2293,P0148,7.27
10d69803-c7cf-4c7e-b0c1-7af6f1556537,P0276,52.9
b738ebfc-a5fe-461d-af7a-3336037b03e9,P0292,7.62
66b4b80b-cde2-47fe-b457-96057131661a,P0286,85.86
9799084b-399e-4bb1-a407-e96e992ea958,P0210,43.46
74c811af-31e8-4eda-bc7e-131444871b59,P0131,22.45
37176df7-255e-465f-9c8a-54e2b767e7cf,P0043,0.86
7c788f2c-3912-46ff-aa85-9bfb96ac6b2e,P0231,75.43
395e4682-0fb9-4f4e-acce-9e5c50a6334d,P0242,3.61
2a594e78-c8f1-4074-b301-f05fd0117860,P0063,4.29
937a84cb-be0f-4b96-b15c-9c94e792b9a2,P0050,36.01
e0849720-bba1-4052-9b7e-7a3b43d3d163,P0177,58.21
27a9e56f-9ea0-4d50-8a96-6a0d7742fd54,P0165,28.62
81218ddb-a51e-4efa-84ed-f7c0529b80ba,P0165,94.07
4497840b-3c18-44a2-871c-7fed144caf89,P0164,4.71
b6fcfc67-5ee1-4b32-93ba-9e7e9385a75e,P0164,15.73
8619fecf-70a6-4d5a-858e-924e80215772,P0147,30.39
8d93f844-d798-4e69-a9de-a10c2696ea75,P0212,23.01
18bc1c56-b824-42db-8f24-99bd2e508602,P0160,12.1
cde25618-f052-4d3f-bafe-198fb8da05a4,P0127,150.33
eba6baab-f045-4814-b51b-8a44be37d2b2,P0168,93.65
834b45b3-7762-4500-8255-7a08ac4e62b9,P0116,64.72
660a72da-1e1c-4143-b2ab-18e9c02c7524,P0294,7.51
b1ae05fe-b520-4d5d-ad54-e00ca194e110,P0185,65.25
5a65b831-db1d-4878-8522-b67b030a5e9c,P0002,22.18
a325a5e2-4391-4a73-baf4-7278425c57c9,P0077,48.06
375804d5-54c3-4f99-a361-22b7c3b807ef,P0169,3.86
536ba3b7-9cfd-40d4-bead-fa7db93fd814,P0193,31.0
bb5d12fa-56d0-4b15-9f57-3e0b9b31071f,P0160,1.54
71155d37-3802-40e9-abb2-7b22da6ee4d7,P0103,3.95
e12b6136-d497-40a2-aef6-79061ffb87b3,P0241,93.31
f53c47ab-d5b1-492f-9d1f-ea82879d9207,P0214,52.95
afbc7cc0-2f60-43c0-8c5c-f3d168283c19,P0083,21.0
a305f059-e5b2-41ae-a926-72ef788f8b7e,P0220,46.75
3d769608-faf5-4949-a3d1-4cfcd1d16ef8,P0033,78.82
7b5b5718-3c55-45b2-9a04-f3c9a44133be,P0053,23.03
c7fc5921-f3e6-42b2-964a-92eaff6daad0,P0249,33.78
d1d097b5-753d-41fd-8843-6983eb6b69f2,P0100,30.21
841f3836-d1b6-4fb6-82b0-d1ee5a23a2c8,P0278,59.21
34c459a9-70d5-4f65-8fcd-1974bcde7a24,P0169,161.21
4073ff5e-482b-4e82-b7fe-e18d5b536aa5,P0067,24.5
11e2c12e-96fe-406f-a829-0132d68d2c82,P0116,0.34
78e35767-dfe4-48f6-8502-ad3ced4b8a6e,P0002,13.36
9788a439-dd61-4e7c-8711-e90aaa952e23,P0123,19.65
356a3ec3-25d0-49e5-8234-c51f1894b258,P0049,53.1
2826134a-3c0c-457d-9c47-831f8f52aece,P0264,2.85
8e97b61a-d37c-490f-bc24-8794733d27c1,P0132,1.93
bc82e9f6-82c3-4bcd-8421-bbead70b7466,P0251,2.87
dc44a9cb-80e7-473a-91da-cfa15d26f5f0,P0142,3.76
c0816a76-49ed-40e9-84d5-8acfb80e3dfc,P0216,75.24
e62e12d1-737c-4ff0-b3ea-4d339ab3dad4,P0050,36.7
2c9d8c3b-2603-429a-9793-38e6cc0a7423,P0012,95.49
02effafc-b077-4c93-bdc6-4deb5b7a8201,P0124,43.84
8c1baf7d-9678-4201-954c-2b2ede2c2a47,P0226,66.11
b924424f-2219-4250-afd0-4a5ebbd76155,P0249,5.97
73f6e5e3-b335-49bf-988c-f56e3ce8bb90,P0085,32.62
f7a434d4-d68c-4538-8602-08c88518adf1,P0061,1.97
f39656af-325c-4c75-99dd-4bc1c0b37905,P0021,16.71
53de73b4-3454-4532-9912-45881fbedcc8,P0268,99.28
defc5902-943c-4b7a-a386-6877e26dc303,P0036,13.0
989ab3b6-cc17-4efa-bd1f-92259ca67a08,P0230,7.21
401bc6d7-bc42-4b80-9aea-80df624e18e1,P0210,11.06
35ddd802-021b-4017-b2f4-36a86df98cc1,P0154,57.77
afb3581c-5ee7-4042-8b91-575b1a5e412e,P0218,35.45
3343a504-9ee2-49d2-81ed-d34ff98dfbee,P0122,176.75
567c1b21-6bd4-4a4d-bfae-abd065442fa5,P0252,15.89
4fafa680-02d1-40ab-b6c0-6c22d942185c,P0177,71.4
f891a19e-47f7-4e86-ac78-cf9357712df6,P0242,20.53
89c1da20-e183-4062-82f0-b84ced3c19fc,P0100,1.8
32ce095e-c82a-4509-bd88-c16a5b982fd2,P0129,21.85
87ae789a-12ab-4acc-af87-74a82b4c0b9a,P0148,123.89
38cf162d-b611-42fa-98df-872bf800b8a1,P0025,34.91
57a3a59c-df31-4b43-944b-60eb32c6a06b,P0102,28.0
867b210d-8f0d-48d7-9926-9ee60a98cdac,P0231,6.4
297a37b7-3c47-42cd-8750-ba2bc6853861,P0196,4.75
9566a7d3-549e-4bb3-9ba8-23ddc20e2b85,P0102,16.93
17ed751f-644b-4ca6-95f7-2dca559a11f5,P0186,6.71
c2295ddc-b9a7-4c57-8282-40df241dc974,P0300,20.2
b33e4d61-f2ba-4755-bec3-45beb87e03d1,P0284,24.27
71312d76-d17a-4a6d-a082-6e21662eedf5,P0055,56.0
bafcee0f-c8e4-471b-a5bd-accc1a5c8961,P0185,42.02
b2eb458b-d727-4d4b-8bcb-28acedd4c6eb,P0220,0.07
673a5861-1c9c-40fd-aacb-58fba0dd319f,P0037,39.16
e37d3ada-38ad-40ff-a4ca-d5c245059d1a,P0107,9.04
2547b8aa-9b9a-4aba-9973-3b41ce4bfcc4,P0283,3.39
f0ef2f3a-95f3-4aa8-99a1-7c9a8cc2b0ff,P0042,6.04
78254d53-f8bb-4eb2-bbf4-a9cfc47ae244,P0086,30.7
305834fb-d0e0-4a87-9ae8-15649786033e,P0009,95.49
641cf799-7b82-4d00-893f-698616de4d86,P0014,10.64
e596277b-daec-41ed-ad31-1c46e3089c16,P0018,18.62
90c445ad-d865-47fc-94b0-a51f7472e616,P0023,17.85
c8b615a5-ae0a-48a5-af83-2bbe271b37ad,P0034,43.28
b6213427-556b-4c5d-96ad-25a31d45f40f,P0156,11.31
713f9d87-c626-4bd5-b080-eec5083832a2,P0209,7.15
9a6670c0-ecea-44b2-9237-d47260359ce6,P0113,32.37
a94c489d-4278-46bf-a5a2-6d7304521d22,P0254,5.89
d9cef3b5-de3c-45fc-95a7-e548f412b53b,P0263,62.83
e58ca291-0c51-4d60-95c1-0edd8e6a256f,P0036,32.9
86af5424-f840-4a4b-b980-7a4af11203c6,P0151,20.41
48cb2f27-2ec8-4cfe-b9e4-094d0f268c92,P0064,11.14
7d8d6e00-6e5d-427f-a34c-9fad23f03bcb,P0141,165.03
10c2d7b6-fe79-40e4-9107-564b6ef10d98,P0148,15.49
c0206690-53b9-4621-8ef3-742434bc0274,P0221,44.81
a2363836-b80e-4ef6-93a6-c22f65a123df,P0027,81.39
9a48ed05-fae8-41a2-bc51-dc0454907f52,P0147,39.17
c795def7-e57f-4fa2-9300-e28cfee5e45e,P0202,116.15
e8283351-d0ea-458f-ac69-107baa136914,P0293,15.86
3c9fd0cf-d623-4cbd-b40f-a5d0ce39da03,P0092,37.64
aedbd845-6fd1-49de-9af4-667f48063de1,P0174,3.66
28605c6e-0d3f-423d-a5f0-9ae7605786cf,P0141,24.92
c38a6540-dd57-41dd-a546-ed21f58fff94,P0212,86.03
c0a9fefd-c4cd-4f74-b03e-7897f8f22b39,P0003,7.07
ce263ed6-ef6b-4dc3-b137-e57e18984695,P0137,6.93
2644acf4-d1c8-4adc-abe1-5aba80bc586a,P0077,103.0
b0d65875-7510-4c55-bbb3-8a77f2c8e761,P0142,64.81
cf6332bf-4eff-4b63-9108-435378dc181a,P0273,21.68
9a70ba29-dfdc-46f9-90a8-c8494ce63ff5,P0224,23.45
5eb70a27-5b89-480b-981f-7c3cc8e4f65f,P0143,15.31
0190322d-ec87-4454-86c2-e8cb91211fde,P0152,6.89
59e99f2f-eb09-4f56-ba10-ca629b9023ec,P0202,66.56
55594a88-39d2-42be-afdb-cac564f6d7a5,P0067,58.05
8b1b2351-64d9-457e-9dad-26a5bed3d5e5,P0181,58.09
68767b49-9848-43ab-a0cc-d4e29ed58187,P0127,36.39
85758b1c-519c-4af3-af8a-ec97e1423cab,P0286,31.39
f227b9e2-be4b-4c39-805e-4bded21eaedd,P0282,17.98
7f355830-0c06-4d8b-b758-8ae57bdfd862,P0088,0.39
7a2d2a0e-aa0e-433f-851c-782c08eb8776,P0069,20.8
f89df584-0c58-42a1-b97e-160cac5fa5be,P0143,27.92
57988aa0-6fd8-4182-9cd3-aa7cbdd2d0fd,P0240,48.08
c3f9071d-aaa4-4847-89cf-fbeb99c67509,P0076,125.49
f3929d4e-6bc2-4c56-bb68-712d354ee6a8,P0065,0.81
74388509-bb37-4fbe-8ddb-19e91118caff,P0082,10.85
87ff2d8b-7d88-4e06-a2c1-9e697183753c,P0232,48.74
6286c502-8076-4850-9c1b-1aa6f9530463,P0246,23.48
9134192e-660e-40d7-8086-2efb92bb1616,P0187,33.32
b50390a4-751d-4e4e-980f-e4b3d9acfe39,P0239,10.76
951625d8-d01d-460b-8152-4c56a649f9e6,P0265,90.93
9566a7d3-549e-4bb3-9ba8-23ddc20e2b85,P0083,60.27
1d93d863-c40e-408b-aee8-3de1b85cae83,P0002,109.67
311cc243-4f54-443b-9736-8fde437428c2,P0119,93.36
f54a94fa-2dbe-4dc8-82e0-ecbd3cb987da,P0056,22.3
b0b0b54e-1bd5-4e03-9eae-9fa68ab289d7,P0166,14.43
7600af4f-7d02-453d-ac64-91dd8a0f5fe4,P0188,15.78
f5e45ca8-50d1-4e14-96f6-127603638239,P0015,94.05
4e451b3a-6ae4-4a7b-ab1b-c575e7dcc817,P0104,25.52
78b4210a-9232-49d3-9fe7-9bcde57e86b2,P0025,46.32
baad0a57-9762-46a9-aa0b-f6bb8e2ef8b8,P0061,3.45
b6424def-873f-4871-a962-5a073bfb5024,P0280,63.51
b55bb2c9-cc52-4633-96d6-e1a0b8215547,P0027,136.19
983f0d51-da78-4790-bc24-f838191bdb0c,P0070,5.28
8a9e2e7e-3b2d-4f54-8906-d538ee4ae0d2,P0241,38.8
dfc02785-75c2-4a47-8963-488aec4175cd,P0029,51.54
e78e6a49-9ff2-4cd9-b18c-e98962138db0,P0243,75.81
6b4fec91-d435-481d-a38c-72ea2760da3b,P0269,2.69
9c518bf7-a940-4755-8b76-6ee366da3435,P0097,49.93
209d335d-d619-4895-a316-18696ed77b42,P0226,14.01
821a76f2-1b01-480c-9496-1e2419ac1273,P0008,21.33
221d853b-3ecd-475c-ba24-16db2c99908a,P0029,23.91
074935b2-c43f-4ea4-b82e-217cd03ff97e,P0071,69.83
792b775c-6c89-4d09-bfa5-8948c753e2da,P0277,4.67
1573a851-055d-4379-bab5-ba8b3775b7bd,P0134,70.51
bdf07749-738b-4b97-af9b-cedce4e48787,P0237,104.74
414c2c77-dcf4-45ab-80c2-51dfd808deda,P0140,16.88
05a5c7e6-d249-4261-82fe-4b5329aca706,P0171,11.61
66b4b80b-cde2-47fe-b457-96057131661a,P0018,92.48
f26f2b26-7e6f-46ba-b6eb-ce467ac556b6,P0055,3.28
0a22ff40-6b18-4445-94dc-94d89550789b,P0003,25.43
0aee3fae-7193-44d0-b084-320f3825cf3f,P0164,9.13
b75852da-1688-4e6f-9bba-ff3981c4eb29,P0298,11.71
6493b618-c6f6-41ec-9dca-7e263b80aa2a,P0246,6.09
c24113a0-5f9d-43f7-8b5b-b681c8682ef0,P0280,56.95
d75b3052-e742-42ee-aa4a-65e2835cebeb,P0255,33.42
194bdaa3-bcd8-4b58-9f72-5166988852bd,P0229,5.02
d36df0eb-cfe7-4391-8fb6-aa0fd57cbc27,P0170,37.71
1a35bfb9-8fc1-49bc-8dd0-d7d3cfb70177,P0245,20.35
13f96d0e-981f-43b2-a456-0589aa2506e3,P0258,12.38
fc711dfa-fdad-46c1-bafe-ec64003a7be2,P0253,121.33
067a8839-2217-471a-b546-d9ac8c46618f,P0275,9.36
c21c6f9b-17fe-4a53-a52c-537faf6a0fc5,P0297,14.51
dea81df4-9fdf-46a3-8e9f-b610ccad7003,P0123,9.51
9ac721ec-bab9-4892-9eb4-18af8b7f572a,P0026,60.24
7c62c2c7-a608-442b-9c81-1c2dcf9a2c32,P0300,8.88
aec795a1-aa13-46b0-a011-997975caf6c7,P0218,2.85
7a7a9611-cb47-4fb0-8eef-739882f322c5,P0096,14.8
e5848195-952b-4340-9ab8-ce1904546763,P0221,19.24
a0cac214-c094-4ca7-b87e-ccdb2c3e039a,P0251,56.78
73105bde-3d76-4bf8-9fe6-6ef0d30e58bc,P0242,2.72
85c76a92-0639-448b-94db-a1772f452d4f,P0075,26.02
7bb1cfaa-76f2-4c1d-91f9-114681536e89,P0264,104.32
8ec1f1b1-d502-4af8-8463-becd05971a4d,P0190,65.07
fedc9ec8-5c7c-43e4-a0cd-9dae9ee66eee,P0172,159.21
ffb06c65-026b-4fc3-a287-29042b2a02ae,P0064,4.52
7db02cc0-7a9c-4654-97f3-55bdbb7802bb,P0199,10.42
a4579891-b22d-4d45-ab0e-c2aa8d857e09,P0226,18.89
1f28a412-e3b6-4dba-b1fa-a820abafac15,P0293,11.05
0b11a1f3-c61b-4af2-83e6-5f6bb07641d7,P0061,4.03
ecf15e2f-1ca6-4f16-9c02-ec8d3204e6a2,P0219,51.64
65c085a1-f0bd-46f5-9522-02838409c8ae,P0251,104.51
bfbf4e47-0570-4364-89c7-26c028a8b536,P0073,10.54
359204b9-52a1-4a25-87c5-a136261efb6c,P0019,51.28
624ab239-8726-40f0-a5de-307513b93ab6,P0107,37.41
d1757412-901f-4156-b35a-bca4971af0ca,P0100,83.29
dc887ff9-9118-497f-884f-b86ba98b7fd6,P0248,7.52
554e4bf0-33f5-4021-b0e3-2b69faf67714,P0072,34.99
8a6f78da-81a1-4ee6-83a7-2075e6f0ad61,P0258,19.1
df41e125-60eb-4160-955a-af37674de07c,P0026,29.69
8857a871-5f08-4f6d-bb27-885af5aa7a72,P0054,42.44
efab35b5-08d4-4c31-8844-94c06854dd7c,P0226,28.49
82209035-c58f-48ba-b63c-a0e17e54f81f,P0279,47.68
c740557f-baca-44e4-a730-9e4d7fd55f62,P0048,7.24
a93e65c6-c326-464b-aef0-b5edbffaeb19,P0019,60.82
ed9c4998-de5d-4e4f-8910-1a31e1e2668c,P0277,12.55
994ae604-0c97-4b1a-aca6-915b60e4de99,P0108,24.41
88b6dc41-4967-4b6b-81fb-0d38b5b484e7,P0199,48.73
1361707c-fefb-42d3-9111-dfd631cda969,P0241,54.6
7d0a3d19-e5db-48f0-b396-df6eabc1935f,P0100,4.4
1e82ee27-d08e-48e9-ac40-9801b9ade534,P0147,52.08
dcf3cc51-3a1a-4528-9d9b-11c11c2316d1,P0031,36.33
596e5f3b-d395-447b-bbc3-4a9e2e041cff,P0189,95.23
5988a3a4-8f74-481a-8a72-b2775fd284c5,P0041,24.62
e6c60048-9b66-4b4d-9033-e900697f8a10,P0060,1.56
ae811b0d-52b3-4fee-a287-aadf0ad51673,P0237,54.9
e68abbc9-652a-4709-a574-55fd58f0c729,P0018,4.17
a26b7f21-efaf-4286-a23c-6c6a9116a07d,P0112,42.61
f6efed1a-fd29-465a-9e4f-fae0eecd1fee,P0011,19.45
a3a398b0-c05c-499d-b30c-cef474a77e7d,P0259,65.6
7fb18047-e150-4611-ad77-1d45e510470a,P0044,50.37
198c8d1a-1cbc-4cdf-a6e9-5c84117e4c3f,P0070,68.44
666f4a3c-a8ca-4112-adef-f5cb9779236c,P0277,5.88
76db2fb7-8e0d-47ff-b97e-ae6c0af216ac,P0280,25.21
b3560185-ea4c-4b56-b4d0-74bb53e51700,P0198,46.58
d368df48-2577-4ed4-90f6-1aca167c7bc3,P0172,11.37
284df3c5-9b49-4340-bf3a-2128dc3252f4,P0180,122.97
d047b49f-5154-4ab7-a8f7-84fc70ec2927,P0114,18.79
55366a28-9da5-4341-84b6-2c7e2d71b989,P0107,3.22
152004e4-5c91-4ae5-bdfd-4bcaea3dadd3,P0209,72.81
6ce09e6e-3537-4723-88e2-13a9362be3b1,P0066,48.29
a421dc4c-55c8-4794-a6c3-f07a8e20ffb1,P0056,22.31
a3e2a47a-3a83-40af-8eff-0e9250c52112,P0185,12.56
eefaf7ad-e814-478a-80f6-cc3ac9e19e0f,P0078,24.14
dd4dff9b-5c32-4960-bc65-d95b535771eb,P0103,14.52
f4543372-d5a1-4c0d-836b-f122f2451a4f,P0019,27.75
f907a773-1fcd-4da4-a4a5-927e1b4fdd4b,P0213,85.07
e4964e89-957c-4b13-a693-99f56768b1a6,P0014,117.99
0f266162-dcc6-49a0-9a9e-23f0973f560f,P0271,12.95
83b35154-dfb0-4708-84c2-afe84a7751de,P0023,41.52
31f966b3-a3b3-4637-931c-b2841189bdad,P0022,22.23
f511a232-5d69-4fc8-925f-9ef020eb0178,P0085,9.47
3b7d3177-bbf3-40ef-8474-d075200995f0,P0162,46.84
d2b0da23-43ff-4c2c-934e-ffefd024d064,P0075,11.8
c0568ead-3134-4e0e-a04e-f8e5a0acc987,P0300,23.56
2286f3da-7467-4e9c-a9de-83caee0bcef3,P0086,159.44
4afbc122-f0ed-4b98-8e36-fb7cf153f905,P0256,76.73
f863d2ae-27f9-4293-a7ee-082565fb132a,P0150,0.97
a21139c0-a14d-4500-8904-084d6c19c2bf,P0184,104.52
e6638d0c-2803-4cfd-ac82-91f1287a5913,P0124,46.02
cc39f3e9-a9b4-40de-8e8f-36c191b20baf,P0208,11.96
9064f73d-9f34-484c-905a-2406c89874fa,P0050,8.67
fa46c32a-c5df-4ede-8c01-6c66ea0ccee0,P0082,4.12
cf29df77-2004-443d-b66c-50d1d38354ed,P0128,56.24
29c80707-03a2-41d6-8b5b-9e9d21a2b6fb,P0182,46.8
6097d8d5-255d-4f5a-b525-88d7110239c7,P0201,21.54
b76ae33d-8030-4f7b-b09d-4d6231e169f9,P0283,25.09
3fb3fda2-bfa9-4d85-ab58-5a730b832ffa,P0151,21.73
c1614c69-81c3-459e-850f-e5842e093c7a,P0001,34.59
f5b724c9-89da-4233-9392-08b482b8e362,P0013,109.06
6648a03c-07b8-415b-8ede-6d26e33e5dea,P0198,7.23
1c455787-dd14-4082-9dad-afcc141f8ec3,P0186,76.48
6b41075a-5aa5-44e1-8972-288864e3ad4d,P0174,4.07
1d286acb-b9c9-46b6-a577-11c3e28ab105,P0255,251.73
dac4129c-4a10-49de-9bdc-2ffaf1cc03ad,P0287,8.66
fa0edffc-6148-43ec-8b87-a1bfffff39e9,P0089,3.66
21df724d-0b90-420f-9a01-7fb970fc49bc,P0155,53.54
1f73dc12-1479-4b7a-b9a1-955f42c1967b,P0145,74.57
2c9d8c3b-2603-429a-9793-38e6cc0a7423,P0032,5.96
2ef366c7-9005-45ee-83d5-d35d7f6f23bd,P0033,4.45
9a1ec401-0657-4e52-a43d-21f6753c2b2c,P0209,7.68
101bd97a-8302-403e-85c4-10dd9d1dd7be,P0089,41.0
5555281f-7f8b-4512-88b5-8262ad25f598,P0282,25.59
b27d562c-65cb-4c68-983d-c97c55a2bbc1,P0056,28.05
ba10d5ac-1877-43fb-a56f-e34e6eadfb9c,P0286,53.94
58acb366-69b5-403f-ae96-4590879a3b7f,P0265,131.39
5d44b04a-1e2b-4eec-8e5d-cbe3c1114d96,P0143,3.45
452fd4a8-7e4c-41bf-8012-ab6c703385be,P0279,4.9
cc008571-0646-4fa9-94f1-76430bb40574,P0206,72.95
e63ef0b9-ead9-451b-a5aa-22ecb5facd94,P0074,16.12
7a2ccdb0-dca0-437c-9cb8-b364340a46ec,P0300,40.45
615f49d3-a0ab-4a9c-857c-80f4a086aaf9,P0184,59.99
b5df2541-1c1d-4b1b-82ce-a7400a086f45,P0207,27.27
cb4987f8-cc15-43fb-b5bf-3855af242474,P0119,5.58
4dc7d127-2710-4857-ad9b-c20ee5b239db,P0238,13.08
87f554fa-eb4f-4c48-aa48-5800e9df6063,P0087,64.43
53eef522-c7b1-4b0f-a3f1-236af6e7e71c,P0225,138.88
272b6dd3-c87c-4701-847d-80deea31d85c,P0004,15.65
8ef9433f-2789-4a5f-9a69-998644d76441,P0283,5.01
6017f8e8-0fd4-4d49-972c-c27edc850a17,P0066,106.63
c0e09a88-b3a2-4953-9002-cd947632b240,P0137,9.77
1c35375b-1771-4c30-ac0f-6c79e9557890,P0025,78.37
877eba03-3f74-43fd-a8cd-6f04a93ded56,P0169,128.13
43ca7525-ad1d-4dae-a975-f9605776da99,P0065,18.35
c476a1b3-0c85-4943-8ced-446bd6fe9d8e,P0273,14.95
70d368df-22c3-4729-91f4-4e0cd54829d8,P0034,26.31
50532187-a85d-4be3-b27e-9529d2fc9196,P0112,39.25
3d6d7ac4-88d0-4e29-9ad5-b1954f1f4287,P0127,21.27
17031809-76e2-469e-9fe5-05f9ea2c39c6,P0131,37.55
8481b5eb-bfff-434a-ab94-8e0b88678e04,P0149,16.91
e5d1aab8-9387-4f18-abf8-a0163823ceb9,P0153,12.62
2ddd9fdb-cd5c-41ba-a79a-dff5c2bd6ac0,P0205,148.14
1c47d167-4c79-46a7-afa7-c54887b53ae6,P0140,24.69
78bacfc0-c3a3-4824-8050-ae3ba2afbe61,P0295,81.32
9570fbc0-e117-4b60-9184-e9e4c473a164,P0150,51.48
9149322e-a924-4fd2-8094-98b651788e3d,P0259,37.76
b8952288-6260-40ea-a0a6-5d4516ea1ded,P0085,113.35
42e0067b-f758-4401-841e-34474c8ec344,P0259,4.33
1f1d23e4-1856-42db-baf9-1e4ddfd3b30b,P0005,67.58
ffabc12a-2acf-49ce-b0e1-4395e9e2f66e,P0014,146.98
9fc3cd7d-1449-4580-86dc-ee0565fa4393,P0266,30.89
79aef3b9-150c-4f16-acf3-cb4fcc0e8ed8,P0251,111.3
63c7e662-d46c-4a28-80a0-4a991a02d187,P0187,15.65
cf884f76-5123-46d9-be46-43d39053f03e,P0131,1.7
aedf72c6-35aa-4063-ad71-ac2c682202fb,P0030,65.68
a8206fb8-3993-427b-8245-e461291da6cc,P0250,19.58
b5900b1c-e52c-40d9-b714-fe2441c48ec0,P0052,42.85
de5b80e1-e0ab-4e8b-b804-2ec23cd63bd9,P0034,100.29
d781e7fc-a56a-489a-9b0a-fb96625c46ef,P0065,89.79
3acb57d1-c907-4e34-81d3-bb5e7f1fba07,P0261,41.12
d0004651-1c0d-4c4d-a3d0-6a7f54221f6e,P0268,107.36
44a3d40f-0afd-49f5-bd1e-dea2da85d523,P0190,93.5
d857c337-4f4e-4e5b-8701-aff61af7dcfc,P0097,48.25
093ca4cf-242d-430d-b8f0-fc443b684f51,P0149,5.76
57a3a59c-df31-4b43-944b-60eb32c6a06b,P0251,131.51
9801dc12-42f2-443b-8c7d-47f65ea7ceaa,P0293,32.81
eba6baab-f045-4814-b51b-8a44be37d2b2,P0253,121.77
1fa3bb49-a8d4-4a5b-b0d6-abb0c8d84e13,P0025,18.01
3623c253-cd6d-4efb-bbbf-7eec3ad11071,P0058,159.93
5be68d5e-578c-4331-9133-c2e348afd660,P0133,23.18
a7d423a5-3c2a-41e3-b9cc-c61f604aab0f,P0127,16.42
baa7e82f-3548-4e1e-8a9b-cdd4b961a3fd,P0196,39.67
79353689-ce77-4373-b91e-a98ca3ae9e0a,P0150,4.41
57acbd7d-1cff-484d-b87d-448509c71fd1,P0031,15.21
b954673e-af12-40db-9944-eec3d48393d8,P0124,21.53
fc51c941-6b48-47be-becf-233d92ce0605,P0005,35.38
91235cf1-9e99-4fc5-8f82-58805c7554c2,P0214,5.75
155c8556-323e-4129-bada-e854f99670a1,P0176,110.5
dcfe71c0-369c-435f-a6bf-5aa1cda2030a,P0126,71.78
9ac7f60b-d0af-4e1d-be38-3ebb0c4d9035,P0036,24.0
559c6471-2dc3-4e36-b805-5cee3e23d971,P0055,47.17
dfb007a0-7da9-41a8-9490-74cb7c61b671,P0167,29.83
cb3c9921-959c-495a-8fe2-1209e6f5e11e,P0065,35.45
8bff13a9-4b7a-4c10-a3dd-7d203a88e0d2,P0161,86.06
711cba77-8fa9-42bb-b97f-ee701049c8d2,P0239,20.7
23c5a3d1-ae72-4241-b039-db87c4fe9e41,P0044,53.32
3f37d922-dc0c-4dfd-a272-b3f879fc3208,P0217,10.45
7df1dcd7-41f1-4465-8f5b-fcc52767b490,P0120,105.47
5a2f86da-933f-4be7-a3fd-8262664b664f,P0249,18.83
baad0a57-9762-46a9-aa0b-f6bb8e2ef8b8,P0215,56.7
ae24feca-4c33-4ae4-a7a5-0d4c504eb803,P0126,58.71
469ed85c-e016-4fb0-990b-cea78347c644,P0280,80.19
025daa55-5f8c-4b91-9a2d-5904c53717e0,P0206,3.92
7e514ba8-881f-4c1a-854f-aa8bfd577015,P0125,37.34
199cf9ea-d0f8-452a-9db0-748bac00dad6,P0253,10.06
72bff2f0-caa8-45db-a0dc-dce43a42e5bc,P0062,9.6
9c3231cb-b969-48b4-8b8a-3a07fa920c23,P0058,4.78
20778523-b196-4b8d-9d96-b4b9941c6526,P0027,83.34
7d8f0c08-d935-4fb4-b470-2d52747b2c16,P0059,164.5
2c7eb7cd-9324-4484-9374-ad8db9e9f35a,P0004,0.7
e6d57b28-be51-4372-8fe4-611e1b6fa58d,P0171,18.24
a0e194f1-7545-47c9-85af-c011e0a54ee9,P0285,27.82
eb9af1c0-0019-4817-9334-d521df513e5c,P0025,7.88
f0d1a89a-954a-4e5d-99c0-790898767d8e,P0219,113.65
9b9da838-9d90-4aa0-8fdd-bc0f363296ae,P0257,99.48
14135da2-3a4a-4aa9-8f08-f226fcb6070f,P0133,34.93
0cada8f1-82c1-42db-b00d-758b878fe4d0,P0254,150.14
6887e28b-b0bb-46c1-be0b-ebf093549912,P0062,0.09
7a1af401-6bed-46f8-b75e-ddc0751d4bd9,P0297,20.13
f9172c40-f463-4140-a1a3-fd6216ccccba,P0144,3.84
900a5850-6786-434a-8dfc-4084860b2754,P0205,37.36
2782362f-8402-4aaf-b2bd-884f7b229595,P0235,21.72
63b33758-84a8-445f-afd3-e61cf2c502c4,P0107,64.8
5f3be093-2760-4b6d-b74d-be93c5789bf2,P0263,3.18
266e5aa6-24fb-4130-8458-f1f941bddda0,P0253,100.98
ebc07257-1939-4519-b53b-1ae53360f561,P0071,36.75
ce33a4e3-15b5-40c1-a101-c18f23b17ca4,P0211,28.78
084bc53c-d881-46df-8e8c-190aeb565ede,P0243,11.81
d0c5562b-9595-483f-a34b-6bef0cd29594,P0036,31.71
987fa3e5-8f14-4871-9505-011c81094140,P0035,35.53
407cec6d-fdde-4e9e-b45b-2ca34c6c4b6c,P0178,5.88
7db02cc0-7a9c-4654-97f3-55bdbb7802bb,P0243,138.48
6b4fec91-d435-481d-a38c-72ea2760da3b,P0234,34.21
baad0a57-9762-46a9-aa0b-f6bb8e2ef8b8,P0078,7.36
f670c38b-9285-4d67-b9bb-55426273956d,P0093,23.19
3f22e1b0-3b4f-42d8-bc37-4e20394891e6,P0118,223.47
3b2b3e73-0a42-455a-94b3-00f8a4ee8980,P0139,45.73
c54434a4-eb5a-42f9-865b-6c3eb5adb48f,P0204,13.14
99225ef0-6e43-4734-9947-95a70252693b,P0130,75.01
b75852da-1688-4e6f-9bba-ff3981c4eb29,P0084,10.96
2c7f755c-9695-4a41-86c8-92de259890f1,P0217,64.23
596454dd-c7a2-4e6f-8b90-94586c9941c5,P0102,62.4
0190322d-ec87-4454-86c2-e8cb91211fde,P0129,3.53
3d769608-faf5-4949-a3d1-4cfcd1d16ef8,P0280,25.19
28f7f6de-89a5-43d1-bc23-55d3d0675fdd,P0021,8.38
5162c734-cb32-4604-bba1-3dd63a3c2655,P0067,85.66
7de0a57f-0553-4674-86aa-3208e5f51bf8,P0129,15.81
1d286acb-b9c9-46b6-a577-11c3e28ab105,P0051,35.13
db6a2841-a780-4351-92f4-88b19632d7cd,P0028,12.65
27b6fb7f-7f0e-456e-ba56-3db1e8c65e73,P0208,12.71
634af49e-0275-4493-a878-9d94f170fb55,P0065,17.7
4e8ab6e4-4c93-42f6-aaf8-d2b44a314de0,P0293,70.71
e5d415b2-1e1b-4928-9e66-e866f80e0e01,P0059,30.86
1512cc78-d662-477c-a0df-271441b88d9b,P0262,59.71
ee59e5bc-65ae-4d5a-b6a8-b299108c1c4b,P0256,28.06
4839f5e7-b6fd-4546-b7eb-9d7076a194b6,P0045,53.59
e0849720-bba1-4052-9b7e-7a3b43d3d163,P0044,16.0
50623b0f-8d66-45a6-b45b-845f8ee3e78e,P0139,5.02
23d420a9-d8fb-4989-9980-0984b0a43f0b,P0244,6.28
62f52b54-0438-4cbd-8b8b-b23bc0333cfd,P0185,17.66
9ce477c3-a591-484d-9885-c689b29153b9,P0275,102.93
010d529e-c698-45e7-9bbf-091b6914744e,P0176,9.42
d0eb20a8-5bfe-4015-bf39-a9f23fc38d45,P0084,1.7
5ca457bc-24d2-4b84-96e7-493b85014741,P0164,8.79
d00a53b1-6357-453d-bce7-06aa12b99dab,P0194,65.31
4c0efb15-4d2f-4d84-bf4c-0d4d2a8fb8b0,P0049,60.37
b1caaa3b-8562-436f-abe2-0cb3ff295705,P0215,69.32
965eeaa8-7275-45c5-8599-5f865e406f04,P0292,43.72
16997476-c8ca-49c5-932c-0fb7b2eac63f,P0202,30.21
c0999aad-6a80-4a34-9297-de046b5d41eb,P0233,86.29
117b9106-075d-45c5-8c23-edd1b00689bf,P0222,8.06
0cf0ded7-03e9-4dbc-8e96-a0e9dd02944d,P0221,29.61
e8be8142-785a-44a3-813c-4bb4e7ffd7f6,P0193,43.37
011267bc-3aa4-4b8b-a234-fc88352dc741,P0252,4.57
5255130f-be61-4ad1-807f-a7dd2e8a2b3e,P0220,46.04
bfd4ae87-5e35-4fd7-a265-29ecbdcd14d3,P0089,0.69
f5ec74c5-707d-414f-beec-6a3eb8c69ec1,P0277,2.2
ec37c749-b3de-4017-b0ab-da39b610c00a,P0006,5.36
ecf15e2f-1ca6-4f16-9c02-ec8d3204e6a2,P0232,76.93
b68e2d5a-6f31-49bf-b70e-9655934b9398,P0290,5.45
70883295-86fc-48a8-afc1-32bb8c89f8b9,P0264,50.45
d509a464-a8d0-40ac-85ab-02d8e608b486,P0009,15.41
22642984-aec2-400a-b5f6-85b80628595c,P0067,48.99
1ebab46e-588f-40f7-add6-199200389413,P0159,4.57
113d1b0d-25a2-457b-90c5-325a808cb596,P0006,18.06
067d683a-3dfd-4fd3-aa96-1a8fe6dc92a4,P0207,25.95
85c76a92-0639-448b-94db-a1772f452d4f,P0056,0.54
a1d54506-7666-4c8f-b9d0-7b7b04726a26,P0149,13.02
2547b8aa-9b9a-4aba-9973-3b41ce4bfcc4,P0138,29.29
2bb2ff0a-0426-4864-80f8-e51e4a247333,P0105,124.9
f3a9496b-ba7b-4bc9-ad12-76d2ee7c3b6d,P0245,49.46
567784d9-211e-426c-bb0f-fbd7092b886b,P0200,106.7
2243d828-7b8c-4a40-a06e-56c056b97f4e,P0261,31.83
69481391-7484-4f24-b51c-11fa2d12b04a,P0142,10.39
aedf72c6-35aa-4063-ad71-ac2c682202fb,P0027,84.48
6076174a-02c0-4bb7-b10b-885e120b2ee6,P0004,25.9
1183fa79-24a5-4a75-8e3f-5763dd756136,P0094,28.48
709cf81d-e145-4fa3-8830-f009b731dbdf,P0280,4.61
efab35b5-08d4-4c31-8844-94c06854dd7c,P0095,4.98
f3260e79-44d6-493c-8e04-e2cd31aca251,P0289,181.08
e11a31b7-6593-4f7e-b942-eb5898588f96,P0074,62.12
4da703f0-65e6-4839-8074-527b7c3a651f,P0067,71.88
d0c5562b-9595-483f-a34b-6bef0cd29594,P0011,16.15
bf9046dc-983a-4829-ba52-d88ad093ecfd,P0249,114.47
7b480e3a-3764-469a-8d46-a218aa57e610,P0032,18.86
be61fb07-2888-4bfe-a2c8-53af6a4d2370,P0209,134.32
d67b804a-a62c-431e-a097-b71bb1a427c1,P0104,32.16
bdc8e9be-9ff0-490b-8aed-0bf7df89e4ae,P0063,44.23
eb9af1c0-0019-4817-9334-d521df513e5c,P0268,22.84
ffececc0-1010-4985-8eae-3e4cc9c20b1c,P0023,6.37
91439f2f-2b91-46b8-a061-42a2acba2f51,P0163,99.71
0ad33bbd-c336-4a61-b08b-28b6ea8e4778,P0273,10.32
3fdae7c6-f0c3-4348-99b7-f6ed7f44b707,P0096,16.97
aed2e7b8-5bfd-413a-bfa1-18a2bc7cf69e,P0184,8.2
571528cb-7ca9-49a6-baa5-cdacc971f0a0,P0130,14.29
4f3a08f8-6402-479f-8022-5ab95b47f86d,P0220,33.2
2cfb78b0-0e6b-45fa-9e9c-3354a9b4d63a,P0095,114.78
4253a218-6674-4244-80a5-fad856228e0e,P0137,32.22
00c1cb89-d38d-49a2-a91b-6568a6b13bad,P0202,73.04
80226949-d87b-41e8-be17-160d2bf61479,P0285,52.25
28f7f6de-89a5-43d1-bc23-55d3d0675fdd,P0250,11.43
68872df7-3db2-4148-96e0-2eb1b1f1d9a8,P0236,45.64
3026827b-a7c9-462f-a629-cc9878256eea,P0245,6.57
4982263d-6a72-45dd-9918-6585842fd89e,P0221,9.85
d354286e-276b-4e31-83d4-a1241260cb7c,P0034,140.3
969e8b31-21ff-4c1f-aeff-ef8d2f5225bd,P0269,17.85
1cfef616-3a8c-4d1d-a40c-15f76130bb61,P0106,65.73
37b0f5d3-f07d-42b8-a7de-e883b9b6861f,P0112,4.61
4b8156eb-3598-497f-b4a3-ad816205dffe,P0101,9.21
7644300a-7909-46ad-a078-eb9e2f5b765b,P0095,29.22
ea18ed60-c3c5-4de6-b4d8-46cd48e8cfd3,P0025,65.22
2a7c10e3-1bde-4199-8fd9-b7b50a4606cb,P0193,46.35
d2e2dcc8-2a48-48c8-b22f-c36f3caaa13f,P0199,13.87
52af7151-84e5-4e50-aed0-5c3907f7a4e8,P0181,18.44
cbd7921c-ee69-417e-b58c-fc528c38ece0,P0295,8.41
133faabe-56d4-4b99-95c9-4c9270fd902b,P0068,1.53
08f5827a-b766-47bf-9b8d-815f375c02f8,P0068,77.94
3c8edadd-34d7-480c-bdc2-40faac4b3d26,P0046,48.21
bae403a7-42e8-47ae-b50b-613715fc3bf6,P0059,25.46
e740dab8-b9cd-4151-9577-1e972b8431dd,P0157,75.25
6bb9c257-6c89-48be-b27b-f4b929bc5bb9,P0114,38.36
4e65a4d2-e795-4b67-bbae-94ab5303a873,P0160,31.11
81218ddb-a51e-4efa-84ed-f7c0529b80ba,P0221,16.77
22de16cc-89d4-4ac7-bc87-ce3632bf62f8,P0058,4.11
14e5c2f1-94b0-4462-8537-225f3bb26e80,P0285,21.03
54c4f5f0-d710-4f0c-a65a-525a5bafd5fe,P0088,21.14
f26f2b26-7e6f-46ba-b6eb-ce467ac556b6,P0190,19.73
db2a6e0d-ebc9-44a0-954a-a324e5dac60e,P0126,51.49
b57a95d6-bba9-4003-8499-261315c0d4de,P0156,13.92
4ded2376-8213-4df6-8f3c-48662612ee93,P0155,9.17
aaafd101-5d47-4d07-bcc2-7ec035c4798e,P0260,92.82
8585f0f1-5afb-4c08-8361-88a5abe86e14,P0297,1.33
16744273-098b-4259-b94f-8651409cb966,P0039,35.03
6610e572-9c75-4402-9f2a-114e071c5609,P0062,93.71
68a83323-7dc8-4172-bd73-02888d1d51c0,P0199,12.8
8f7785b9-2f10-4a9c-b7e1-41af37d807df,P0254,4.4
6c67544b-cf33-46d4-bd30-2199ad56f573,P0188,35.63
1a65820e-dee7-43fe-a14c-60dade04f1df,P0047,56.5
9c84c1e7-925e-4595-a127-4b8f4d8d0ab9,P0129,12.38
135ba364-99b8-4c0e-93d1-216179bb272f,P0242,4.83
5af5e057-be80-485c-a953-fe61ab919089,P0192,91.8
caf318fa-62e1-43bb-8d8c-7664f56761fb,P0238,26.75
1d60ff9b-2a14-47c1-a695-4614cb9fc8d6,P0027,23.36
671f3fd9-3043-4b01-b9e2-0025e841e54f,P0040,204.73
ccffa4e4-8795-4e34-b4a8-73384133fbe9,P0242,64.49
00a81764-5082-464e-95e9-02b039163049,P0142,19.72
65d14db1-b62c-487b-ac1b-0223dba8c630,P0145,158.45
a4579891-b22d-4d45-ab0e-c2aa8d857e09,P0280,120.19
58cc3af4-bab5-4c88-9bb3-318426467d9e,P0063,30.43
6915bb25-7070-4298-827e-1c7b0fd490bd,P0070,53.44
4abf621a-d129-416b-90ae-c23bdc61def8,P0245,14.85
cfe0ac37-a009-47a7-9d71-ef4ab8d2ce65,P0255,6.13
505f330f-2349-4735-925d-817dc0c6aeba,P0186,64.64
9ce835fe-cad2-4653-926f-5e296491a6f4,P0131,62.31
9c46d9c0-54de-4807-a425-69dc9aa4bdd6,P0098,8.84
4209ccf1-3c65-47e5-8ab0-64149cdc7316,P0017,9.93
5620f6bd-e95c-46bc-86b1-5b8ad5b4010c,P0135,24.21
391c2ad0-2b62-4e6c-96af-00f4e3e815fe,P0086,54.54
89f5f505-9552-4059-b944-58144bab74c5,P0223,59.56
5dd63956-9ff0-48ae-b48f-7a2649c3d75e,P0024,53.41
7b55d346-3830-4ef4-b6ea-39d2e9129449,P0292,59.8
a10ac2f1-b4ab-49c3-b188-c4fadb595b80,P0042,57.45
c0a9fefd-c4cd-4f74-b03e-7897f8f22b39,P0295,54.95
d0ae9729-8167-438b-93e8-c33fcfef1733,P0168,19.54
af7ab727-fe99-46f9-9989-7613aab5282f,P0157,79.94
cace4a4b-bc4b-4aeb-8b54-6bb69ec4d735,P0212,9.53
088bd419-01b2-42fd-bfb8-a7086f98c90a,P0252,1.06
a077b210-658e-4af5-baad-bfa377ab224f,P0271,21.42
77e3e9b0-8872-4dea-ac2d-fede449ffcd0,P0080,14.28
f319a8eb-9006-4edb-880c-c9570ef4ca8e,P0134,24.72
4603e0e1-aebb-4f3e-a7cc-1e1dbc207614,P0236,12.26
a8115d6b-13e1-4759-9b88-b8c6b5022021,P0023,6.67
7ccdb52b-f405-4f21-ad3b-3e4180fce937,P0055,41.76
10524e71-dc53-4eed-b7c5-c19686b3e944,P0269,40.47
d948dec0-f34d-4f00-bf41-b7fb77e03d11,P0187,35.08
391c2ad0-2b62-4e6c-96af-00f4e3e815fe,P0097,16.14
bcaf1b79-0e04-4c51-a777-befc04654bd6,P0043,83.89
bb455656-aac0-45fe-b2a6-b82a603fcf17,P0145,10.89
bcea50b8-c0ff-4bdc-859b-89e4e8fb7f04,P0279,55.74
e4a71815-f6a9-4040-9d2c-2a43bd7416cd,P0085,10.23
4e0e176a-30d3-445a-a1a1-ecc5734c019e,P0258,17.96
199cf9ea-d0f8-452a-9db0-748bac00dad6,P0009,51.04
00e7ffed-db71-4dfd-8bce-247a22fa55d5,P0108,10.28
44195cb9-14bb-40ff-ab30-dce5b4021ff2,P0255,44.34
e0f288a2-ee4e-4276-a9ff-5d339b295865,P0261,3.22
2348579c-db29-4275-aea8-a3f38a5d24ff,P0176,28.77
97171586-835e-4184-9e84-8dfd5db781a1,P0197,15.7
846248cf-a941-4d2b-8b3a-7e23e9f1a11f,P0253,90.69
b9b06672-9a95-49e5-9fbc-9b9d87497872,P0184,3.24
148a025c-5f20-4101-9c0f-5789bd457bb7,P0009,18.09
7480763c-0a2c-4fdb-8637-1a5a4cdc02f5,P0040,152.89
ea8f3fde-7659-4199-8b6b-9dfb69498ad2,P0045,20.27
d734ac47-6e39-40ea-abe9-0b87725309e5,P0247,42.41
d57e717d-5db3-48a7-ada1-07c87176c47e,P0278,8.05
87a7bc15-c881-4e59-92b5-91078221950a,P0127,5.78
4b5569e3-57be-4648-b3ab-8667e2082701,P0212,38.97
480bd846-6e97-42b3-b73b-5a715db8cc88,P0198,8.26
e9a77612-e52d-4343-bae1-2b70c247c95c,P0099,17.31
951eba1d-edf3-430a-a02b-2952727e6cd2,P0079,5.42
fd0b58de-7a4b-4229-a122-c9e071efbea0,P0179,40.54
b57711a6-b1d8-4dd8-9977-dbe2b165981c,P0198,115.72
4a6f0c04-cd7b-4df6-b1f2-c59614a3f9fd,P0263,29.32
0e3aa95b-e2a3-4b94-bcbf-2d14032d1e59,P0100,36.76
ae3a55b6-b02f-4f29-98e6-68f4b74f5ca7,P0219,14.8
bcea50b8-c0ff-4bdc-859b-89e4e8fb7f04,P0231,49.75
9c3231cb-b969-48b4-8b8a-3a07fa920c23,P0054,74.25
2fc7859b-9598-4256-9b07-7bab6d911d55,P0002,120.25
7e304e4c-fef8-4d9f-b446-e28bb8ff680b,P0026,66.05
ed1e2fe2-92a7-4cc6-9707-42de0ec0d2ec,P0168,35.04
c62e7ea3-4f7a-41e2-adff-924fa71562ef,P0013,109.76
640d24e0-4d17-4220-b849-d73e0fe602ea,P0182,35.9
0bfe9620-62b0-4f03-9683-8c1b55ac7ff9,P0269,28.04
d57be9d8-2345-4a15-b734-63585f16aef2,P0258,80.56
cd779166-367f-49f7-8cf2-3dd9bd6f61dd,P0174,57.18
3c9ac9e0-3085-4e77-a130-7881a403ab78,P0193,114.65
bfbf4e47-0570-4364-89c7-26c028a8b536,P0103,110.49
b7dec7c4-1db2-42e0-a32e-74de7c61171f,P0167,34.64
9826e417-c35a-4987-a89b-3ea87a056f4d,P0149,46.16
b42dc6b7-6e4e-4874-b668-e0b2ca1d59e8,P0207,28.6
76db2fb7-8e0d-47ff-b97e-ae6c0af216ac,P0071,54.19
870b585d-f7b4-4cd8-b237-b6ec11439ae3,P0050,19.07
ce5b40ed-3d77-4753-ad67-048c7b296b77,P0173,76.59
e8be8142-785a-44a3-813c-4bb4e7ffd7f6,P0036,1.39
21d7fd1e-1434-4e7b-be34-9dbd1383be1a,P0273,39.81
ec00f45f-f73b-42ad-8dca-9c3ba1418cef,P0087,2.45
94449640-dad7-4d05-967c-3e4d3613a3b8,P0228,13.88
8632cfaa-c9c0-4a28-a9b4-70af2cfbc857,P0148,31.79
8d93f844-d798-4e69-a9de-a10c2696ea75,P0281,14.0
eec7ac59-5683-4eb0-a5fd-ad1faf166eb8,P0236,160.42
220e6a34-f001-461c-bdcd-6d696118db64,P0199,3.19
0487bd70-18aa-4672-ab55-14481c59095c,P0142,44.97
b7c203ae-163a-4bbc-a936-3c1a3d40b67d,P0133,50.18
2ad7847c-c325-4fce-a80d-70294873416b,P0093,16.41
8c80820f-d85e-43a9-819a-d1da36910236,P0021,7.0
dbea4763-6eb9-47a1-b7f7-98afa6d1eed0,P0223,14.12
1f8ab681-e9a8-415b-9f01-f90f6576d8bb,P0201,195.74
a5bbbea9-761f-457b-9f64-ae9bb1473998,P0115,33.52
69481391-7484-4f24-b51c-11fa2d12b04a,P0075,10.3
b7c203ae-163a-4bbc-a936-3c1a3d40b67d,P0266,32.06
8b2596c7-d19f-44f3-b438-a9f941be4db6,P0128,4.75
3623c253-cd6d-4efb-bbbf-7eec3ad11071,P0088,71.3
e63ef0b9-ead9-451b-a5aa-22ecb5facd94,P0181,32.78
f7446af0-9897-4597-aebb-b521ca717a9e,P0228,15.61
e6c1e79b-342a-480e-9c8e-51945884991c,P0106,7.64
57988aa0-6fd8-4182-9cd3-aa7cbdd2d0fd,P0156,11.04
ad526bda-da0a-459e-8081-3ebc2fdf7e77,P0151,25.72
de1b24ae-810c-46c1-aa41-27b552ed8583,P0046,1.81
7480763c-0a2c-4fdb-8637-1a5a4cdc02f5,P0260,0.19
24b7b981-2108-412e-9a06-26819743e0e5,P0194,8.49
90d4baa3-4c23-46fb-a298-17034f29744d,P0214,67.31
4fafa680-02d1-40ab-b6c0-6c22d942185c,P0130,27.76
8663484f-b66d-4390-a284-5e549f3f7f3c,P0230,90.85
24b7b981-2108-412e-9a06-26819743e0e5,P0019,35.2
4c91dc2a-5dd0-40d7-a8e7-ca511b82a205,P0077,26.88
2a38a816-aba9-4455-ad87-6c1203c967d8,P0205,15.43
bd540e0c-b288-4923-8f6e-65d69dd617a9,P0286,24.09
b6d7112c-e95a-437b-9f43-efc73a1b3c53,P0256,40.79
87ae789a-12ab-4acc-af87-74a82b4c0b9a,P0138,1.2
2dc6fa55-8196-4a4b-8543-b262f13bc4e2,P0079,8.34
b343e5a6-6fc8-4d8c-9b3c-09c8e0bbabe3,P0014,52.62
02801f06-ad64-4c8a-96ac-536bb618d0e8,P0229,20.44
99225ef0-6e43-4734-9947-95a70252693b,P0263,12.34
4fdfef98-7538-4156-97cc-99e4b2a1fdb3,P0283,43.79
9be962d2-7757-468b-ac97-7a9a220d4405,P0153,31.04
e5b301ba-d5ab-4f00-8fc8-834b8489bd2a,P0014,9.37
48cb2f27-2ec8-4cfe-b9e4-094d0f268c92,P0282,3.16
894c46ac-f91b-4bd6-a3c1-71a780d2911a,P0220,60.61
6097d8d5-255d-4f5a-b525-88d7110239c7,P0203,1.72
754d9c40-c3a5-458a-8eb2-15769e07eb6b,P0085,20.61
d3cd3059-831e-4cc2-9562-7d9c166f29fd,P0181,10.14
1f509255-119f-4345-8dec-9b559d0f3478,P0088,18.99
e9532eab-06ba-4eb4-b4a9-0d2b848ef34e,P0114,6.98
3954889b-dc2d-4f7a-9a4f-a4d0753d917d,P0044,109.2
93460533-b3bc-4ff4-8693-c7bb06893dda,P0049,15.67
596e5f3b-d395-447b-bbc3-4a9e2e041cff,P0187,68.66
e1631055-7fb1-424c-8f15-44cbcaa8e0a5,P0064,300.0
73105bde-3d76-4bf8-9fe6-6ef0d30e58bc,P0247,1.78
3e304326-c20c-4233-bcbe-4328cd62591e,P0092,112.71
7789478f-f5d4-472f-a8b4-7f01893d4f53,P0155,141.46
b6aff04c-afb1-4061-9a94-2c0347aaeb7a,P0136,35.89
1d286acb-b9c9-46b6-a577-11c3e28ab105,P0024,83.53
9ca065fc-56fb-4f29-af5e-e2eb45518f90,P0165,19.49
5f5dc601-a49b-4c6c-8318-e1c872163c29,P0131,3.31
fe6d6864-e774-4bcc-80ba-f5bf49fe352f,P0137,93.17
ee4c490c-7724-4f2d-8b99-fa5ddb800488,P0024,104.35
b5384780-4f58-4c9f-b6c3-9f644bd803fb,P0298,59.34
4998277a-62ca-404a-bf00-63674fb78e59,P0248,71.28
b1690581-9145-48ca-87a4-5f8b8c3a5454,P0132,52.79
a5f4a334-f801-4d05-abee-556aad12ce1a,P0033,32.45
d38ef7e9-3136-4c1f-8207-3de6ef01a1cf,P0133,2.25
14d41953-33ca-4f4b-8829-6c42d2e722ed,P0082,14.47
a4bd604a-eb01-4340-bb72-27b892a44bbb,P0172,31.82
480598c3-7d65-40b9-9a75-ecf15f1a3429,P0102,8.72
b1ae05fe-b520-4d5d-ad54-e00ca194e110,P0274,173.99
b8c361bc-2fd9-462d-a690-85d1ce46049f,P0014,24.6
e0484fce-683e-4fd0-83ce-54a7be08267e,P0227,141.03
e3a952c5-fc17-4494-8666-3bf2d76beea3,P0146,10.86
b3b6a8d3-7d87-4e06-8f90-a873a65810ec,P0057,54.44
216e04ed-fa95-458a-9af1-b1f69246a48c,P0163,65.74
37be3110-ea1a-4d56-88c4-2c9a25952c24,P0273,0.35
b71e9e45-edc1-4596-92e8-aa9714826828,P0117,33.18
ec4f73d3-8644-4767-b5b3-fc5f8630177b,P0143,21.93
b41542e3-a3b5-4592-965e-bb6c66a7b5be,P0254,24.45
ca2f9775-a365-4110-a2c3-52d68b6f3baa,P0089,1.75
97b0df26-6a2e-4aa1-82d4-b152fbd1cb81,P0209,53.14
2dc7201d-8c4d-46b6-9d69-900860fd4ce0,P0263,76.87
2a5c7e09-5be4-44f5-b3b7-44673b5dab68,P0171,19.85
9481c2ea-0e0b-4e48-a0af-b3300129be12,P0211,14.52
1987fac4-a413-4a74-b1f4-b0660910e320,P0242,10.03
e5dc4340-ba6f-422a-b39e-d6b7fa025310,P0259,78.01
f69981e5-e736-4259-b8ff-cabfb3a6b1ff,P0274,35.41
5d15a527-b03b-4277-aa59-f639be3b2693,P0166,42.69
5493506d-5053-430b-a86f-fea917ba461a,P0014,14.49
51d08578-73ca-4c1a-bb49-a7dbd1cae9ca,P0001,58.54
efce6f08-03b9-407b-901e-90b96b300a66,P0008,97.84
778929fb-3c1d-4e6b-a0b7-a0d097f0f386,P0006,31.02
c64ffea9-1125-468a-9478-f326bce389d7,P0179,58.3
606c62b5-e962-4e82-8efc-878d3ce4cc1b,P0016,2.24
e68abbc9-652a-4709-a574-55fd58f0c729,P0106,16.9
9570fbc0-e117-4b60-9184-e9e4c473a164,P0204,60.84
5c8cea1a-3b58-481d-ac9e-ee7e960f5979,P0228,139.48
44195cb9-14bb-40ff-ab30-dce5b4021ff2,P0201,21.13
dea885bc-7aa4-4e66-acdc-4bc15e897dfd,P0075,60.11
20e350e9-f3f9-4576-87c0-e10d747b9968,P0169,72.93
e50d7533-2da6-4c87-b639-c9d04726c001,P0287,44.12
f5208e88-1be5-429a-bf08-04bb651d1f35,P0095,11.02
287ff74b-02db-4988-8e31-f2c7eb29009c,P0083,90.72
d4df7b77-cb55-4f20-9e34-87758a5443e2,P0300,93.98
30410d0a-03cf-4677-a9a7-7bdf3e962be0,P0042,5.53
efdf4d86-92ae-4067-9868-d93b054ad9b5,P0109,76.11
522e5033-c350-42d3-b25d-2b7fe1de02eb,P0206,15.25
94e06e59-ac80-4dfa-8c79-df929250a950,P0062,23.01
e0484fce-683e-4fd0-83ce-54a7be08267e,P0215,115.9
e20c393e-303c-496f-bce8-ae71cedc30d2,P0253,30.1
ee442907-d6d5-4a88-b27e-dd80be7376fc,P0290,50.04
28bdbdb3-34cd-4d12-9fd4-b9e79b566044,P0096,36.47
c27e1ce0-1b8b-495d-8ad2-e2f557c05011,P0108,19.33
100f9088-a291-4bc6-8a44-f2b0255fc5c5,P0142,12.7
5abf8d4f-8ac8-432d-b447-63cab5a70c82,P0128,37.44
40bcd972-2f5b-4731-a801-3dbf371310e7,P0198,22.48
33bda165-ceea-411a-bd3f-7cf517d94937,P0080,4.53
428f1da3-4497-40b7-a7c8-f22627f6341a,P0063,12.84
15dd3ba0-9462-43a4-9756-7704a8e7f378,P0197,17.82
3c81c903-d8fc-476f-8057-875e41691d8b,P0223,49.68
78a6a862-042e-4110-8d69-e2ef1272cdfd,P0273,42.67
c2295ddc-b9a7-4c57-8282-40df241dc974,P0131,11.52
ac8bb854-2ced-416a-afbf-97d8b9a7c8e7,P0197,35.15
25373aef-4852-48c2-8223-6f90b8328e4d,P0099,83.29
f79760f7-0640-4607-a21e-16ba4697b70e,P0260,20.9
cda1aef8-b390-44b1-bf9d-9b790303d4ac,P0175,52.74
a7c49717-2cbc-4b8d-96e1-2d03199ed553,P0210,6.0
10c2d7b6-fe79-40e4-9107-564b6ef10d98,P0089,89.8
852bd41d-faa5-4b2f-9201-2868d03bbdae,P0206,1.43
b10cbee5-6080-4465-b259-5ebcce5bc1ac,P0110,2.86
4fe635ce-1d69-46e7-9b7b-f58595398956,P0020,65.5
459ed929-cd36-4e83-a85a-29fc795f8cd7,P0228,36.17
9d4aa050-7d76-4456-8aaf-2f66eb15fb2c,P0206,7.16
dfb7ba34-01b7-4d13-96dd-7ab3790d8263,P0171,60.65
d4ac9c55-7cf3-49e3-b65b-2fbe25676336,P0127,7.15
a6ebb55f-a0e2-40cc-90df-0fd39908457c,P0295,22.72
09871e22-8b0c-49a8-9f1e-f4a191a3abe1,P0109,42.18
f5b621f9-0c8e-43ed-8c3a-3b742bd240e8,P0248,31.07
3d769608-faf5-4949-a3d1-4cfcd1d16ef8,P0159,1.28
a261226e-ce65-42c8-8b22-06377109785b,P0224,62.23
2eb60703-b09c-4ebd-84c7-aa817112f435,P0032,70.8
a6942e3a-e476-4fe7-874d-99e073a4c1e4,P0258,23.82
1cd1e64c-1dc9-468a-88c6-a0f4b875511f,P0205,14.14
e9327ef4-6410-4c57-b258-a20d99e1d894,P0153,5.99
3a64e2f2-1db3-4712-8b17-b970f56292f9,P0141,2.03
e31bb09e-0411-4d7a-aae6-f378f2994572,P0086,12.23
ea41f531-66c0-44e6-a392-a4c7d2516653,P0221,15.74
f5208e88-1be5-429a-bf08-04bb651d1f35,P0222,39.34
8e64884a-00ba-4a2f-a2db-942b64b35749,P0270,114.94
d48ec351-8318-4fec-8009-71384d344a78,P0068,89.85
3f24a389-1aa3-4074-b253-1bf60260a184,P0098,28.22
33dcbb0e-e2d2-4213-a18b-941e0eb41c0c,P0106,153.45
8e826f8f-66e1-41cd-8087-0bc9e9fe0af0,P0179,6.19
5259c60a-d500-4380-b051-69c4b33a1199,P0034,44.0
c3912fb9-747a-4c7e-a589-b4d407e41cb9,P0293,52.11
3441d92a-89ee-4684-adfc-4db11037b913,P0108,29.22
a0bfcd78-3aab-48e6-98ad-4171b5920a90,P0127,66.07
28bdbdb3-34cd-4d12-9fd4-b9e79b566044,P0052,40.74
1f8ab681-e9a8-415b-9f01-f90f6576d8bb,P0194,35.79
c8ecc49f-b133-4af4-a2dd-140bd49cdeec,P0249,117.11
9775909a-0fd7-4209-ae40-f5aa1ed1362c,P0127,125.68
1c717e99-ea65-45b5-87d8-0b85e8dc9ad4,P0221,5.26
9596e10a-be61-4d04-943e-9fdaba1485e5,P0284,55.13
e50d7533-2da6-4c87-b639-c9d04726c001,P0082,63.55
65393cd1-5964-4527-a725-750232b90cb5,P0060,110.86
0be0ff3a-022a-4dfb-8fc8-edf3a913b1ba,P0245,49.12
66b2e913-eb87-40c7-b0dd-a8f3386b972b,P0197,18.41
6991d541-e773-4e8c-acb1-991c6ea9fb1e,P0099,22.45
7c652f6d-48d1-4042-8dff-7cf5fd557b30,P0086,26.09
74730190-57b0-4a05-8e40-84f7da429aa0,P0256,17.11
42f926fc-76e0-4fa8-88f3-59fea62d541d,P0231,15.21
5d7a6de4-8c92-422a-a028-7ba514eb5d8c,P0123,2.31
ede6f049-a532-4822-8a61-1890947ffe77,P0073,7.8
810f653e-8d15-4ec8-b1d6-e0581b4ea1b1,P0290,154.99
68a17d08-7b8d-43b9-8fa7-b2ba12d632e1,P0041,97.05
6f47bbf2-236f-4c5c-ac2d-87c4ad453f1a,P0005,29.38
55366a28-9da5-4341-84b6-2c7e2d71b989,P0278,0.48
b7ae1e66-8910-4169-b2cb-b284bfeabb26,P0001,1.22
2fd4a8d2-c346-413f-9f38-19df828468ae,P0224,25.31
1d97df39-9bbe-436d-b1f0-93346aa49f64,P0228,32.65
c5950c07-efa7-4244-b839-24d94c2257bb,P0233,4.98
e9c165a9-765c-4a6e-8929-9f8a6a8db122,P0069,47.22
035c66bb-1f8a-4011-8f02-8efff41314d3,P0279,110.42
dea885bc-7aa4-4e66-acdc-4bc15e897dfd,P0162,7.8
1791650a-235c-48b7-898a-0e6a0c0ffc82,P0037,99.48
0c42dba9-4166-438f-a07b-c3dd3c8a1bdb,P0175,95.18
ea609fb2-93b8-445f-9205-c4a7a9faa1d6,P0221,22.81
62bd3eca-3408-4406-8442-3751d8b3186d,P0091,12.58
974a604b-3559-42fa-8fe2-c7cc9c782776,P0048,25.48
23849051-9b37-4fb2-bf94-5e48f06dfc16,P0067,94.52
5241adcf-cbfa-4748-8ca0-b489316bea2a,P0215,44.33
6b401b15-8af8-4afa-9b56-92b79dede51f,P0206,32.52
c2abcede-4a37-40e3-94fd-220d2628260c,P0271,36.69
41eb5244-2794-46b3-b895-a36f70801f88,P0283,23.18
0c8a2e7a-5a6d-4422-9860-97052c76fde8,P0108,33.07
a8115d6b-13e1-4759-9b88-b8c6b5022021,P0101,0.23
80d10855-267a-43ad-ae07-b9601284f889,P0030,62.07
8b4e4536-92b5-477f-8b18-31c8fb2f20ab,P0210,11.89
053a7f88-a77c-4f57-ba64-967790b80ab5,P0127,91.0
a8d56062-c3d4-4347-954e-962e81904c72,P0061,35.14
641cf799-7b82-4d00-893f-698616de4d86,P0174,10.75
9b9da838-9d90-4aa0-8fdd-bc0f363296ae,P0188,4.97
a5e436d9-b8ed-4eb4-9168-78f8e13a0ab6,P0203,10.55
71f3ed4a-63cc-4bf0-b668-3837bd33dacc,P0220,2.17
ab3bf3ed-0184-4592-a96d-e2ef7388c3cd,P0147,300.0
602e3a0c-25d3-41bb-a134-d77fb47f5c40,P0031,25.78
20008094-845e-439f-87dd-a4dd1f910089,P0066,7.12
8146c756-0252-41be-b03c-58faf49e58f7,P0105,10.88
1d2b9d10-0b97-4139-8563-7443b19dabad,P0114,95.97
24fe4780-58a0-4091-a158-fd8775908e1f,P0293,1.93
ecd3d623-3fad-45c3-b569-07ee4d6889e3,P0051,18.36
4a670f1a-0b9d-4fb9-99cf-485b5c54052d,P0103,24.97
0c94b426-6312-4c66-ae2a-bf5b248f7656,P0130,7.27
928a0731-2c68-47d3-a11f-d41d6423a6ae,P0100,12.88
810f653e-8d15-4ec8-b1d6-e0581b4ea1b1,P0243,34.62
681c9156-b6e5-4155-8c49-ae99923fb34a,P0050,77.0
7ccdb52b-f405-4f21-ad3b-3e4180fce937,P0201,31.99
ede17241-004c-46d8-86a3-1c011ec4aa19,P0064,103.31
ece13b9f-f5bd-4df2-96ab-d3950d2e351d,P0043,9.59
c89f17d6-27b4-4a7a-a602-7261a7c1c60e,P0229,4.24
4b200004-5adf-4a37-a984-4bd395928bd5,P0017,5.73
0cf0ded7-03e9-4dbc-8e96-a0e9dd02944d,P0213,30.49
f2663dbf-9eb9-49ab-a7f8-320d084dba06,P0032,0.87
a3169461-8b7b-4e1d-b287-3e08f6e1019b,P0202,9.81
9b984b66-2619-4584-975e-856374ba8c86,P0209,20.97
3ec3b513-2089-404f-b2f6-2e1c3ae77bad,P0148,23.21
bcb431c6-963f-4488-a6a2-c18f73b1636f,P0236,15.03
81218ddb-a51e-4efa-84ed-f7c0529b80ba,P0062,24.14
81288e56-42e3-4d54-a4ae-521dbfd002d8,P0065,22.2
3026827b-a7c9-462f-a629-cc9878256eea,P0178,11.33
9b984b66-2619-4584-975e-856374ba8c86,P0217,26.36
9a1ec401-0657-4e52-a43d-21f6753c2b2c,P0176,21.83
6a0d3a8a-baba-44ab-be2f-763fc15ab507,P0297,12.69
eae614d4-068b-49e7-9dcf-418cc3b8a3f0,P0161,15.8
d15ef0ba-a366-4fe8-825d-2bc75a713d09,P0072,68.75
bf0d4be9-08b0-487a-9351-a141d96e85a2,P0013,31.58
cc16e36c-e80f-4eb4-b335-1df5cb4164be,P0098,1.0
6c65dfa5-6324-4711-a65f-7ecf5cec92a4,P0152,38.05
926fe3b8-1c11-4d3f-9524-68a4d9840d9e,P0215,0.45
e112f916-b6a1-4473-ae0a-1381c4550261,P0066,18.77
de36f30d-9aab-4751-a3db-b2abdfc27881,P0050,63.34
1dec9f95-5f39-47ce-a079-ba778829ee03,P0137,4.41
4b9b638d-4e9a-476f-bf2a-f060f098bc81,P0192,0.32
b4e9607e-54b9-45d6-96e8-3f68e51842fc,P0280,114.46
c8b615a5-ae0a-48a5-af83-2bbe271b37ad,P0241,40.51
6c152c99-9ed3-40e9-95e5-f60799961aff,P0188,19.78
262bf929-c72e-4ca2-853b-82200bcd183f,P0220,15.31
96f5dc29-08a9-4a3a-876c-24aadc676f1d,P0153,87.09
f6583065-2374-409e-9699-110b527e5c1b,P0149,66.14
d3568e1b-314f-4ee4-b27e-ee2d232ec6af,P0242,19.9
25bc53d0-29c0-4cf5-88ac-31c894edfcf3,P0299,1.48
b7de1cae-cb30-48d3-a3e2-bb98b2ca8a45,P0242,23.69
7d3dee9a-582c-4542-9b5a-dd9f383e0a2a,P0120,112.42
5ac5de70-a87d-41db-bd2e-0dcf32836ced,P0272,14.5
284df3c5-9b49-4340-bf3a-2128dc3252f4,P0120,4.31
17485ecc-524f-496a-aa1a-d0da886a355c,P0275,125.04
a7948733-ebc2-4fcc-902e-a6bde339ca4f,P0294,2.22
14becb3a-f7d1-47fc-9e93-d3cf9f1ff65f,P0194,61.51
53df44b0-bd87-4d83-8548-8ebd553a8ed5,P0208,56.91
934e5c0d-4416-45a9-b4c5-7c965d5f8d61,P0052,4.9
019ebe5f-7a33-4264-9134-9770a4c9d2eb,P0226,13.94
0aee3fae-7193-44d0-b084-320f3825cf3f,P0049,4.74
cd6a9e7f-4232-4edb-8351-2dd2d6a48000,P0153,5.07
f91b7c14-8807-4d6a-819b-c0bf51e1aa0c,P0081,10.88
dd0ea607-fb42-4f14-980c-ca9284d4e603,P0106,5.05
6b06ab47-2bfa-4330-b512-fbfad6b1ea81,P0249,12.16
2bc4068a-fe4d-4ad3-9993-fa24ab0fd76a,P0187,31.94
5aba88f3-13f5-482a-9e2e-112a8abdf828,P0220,45.14
f6153cd7-2312-43cf-926b-12fe242c8f04,P0075,6.54
43e47fbd-374f-4870-93bd-361b43f080ad,P0005,29.42
147b6aa7-6892-44a5-9987-ad3141bd83af,P0002,56.74
7a327e0c-a6a4-4de1-8eec-741891491b41,P0217,12.7
de8f82d9-3c90-44ef-99c6-1e2d207c99b2,P0178,86.95
07e8ed8d-30f5-4ad6-bdf4-1caed9e5a5ff,P0205,19.64
b2649a17-5191-43f1-b179-dc653166f527,P0274,0.24
3954889b-dc2d-4f7a-9a4f-a4d0753d917d,P0143,14.4
c755d485-75a8-4e28-a584-f8647e279055,P0227,7.36
b15a1ace-32b6-4df8-a59a-9fa2fc4cf519,P0258,38.3
57e6dd79-e0ec-436c-918f-0efd4ba8a3d4,P0019,12.94
bc8a4341-de09-4255-bc5c-c065ebbe6d0f,P0218,6.09
0f9cc7b1-cca6-4983-b2a0-959f861bddcf,P0232,1.42
c05e006a-3c4a-4123-b950-9e93154fd696,P0170,2.46
efffc6ca-5749-48a8-8481-b7889033be6a,P0270,43.98
e267eb35-fc5d-4f6a-b364-e7dc6f2bbe67,P0027,47.9
1552443e-5a9f-48ba-ac5d-8e1e6393b2aa,P0067,232.98
265ac0c2-cdbf-44dc-b654-eb00505189dc,P0127,32.7
76e4d02b-2bae-426f-9657-24dbf9362ae1,P0152,26.86
7c405ea7-5711-4e6e-84fa-c5694fa02136,P0173,108.59
ebc07257-1939-4519-b53b-1ae53360f561,P0264,90.29
1a582a6f-6efa-4e65-8d9a-e5969a5db867,P0196,27.99
aa433fe5-c170-4ada-b7b8-60b054934001,P0005,36.99
1a256df5-04cb-4615-8213-c08518144593,P0092,36.44
69410223-80dc-4ce3-bc70-4161a1e7e8c9,P0034,150.34
e37c6c96-fe79-4965-b34e-8d4871736871,P0174,18.16
24b7b981-2108-412e-9a06-26819743e0e5,P0189,49.33
34103ba3-7d3c-4afc-b9e5-520a00c07e7d,P0059,8.85
655312c5-9db0-4675-94e2-a22c68f279b4,P0250,74.01
bbc5100d-0a16-463b-922a-126d31862287,P0106,4.26
113d1b0d-25a2-457b-90c5-325a808cb596,P0291,23.0
afcebbca-a4c6-4b98-9820-a714862ca1f3,P0165,6.23
99f8ccf4-a996-4837-bf60-207f54c1dcd1,P0171,27.15
9a1ec401-0657-4e52-a43d-21f6753c2b2c,P0072,9.63
8e97b61a-d37c-490f-bc24-8794733d27c1,P0181,17.22
7ed7ab0f-eaea-4fa5-9e1e-27362acf1edc,P0033,36.27
3af20693-635e-4000-a1ee-cec88e329fdd,P0210,28.49
2c8e7c3a-37e7-4d62-886b-4fa8aa31a79c,P0030,1.0
3dfe7e00-fe0a-4324-9cd7-5c126a86ec5c,P0115,5.4
149c9142-7f93-4ec0-8ab8-9271d37ae1ea,P0166,30.39
5117e57c-facd-4e80-aed6-e705c54c433b,P0232,13.74
13975afa-e29c-41e7-bb87-e3977d5da90a,P0282,57.37
4a056190-b874-442a-8c11-d4db9e88b8a4,P0212,7.13
4f31fc14-d2ec-4b04-881a-3e653a721b6a,P0288,22.65
fde66361-5cb3-48da-bde3-8db36f8e6dd2,P0127,4.55
302c47fa-db0f-4765-b878-3f2a825cd563,P0279,0.91
4663dc97-36e7-4343-a80c-29275b483489,P0073,65.43
d13be6ec-3e70-4249-afac-7e1027d9eb5a,P0220,6.93
0e32afbc-2272-4baa-a961-a853f00ef045,P0029,38.97
e78e6a49-9ff2-4cd9-b18c-e98962138db0,P0287,79.54
9fe57c98-393c-4cd0-aedd-d6ce9c1456c5,P0262,41.13
a21139c0-a14d-4500-8904-084d6c19c2bf,P0239,38.37
028a45f4-5353-4a68-bb69-18218e03cd44,P0045,15.47
76cec64d-4c8d-4762-9277-413c7c566f4a,P0258,29.47
b8146968-a21f-4712-a877-4e1417daaa78,P0231,7.27
20f3cd90-d078-4b06-b418-8bc3fb743264,P0283,35.65
0b060248-78b2-4265-ab62-7658138aa2ff,P0259,35.57
5a513e8a-3b13-4ae9-b598-27339fcf83e4,P0297,9.4
28edd219-a289-44f1-ab36-61a523d59ab5,P0089,19.8
aa433fe5-c170-4ada-b7b8-60b054934001,P0162,13.2
bd72979c-fa39-44dc-9683-587a40fd6ee6,P0059,12.14
44474168-775a-4d5b-9b9b-d83fd1aff37d,P0177,40.33
981090c7-687c-4923-a324-f87296d3e645,P0052,28.01
9b6b3c1c-912c-42ee-a6bb-99320a10dc4c,P0043,86.87
c9d90516-e9b9-40fb-92b9-0af337696968,P0246,4.8
b951ee6c-01e1-46da-b521-c172c01c998d,P0091,20.09
28af304a-b08c-4ff0-ab85-b8766dc872f1,P0016,33.47
d9cef3b5-de3c-45fc-95a7-e548f412b53b,P0115,30.79
5449ce9a-72c2-408f-8dd2-e307cd75b9af,P0290,30.09
efd2b313-96fd-4326-8bba-22ef3052bbb8,P0186,22.26
f2f80c02-d31f-4d65-bd7a-d8b1c32ce249,P0221,29.16
cdcce582-ae9d-4e98-bb82-616a3d8b70b3,P0177,49.97
96db11c6-b50d-43e4-93ef-09089c4fe847,P0181,4.49
68d13bf2-6bfe-4b52-9dd5-bf837076112d,P0273,14.76
4feabf32-a34d-48a6-9978-b3a43e5b794c,P0045,51.42
c29804c1-22c5-46d5-9730-8bd1550bf954,P0173,42.85
292b5a0a-f5c8-4f56-88c6-be5f6206ff48,P0001,1.99
8a538b4a-ba64-4a27-9ba1-df18d240eb50,P0143,27.17
37176df7-255e-465f-9c8a-54e2b767e7cf,P0202,7.65
f6a5d120-c8a5-479b-8256-5c048a4553f7,P0050,6.8
5dd63956-9ff0-48ae-b48f-7a2649c3d75e,P0155,47.0
77e0647c-5cd7-4946-bc3c-4af94e8b21f8,P0258,46.61
992bfe33-a836-4309-ad1d-f4158dec1759,P0258,63.36
dea885bc-7aa4-4e66-acdc-4bc15e897dfd,P0263,3.39
cc008571-0646-4fa9-94f1-76430bb40574,P0148,27.32
e8c8a28c-2f2d-4582-a2be-ced6cc64d746,P0177,102.58
36293cd6-5cd5-43af-9dc9-769e4576168b,P0023,32.69
0748c648-13fc-4f4c-8db4-85231484f2b8,P0200,6.41
4ede349a-921e-42f8-a0d3-8d8d5ab1481e,P0080,42.28
c3912fb9-747a-4c7e-a589-b4d407e41cb9,P0247,80.04
265ac0c2-cdbf-44dc-b654-eb00505189dc,P0178,17.16
d3a2597f-1c72-42b9-a055-4a5db6bbf959,P0155,32.92
e11a6bd5-fa0c-4cf5-8187-afd0b5874349,P0288,9.93
f040f0b6-5806-4c0a-acba-c56cd7e70d70,P0073,69.29
62a72c50-6a4a-4b2d-a5f1-c77682fd423b,P0015,44.97
c548e3bb-8788-40c3-8759-5b1bfc41845d,P0141,7.65
303fe9fd-65c2-46ad-b67d-16888f959e1f,P0210,55.65
5ff20350-6a96-452a-8b15-b6f34b2eccc7,P0159,112.5
6b401b15-8af8-4afa-9b56-92b79dede51f,P0257,67.46
e62e12d1-737c-4ff0-b3ea-4d339ab3dad4,P0254,69.78
9f3ee8f7-8512-4522-a85c-2ff15cf68ed3,P0197,54.74
22406f46-41b5-48ec-be71-d8d6e01a5487,P0144,108.54
5ef480ee-bef9-4dd1-8632-dbb4c479cbaf,P0052,125.67
4c07552f-7044-4463-8102-fa05fcc56da2,P0172,1.01
70584384-b70d-415f-8f21-2d4841c220a8,P0295,26.88
cf4d6caa-9d3a-4e29-b3e1-edef126e5bc6,P0173,2.01
0dddcd6b-a623-40a1-9b3f-1acb96dce052,P0229,5.17
bb455656-aac0-45fe-b2a6-b82a603fcf17,P0255,47.7
67c3c94b-5621-461d-b5c9-4e1f0c7deeb2,P0157,30.32
43fc9b59-9a59-4902-a9e8-399ee56a8a80,P0027,22.05
2d079097-3be1-441e-9274-d8a4c1d1854c,P0199,14.54
82987a0c-7372-4d8a-8823-3998827a4f86,P0232,203.93
ac8bb854-2ced-416a-afbf-97d8b9a7c8e7,P0102,3.66
48f244c0-2793-4e40-96c6-124952d47829,P0103,8.71
6a23e630-fe21-4a04-bc7f-a05ee6786292,P0139,57.39
a0dd6594-260e-4ac0-9fed-8a0faaec8fbd,P0118,2.85
0c8a2e7a-5a6d-4422-9860-97052c76fde8,P0198,32.07
7c50d064-17f3-4d83-bd0e-5a9d673bc76c,P0252,78.59
fc2364ab-95ca-4be4-a28e-26f663c0379a,P0196,3.82
4da703f0-65e6-4839-8074-527b7c3a651f,P0175,72.31
7e43f384-b97f-497f-99b3-3ae38d7182af,P0001,21.87
f3a9496b-ba7b-4bc9-ad12-76d2ee7c3b6d,P0193,16.12
f5866427-430d-4a0c-be6b-8f71216f51a3,P0134,50.35
39c4fd16-ee97-450e-b48a-473e24d67b80,P0216,15.96
aad0f1bf-31ce-420b-b314-c1f77ebe27c1,P0199,21.89
d9e601e6-fbe4-49f7-9fe0-4c2cdc4c7901,P0236,71.64
b82dad5a-aac8-4804-80b6-a64d544dc2fe,P0180,22.32
16a10e0f-1e7d-48b7-9759-aab563e0c2d5,P0249,2.54
b8912a3e-4b61-412f-bad3-f896d9cb9440,P0268,28.52
54065f3b-5f42-4824-bd99-1b62b0efb17a,P0061,18.87
d1079404-0023-4662-96ff-1a9d1b4bb1fe,P0298,14.71
bd69953f-deff-4efa-b8f4-52bd26662419,P0062,20.24
9db7ac31-1527-4afd-8314-ef83fc86df46,P0128,26.97
5e76fa70-26ab-4a89-a916-66fb65abe908,P0294,1.66
8be69012-9aa2-4145-b58f-73aea9fea6ac,P0075,29.36
47120d8a-e72b-4cea-a389-02ee6cedba49,P0117,63.61
aa433fe5-c170-4ada-b7b8-60b054934001,P0244,38.64
cd987fe2-04e8-4c3e-b74f-5d0cfb06c8ce,P0200,0.85
493207b8-dc61-4ee9-a473-aefb6eb3c80c,P0298,26.71
3178351c-76e6-400c-99c2-5ca1d7062d70,P0277,13.95
8246d805-6368-4411-afbd-5497e13d21f0,P0167,86.59
1cd74463-0a5a-4ae0-a789-eb306c24aad4,P0055,0.99
da993b85-7de6-4f8f-8d45-8a1aef0f2e09,P0252,21.65
ecdf7b3b-8417-494c-b39c-6a12ac6f94ff,P0057,195.38
dcf3cc51-3a1a-4528-9d9b-11c11c2316d1,P0036,41.02
bfbf4e47-0570-4364-89c7-26c028a8b536,P0094,50.86
616cf297-6c4f-4bce-9875-8457aa8fcb18,P0266,10.19
7a70c8ed-3966-4b9d-9cea-e54ff5735dc5,P0189,2.46
c040bb04-0aa1-427b-a7f1-3765037ba3ef,P0056,1.91
44e3d074-87a0-475b-a527-18acf63298a9,P0072,80.68
88322cd7-5d42-4493-a041-b11d34ea676d,P0077,34.37
1da84b28-8da6-4786-8927-f41cdf0efa73,P0225,56.14
80447971-0962-4e6a-9974-ed04d7754ebe,P0249,29.46
c29f3725-b414-462f-ae68-d3c5ae66e996,P0022,70.6
f3260e79-44d6-493c-8e04-e2cd31aca251,P0009,32.6
341f15d7-d530-4ee6-898c-029dc6f14e3b,P0140,11.97
db2a6e0d-ebc9-44a0-954a-a324e5dac60e,P0212,10.36
a8ecca28-d2cc-4809-8b93-4452ccd92379,P0064,0.92
e77896bc-c8c9-4a04-817e-ccce917b53ce,P0285,40.94
1f28a412-e3b6-4dba-b1fa-a820abafac15,P0088,13.42
6b9d4808-8533-435b-8851-c74aedaf3c0d,P0248,21.52
bfbf4e47-0570-4364-89c7-26c028a8b536,P0272,36.12
c2dc1f5c-21d8-4fe9-82df-dc648657fe03,P0181,54.7
eea6cb5a-1e23-484e-9aff-4a3a63815463,P0092,24.22
3653ffe0-3997-4369-a725-693db99fb58a,P0205,16.53
0fa65030-549b-4588-b9db-4b4e5610cbc1,P0101,26.8
5cb71c9e-2528-4cde-b6a0-9a3ceb419c4b,P0219,74.9
9d5bdc52-e16b-4831-9243-a9c5721bdbb6,P0076,3.68
cd55b507-0ebb-43ef-871b-e3d13593b36c,P0024,7.86
b2b994a8-f69e-4c23-8a2c-7604af9ecf5d,P0263,0.37
ac68e2f4-1a5e-4062-a0c9-c6d0ec866c32,P0280,132.26
4e8baeb6-c9d5-42f1-9e4a-ab733e3dc12d,P0264,17.18
5c8cea1a-3b58-481d-ac9e-ee7e960f5979,P0056,39.77
b8952288-6260-40ea-a0a6-5d4516ea1ded,P0182,58.32
24977c1a-3f80-48e0-ab72-62ecf46886ec,P0076,174.23
bdf88042-343c-4480-8308-dea577fbaee4,P0045,39.46
8900e46b-4f45-4a2e-b2e9-1b420f78868e,P0058,40.0
ee91b54f-d3e7-4f1f-98fc-2cfdf783fe8d,P0045,47.36
5ee36bd9-9b22-4b1a-8c0a-f3fd33fdacd0,P0002,72.81
9705d73d-002c-40be-b945-41071f97c4a1,P0139,21.94
5e5cd896-0b15-49a3-b276-49dbede903db,P0078,103.21
b3b6a8d3-7d87-4e06-8f90-a873a65810ec,P0231,10.26
933f1e0c-03c8-4f61-bbf9-95c8b3f6a48b,P0104,36.32
d2f9f7d6-6471-42f7-bb1b-a9b33bbec49f,P0091,23.39
11609bd8-1dd5-4e92-906a-1f09701d0f9b,P0122,4.97
bdac57bb-03b7-49cb-a6d0-bebc5b3c74dc,P0065,15.84
2977445b-4863-4e53-a0e9-9029d27f5623,P0252,14.43
6e63f5a9-7eaa-4aa6-b396-96644befa5ca,P0233,65.35
841f3836-d1b6-4fb6-82b0-d1ee5a23a2c8,P0010,19.25
013c1e9c-f200-43d0-94fb-6ea569af6e49,P0218,41.06
3623c253-cd6d-4efb-bbbf-7eec3ad11071,P0070,100.49
b972d1b1-946c-4945-b363-9fac36779e41,P0144,30.43
0bfe9620-62b0-4f03-9683-8c1b55ac7ff9,P0228,157.99
3d1e14c7-340c-4e35-82e1-827437bb696c,P0101,114.86
a6ebb55f-a0e2-40cc-90df-0fd39908457c,P0028,55.69
ae811b0d-52b3-4fee-a287-aadf0ad51673,P0166,14.66
9e761d1f-97cf-4cf4-9ff6-f1794e87917f,P0041,32.85
7b480e3a-3764-469a-8d46-a218aa57e610,P0277,61.02
8a9e2e7e-3b2d-4f54-8906-d538ee4ae0d2,P0252,36.77
174aaf77-d446-4e7d-b104-824dcbca6bd0,P0257,9.99
caf7bf96-12ed-4b3b-9244-ca9119bd8c78,P0159,94.45
221d853b-3ecd-475c-ba24-16db2c99908a,P0286,28.87
4feabf32-a34d-48a6-9978-b3a43e5b794c,P0253,18.57
cd675124-5864-4acf-b5f7-8ed07d52dca8,P0294,10.55
6915bb25-7070-4298-827e-1c7b0fd490bd,P0171,11.93
ed245aab-cc81-483d-99b2-5d9da638faf9,P0099,59.0
4f16ae07-7394-4952-918b-af6b3dcc7c34,P0106,49.92
e5049013-4d62-48e4-8702-d352f8f7398f,P0299,33.59
90bc06db-1a6f-4bcc-bad7-8fa857794bbf,P0112,37.31
61d2300b-43c8-49ee-a7e1-205825321625,P0045,72.76
0c16e6f6-a495-413f-b4c3-5e4a807c21f0,P0085,31.12
dc44a9cb-80e7-473a-91da-cfa15d26f5f0,P0030,26.16
ba5b8394-1b0d-4533-b90b-263688c1d148,P0027,1.32
a6a14dc2-65ea-4ee7-99c2-010d80112128,P0285,154.44
43a51015-4e41-4643-b5da-ea4b5f97f53f,P0194,20.96
113d1b0d-25a2-457b-90c5-325a808cb596,P0295,3.71
e8d04561-15f2-43ba-9f9e-d4b6561c15c7,P0134,23.45
472c46b2-230f-4907-83e4-34b19e281527,P0254,4.41
ede81d26-7132-4338-afbd-66beeec8f40f,P0292,50.21
c29f3725-b414-462f-ae68-d3c5ae66e996,P0167,96.45
d91ddbef-6689-4c61-8ccc-41b136d8037e,P0233,53.28
0dac7325-997d-43fd-b8de-ce7565d72a54,P0139,69.72
1a72583b-a027-43c7-a082-cb63015fa4f4,P0031,1.85
71df33f2-edd7-4585-9a1a-1692f8eb19e8,P0115,15.19
b76ae33d-8030-4f7b-b09d-4d6231e169f9,P0056,1.75
169f6800-9533-4f37-86f3-1fc7dec1405e,P0071,38.68
f04e7595-2aaf-4015-a28a-2e86bc03b70f,P0099,24.71
f3e57707-f58d-45d7-b3d5-d7fa23516d87,P0181,26.53
4ac47110-6a7f-4711-926b-91ca3c738a0d,P0241,14.14
40bee9d2-4801-4ce7-a5db-5d89d5853078,P0130,118.59
26d4edb1-eaa9-4d5f-bc4a-a91435a49a32,P0010,7.59
ef6adc6e-d942-49a6-8e2a-8dea6c7b4428,P0260,107.16
2165e70a-a15a-4251-98c7-484494bea46f,P0265,36.94
d873781b-0ff0-4c9f-9964-8de302a55d82,P0292,33.64
93918d3d-526f-4435-8d52-4c6dba35ec42,P0077,2.75
eeafdb04-5fbb-4f03-8cfd-a1aa73869eb7,P0248,22.94
5b05d55b-a3ea-4e5d-b27e-cd98c1ac505a,P0146,122.07
594e148a-e9da-4b66-862c-03edfff7f117,P0248,84.15
bec100df-6e91-490c-bf4f-cd62a6dfdbea,P0216,21.65
83470572-1e61-42fa-ab42-19c87d187905,P0112,4.92
0915dfc7-cbca-4526-b4da-080c850b1d79,P0237,21.32
70857db6-5c40-4351-8494-26c3e763730e,P0096,13.55
fcd09a89-f9a7-429a-b141-4983e54340b5,P0208,31.65
b83918b7-8054-40ed-8771-18bf88807512,P0227,25.93
f670c38b-9285-4d67-b9bb-55426273956d,P0024,3.02
5ac5de70-a87d-41db-bd2e-0dcf32836ced,P0111,103.28
afae8f20-7f1a-4c0f-84fe-a0e935fa3605,P0168,64.58
30839385-f8f6-4d50-9fe5-0f335b8d1583,P0275,37.52
bb3a7aad-a3d7-4c5f-87f4-7998721d9897,P0216,33.99
0e9de263-c798-43c9-8b42-783a7d60c234,P0161,15.44
654b0fd1-49fd-40de-b610-02aededb6201,P0176,61.55
e662653c-6ce0-4be8-a110-88278f66126d,P0208,24.96
a26b7f21-efaf-4286-a23c-6c6a9116a07d,P0072,1.22
27dad56e-4b7b-45a2-9d27-c5a08eae238b,P0028,6.71
6ade3652-6caf-4060-a6bb-df08b48ab227,P0038,22.81
b7c203ae-163a-4bbc-a936-3c1a3d40b67d,P0013,16.86
bdb8dd41-9ae5-4d70-bc1e-7113ef57a448,P0177,45.98
70584384-b70d-415f-8f21-2d4841c220a8,P0020,0.48
41d996f2-d2bc-439b-b71f-37cc84248917,P0058,3.78
6ca294e2-7c43-4744-b1c5-d5a6292b5e9a,P0197,43.41
1dad64f1-886c-4c4b-bab4-1358423457bb,P0082,5.85
9e0255ac-3848-44ba-8016-f84bb645510e,P0012,90.91
ad71d229-4110-4b16-8cd6-b96ad6d3b114,P0017,14.72
ce8752fb-1ab4-4173-918d-e163b5bcd9b5,P0260,89.25
1cc3cf19-97ec-4533-9a08-0ccd36e61a83,P0203,2.73
39b0b8ed-d1db-4d33-ab57-3888b2081f76,P0020,15.22
e57c49c0-2873-4395-ad5b-d527470efa4d,P0256,116.73
ede17241-004c-46d8-86a3-1c011ec4aa19,P0117,192.23
b4d2fbc4-dd45-496b-8dc9-87d877270263,P0225,40.34
9c9a0e5f-2561-4f8f-95d0-4b88482a34f0,P0066,3.67
80433aaf-edae-46af-bd9b-939e3a6998b0,P0275,2.99
e7173f88-f93a-468e-8ec5-30c820fcd799,P0085,22.56
d8892af6-77f5-45fd-9683-0b3e70e00b69,P0207,28.93
6b30fad5-1758-43af-98cf-a5b4578d9f5a,P0161,47.87
f9435c8e-cf61-444b-a383-ee8529ac2e37,P0227,78.89
d873781b-0ff0-4c9f-9964-8de302a55d82,P0043,60.96
45589ee9-1891-4a78-a3d1-54fb167609f7,P0069,54.45
e655e061-74be-4f5d-aa42-aff8313667ab,P0208,3.81
b3d0d830-2d01-4d64-8107-0df80ab46c40,P0121,28.05
ffececc0-1010-4985-8eae-3e4cc9c20b1c,P0245,28.54
3228554d-6457-43e3-a47f-553ff7a2a2db,P0091,17.99
7e43f384-b97f-497f-99b3-3ae38d7182af,P0167,6.12
9edda47e-3e5f-4de6-80ba-ec1937f59d09,P0295,38.54
55594a88-39d2-42be-afdb-cac564f6d7a5,P0051,35.86
931c3bb9-6180-4e98-abad-a0ef0aed5189,P0129,30.39
46ef7827-0ded-4933-864b-25c32e183838,P0089,95.28
dc128e29-b6bc-4f79-bfaf-931aec5a4b36,P0118,32.39
86b4e83d-ad98-4da3-acc8-ad56f38fc030,P0268,47.56
c21c6f9b-17fe-4a53-a52c-537faf6a0fc5,P0026,58.24
71884175-08bd-468e-8984-bb0b9c2e5e96,P0221,9.65
2a593b6e-917d-4a9f-8ba2-2621701ed684,P0158,163.78
9ac7f60b-d0af-4e1d-be38-3ebb0c4d9035,P0226,29.77
7076dc45-f8d1-4e38-b827-7564d7f39072,P0006,90.84
894c46ac-f91b-4bd6-a3c1-71a780d2911a,P0045,42.7
d728d209-f97e-4695-bd45-bb017c4d9c80,P0052,8.67
2cfb78b0-0e6b-45fa-9e9c-3354a9b4d63a,P0203,18.78
213b9a3a-7e0f-495e-b8a9-f95132de9080,P0181,30.59
b46cdce5-d8a2-469c-bf09-0fe27a93fbfb,P0002,9.39
645d9f2d-f064-4cc1-8d37-692ff3c00b14,P0231,126.84
7533c93e-d1f6-4c7f-b9a7-c230766cd056,P0138,4.79
f6a5d120-c8a5-479b-8256-5c048a4553f7,P0235,153.68
21db279f-4b92-4844-bf3a-4fdce4c0851d,P0132,35.67
f486172b-9796-4443-a289-7af24c42b648,P0057,151.79
2d6d7b4f-5068-41de-be49-23069400a9fb,P0169,107.29
b91390f6-d9d4-495a-80d7-e39bfd345e12,P0259,16.37
f2b0c81c-f8ab-4218-819a-a1a5e4231005,P0060,16.99
e3df3bdb-7b34-41dd-8360-9dbef829b7dd,P0027,8.49
b24bfed8-b5d2-4851-b1e9-e9fe9193b512,P0260,29.87
1e33e650-de51-454d-973d-5baaebf9679c,P0153,2.11
ff8ef026-4f25-4779-82b2-ff6becf11292,P0009,0.04
f14c4d29-86bd-4894-827b-35cbbc8114f9,P0056,4.72
13a0c77e-c7e4-4109-9b99-0ff267a86a47,P0292,5.95
4b8974d3-fe3d-4170-a958-39d7e3b869bc,P0135,7.47
12ddfbc6-50bd-46fc-b31b-8be61302534f,P0157,60.25
c042a7eb-f4f5-4fe4-b767-c71b6203b6cd,P0260,8.49
2977445b-4863-4e53-a0e9-9029d27f5623,P0046,47.11
9aff902d-8ccf-420c-94b9-474853d0fa38,P0136,34.61
55e1996e-606e-4d41-8060-b1e5fdb3693c,P0098,52.23
e86dd527-5208-4cdc-b35c-3331ba9a57b7,P0035,135.55
4dd30627-3cc2-4604-ba19-870f38bfb847,P0167,1.22
15b3d27c-7f02-4d72-b90f-e0a1f81a7543,P0194,24.7
ffd00612-565e-4d24-a721-885a487d2379,P0285,124.79
2dc6ea01-746a-4174-977d-7e12aa16a21c,P0232,18.47
ae24feca-4c33-4ae4-a7a5-0d4c504eb803,P0130,113.6
150e5d38-814a-431f-96a0-68aadc0e3a05,P0097,68.03
832cdf3a-433c-41c4-abfb-f661ad16cbbb,P0045,46.73
b30f7d86-ab56-44c2-bd60-c0c4cbdcc5ee,P0181,131.76
2038d605-8eec-4629-a4f4-dbabe19348c1,P0264,3.02
f97d66ad-8db8-4cd0-a470-43109deead4d,P0018,25.29
db448e0c-4f6e-41ba-8a97-7076a6d8e521,P0016,28.76
3c26d2be-c742-41f2-992c-1780c5541257,P0229,29.79
98604b80-fc46-4ad3-95e6-3b3026591467,P0114,41.21
7a2fc07d-d640-46ce-90fe-015e8272842f,P0230,6.49
b68e2d5a-6f31-49bf-b70e-9655934b9398,P0044,49.43
5285e5da-acc7-48e0-a21f-bf5ebecaa07b,P0296,24.57
e1246510-613b-4294-9497-2d3c0652d826,P0291,4.23
d844bf23-b2dc-4e64-9840-af80c5dfe860,P0253,11.35
38a293fa-1a2a-499d-bb0b-a7663cf1711b,P0073,37.13
c40f97b5-50cb-4564-88c9-6be0f5c8e488,P0131,33.32
cdfa18c5-b16b-4307-8b95-19ec4e7c96a4,P0101,3.27
3d1e14c7-340c-4e35-82e1-827437bb696c,P0186,12.41
e2a217f7-c2c4-4fe7-a484-1d7492c7b95f,P0096,32.4
13cdd3c5-039e-4064-9fbf-ae839d4aedf3,P0055,38.3
894c46ac-f91b-4bd6-a3c1-71a780d2911a,P0067,71.2
3d8fa9f9-727c-411d-8f0c-1dd75a6ab368,P0298,13.61
c54434a4-eb5a-42f9-865b-6c3eb5adb48f,P0128,79.82
17ea8a3f-da17-4edc-bf73-2b4f442fea83,P0076,14.29
c3ce6085-03e1-471f-88d3-f0e1042f8181,P0110,38.49
f0d1a89a-954a-4e5d-99c0-790898767d8e,P0004,155.56
f8a16fb4-7e4e-4e7c-b144-01cf37e6bf3f,P0131,0.39
6d9102eb-411b-480d-b0e1-7b9d1fddf284,P0240,4.19
1a256df5-04cb-4615-8213-c08518144593,P0170,27.74
dc7decce-bb8d-4fff-8d0d-337af5f60106,P0243,54.97
fff02b7e-9556-4297-a789-b36a0abc3d4f,P0187,79.44
b5384780-4f58-4c9f-b6c3-9f644bd803fb,P0179,70.32
a8a4e974-c5d3-428e-89de-71f67d4744e6,P0092,20.11
b331c4fa-e8ed-4d4f-bf82-7fb70bf5e083,P0041,240.4
84f5f4f0-8156-43fd-a511-d23a8cda7bb2,P0289,27.05
091e301e-73d3-442c-8ccb-861cf9f79ffe,P0230,39.25
fb362d0f-99b3-4c58-94ad-d86a019007a6,P0250,42.85
c902b6eb-d761-4d42-9364-2dadc3e37d6f,P0174,25.04
f69c4031-f9fe-4729-8872-6b34a7811cbb,P0227,19.87
5baf2760-9478-4147-bd48-7546ddce4307,P0157,54.9
d8892af6-77f5-45fd-9683-0b3e70e00b69,P0104,18.67
3653ffe0-3997-4369-a725-693db99fb58a,P0278,22.01
1234f2fd-2a90-49c0-982c-e97afc23edc9,P0069,57.08
eeb15fee-2033-4aac-9d2c-166724ba16ac,P0218,17.76
4ded2376-8213-4df6-8f3c-48662612ee93,P0195,49.11
ddfe8c81-095e-44dc-bbcf-7123cc62cced,P0079,3.73
a03b71f1-2b76-4f9f-ad65-d77a2a21e974,P0092,40.88
42882d25-e9ce-4e7e-bfb0-7cc52a470bd5,P0086,10.02
68767b49-9848-43ab-a0cc-d4e29ed58187,P0084,17.35
66b4b80b-cde2-47fe-b457-96057131661a,P0130,27.21
2c5114f8-e808-4f74-a4b3-2092278896ff,P0191,61.23
480209db-bbd2-4827-9601-1c15c71bc4f1,P0095,57.23
d9315e80-9ab6-49fa-9147-e4cf232fea20,P0210,86.41
1d341c8f-e9b0-4f03-bc1e-8908ae0a0f91,P0091,17.0
0c208ea9-5a6c-4f52-b5fa-ce1ec28a3f56,P0235,55.97
d7f37068-ff0e-42ab-96e1-c29ee3c7617b,P0014,22.34
e740dab8-b9cd-4151-9577-1e972b8431dd,P0190,27.71
d639fc1e-f240-49e1-a87e-b2d42b0f466f,P0196,3.3
fab9f1af-a374-4fa9-b9b0-30144af11807,P0199,0.79
9f5c4891-eb31-42eb-b7b1-12a9854529f8,P0010,32.77
32ce095e-c82a-4509-bd88-c16a5b982fd2,P0201,51.52
f2c0ef7f-6c66-4284-8396-9b737b518169,P0062,0.71
7bcd7b24-b4f6-46e8-8fa9-7e713fd7f44e,P0051,80.54
e0678ed0-e198-4961-b903-667b212ff18e,P0050,17.79
b6f0ab8a-a8bd-44a4-b3fa-76aed47b922d,P0243,19.41
7a892297-4a40-489a-a0b9-24fe46de7d31,P0104,18.14
357f130b-e66e-4ef1-82c1-6f7efa9d9925,P0224,94.86
6a9d2157-7499-4969-913b-b05312913c02,P0227,28.67
7db02cc0-7a9c-4654-97f3-55bdbb7802bb,P0166,86.38
d3e5e50f-51df-4220-8d67-ae6131c9c31f,P0146,14.26
9ac3c71c-8ffa-4ee5-8152-6e2764f13eea,P0149,106.73
2644acf4-d1c8-4adc-abe1-5aba80bc586a,P0082,16.05
45dcca7b-7bbf-4340-a71f-9e3b3aceb6f8,P0040,14.39
10c2d7b6-fe79-40e4-9107-564b6ef10d98,P0007,15.61
6915bb25-7070-4298-827e-1c7b0fd490bd,P0153,54.85
a8ba12a6-279d-480d-851e-d833264294a8,P0243,2.23
6f722a0e-71c1-49de-81f9-94c06a3e76e2,P0017,34.18
5dbf69ca-12e5-4c0a-b1b2-6cced878db9d,P0274,57.36
c53fff8c-3b93-40f2-9651-3ef4ca8b5bb3,P0002,105.71
39534a9b-294e-49f4-b883-f0d55f27733a,P0294,76.59
dac4129c-4a10-49de-9bdc-2ffaf1cc03ad,P0150,0.87
355a0ff7-7794-4923-8c83-d8635f930c26,P0052,1.8
4603e0e1-aebb-4f3e-a7cc-1e1dbc207614,P0083,12.27
b30f05e9-c38d-48fb-b936-adcaa9fdd77b,P0176,56.85
d099308e-d83b-410f-95a3-33ea68b68cbb,P0100,57.81
95415948-414a-4950-83a8-89093699681e,P0198,65.05
e281edcd-db13-456c-9553-6637b9ec88e1,P0242,12.84
911456b8-8ba7-4661-be8f-bcfc2b705c29,P0037,6.12
faf1a81e-6cec-4ece-8051-53055d3a398f,P0199,35.28
cad3f65a-2893-43bf-acc2-2aba96cd53e0,P0280,35.24
f240e7e3-9822-4dd5-b289-f5c3967f9467,P0035,43.53
666f4a3c-a8ca-4112-adef-f5cb9779236c,P0150,35.43
4ded2376-8213-4df6-8f3c-48662612ee93,P0030,9.2
29cdc567-4fdd-4a28-b3b4-adcc63bfad5c,P0091,84.68
da29e2bb-78f7-416a-b00b-e86acdc1eeeb,P0110,51.78
bf850317-a83b-4668-befd-9dd7fba2bc9b,P0060,70.39
4dd771d4-d8ec-443d-8517-9e6660e51500,P0120,15.94
ff528411-3dfc-4a4e-99b0-32037c9c3712,P0239,18.38
a0e194f1-7545-47c9-85af-c011e0a54ee9,P0025,38.53
82987a0c-7372-4d8a-8823-3998827a4f86,P0266,58.25
900b0f13-e0c0-4a53-8444-34bd919c18d1,P0161,15.71
7e53571a-f729-4660-af66-e03d8647f059,P0125,0.49
e63ef0b9-ead9-451b-a5aa-22ecb5facd94,P0219,29.29
cd675124-5864-4acf-b5f7-8ed07d52dca8,P0061,50.9
4b164826-2d8e-4c35-8b8f-2794959406ac,P0012,25.2
abac9af2-caa1-43db-af74-1181ea03aa57,P0174,26.75
5dbec147-0687-4337-b6d7-c4cfdd897c00,P0071,15.28
7edfcfd2-a598-45d2-a6cd-8c461ca7b065,P0287,44.8
d4de374f-8464-448b-a0e3-625c4961543f,P0033,23.86
99f8ccf4-a996-4837-bf60-207f54c1dcd1,P0173,186.17
9ca065fc-56fb-4f29-af5e-e2eb45518f90,P0243,58.16
37176df7-255e-465f-9c8a-54e2b767e7cf,P0135,0.97
5765f77a-ac17-4ebf-90cd-268261498165,P0187,3.24
633f9520-db9d-4192-9e4a-1b4ff50cddc5,P0132,25.22
b9082494-123d-43df-92dd-ddff48b582b1,P0126,75.99
2042b5c0-1029-4fd8-b1ae-66898cab3a9e,P0258,51.59
84377bb0-e14e-4b48-8209-60e7a0f17bb9,P0012,11.84
01ebb6c5-fa88-478f-922d-e3daf309a001,P0196,27.81
160906d5-fbf1-4839-9848-884c433baa78,P0239,26.16
4b243e04-4720-471b-9569-c2d93ee7cd63,P0147,10.72
987fa3e5-8f14-4871-9505-011c81094140,P0129,35.41
7d6f1d5c-0bf1-4625-a2fe-f1686c4eac9e,P0080,11.35
9729569a-dbc1-469d-a1e0-c21ba13b049c,P0067,13.09
c0b64219-7ce4-4a4d-b442-2ab75401bfd2,P0170,2.83
ee85987b-aa99-4b53-8508-1648ffc81d32,P0097,39.0
eb9af1c0-0019-4817-9334-d521df513e5c,P0279,40.76
87ae789a-12ab-4acc-af87-74a82b4c0b9a,P0300,3.94
69e4c6b3-4030-4fed-a236-b849aad46f52,P0203,82.56
dc7decce-bb8d-4fff-8d0d-337af5f60106,P0156,42.07
f39656af-325c-4c75-99dd-4bc1c0b37905,P0122,77.89
b7321361-8278-4002-8b06-4a2816d0343c,P0053,6.12
7205ccaf-ba83-4dba-ba8e-d4ec07a14074,P0095,69.59
b2aebe6c-58f7-40fa-b08b-60b7a8e0eecf,P0083,54.4
113e7617-8234-4a72-bc01-8e269f1d8365,P0220,26.77
20f516b0-cccf-4fb6-8cfe-325f9fc4a9f4,P0141,6.78
313ccd26-f369-45c4-a3aa-ab6f74f21d2a,P0013,1.88
71741287-120d-4296-986f-d4c256014d54,P0252,99.38
db448e0c-4f6e-41ba-8a97-7076a6d8e521,P0029,55.67
61eb27bf-2ffe-412b-8ec1-d2257de2e699,P0178,110.53
7d8f0c08-d935-4fb4-b470-2d52747b2c16,P0126,16.85
198c8d1a-1cbc-4cdf-a6e9-5c84117e4c3f,P0217,68.1
67b53f64-6385-423c-b08c-9c14bd2d90e2,P0280,56.19
f7b6043d-dd28-4297-ba76-6256a9dffb15,P0226,20.28
c8e50392-07c4-48c5-b9d4-38199d126cae,P0097,22.62
18e2a979-6931-4424-88cf-ba87710b8b7a,P0167,5.02
423a04f5-1827-4f6e-a600-dadd8994df1e,P0204,6.93
4f1e62a5-d871-4216-86a5-7992cebeb68c,P0130,45.64
4abf621a-d129-416b-90ae-c23bdc61def8,P0179,27.76
1f34e69f-597b-4cad-b03b-3e408f13166f,P0119,5.93
93918d3d-526f-4435-8d52-4c6dba35ec42,P0237,13.54
817babdb-da5d-42c6-8c04-9e6442aee078,P0189,11.68
10cc9ace-edae-4587-97e5-d06e694bfaf6,P0247,11.06
07106932-a75f-49fe-bd15-d25055ce7f94,P0251,15.79
c7bb86ef-73a5-41f9-868a-ff4413661498,P0208,71.33
d8495e2a-8d11-43cf-b6d6-ac15f7db4443,P0027,50.84
1d65be3a-46fe-4621-8c71-1e3913f59461,P0225,28.41
e537e89e-bbbf-4839-8c3d-060a520a8bd1,P0271,31.44
b24bfed8-b5d2-4851-b1e9-e9fe9193b512,P0289,50.09
1986d10f-ced3-4a8a-b7d0-925873035b87,P0110,9.36
3e9c5be2-7e4c-405d-9c11-51e0f445ce4f,P0149,9.54
8f30a8df-f685-4014-996f-4a4be3cdf85f,P0291,229.18
d0ae9729-8167-438b-93e8-c33fcfef1733,P0138,51.4
68a566c1-bc4a-4e65-991a-3a4d80264b07,P0059,25.86
fa263a02-3d2d-4864-be9a-0afd2c12d83f,P0046,4.72
ee31c0e5-e079-4cab-919d-01e1cf4b7409,P0112,48.4
f801a396-5600-4484-ad65-c10b19405b88,P0101,159.15
bdf07749-738b-4b97-af9b-cedce4e48787,P0071,24.49
11fb5c71-ea13-43a8-a516-6cec2ee16a7f,P0223,6.89
bc82e9f6-82c3-4bcd-8421-bbead70b7466,P0046,16.33
c6881606-0dd9-4e9d-bdd1-d22bd76a482d,P0075,52.34
83a525f0-1032-448c-bc25-fb6f6b0104b2,P0177,7.8
78a6a862-042e-4110-8d69-e2ef1272cdfd,P0081,39.47
fcd26cc8-42e4-422e-b9a7-3d4b17aa619a,P0132,15.07
cd500964-f563-4573-98d1-7265f87c7c3c,P0241,20.66
7ae51695-ba23-42ab-82d0-9ae7d895f798,P0017,5.04
154907a9-df2f-4eab-8081-895ef9376408,P0042,31.34
5817c4ad-8cc1-428b-94dc-395b7415a76f,P0237,24.72
ac7c767f-6907-4099-89cd-daa9e3d3ed87,P0219,14.59
b729b7e2-f9be-4529-9009-efc3029fac03,P0096,14.4
91eadd3c-461e-4180-b963-549c6e665b19,P0242,82.59
5fdd00bf-e8ae-4e39-920a-51222e678236,P0227,9.26
d4ac9c55-7cf3-49e3-b65b-2fbe25676336,P0047,173.26
bcea50b8-c0ff-4bdc-859b-89e4e8fb7f04,P0049,133.41
76e175d2-000a-433a-a03b-3ce48123bff5,P0270,108.44
357f130b-e66e-4ef1-82c1-6f7efa9d9925,P0176,54.3
579cf5b2-e48b-4f09-b897-82e7cf7e8526,P0073,36.9
c1e26289-abf0-40a7-81a5-871c4d1b9765,P0013,84.87
7d0a6da0-fdb6-4119-9ce7-dd847df726a7,P0293,18.93
5aba88f3-13f5-482a-9e2e-112a8abdf828,P0200,58.42
e3680bdd-0ec1-46ad-b260-45693efb5074,P0114,40.22
e66d3fc8-3846-4930-8959-3f8092be7646,P0108,43.57
3c8612b1-fef2-4cc5-8950-1d3c942c6f8f,P0042,185.69
d54d33a2-299c-42fa-b395-abfbebd3e134,P0256,20.03
24f11649-78bf-45b0-bd36-4e416311b122,P0202,43.16
1d097d1d-dbd7-42e5-90c0-d737c2d8e86b,P0074,35.54
2e7944ca-32c2-4f4b-850c-122205123571,P0093,45.09
6c34fbcf-496c-49e3-99c9-4775a41fa508,P0214,25.41
82749ea2-ae60-4c73-a4dc-3ea391a528e5,P0133,3.62
dc780e43-d0a7-40c7-b717-bfce41e4c6d7,P0247,2.59
e0bdaccf-bdf8-47ee-94b4-fd88b8fe6cf3,P0138,72.2
7c62c2c7-a608-442b-9c81-1c2dcf9a2c32,P0290,105.21
53bbe8fa-8e52-4af5-a675-9581fce52f4f,P0215,17.59
d2f9f7d6-6471-42f7-bb1b-a9b33bbec49f,P0031,107.03
41edd323-6b7b-4848-add7-c9e344b18afc,P0095,13.38
5dd63956-9ff0-48ae-b48f-7a2649c3d75e,P0120,15.06
10ad36b4-1ff9-48fa-ad5f-1a403979d788,P0217,72.97
2eb16177-8f6b-4180-9aa1-8e72c0c38737,P0043,17.15
b8912a3e-4b61-412f-bad3-f896d9cb9440,P0167,4.21
afc2a175-c6e9-4a12-ae3d-8e0b04174785,P0127,7.95
a78ff3c1-50da-4dc3-8dc1-819d1ada7b9e,P0105,1.55
073ec2d8-f45c-4429-b051-0ac4618a90bc,P0095,12.25
e3605e04-30b7-4695-8280-52634c2b8c62,P0186,15.42
12b8f39a-09ff-493c-a4f1-da11bc01cdbb,P0117,20.97
01ab9065-845d-4160-9954-278cd356b3cf,P0012,74.31
9b974f19-65fb-4f7c-ad32-750e405cd640,P0193,61.76
edeb58bc-61ab-4b56-a2b1-08167a7be96b,P0106,13.21
4d912a80-a1d7-4422-9278-b2554cf1fb3a,P0223,20.55
cace4a4b-bc4b-4aeb-8b54-6bb69ec4d735,P0288,73.57
c5cd21fe-e362-42e5-8665-3699a44a5fb8,P0204,21.61
a7d22dc1-a55e-42ff-8378-f8dcc27e38ea,P0236,4.56
462087b5-1968-4614-a75e-b300f54a4936,P0219,69.43
04b54baa-242f-4783-a62a-8ad7177b1f72,P0065,167.09
a0a98069-9792-410e-a666-eb69cd4b1b10,P0254,5.86
0e5fbef2-117c-4167-bf90-902f2ec90de7,P0039,66.38
83fd1daf-530f-4dd3-a177-8b86e8d7046a,P0202,5.17
dbf1aacc-76b0-4800-9126-8ad16119491a,P0095,120.82
452fd4a8-7e4c-41bf-8012-ab6c703385be,P0238,1.98
99f8ccf4-a996-4837-bf60-207f54c1dcd1,P0163,9.97
a49fad92-dc5a-4a17-9524-40a14a695b89,P0080,4.72
5238fe36-535e-4ac3-a2fe-ca72cbccc936,P0091,13.25
01984287-95dd-4e18-9799-8ba2c6dd59b7,P0053,24.17
6fd4c748-6ca3-48ce-80db-a68a02608e56,P0151,66.77
326a3552-f8df-4e7d-a606-9e5866ee943f,P0030,25.27
c042a7eb-f4f5-4fe4-b767-c71b6203b6cd,P0258,8.38
50914877-3ac6-43b0-9c6d-196fb2701ce7,P0039,3.24
c22474da-e8b1-4c4f-b49b-d1b02f8c4923,P0194,62.99
ecaadeae-5c8b-408e-b555-921114e2c93d,P0009,11.45
6d2ea369-5a82-41c6-bcc7-376f73f360b1,P0296,29.32
d6870047-eba3-4868-9a08-95ca0dd72a22,P0300,66.96
b6c2464e-1717-4e29-b8b4-701f27e0d73f,P0063,39.37
ca8ca6da-955e-409f-ba73-adad0665b51c,P0300,4.27
a325a5e2-4391-4a73-baf4-7278425c57c9,P0055,24.96
5c131a73-009f-4054-987b-c3cabfe30336,P0263,30.91
e395dea0-3a69-48c1-a051-c4f5d9bdb92a,P0063,5.18
9b511f20-5e7a-447e-9de7-add2be6e057f,P0178,16.73
3c7a2381-e113-43e9-ab9e-6ab1d85d73d5,P0119,3.72
b6232851-cb52-4168-9259-0fa4b210977f,P0298,13.72
9ac7f60b-d0af-4e1d-be38-3ebb0c4d9035,P0214,112.48
17946abf-6b1f-454a-b931-38915a9e7f3a,P0086,23.48
08b6a13a-6115-4df3-96ae-89f034bb462d,P0253,7.01
832774d1-9cdb-457d-b6f1-bee7870a1cd9,P0234,12.12
d0c5562b-9595-483f-a34b-6bef0cd29594,P0135,39.76
edefa637-a086-47f7-9de1-3fffa6de5c7c,P0289,76.82
c57f30b9-6df6-4ed4-b13d-79448baf38b7,P0295,7.64
0e9acc49-ca13-4d41-a5be-ae9cd83088be,P0124,4.61
c93801e4-70e7-4a1a-9b53-87160d569889,P0250,5.54
ce33a4e3-15b5-40c1-a101-c18f23b17ca4,P0125,8.43
dc2b4a27-4748-435a-8c66-200f01be615b,P0113,87.27
3dbb7285-3e89-48e6-a0bc-176e772f9964,P0129,0.94
2ee5917a-f36c-4406-ae8d-89d6066f9e12,P0152,12.24
18d3079a-8b94-4669-9abf-7d7ff992f0e4,P0126,67.99
989d4285-0d89-47c0-a2da-299f200c4a11,P0083,2.82
16997476-c8ca-49c5-932c-0fb7b2eac63f,P0060,11.46
58adc0aa-0e27-4718-936b-ac7eb0614b0d,P0039,21.55
a075b0df-a6db-47f7-be81-47d8a6eafe1f,P0276,42.29
6a23e630-fe21-4a04-bc7f-a05ee6786292,P0274,15.47
13517ecb-1607-48cf-be94-2658c1b07553,P0052,92.55
14d41953-33ca-4f4b-8829-6c42d2e722ed,P0250,30.33
755ee3f1-4dfc-4dad-84d8-f1cff46cac20,P0009,35.56
1b7a0c91-7dda-467c-91e6-3dd45aa28dc6,P0076,4.93
52c2ebc8-e6c4-4a3f-9a7f-2f1c140c2e84,P0138,46.17
7cc645bb-7a06-4211-b4b6-fed0163e8e8a,P0090,1.39
2221d602-4bb9-4320-893d-fe1f31dbbe0c,P0244,63.88
25638d0b-1543-49ef-9243-0f89fcc1caf5,P0127,2.99
9a72e162-056b-473b-bc87-288327f35c43,P0136,110.56
b71472ee-50be-4697-a44f-35f0f28ce5ad,P0098,8.71
ff1c8636-222e-4412-b978-5841959521fa,P0201,34.14
933f1e0c-03c8-4f61-bbf9-95c8b3f6a48b,P0163,162.84
bd242a69-20d3-461e-a87e-5dda0b27b7e7,P0046,125.12
1bd0ab63-9b69-4c5b-af4a-bd83ac1fea31,P0160,45.29
98e59f66-d0a9-43b6-a0f6-3e9902a039a9,P0086,9.91
ab637216-d911-47e1-8ba3-87b6558a30b9,P0182,37.99
259570f4-baed-4d9c-9c33-f250ce24a941,P0026,6.98
8946b5ef-9434-4508-ab06-4583d4d57bec,P0214,0.99
c682a4de-68a7-4ad8-a023-02dd8ca37c8a,P0013,42.94
d857c337-4f4e-4e5b-8701-aff61af7dcfc,P0039,24.97
9a7786ce-d7de-4d34-82b1-9c788b572ea2,P0174,134.47
d4ccab60-e032-4e71-9b4f-7bd4c06d8f12,P0056,84.48
6a9d2157-7499-4969-913b-b05312913c02,P0247,78.91
7418f459-f888-4fc3-9155-7d070b35df4b,P0144,54.27
6897a6a5-3de7-4c5f-bcb6-03b8f01f5aa2,P0105,12.63
7e304e4c-fef8-4d9f-b446-e28bb8ff680b,P0183,15.8
81f0dd13-54d6-48d1-878b-7b76948143ad,P0058,39.39
31f966b3-a3b3-4637-931c-b2841189bdad,P0280,0.28
3d6d7ac4-88d0-4e29-9ad5-b1954f1f4287,P0087,77.94
9c869a31-e8f0-49fc-9343-01d804f0a12b,P0010,29.77
c1614c69-81c3-459e-850f-e5842e093c7a,P0104,7.72
4998beb5-958b-4eac-a4f3-c8227e714379,P0285,17.41
1e95a2a8-59b5-43f2-a591-4ad11eaa5e6c,P0160,48.82
a0301579-1728-4980-af97-65b725769804,P0256,113.67
2a7c10e3-1bde-4199-8fd9-b7b50a4606cb,P0072,36.17
7a70c8ed-3966-4b9d-9cea-e54ff5735dc5,P0281,17.19
2344eb04-b7f8-4ab5-9ee2-0dc75fc23782,P0247,144.69
f1c0a10a-146d-4aee-a235-eb1c158abcc8,P0042,17.76
5226664a-cf64-4b62-875c-5724045a0aa0,P0014,114.89
b87190ca-eb05-41e7-a76c-571a11afa298,P0062,140.51
dc27089e-2a87-4d4e-b1da-f010dc855ae7,P0166,75.3
744c28e3-00cd-438b-b1cb-54025191d895,P0279,18.99
46354fa9-5e1b-4689-80c8-fa0364f4c196,P0035,87.22
ebc8690e-cd29-47a0-93a6-5eb2685f473e,P0051,128.38
bf97db67-57e6-4a47-b65d-00f1b080b06c,P0096,25.3
8e2be4c2-65ff-41ba-a8d9-8a0b8d6a5661,P0203,39.13
e233b894-d2bb-43c7-8c49-b0e94ce88ec2,P0065,20.06
8f7b5b3c-502a-4543-8681-2479fa265724,P0012,34.43
475de118-eb2d-431a-9f33-0ee310a92c48,P0027,22.52
0e4b88da-c2fc-42a6-a708-4db6bb55a442,P0100,73.84
6dc7abe4-f278-45d9-99d8-0b296ac59a40,P0170,38.57
d89d4590-9ed9-4178-84fa-1669fe307c79,P0130,65.54
60c60c85-30be-4f3d-9643-ac523f423e33,P0247,19.33
c1132195-b617-4798-8b37-7d0861e72e59,P0229,9.63
824bbec2-aae9-47fb-aa84-12397212d07b,P0060,35.12
18e2a979-6931-4424-88cf-ba87710b8b7a,P0019,35.27
6ac23f56-d56f-42ac-b97d-9616b1a9af6f,P0014,64.44
4d9e44a1-7f87-489d-b630-39fc8fbb7d8f,P0253,84.63
a22ed636-55eb-4d91-95e8-93a84b328dd6,P0284,24.5
5226664a-cf64-4b62-875c-5724045a0aa0,P0089,19.35
8663484f-b66d-4390-a284-5e549f3f7f3c,P0124,45.47
832cea96-44d6-49f8-977c-4b2cb0193f12,P0074,49.22
c16cb63a-26ee-49cc-83f6-14d52a12adca,P0151,129.49
7d8d6e00-6e5d-427f-a34c-9fad23f03bcb,P0179,202.27
81726d8e-65dc-4c49-9001-40e36a3e79c1,P0072,26.56
8ec1f1b1-d502-4af8-8463-becd05971a4d,P0042,98.86
7913c836-69f7-4184-a136-5d49dfa6a452,P0005,40.39
68cc5ed9-d6b8-4ed5-96c7-b208bf430b69,P0126,17.58
4b200004-5adf-4a37-a984-4bd395928bd5,P0100,49.79
fc02b666-9066-4e19-86b8-b0f46e527f1a,P0078,78.73
d0bb3cc3-7dff-42a4-8ad1-9390ab836307,P0288,114.2
1a77ab29-1937-4abe-a2b7-34ae320d5685,P0017,133.87
92b16395-d102-44bb-9f69-a65dd3dccfb6,P0108,37.89
da25a95d-f072-4b15-832a-ccfcf889b34b,P0154,12.73
195a7bd8-0897-42f3-827e-d22e713db27e,P0272,3.91
ee052096-7019-40c2-9a14-54aea4f01746,P0061,105.26
6dd9491d-e1b9-487a-a97e-7f0b788d72be,P0108,35.53
d4df7b77-cb55-4f20-9e34-87758a5443e2,P0274,129.41
d525e28f-c243-47a5-b324-481ea5225db1,P0274,41.28
86590d06-8df6-4222-885a-d40a689bafdf,P0025,87.92
c95a04de-55bf-4d7e-8d60-1ef0cb94d58e,P0047,128.53
cac4b625-2512-4890-967c-18384135bbf8,P0224,61.33
d248d710-8281-48f7-9357-bf7ce491870a,P0228,17.71
e9cb4431-5a7b-432f-996e-632932a9f632,P0035,14.85
1a256df5-04cb-4615-8213-c08518144593,P0011,47.19
6dabeac9-b684-497f-8cc4-142459470aef,P0116,105.92
f4543372-d5a1-4c0d-836b-f122f2451a4f,P0109,263.91
14262777-ea1a-46b3-8e6e-655391afa9f3,P0094,9.88
f240e7e3-9822-4dd5-b289-f5c3967f9467,P0107,13.39
666a5de9-fc36-4a59-85ff-c0fe0557b1a1,P0142,29.43
0f16a46b-1199-4dfd-bc43-9c853632bb45,P0175,116.63
a0cac214-c094-4ca7-b87e-ccdb2c3e039a,P0042,55.86
ef57f8e3-4c46-4155-bb1c-e4725b65130c,P0001,43.01
1defa863-ce5a-4132-ac1b-56835dcf0486,P0201,26.51
7b121417-36aa-48b6-a57b-b2d79907d1ca,P0264,90.69
31d3d968-71dc-421f-962f-0e23f8db2034,P0257,80.18
65a10676-27af-4d29-8fd9-7cb971172572,P0170,40.35
9729569a-dbc1-469d-a1e0-c21ba13b049c,P0197,11.22
14460cdd-57c5-45dc-903a-521052724bb8,P0279,11.25
bd654cbe-8469-45a0-8ddc-c31b77a5751d,P0204,41.41
39b5681f-db8a-41b1-b550-cc206803ab6e,P0112,39.27
1f5c1b3b-d378-44c6-b698-9049d2ba1bbb,P0022,32.55
5e9cc3fb-4d16-4d76-ab67-6a18a673b188,P0186,4.64
f9435c8e-cf61-444b-a383-ee8529ac2e37,P0195,18.23
5e8b67e8-1e7f-47e4-8cf2-793dc6e3ad50,P0083,25.72
8869bee6-b311-4467-a39f-6c02c127c83e,P0257,113.06
82eabc23-ccbb-41ac-96d6-ded57ccd83ab,P0193,82.66
d89d4590-9ed9-4178-84fa-1669fe307c79,P0141,37.58
a0bfcd78-3aab-48e6-98ad-4171b5920a90,P0135,4.68
31d3d968-71dc-421f-962f-0e23f8db2034,P0204,11.76
8a24c877-f1b7-442e-8a5d-43fd7f6948cd,P0252,37.17
dbc77dab-1988-407d-ad83-ac4d1923f31b,P0204,6.25
515968f0-30c6-4215-ac06-d29db58bcb19,P0104,15.24
c28ffea7-175a-47a4-81d5-f31c32e905ad,P0081,76.64
a7d423a5-3c2a-41e3-b9cc-c61f604aab0f,P0042,118.18
194bdaa3-bcd8-4b58-9f72-5166988852bd,P0200,58.22
8914b12d-bee0-4706-9191-d1f36088138e,P0238,3.01
4f3db971-359a-44a2-ae90-e62087cafd37,P0074,7.06
4b9b638d-4e9a-476f-bf2a-f060f098bc81,P0194,23.9
423a04f5-1827-4f6e-a600-dadd8994df1e,P0259,30.41
977ebed8-1cee-4429-92d2-e10774aa69e7,P0034,5.61
ccffa4e4-8795-4e34-b4a8-73384133fbe9,P0063,32.53
ce346be0-13a9-4822-9abd-2adc5a8c8f32,P0188,22.08
a8767af9-10f6-480b-a9bd-4d6db0cf1f32,P0038,7.38
583b5d87-e022-4095-bbb7-6ae65ac610d2,P0004,140.64
5cd6f8a7-3d5d-4273-8cc9-283393933940,P0108,56.74
a93e65c6-c326-464b-aef0-b5edbffaeb19,P0052,16.6
5255130f-be61-4ad1-807f-a7dd2e8a2b3e,P0244,24.67
80333ea1-dbab-4510-b1ca-1637504aa97f,P0154,63.04
54c57c40-1d7f-4662-9ad5-daeeb714ce31,P0161,9.65
d8fd989d-18fc-4822-8892-a9e0fa7ba584,P0093,8.77
65c49f63-74aa-456f-9919-9961ba8755dd,P0229,92.81
0ee39902-acb7-434b-b98e-50d451eff600,P0228,128.56
c16cb63a-26ee-49cc-83f6-14d52a12adca,P0032,57.28
59e99f2f-eb09-4f56-ba10-ca629b9023ec,P0213,108.3
2e4995df-3ea9-4abe-9f62-0a92de591335,P0047,62.0
93782ffb-7ceb-43d4-9096-3b13d72113be,P0201,4.7
3ec3b513-2089-404f-b2f6-2e1c3ae77bad,P0058,4.49
dea885bc-7aa4-4e66-acdc-4bc15e897dfd,P0046,1.46
cb778445-b8c6-4b4b-a78c-866f0c337a19,P0121,42.94
ed094df9-d067-4aa1-a5c8-05d46f2e1c83,P0138,30.09
636495c8-1837-4fc7-8157-d9312f78efc4,P0287,17.06
a601e331-e6fc-4309-9eee-444c062d5d2a,P0118,70.16
94d8211c-15b2-47a8-94be-87c50ef3d5e9,P0071,16.61
3dedc8a6-138e-44bf-8421-e091e7994ff3,P0174,79.71
dc128e29-b6bc-4f79-bfaf-931aec5a4b36,P0034,1.43
1f5c1b3b-d378-44c6-b698-9049d2ba1bbb,P0072,0.82
4ccb1628-929b-4935-9420-0945f3b48434,P0179,14.95
4f811715-e0ec-4645-8894-9d346625a0c6,P0121,103.19
792731e1-6c1c-4169-8776-b97d16ad01bf,P0146,169.5
459ed929-cd36-4e83-a85a-29fc795f8cd7,P0081,162.09
900a5850-6786-434a-8dfc-4084860b2754,P0208,26.19
7c45336e-a530-486b-b4cc-afa771cd43d9,P0173,47.22
eedaad95-d849-4112-84af-aa3852bb46bf,P0221,11.63
14e5c2f1-94b0-4462-8537-225f3bb26e80,P0015,60.7
9b9da838-9d90-4aa0-8fdd-bc0f363296ae,P0207,8.4
24bf8094-8f6a-4159-a0e0-14a899717b10,P0068,33.72
65097280-9a60-4645-a9c4-0e4c61977d4b,P0201,12.07
1dad64f1-886c-4c4b-bab4-1358423457bb,P0011,32.9
db448e0c-4f6e-41ba-8a97-7076a6d8e521,P0180,33.61
afc2a175-c6e9-4a12-ae3d-8e0b04174785,P0095,88.66
f6715249-4223-4a6e-9258-6655171dca0e,P0088,70.85
8071a01e-ff6c-4f65-93c7-78ff9d2c5750,P0233,9.91
a0301579-1728-4980-af97-65b725769804,P0154,11.48
0b6642c2-7544-4d25-8ba5-8ece06ce4f59,P0170,9.0
15b3d27c-7f02-4d72-b90f-e0a1f81a7543,P0162,52.45
8e00aa70-6d87-4e5d-9df4-de1fe23dfafb,P0142,7.28
f4951b9e-f27f-48a7-9b16-2596d4af30b4,P0068,9.42
de001eb7-f19b-4895-aba9-26108005f7e3,P0237,8.52
56eed941-e0b2-4bc7-ba1b-cadad289d50b,P0099,25.12
0019edce-de43-4bad-bac4-a28d69c0ad8d,P0107,28.49
4895864b-d171-45b3-b27e-456db680fab1,P0045,6.34
332e00bb-a9fb-4808-9d35-13809d63cff5,P0156,63.28
86d06ac3-a4e7-4fd5-b3f9-ef4606f61daa,P0126,30.41
76893efc-1d76-459c-a330-64d8f24a0b1a,P0159,5.48
199cf9ea-d0f8-452a-9db0-748bac00dad6,P0022,27.44
035c66bb-1f8a-4011-8f02-8efff41314d3,P0275,67.4
7ccfbcf1-0964-45e0-aed6-2dd9c6c82386,P0045,123.8
9975f7a2-30b9-495f-af02-ee1d96c2de2a,P0212,143.59
03e0ad25-5f0b-46a5-b38f-9ec632bb155c,P0291,66.24
7c9280b2-72da-40a6-917b-bd6780c9e75e,P0247,31.71
caf318fa-62e1-43bb-8d8c-7664f56761fb,P0169,17.53
0a304ece-923d-456e-b1d1-415b719cbeba,P0039,246.55
2217c693-e7bf-4325-a8ab-7d4f42ff2d5f,P0255,30.03
d93c5095-9a41-4ef3-b12f-100eff3dc7f5,P0114,104.39
96a72a01-cdca-4ba6-92a4-984fb99ebdce,P0113,118.43
4f16ae07-7394-4952-918b-af6b3dcc7c34,P0190,11.42
ac031964-95de-4044-8bce-96e25684718e,P0141,143.34
14d41953-33ca-4f4b-8829-6c42d2e722ed,P0120,181.0
6b5a1cae-328c-4b08-95dd-bf466e09a3a6,P0281,37.28
a6ebb55f-a0e2-40cc-90df-0fd39908457c,P0270,61.88
f098117c-e41f-4772-ba4a-5de7801cf3a1,P0044,16.75
8ec1f1b1-d502-4af8-8463-becd05971a4d,P0130,58.24
51c83504-c7f8-4356-af81-0cea2b7df084,P0236,25.13
291690f7-0a45-4f35-9871-6dc4eea4d972,P0104,64.85
b498998b-a57e-4b9b-aef8-9459ffa49956,P0231,19.15
b067963a-7a2a-47cb-b434-39e798c52564,P0296,16.19
d06411ae-5bc3-46be-b713-ec27015a6fc2,P0245,29.23
a7124af7-783c-4588-9217-eb1e5422d7d7,P0230,9.9
3f33adc8-76b7-47d6-bc6e-d5626d7303a0,P0126,27.23
23d420a9-d8fb-4989-9980-0984b0a43f0b,P0196,14.82
a669447c-2792-446d-98d7-6e19dbcd87c6,P0245,79.35
c43fa4f2-9d45-4c6f-a00b-3c8698e948db,P0131,26.83
32abad51-3ff3-452a-bd83-a65edac2881e,P0003,34.6
6b68ae58-4031-471a-9f2a-72003563306c,P0279,1.86
b331c4fa-e8ed-4d4f-bf82-7fb70bf5e083,P0192,46.49
df3a50d4-c22d-4481-8e97-45f7c224eeed,P0079,9.52
ee44ab12-cedc-4685-b6c4-1b52863e0c47,P0165,26.34
3d9f9f06-a316-4980-85d4-c03fd2445353,P0249,116.02
7ed9dbb5-4928-448e-b773-dead9411ffc5,P0211,16.92
148bc91f-3540-4531-87cd-c66cfb2424fe,P0029,13.29
bdde335d-8475-476e-9abb-88d56d55397f,P0046,42.52
7a53d649-f503-4c99-9cb9-08cf946e82f3,P0220,45.64
dc9f2f58-cb07-47a3-836e-6d1487edb36e,P0186,9.6
8b3a9d57-bdd3-4f58-8776-404b60ad1832,P0275,26.29
f3e57707-f58d-45d7-b3d5-d7fa23516d87,P0272,25.58
bf4a6292-ed98-495f-9110-e9314731a3fd,P0107,34.41
41166e77-6d9f-49eb-84b0-aa5ee21fbb0f,P0053,0.9
f1563b5a-83db-421c-9a41-c15b7a8cf815,P0250,108.53
ab0f4b96-dc27-4751-b8f6-4ce798233c07,P0187,5.78
00d5a107-a1d6-405f-b66a-4b1026cb948a,P0136,3.87
bd72979c-fa39-44dc-9683-587a40fd6ee6,P0161,45.61
5d265032-8099-46dc-872e-28357d83a14b,P0172,53.35
100e466c-2c2c-4a7b-a151-355ec44b112c,P0063,18.01
0c40424d-3d79-46b4-ab26-8f126f156c6d,P0226,29.76
c0f18c6e-0b09-46cd-9afb-16878c335d14,P0034,28.58
28f7f6de-89a5-43d1-bc23-55d3d0675fdd,P0073,28.69
ee85987b-aa99-4b53-8508-1648ffc81d32,P0151,80.78
5766c3d9-90dc-48ef-a7a5-7cca764c6b88,P0283,4.13
6586a245-8dae-43f3-935d-8f08f41ce028,P0011,16.94
ca420573-7b56-4bd6-a4f6-51fbb7af2634,P0157,141.61
78f28cec-e768-4fa7-ad49-50e3fc828de2,P0239,96.9
fa0976f1-ab55-430a-82ca-44275550460a,P0107,118.81
759b2505-542e-465c-a5b1-f7a93e0a0471,P0055,126.91
5dc8fa1e-d90f-4028-a601-e5f31636c23b,P0184,162.27
7ec9c00b-66dc-4ef4-ac21-3e6d74d704ab,P0250,65.71
4246cb94-90c8-4098-afe4-d7edd363522e,P0068,122.34
d55ba4d1-424a-4ec0-addd-43f32c0a6bab,P0246,43.51
9cea47ac-e9b1-4978-9e2e-728573ab3a52,P0187,6.6
f132728a-4cf9-404f-9464-3ebc87ed7647,P0044,19.12
1234f2fd-2a90-49c0-982c-e97afc23edc9,P0190,194.13
8b62089f-9cb1-4e00-9060-4a421eeb1b4f,P0300,27.7
bec100df-6e91-490c-bf4f-cd62a6dfdbea,P0201,177.54
4abec41b-ffd1-4d12-92ef-2d2cb8e818ee,P0060,11.92
1f9307f2-8b6d-4547-82e9-a8ba295cb710,P0281,19.81
730f1797-5a46-4c4b-b18b-968131c2b77a,P0043,29.57
7d211d5c-497c-4b3d-ac66-df5897a656f9,P0101,70.56
663065b5-4db9-4633-bbb2-6523034bd8c3,P0168,24.57
4158442c-eba7-48c9-adda-05552980a4af,P0239,148.73
17031809-76e2-469e-9fe5-05f9ea2c39c6,P0262,39.34
cd61532e-af1a-47db-a8b1-abde7a69679a,P0070,7.32
b9ee408a-3ade-4a8d-a5d6-aa036d932014,P0058,5.33
594e148a-e9da-4b66-862c-03edfff7f117,P0130,81.99
98f3c193-7e55-4e01-8517-82a7796d8277,P0086,170.84
e4941b41-b83b-497a-a3c8-b164cc6a0885,P0064,4.53
80806065-be3a-440e-be2e-ce643f8e6a27,P0279,58.27
21db279f-4b92-4844-bf3a-4fdce4c0851d,P0083,58.88
b5313af1-c199-4466-908a-f8e2170a5c83,P0007,64.94
7aac282c-0f37-4d7d-9498-339aa6018515,P0276,12.87
3fe24863-2fa6-4977-a689-889e58aaf424,P0272,70.29
24977c1a-3f80-48e0-ab72-62ecf46886ec,P0163,140.92
56b35ae4-b148-45bb-b0c9-87bd358fa9b1,P0125,10.39
5dc4703f-51ef-4a6d-8389-128f3920cf48,P0044,23.92
5605b50b-ec49-492d-8a6e-574adf897a74,P0041,161.76
e307e52e-3944-4547-9893-122baf8f5a0d,P0135,106.99
0c4b0de2-d2ba-4707-ae70-8a18f9e93b1c,P0104,39.0
e740dab8-b9cd-4151-9577-1e972b8431dd,P0125,33.13
1cbee38d-9d8f-4caa-89df-d87dc37d352e,P0031,27.66
3ef26891-2a76-4ea0-8589-ffca6fbb7c67,P0289,35.04
14ec90a2-f783-4f89-b2ba-6058974b60f9,P0094,0.71
42b3bfee-61a5-44a0-9b47-7f77732cef93,P0220,24.56
9ca62bda-f75b-4b8e-8076-6061171d4481,P0275,58.54
26fa8148-20fc-460b-a60f-64f6c33a1259,P0062,63.91
6be3f5a8-d440-4449-8727-f4aec860baa4,P0248,62.45
559c8a3d-1b96-4998-ae1d-e3126ccfc313,P0042,6.45
d3568e1b-314f-4ee4-b27e-ee2d232ec6af,P0094,8.2
97930f0b-2f2d-4377-b405-a9ae74aa4d36,P0246,1.21
a262b1be-b86b-411f-81f5-2dc8265e95b2,P0018,25.69
a4579891-b22d-4d45-ab0e-c2aa8d857e09,P0059,22.72
fe0aeb48-a377-4178-9cc2-e9c01e78a53e,P0172,2.45
51c83504-c7f8-4356-af81-0cea2b7df084,P0079,5.93
43d8ed69-6e20-40e5-b3e7-b11878f0805e,P0217,70.39
43f1aac0-ee26-4c3e-b53c-7253ece3f501,P0260,1.51
93e9c57b-d04c-4cb2-ab04-775f80a2d048,P0059,223.25
0dfed972-2732-424a-acbe-4be24d1a1e57,P0106,103.18
9784455f-ac82-4f03-a8f4-e845b22392c6,P0288,55.27
c12dd0a4-80e0-4119-8835-28e3fc614cd6,P0011,18.1
d8892af6-77f5-45fd-9683-0b3e70e00b69,P0248,11.31
e48e4842-300c-4216-86db-62dc6bdce3a5,P0132,8.36
d7c0a6f1-9594-49cc-b35d-a3c0fcdb8870,P0171,1.62
0d158c54-fd57-4dbb-86e3-fda130e7b46c,P0083,30.36
9ce477c3-a591-484d-9885-c689b29153b9,P0162,70.7
d2b0da23-43ff-4c2c-934e-ffefd024d064,P0038,13.63
49424b74-1448-4ab9-9a90-b44fb5726c23,P0168,2.12
9d9ff7bd-c1b1-465e-b8d4-aa5724e9fbe1,P0217,36.49
73f79a82-f492-4712-a6de-b4f9034c09c4,P0008,20.32
a561250a-d15f-4cbe-8f2a-e57dbbdb85d3,P0266,58.73
7c62c2c7-a608-442b-9c81-1c2dcf9a2c32,P0181,71.11
82a16728-21fc-419a-a226-303eb152703c,P0193,42.96
bd242a69-20d3-461e-a87e-5dda0b27b7e7,P0088,14.93
edef753a-94c2-4652-9344-94d1f3015bf6,P0169,31.68
1c07276a-4b2d-492d-a11b-04daf17e4eca,P0047,224.56
1f23d838-4210-4e25-a0e1-d16da2fc2e6b,P0010,15.09
1e936b64-e089-41d0-b801-07bc0cb0010a,P0130,158.14
1d93d863-c40e-408b-aee8-3de1b85cae83,P0048,161.63
e8ad4947-7688-4045-818b-c8bb7290c776,P0254,99.33
c9c15292-f8d2-4d23-b61b-97f40a22bb42,P0188,33.32
9729569a-dbc1-469d-a1e0-c21ba13b049c,P0164,14.73
de940728-137d-42b0-ba27-3893367163b6,P0069,167.47
faa42e4b-f0bd-412d-a09b-3b48bee8b2ba,P0294,141.03
da8f744f-21d1-48bc-b395-54d832a3903c,P0026,0.84
49e35408-74bf-4aa7-af8b-3ea1ea3b66a8,P0149,9.48
a31542d8-9e59-48d3-a9b5-7369c1ef90b1,P0042,39.96
3f33adc8-76b7-47d6-bc6e-d5626d7303a0,P0115,16.72
55e3f527-5435-4b68-ae0d-1f294899a9d4,P0212,167.91
7e43f384-b97f-497f-99b3-3ae38d7182af,P0222,158.7
901cfd75-a6ae-44f7-b4be-650de33db5d0,P0259,29.52
c85ece5a-8676-4c21-9975-50b4e339096e,P0265,24.37
a0a72323-2aff-4217-8317-8f570342b3c2,P0003,13.52
40655508-6fb2-45ba-aa39-438d244175f4,P0092,18.42
126c39b2-73a8-4d91-8727-73872dd41e34,P0114,111.49
0cc34a5e-f7c4-47cb-b826-181957c1c87f,P0237,81.15
821a76f2-1b01-480c-9496-1e2419ac1273,P0291,0.75
c4d0c729-6c68-46b3-88e5-9deed524ee1d,P0212,53.12
3653ffe0-3997-4369-a725-693db99fb58a,P0236,70.32
5d15d548-19ff-4e39-98f4-3a5836852490,P0077,25.75
8ef9433f-2789-4a5f-9a69-998644d76441,P0113,20.53
a75caac4-7533-4eed-a976-3fb6e42c5bb9,P0290,32.65
d958219b-e83b-4f05-adf6-ca1189af682e,P0191,40.84
846248cf-a941-4d2b-8b3a-7e23e9f1a11f,P0264,56.98
b69937da-9b94-403f-9bc0-a2e06417f2a3,P0067,3.01
5e1fe194-182c-4afe-837e-5179c9c676b8,P0137,81.16
46a11d95-6b5a-47d6-824d-292989fe4e56,P0010,4.16
3e91d8c4-537d-46c4-945d-91a5bac2d976,P0272,18.6
37d87c41-6fee-47a7-9e84-296f04576ea5,P0141,3.74
f6fa4d48-47eb-407d-8a2e-6563194ffe1b,P0243,300.0
28fda55d-73d4-45a6-bbea-3ef7d7aadcb7,P0108,12.17
f825baef-53f5-41c3-bea3-6ac74c683956,P0279,13.66
a33d9d3f-2785-4974-a337-6042fde61d6e,P0269,62.57
1f509255-119f-4345-8dec-9b559d0f3478,P0247,10.89
e9bfbff8-4d12-43a1-b7bc-a49b7e95bc5d,P0274,85.92
30b0b0ae-3ca6-4717-a137-0e149cbdd523,P0134,59.68
bab6205f-43c1-4805-a618-3de66b2dae24,P0254,140.42
339425ed-2e34-42a1-8831-e74961fcba6e,P0173,84.16
2ac0d4bd-cb2a-4301-b5a0-0efa0856bf10,P0183,51.58
e79a1fa2-d7c3-4c4c-b15b-edaa2b0238a9,P0061,36.19
b69937da-9b94-403f-9bc0-a2e06417f2a3,P0266,36.89
1b6b0d69-93f5-458d-aa1e-55634832fea8,P0100,12.38
1f4ef442-e7a9-4977-932d-e718141163e9,P0258,25.91
976f19a6-fc20-426f-b089-7e99445190ad,P0113,21.0
eaba920f-8a79-4013-bb7d-9bc1edc1a563,P0016,76.88
48e5054f-b483-4ff2-bd5e-6f438f256776,P0095,40.53
d93c5095-9a41-4ef3-b12f-100eff3dc7f5,P0123,47.65
b6c1ef6e-4cde-4d32-826d-4822dfdfd6aa,P0221,68.43
16da432b-59fd-4d27-80b5-bb23f8a67ded,P0040,3.82
505f330f-2349-4735-925d-817dc0c6aeba,P0191,2.19
937181a1-6489-41c2-8365-f0101de4d44d,P0101,28.48
dced4585-8320-4063-8c4b-b5e0f0383562,P0073,25.18
ad960655-31ba-4ced-98a3-e8c78bf476b4,P0172,23.61
2ed1a54f-a27f-47ab-a0b8-b925f013809f,P0213,26.3
8c80820f-d85e-43a9-819a-d1da36910236,P0074,7.65
3a2749a9-513e-4ff2-b79d-0637a4a4e02c,P0121,8.98
e980b026-2b54-4767-8d6a-8f5d3ac8fd85,P0245,1.63
429fab8c-a025-4a8b-b5c2-08f218c4b2d9,P0014,79.56
272b1600-230a-4927-a9fb-4cd643dc9146,P0228,19.16
903a8cbb-dc58-4cc2-b9fb-c263a8892288,P0030,0.08
e5e53897-507a-4c67-bcb3-761b4191c8f1,P0169,83.71
7f355830-0c06-4d8b-b758-8ae57bdfd862,P0202,48.59
ffd00612-565e-4d24-a721-885a487d2379,P0241,38.3
0b8c6f29-a59f-4f19-9c96-7341f9026de0,P0148,5.21
d0eb20a8-5bfe-4015-bf39-a9f23fc38d45,P0285,6.41
27dba5c1-5f6d-4b12-94e4-e931b475823f,P0011,42.05
cdd0f7c4-72ab-4461-a9db-f3f05d84e271,P0137,8.36
77013ddc-a99f-45dc-b0f0-5a2c52a68267,P0224,3.39
037937aa-fafd-4285-83b8-83ead3d7fdc6,P0204,6.2
ea43c66b-4da8-4cef-87b4-10db282beb5e,P0170,61.23
d10bd66b-f007-42b2-ae3a-587917b18600,P0162,1.88
4839f5e7-b6fd-4546-b7eb-9d7076a194b6,P0031,3.63
c5363310-c306-4d70-9cb6-f101a49660fc,P0179,16.68
4abf621a-d129-416b-90ae-c23bdc61def8,P0081,6.24
b8cfa24e-e423-4b5b-8850-5fce9da5656f,P0129,21.29
1eace4cd-5fc2-43ad-8787-c6a96f325c3d,P0193,37.45
6887e28b-b0bb-46c1-be0b-ebf093549912,P0123,13.29
0f9809e3-c22d-4393-b74d-8bafc3e426b9,P0066,9.98
e292f1e4-aa77-44a4-b7fc-c56bb1018de9,P0260,8.13
b790d169-13b6-4da2-9c6e-50e1520b9229,P0284,14.48
03e0ad25-5f0b-46a5-b38f-9ec632bb155c,P0156,34.65
a0adfc8a-42cd-4a9a-abc4-eb21279b5154,P0108,6.89
eefaacbc-e0ba-45f2-9755-dd8335b78feb,P0035,6.66
260a14bc-c4c4-4490-b3d8-0a0ea970d9b7,P0076,6.13
8a2c23c4-22de-4f8f-9dcd-ffbe3f5a6e4d,P0248,8.69
713f9d87-c626-4bd5-b080-eec5083832a2,P0223,21.64
c24ed4ad-a8cf-4391-8977-23d486ddb140,P0126,13.58
87f65ec2-e8a3-435e-8ec5-af191d4b06b5,P0040,32.16
ecd09b4d-d248-42b0-ae7b-a45c79e99d7b,P0111,18.86
407f1e3a-1d8d-4b5b-82c4-dc3cf32f6aea,P0238,0.64
3f6bcdd9-e28a-40ef-a621-c8ba96a5aba1,P0016,78.27
5817c4ad-8cc1-428b-94dc-395b7415a76f,P0151,74.98
13517ecb-1607-48cf-be94-2658c1b07553,P0010,16.55
cc88e547-4eef-4cdb-a808-9b888980f865,P0153,3.98
39f8b4d1-18c8-430f-9329-57f5b11489ff,P0274,52.55
b2aebe6c-58f7-40fa-b08b-60b7a8e0eecf,P0195,14.43
9f4d7ccc-2de4-4c5a-9119-82eb6f634589,P0135,53.76
3dbb7285-3e89-48e6-a0bc-176e772f9964,P0151,83.65
6b199632-06e7-403f-943c-b968302cf70a,P0163,7.6
7c45336e-a530-486b-b4cc-afa771cd43d9,P0223,2.5
7d6f1d5c-0bf1-4625-a2fe-f1686c4eac9e,P0013,74.7
1cc3cf19-97ec-4533-9a08-0ccd36e61a83,P0240,20.48
671f3fd9-3043-4b01-b9e2-0025e841e54f,P0177,28.72
d36219a9-61fb-48e5-ac46-a60030b7d7ab,P0227,75.56
745ff306-da73-4350-91c7-2f5bd4daf2b3,P0243,54.72
f3b6eead-8ebf-448b-910c-c7605e44b5bf,P0072,22.81
69fe59f5-a932-40cc-a7e7-bacef8380076,P0237,3.77
0c208ea9-5a6c-4f52-b5fa-ce1ec28a3f56,P0275,17.12
90d4baa3-4c23-46fb-a298-17034f29744d,P0116,31.17
32b65ecd-f481-4579-9236-72c9de435fb0,P0081,3.47
a6580652-261f-4f2f-aeb3-21d68c729e04,P0101,9.61
a2047f07-760b-46c3-bfc0-6a35a167cb9d,P0259,205.37
fcb93135-b749-4843-9616-5cd1177bf1ca,P0119,76.72
24b7b981-2108-412e-9a06-26819743e0e5,P0252,10.04
27ad85d4-cdae-4889-826b-d4765f74df66,P0161,0.03
dd31dcb3-8836-487a-8d9e-7054d5a13fc0,P0264,11.61
7a755e03-0989-4479-ad59-bf55720fb896,P0064,64.6
0b060248-78b2-4265-ab62-7658138aa2ff,P0282,17.26
ec67760b-50e3-4949-9975-5e947ae88c60,P0150,12.56
4ba29c1c-cd66-4dc7-b765-2909df65d7c6,P0229,29.56
f8920820-bb8e-4baa-b964-f25fbcd62c3a,P0249,1.1
e9cb4431-5a7b-432f-996e-632932a9f632,P0157,7.73
c3ca6ca5-f045-4b1e-a2ec-c86cc66bb878,P0076,1.92
86fe2614-8a2f-4c8d-8aaa-d3202bb4bb0a,P0016,3.92
a5b842f0-96e5-4df6-ba24-7b96dda852db,P0222,23.14
bae403a7-42e8-47ae-b50b-613715fc3bf6,P0093,6.43
28d8d874-4b6f-4989-859e-541936c2b05e,P0026,23.53
88b6dc41-4967-4b6b-81fb-0d38b5b484e7,P0296,26.65
ee9fc567-ebf9-4077-8f9d-53c162c20f63,P0073,0.05
31c0aa4a-1ec8-4784-b325-314e9cb20c30,P0021,26.01
7f141c01-d336-435a-8a90-4c7f464cf901,P0176,26.73
12c5e724-f92a-480f-ba63-83d8e6d7c6a1,P0024,62.88
15bed901-5e2a-4232-8d60-2dd27b50c1c6,P0118,73.85
e1a0e604-1daa-4521-9f97-f3dc91dd8b61,P0036,25.47
793a6c27-9a38-420b-8499-538e235de896,P0254,55.31
e3739c1f-d562-4873-9a20-ae8c4d7eafe4,P0295,47.46
b57a95d6-bba9-4003-8499-261315c0d4de,P0166,29.75
16a10e0f-1e7d-48b7-9759-aab563e0c2d5,P0053,1.36
e777aeee-dfaf-4d4c-a80e-e870565f123a,P0185,4.35
92cd2a23-72d6-407d-9e0a-df7343bd989a,P0186,53.12
03d2497b-8e17-480d-a3cb-70aaf9a2922b,P0252,1.29
b12f0864-0685-466b-b001-35e085ffbca9,P0199,35.9
fafea6d9-8b85-4b9f-ae90-43d68c712b1b,P0071,16.54
8db113c6-af0f-411e-8e7b-8079605fd036,P0114,6.59
a80a059c-328d-43a1-b609-ec9e51584518,P0233,7.81
c2295ddc-b9a7-4c57-8282-40df241dc974,P0009,63.44
ec51f396-8e6e-43c3-9f51-468e5614f5e6,P0200,33.24
359509f3-e128-4708-a2f6-a5be55a2a7fa,P0197,6.71
114442d8-5515-4776-8952-d7414ab4e3fa,P0111,24.18
505f330f-2349-4735-925d-817dc0c6aeba,P0077,71.72
1f303985-ddd5-43d4-b754-3ea040731966,P0265,48.74
c06c7015-403a-44f0-a30c-852bca02b9ac,P0135,8.65
5555281f-7f8b-4512-88b5-8262ad25f598,P0072,11.43
b790d169-13b6-4da2-9c6e-50e1520b9229,P0298,48.35
2832908a-a954-4aad-aad2-e794de2852a2,P0050,26.96
d9e601e6-fbe4-49f7-9fe0-4c2cdc4c7901,P0064,60.91
f211d106-f05c-4907-9ed2-ddc7ca60f124,P0202,15.32
90977662-cb86-4c2a-8b63-d9b6dcdd88af,P0233,24.25
7c694907-448a-4bca-894c-b78583d62a99,P0007,93.85
00cd15d5-ddbb-480e-8983-7e21847fce15,P0015,7.45
30839385-f8f6-4d50-9fe5-0f335b8d1583,P0111,1.89
ecdf7b3b-8417-494c-b39c-6a12ac6f94ff,P0148,37.31
41c528f9-4fc9-48df-9c2a-3b9315176f3d,P0083,25.9
abac9af2-caa1-43db-af74-1181ea03aa57,P0273,3.41
f227b9e2-be4b-4c39-805e-4bded21eaedd,P0171,10.93
3fdae7c6-f0c3-4348-99b7-f6ed7f44b707,P0144,26.43
6c30e3f5-6aef-4a1a-95df-723742786f75,P0260,10.23
4b8974d3-fe3d-4170-a958-39d7e3b869bc,P0129,121.59
e9c165a9-765c-4a6e-8929-9f8a6a8db122,P0048,4.67
4e20f2b7-91e4-4e89-b534-f74d2add8174,P0049,10.62
84f55c4c-beb9-4507-bcca-872b860af44d,P0060,11.24
3c26d2be-c742-41f2-992c-1780c5541257,P0146,14.94
ee85987b-aa99-4b53-8508-1648ffc81d32,P0142,68.99
2217c693-e7bf-4325-a8ab-7d4f42ff2d5f,P0002,150.14
9af871a0-0c9d-4bc4-9743-ac6f15f8c13b,P0026,15.13
95cdcd0f-0f92-4d26-b30e-88db8df907c1,P0126,6.04
9e3ceecd-426f-416d-a5c7-b5a5f9ff656b,P0167,34.62
c0cd3d1c-d7d1-4973-8639-ba1233f093f4,P0051,34.91
28edd219-a289-44f1-ab36-61a523d59ab5,P0042,14.96
e35f676b-9c71-43cf-93bd-e65a162aaeda,P0255,18.06
2bbd50af-e6ce-4823-b1b1-72bb4c6bb652,P0017,73.86
ce33a4e3-15b5-40c1-a101-c18f23b17ca4,P0010,14.85
9b63a4e5-7bd1-4fac-a204-a2efa6e57ecc,P0209,10.92
b6f3f1f8-886c-4f6b-8f70-45840dbe5a0b,P0211,44.72
a4ff4e88-0139-42d2-924e-7805ae5c102b,P0209,140.95
7fbe5fa8-df48-4ec8-9d2b-790f8e2be901,P0248,93.16
502cd376-da26-4c0c-810f-15cfb9ef9963,P0038,48.9
7128da3f-db1a-4ccc-85fb-160c11a046a3,P0068,31.37
9cea47ac-e9b1-4978-9e2e-728573ab3a52,P0015,25.63
b1caaa3b-8562-436f-abe2-0cb3ff295705,P0038,68.5
181f4ff9-c41c-4254-8311-bac8d46bfe78,P0084,37.65
4c7a4d1b-f751-43ff-a5e6-97d387dd0a54,P0199,47.12
16a10e0f-1e7d-48b7-9759-aab563e0c2d5,P0270,1.67
52c315d1-ae16-4ada-a940-5ba2bb1794e0,P0151,39.03
7adac059-53e7-48dc-80c8-b61df978b2ec,P0131,10.05
8279fa4a-01f6-4eda-b79c-15963b494511,P0033,0.84
c168ee7d-06e9-472b-942c-4087bcbdc9ca,P0163,31.04
d5e95cf3-78d3-4efe-a778-459b9578e0da,P0231,114.3
e6ff054f-93e5-47b0-8a57-bcec7345d167,P0079,37.23
d639fc1e-f240-49e1-a87e-b2d42b0f466f,P0223,17.36
f6153cd7-2312-43cf-926b-12fe242c8f04,P0198,32.13
40bcd972-2f5b-4731-a801-3dbf371310e7,P0174,9.83
dac3c2bf-bf45-40a7-a346-78c73d120185,P0151,33.25
b100f2c9-6d03-4112-8fe9-228f0ca2a501,P0011,60.39
100e466c-2c2c-4a7b-a151-355ec44b112c,P0100,70.62
786c321b-fe5b-4340-9e25-131005c062aa,P0294,39.79
fd338ec5-5e6a-4ffa-bf56-12e11cc257d4,P0011,19.09
714bf240-4b54-4e32-85cc-8bb1e1238aca,P0175,14.01
03f7f97d-211f-41ed-9886-ecc127a26f06,P0047,85.16
50c5b734-5377-481c-953a-a2bb302f939b,P0289,83.31
732e2013-4192-4c45-aa05-525c710f9702,P0075,31.0
13cdd3c5-039e-4064-9fbf-ae839d4aedf3,P0245,40.26
f0d96c03-e46b-40e5-b174-25b3d1df947e,P0151,25.22
f19ec5ec-c6b8-4cbc-93f9-8f6cac6de339,P0116,98.85
46705ba1-f2c1-473a-9ace-5174c08aba65,P0053,17.86
3ae554f7-4be4-4483-9247-e359b52cb0cb,P0092,52.31
8ef9433f-2789-4a5f-9a69-998644d76441,P0265,19.24
38d28bd6-0e2d-4480-8f8c-c3f7951249ca,P0293,13.2
dc887ff9-9118-497f-884f-b86ba98b7fd6,P0174,7.33
97171586-835e-4184-9e84-8dfd5db781a1,P0146,67.36
c1be2961-369a-4d7b-b07a-3ddb7ca05611,P0086,44.48
8164ead8-e492-4453-8c77-23d9f2b62c1c,P0049,11.7
27157178-2be5-4b39-a1d6-5a47277fe09f,P0180,18.35
4f5fb2f1-cbb4-49a7-affc-3d89279bb1d7,P0082,122.71
c22474da-e8b1-4c4f-b49b-d1b02f8c4923,P0244,65.26
85758b1c-519c-4af3-af8a-ec97e1423cab,P0266,8.58
55594a88-39d2-42be-afdb-cac564f6d7a5,P0107,66.08
ab8f8826-5e45-45c3-b606-961d4aa4236e,P0153,26.75
717827ae-34ea-4424-992c-d8c90901d39d,P0266,22.24
155c8556-323e-4129-bada-e854f99670a1,P0240,3.26
38e15024-ca0b-44ab-95c4-a05df75198bf,P0107,13.39
084bc53c-d881-46df-8e8c-190aeb565ede,P0156,100.81
5abf8d4f-8ac8-432d-b447-63cab5a70c82,P0182,43.78
48cb2f27-2ec8-4cfe-b9e4-094d0f268c92,P0183,21.28
56720d30-164e-46c1-910d-5424ab41a704,P0264,13.13
2d6d7b4f-5068-41de-be49-23069400a9fb,P0268,14.44
a36197f9-7a6e-4b47-a781-d7ae4a3e9ead,P0009,51.52
2230d676-54a6-48f8-bda7-9508074fc0ed,P0213,137.49
5d5b773c-8798-4192-8a0c-ff16c03c01c1,P0011,3.86
66faf0df-f218-4afa-b4d9-88a745c137da,P0226,6.05
9b360bb2-c33f-4e81-901d-d0bbbfd32e4e,P0209,80.09
e11a6bd5-fa0c-4cf5-8187-afd0b5874349,P0166,16.26
33a4c9d5-1182-48bd-9da6-881f8ded60b5,P0214,14.04
389a2da2-d6a5-48d4-9dd7-00892d6f104c,P0039,167.39
e4cd267d-7095-4e41-b9ef-3ae05c758f5c,P0141,15.5
69b9e1f2-9fed-46e2-a208-f5cdb0525a3a,P0121,33.74
4c75c944-e941-4210-a4cf-f6bef6eecd3e,P0254,12.51
afc95573-08a3-4621-b32e-c6126d46caef,P0177,22.64
12b8f39a-09ff-493c-a4f1-da11bc01cdbb,P0268,30.93
163cc34d-d9c3-41cf-bfdc-5273e0ab5e34,P0210,83.49
928a0731-2c68-47d3-a11f-d41d6423a6ae,P0254,12.86
79a375e5-1467-4d3f-b9b0-4eec353e6a86,P0224,18.86
70584384-b70d-415f-8f21-2d4841c220a8,P0055,38.05
9149322e-a924-4fd2-8094-98b651788e3d,P0136,64.38
e267eb35-fc5d-4f6a-b364-e7dc6f2bbe67,P0060,29.54
de34ba4b-6979-47bf-8aea-798b0e1d4eb2,P0244,40.28
1f84188a-b37f-427a-93b8-6596a9f32709,P0221,66.42
292b5a0a-f5c8-4f56-88c6-be5f6206ff48,P0227,10.99
e77896bc-c8c9-4a04-817e-ccce917b53ce,P0075,14.13
7c62c2c7-a608-442b-9c81-1c2dcf9a2c32,P0131,33.4
1e1f257b-b563-4443-ad47-d5d458555ec2,P0226,27.99
b24f28d9-ccd2-4d5b-ba8a-bdd8531f608c,P0219,6.56
2a7c10e3-1bde-4199-8fd9-b7b50a4606cb,P0004,35.67
a0a72323-2aff-4217-8317-8f570342b3c2,P0153,6.79
cc39f3e9-a9b4-40de-8e8f-36c191b20baf,P0048,49.06
cc38dabf-f086-44f1-9270-443749107b8f,P0042,19.06
456447f3-99fd-4a60-90f8-0d803160f8e0,P0209,18.53
6269f96e-f72e-4e06-a009-6d6fd47a449c,P0092,40.96
10d69803-c7cf-4c7e-b0c1-7af6f1556537,P0245,0.59
e0bdaccf-bdf8-47ee-94b4-fd88b8fe6cf3,P0272,69.15
aaf750b9-0b89-46ef-8215-621bb174058a,P0047,21.92
67e2432b-e8f6-4ad7-8ee3-c4ead08ec780,P0242,113.06
66dca715-6bb8-4dbc-8c97-701eb08783e1,P0117,25.67
5be68d5e-578c-4331-9133-c2e348afd660,P0063,96.15
dc1bbd38-e06e-4cbe-8d8b-4fc9e3265a90,P0062,49.37
1d6d7fe6-b25b-40f7-8d1b-f01bfba9be39,P0148,11.57
982b3860-e906-4e7a-9bf6-683f01c8eb67,P0292,15.1
d376b497-68f5-4d3f-ba75-490053192b90,P0165,19.15
61feca89-69e5-42ef-9872-a736586a6733,P0182,6.22
2173408b-cbfa-4d6f-a44e-53702c97f6eb,P0093,108.31
eebd2dce-ce12-4da7-8473-cf120e653690,P0170,91.36
096ed791-3d3e-4ee3-ab40-5c1e5b2d0758,P0136,106.58
186b1797-1ea6-4a65-a540-a53b539cd9e0,P0151,7.88
920fc8fe-f4dd-4a90-8620-896da38d32c4,P0011,37.17
9596e10a-be61-4d04-943e-9fdaba1485e5,P0244,63.97
43704df5-1866-4aea-a28d-a5b31998b5a7,P0131,15.57
fcd26cc8-42e4-422e-b9a7-3d4b17aa619a,P0012,62.79
99799742-1a9d-41cd-a385-2042de1d5594,P0006,6.08
1b6b0d69-93f5-458d-aa1e-55634832fea8,P0076,24.41
d4579e7b-4ff4-42ff-9b72-fca81c56d768,P0035,168.29
fa1ac844-ecdd-4aeb-ae3f-2366bcfc632c,P0016,1.34
b433e3a3-082b-412f-b624-5d458f6063e4,P0211,18.61
ef6adc6e-d942-49a6-8e2a-8dea6c7b4428,P0210,60.43
08ecb525-e4e7-43c6-8641-1d192ed901b9,P0152,14.31
e68abbc9-652a-4709-a574-55fd58f0c729,P0168,45.81
425d3014-fe70-4618-a7c9-a7c9a54ea3c3,P0055,8.99
f60b1e8d-3785-48cb-b52e-69a9ace855ef,P0106,77.76
d4ac9c55-7cf3-49e3-b65b-2fbe25676336,P0157,50.17
95cdcd0f-0f92-4d26-b30e-88db8df907c1,P0182,2.26
38530a20-5057-48ba-8f6f-84ab1470dd01,P0081,24.93
72e7780c-345f-41b4-84a7-830f7fcf1c21,P0019,40.03
052fc4c9-3ecf-48dd-b484-325210be8925,P0241,111.76
b2a935ad-beca-447e-acab-877d572c5896,P0137,1.19
d844bf23-b2dc-4e64-9840-af80c5dfe860,P0265,0.92
e3f68f45-3d0f-41bf-9fcb-dd6419cab123,P0130,21.8
284df3c5-9b49-4340-bf3a-2128dc3252f4,P0190,8.94
c28ffea7-175a-47a4-81d5-f31c32e905ad,P0135,15.19
518a03ad-5575-4b55-aa1b-2394e223d36d,P0110,194.06
fc2364ab-95ca-4be4-a28e-26f663c0379a,P0061,18.05
d5c06b7a-dadb-4d55-808e-581246cb8bbb,P0177,14.43
0d94b769-288c-481f-afde-24ee1b1271ea,P0247,39.15
d06411ae-5bc3-46be-b713-ec27015a6fc2,P0177,18.32
b343e5a6-6fc8-4d8c-9b3c-09c8e0bbabe3,P0062,33.57
998a274f-5073-4575-86b8-d1667505dfa9,P0107,3.56
566b20e3-7055-4600-baf4-5824d655a19b,P0300,2.65
eb378c87-4f69-4867-9416-4e9adc5de126,P0173,26.85
9bfe553f-70e3-46f6-a73b-5728471c90c8,P0105,30.99
7e53571a-f729-4660-af66-e03d8647f059,P0279,8.95
20ed12e3-2f78-4068-8f56-1a9a98bb103e,P0300,7.52
9239185f-2ae1-445d-98a1-08a785a1fad2,P0264,28.27
d4de374f-8464-448b-a0e3-625c4961543f,P0005,58.51
163ecb9d-0b07-483f-9f6c-a615f3fe0a3b,P0103,103.65
a53eb422-4057-492d-898e-48be19b0dccd,P0164,49.89
afc2afc0-e420-48d0-84c2-d1faeaf31dd1,P0117,31.44
f34ee3f0-7788-4e5a-811d-f6c654665749,P0284,43.12
b6f0ab8a-a8bd-44a4-b3fa-76aed47b922d,P0016,57.64
90ea4347-0271-437f-b719-ee2885970ebb,P0160,36.7
b675cc45-d12e-4f8c-8760-8869034e6ba4,P0021,192.92
3ebb05e7-d117-4d4b-9378-c229e6e2fa6a,P0281,60.62
e9cb4431-5a7b-432f-996e-632932a9f632,P0121,29.76
b7321361-8278-4002-8b06-4a2816d0343c,P0047,100.63
e4342f6a-a2d2-4d4a-9cef-9389c65009e5,P0078,88.98
52c9119f-6b92-4831-985c-9a09be89637c,P0095,12.03
a5253016-35e6-4c5a-a48c-f2cf849be6ef,P0268,18.19
57173d4d-626d-46c5-a035-0c1faa7429ae,P0158,114.46
fab9f1af-a374-4fa9-b9b0-30144af11807,P0261,31.78
a8d56062-c3d4-4347-954e-962e81904c72,P0142,38.72
e1631055-7fb1-424c-8f15-44cbcaa8e0a5,P0232,11.44
e777aeee-dfaf-4d4c-a80e-e870565f123a,P0089,16.81
3d3649de-2a96-478e-b511-a69ab1e961dd,P0268,17.24
1c7a5e85-9e9c-499c-9840-1dee3e818d55,P0011,17.95
71df33f2-edd7-4585-9a1a-1692f8eb19e8,P0194,38.85
bab6205f-43c1-4805-a618-3de66b2dae24,P0198,71.4
3bf0993b-45ff-499b-a36e-a5a4cf34192e,P0048,6.67
34c459a9-70d5-4f65-8fcd-1974bcde7a24,P0069,13.02
fc282a74-051e-4461-b7e7-49899653e57e,P0294,39.49
cb51c1d1-3fa6-4e9f-bcfd-e5d5bcca90d3,P0221,12.93
aafab27b-3655-4324-b457-a8d3d4987173,P0276,2.51
a594fdc0-563a-4208-bf1d-99e2a8a6f598,P0262,9.95
63462893-8eb5-4520-b82e-f9a7c0ecc2b3,P0032,13.0
80433aaf-edae-46af-bd9b-939e3a6998b0,P0124,16.25
eedaad95-d849-4112-84af-aa3852bb46bf,P0076,4.69
afbc7cc0-2f60-43c0-8c5c-f3d168283c19,P0005,123.28
6dabeac9-b684-497f-8cc4-142459470aef,P0013,17.43
92e0bfbe-aa70-4d56-9350-95772a104080,P0172,45.74
68d13bf2-6bfe-4b52-9dd5-bf837076112d,P0246,2.11
bec93144-0935-4034-aa06-73a084bf6a1e,P0153,20.47
3fe01aa0-1a41-4485-91f3-57455a96d69b,P0058,41.02
4dc175df-d82e-40bb-929b-f9c79e422548,P0093,43.14
94e06e59-ac80-4dfa-8c79-df929250a950,P0161,10.83
9a31f857-2a2d-459d-b225-bb85a5f61ce6,P0116,7.9
93fe63e2-7e56-44a0-84c4-c7a002b99167,P0131,6.25
508b8cd9-ab39-4da0-9cae-6409d51f6bf5,P0020,17.79
c040bb04-0aa1-427b-a7f1-3765037ba3ef,P0115,14.78
ab5dd80b-d1b0-4afa-b5f6-fa48e256e32e,P0196,55.84
c6c95366-69c1-4933-b324-96387b181b25,P0191,21.24
a13fe180-532e-488b-a90c-ee12e1a1f4a6,P0184,64.97
11ee7f3c-1108-4bc3-9416-4032800c70b7,P0270,6.58
2bbaa562-291e-4080-9e3c-6cc304a3f9bb,P0290,20.9
ccc8f7fd-47c7-42cc-a870-090e204b17d3,P0245,52.27
aae08394-cbca-41c7-bbb3-aa420f20af8b,P0212,178.65
9bc998de-f451-4ead-a44e-75304f48ce58,P0159,181.43
89c1da20-e183-4062-82f0-b84ced3c19fc,P0075,91.48
5f5838b3-9d89-45ed-98c1-8935e1c5d9bb,P0050,2.05
c9c15292-f8d2-4d23-b61b-97f40a22bb42,P0192,22.92
4ba96dc9-5bc9-4969-a1ea-588d71301e8e,P0164,19.28
de2cfa74-f4ca-4c27-9756-7e1d071f02fd,P0049,120.33
94e06e59-ac80-4dfa-8c79-df929250a950,P0100,7.57
9596e10a-be61-4d04-943e-9fdaba1485e5,P0196,47.53
6efd11c9-ed79-493c-81f8-3eb1ef3f594a,P0234,82.37
9e5af14b-9018-4d0e-af8d-616de4eb2ec6,P0192,1.99
42764674-8101-49a9-80f9-857abb9dd136,P0017,64.62
5e15a3ba-7ce6-426a-a600-7fec68a737a4,P0157,19.38
391c2ad0-2b62-4e6c-96af-00f4e3e815fe,P0298,12.47
fb577a74-1f51-4dc4-9ec3-aee49448f286,P0091,4.2
32a8dd0f-5a64-4bf7-acb0-d21bdbf2e772,P0058,9.49
753c0c72-b395-4a41-af49-a016637d505d,P0275,174.57
87ae789a-12ab-4acc-af87-74a82b4c0b9a,P0091,8.26
3625e796-a407-4e3e-b36b-2ba1ab9031d2,P0269,75.72
606b74c3-df91-497b-9e9c-fd55c1af67ce,P0210,17.3
28d8d874-4b6f-4989-859e-541936c2b05e,P0036,17.53
1962bd51-14aa-486b-9157-cdb5d2c98e96,P0220,3.45
1a582a6f-6efa-4e65-8d9a-e5969a5db867,P0121,2.62
e9532eab-06ba-4eb4-b4a9-0d2b848ef34e,P0101,59.47
79b3b519-bde9-4c06-8271-a3ef79a8e62a,P0147,105.1
4ddc23c7-ea65-4992-b59b-f7e9e02fad05,P0076,74.57
00f476bf-b400-4b2c-9806-5adb96521797,P0122,8.47
261aa66c-5cb7-4051-83cd-e3ced6191325,P0262,6.4
b717d104-7e15-444d-bd05-5bfb730a2316,P0024,40.01
65d14db1-b62c-487b-ac1b-0223dba8c630,P0132,49.67
cd779166-367f-49f7-8cf2-3dd9bd6f61dd,P0214,63.57
d9d9d803-003c-49a5-ada7-670c1dcf64ef,P0023,12.22
46a11d95-6b5a-47d6-824d-292989fe4e56,P0052,76.92
2ddd9fdb-cd5c-41ba-a79a-dff5c2bd6ac0,P0197,9.86
44372776-5a63-4b4c-b034-e5c50fd743bc,P0109,53.04
09496695-51fe-46af-9a73-0a5e677b5c4b,P0283,15.78
cac9be38-6d8c-4a45-aca2-fa52aea16c8f,P0117,133.64
c88930a9-c260-417e-b7bb-30eb3944386e,P0031,35.56
5e8b67e8-1e7f-47e4-8cf2-793dc6e3ad50,P0299,31.71
01ab9065-845d-4160-9954-278cd356b3cf,P0181,25.47
0eb3eeb7-403b-4df2-8e82-49405c7ab3d6,P0017,20.69
a31542d8-9e59-48d3-a9b5-7369c1ef90b1,P0143,169.31
d5bd5225-cd29-4753-b839-059ac2d2996a,P0282,57.04
1c9fb9ac-2b55-4429-947a-7ac5a343a90d,P0246,8.65
79b3b519-bde9-4c06-8271-a3ef79a8e62a,P0212,3.24
7046099e-6bb0-4dff-9ecc-f03e4f51fb60,P0257,122.15
76cec64d-4c8d-4762-9277-413c7c566f4a,P0153,4.12
db2a6e0d-ebc9-44a0-954a-a324e5dac60e,P0130,6.85
cabaa392-0760-4ecc-b468-197740c44d0c,P0014,25.42
fd338ec5-5e6a-4ffa-bf56-12e11cc257d4,P0198,52.7
08b6a13a-6115-4df3-96ae-89f034bb462d,P0070,155.55
76e175d2-000a-433a-a03b-3ce48123bff5,P0162,32.51
c595b242-5b3f-49a0-8f4c-f4beecff3d79,P0103,51.51
7bcd7b24-b4f6-46e8-8fa9-7e713fd7f44e,P0232,109.82
d7cf8773-7cbc-4fea-908b-7c97a082c9d1,P0295,25.56
f581f9ee-6f83-4285-9312-11ea3f56cbe0,P0096,51.94
accaab4d-8a9a-4058-b0ef-962ed476346f,P0266,4.87
a1e3a176-0878-49e0-bfd2-04c53345c80b,P0078,58.46
5b5f5c9a-1dac-43eb-807f-0f54f42968a6,P0109,10.68
f0c0d1df-f571-40c6-98c4-840e5b6d3de7,P0089,9.55
ddc5a395-f35b-45da-9da6-85d651a600ac,P0091,54.43
b780549a-6d1b-43dd-b356-2920d61a503d,P0035,102.9
c8b00463-e5c3-4074-b686-6376a4cd6942,P0293,45.99
ad526bda-da0a-459e-8081-3ebc2fdf7e77,P0019,14.53
06b0bb41-45ac-46c8-be9e-7a51f76d6e7c,P0028,12.41
5238fe36-535e-4ac3-a2fe-ca72cbccc936,P0274,58.52
42764674-8101-49a9-80f9-857abb9dd136,P0235,3.16
7c298c6d-3304-458a-a93e-fdef8ca82981,P0039,67.22
1ba0e8b8-ecf1-45c9-8a1f-8b4cd88fea6e,P0170,43.92
3ae554f7-4be4-4483-9247-e359b52cb0cb,P0026,19.83
e6b8fa29-789d-4b64-a07c-3d47ffb1df46,P0253,18.62
d565a75e-7140-48f6-ae9e-4ff3dff737e5,P0032,165.4
220c9304-d122-4ba0-a746-0ade91513e21,P0295,23.5
c54434a4-eb5a-42f9-865b-6c3eb5adb48f,P0159,5.69
a761e28d-d262-4209-b10d-6b2d4b636ff9,P0050,110.82
b39f03f7-8be9-4fc4-9446-06f1b4d4fd46,P0077,13.28
3469d12b-d3c1-4b1d-b371-aaa27dfaf469,P0230,7.26
85758b1c-519c-4af3-af8a-ec97e1423cab,P0222,15.66
f15d7096-941e-4b3f-9866-47dea3143fee,P0006,60.89
5307ab3d-d292-4657-9511-83bbf348ed6b,P0066,57.56
f7a434d4-d68c-4538-8602-08c88518adf1,P0184,55.52
78254d53-f8bb-4eb2-bbf4-a9cfc47ae244,P0129,39.23
f1cc3c9d-9b26-4d7e-b929-1376abbbacaf,P0034,10.22
ec249cb3-d29b-470e-962f-61a31d6c0731,P0266,14.49
26d4edb1-eaa9-4d5f-bc4a-a91435a49a32,P0019,25.55
a796560a-6e19-4633-92df-33bd6f154366,P0071,30.42
f9bccbcc-fdd8-4aa8-94c9-8b908531a785,P0295,48.83
c01bd92b-de42-4515-94d6-eb40b61a0d4e,P0047,47.09
079ca1aa-aa10-47a8-8898-e6523152b116,P0260,115.39
bcaf1b79-0e04-4c51-a777-befc04654bd6,P0163,1.0
f91b7c14-8807-4d6a-819b-c0bf51e1aa0c,P0037,1.91
95cdcd0f-0f92-4d26-b30e-88db8df907c1,P0040,3.73
6610e572-9c75-4402-9f2a-114e071c5609,P0213,17.87
38e15024-ca0b-44ab-95c4-a05df75198bf,P0290,20.81
b872aef5-0ce1-4466-94b4-5d18986e4fb2,P0116,23.16
633f13b3-f243-4a8b-b768-4501e6e62139,P0065,3.22
03d2497b-8e17-480d-a3cb-70aaf9a2922b,P0008,73.84
4998beb5-958b-4eac-a4f3-c8227e714379,P0196,28.97
d7366772-a423-4c61-bb66-2173638c9a35,P0269,120.37
48cea1bc-ab81-496c-9527-8ffc63b2931c,P0116,31.27
5933b11d-4938-4bb1-ab29-37bff4ab0144,P0140,21.71
cac9be38-6d8c-4a45-aca2-fa52aea16c8f,P0139,81.15
3153e050-5b70-4679-9f31-e9899e1b06f7,P0294,40.8
27b6fb7f-7f0e-456e-ba56-3db1e8c65e73,P0125,33.76
48cb2f27-2ec8-4cfe-b9e4-094d0f268c92,P0124,7.32
01328844-588c-49ae-8a5d-6c6278023a32,P0281,73.93
49d81b9d-a464-44e8-ae15-69574c3cca33,P0221,0.38
1a3f9fd2-9c95-456c-9f57-41430a68151e,P0081,77.69
88aff3b6-8d69-4aba-90c3-c91c019e1ca4,P0220,11.77
666f4a3c-a8ca-4112-adef-f5cb9779236c,P0107,56.14
82209035-c58f-48ba-b63c-a0e17e54f81f,P0094,56.34
8236c002-9578-4807-85f7-6bad6209dae2,P0080,82.02
554e4bf0-33f5-4021-b0e3-2b69faf67714,P0016,59.14
251958ae-6992-4e75-99b5-4d1820522904,P0047,53.28
2217c693-e7bf-4325-a8ab-7d4f42ff2d5f,P0052,65.64
11093a5d-0108-4a9f-a0ea-e099f18819e8,P0040,50.58
8e97b61a-d37c-490f-bc24-8794733d27c1,P0007,90.18
28bfc8bd-648b-4a9b-bad5-18b9299ed241,P0196,137.74
ecd3d623-3fad-45c3-b569-07ee4d6889e3,P0082,0.95
30fb862c-7d98-4816-8af4-ffd4315a24e1,P0194,12.19
3efb6260-5a14-4ff0-9317-86366143007e,P0046,6.31
15a3b228-2564-4102-9185-882997ef4a2e,P0075,10.38
e06153ad-4b2b-4030-9f3c-5c17b9cd4432,P0044,27.03
caf7bf96-12ed-4b3b-9244-ca9119bd8c78,P0032,53.04
da6db922-b246-4add-bd1f-cedae1132f68,P0055,151.84
59951f6e-75b1-48fe-9085-d6d8d4651b5a,P0294,3.65
15dd3ba0-9462-43a4-9756-7704a8e7f378,P0212,240.33
9f3e1e5c-5b34-4f5e-99c0-987296b85035,P0218,40.23
e629e8ea-da23-4a4b-9c12-b56e45d22610,P0221,24.31
b498998b-a57e-4b9b-aef8-9459ffa49956,P0133,41.38
92118f2e-8e7b-45bc-b128-f8c435c6d714,P0028,8.23
55594a88-39d2-42be-afdb-cac564f6d7a5,P0171,12.6
60e0e047-0166-47b3-a245-d26934431cb6,P0296,69.06
292742fb-b7d8-448e-a464-35e41f592fd8,P0158,20.9
1f4ef442-e7a9-4977-932d-e718141163e9,P0280,21.42
deea5f70-7e66-4d63-96ec-562d3e7ae77b,P0125,18.06
aedbd845-6fd1-49de-9af4-667f48063de1,P0076,12.55
641cf799-7b82-4d00-893f-698616de4d86,P0107,108.38
a12c7a4a-2459-4468-8530-d28b77306c5d,P0126,4.53
0f9809e3-c22d-4393-b74d-8bafc3e426b9,P0065,18.92
1bdb39b1-8da4-4a2f-9890-bfe88f8ffebf,P0248,11.85
aaeecd41-e479-42b4-b149-ec7e5a825369,P0148,46.94
1a1e0099-10b4-461c-9619-1c399349bf23,P0258,28.58
5605b50b-ec49-492d-8a6e-574adf897a74,P0098,19.1
cc7af329-d6b1-4858-acb7-63166f8aafce,P0286,16.43
6d4cf5ad-9ed9-4750-8859-cfb5696b8d32,P0238,6.74
a9413983-85e9-4cd7-b954-8a9b8ec34e56,P0179,9.59
abe2ede2-2d8a-4364-98ee-9157cae93ceb,P0052,32.12
8d0a4917-c2a4-474b-a81c-b7197803c952,P0033,31.09
20892433-7be7-45e3-b6fc-43753fbe7c44,P0078,27.37
7e3d9755-bb1f-4121-98a6-7a170b2d6d62,P0017,9.32
673a5861-1c9c-40fd-aacb-58fba0dd319f,P0262,12.91
311cc243-4f54-443b-9736-8fde437428c2,P0038,82.0
067d683a-3dfd-4fd3-aa96-1a8fe6dc92a4,P0088,46.05
ea609fb2-93b8-445f-9205-c4a7a9faa1d6,P0152,9.09
d80c5312-45f3-4c1a-9f28-30d5efdbe7f2,P0197,4.43
b1690581-9145-48ca-87a4-5f8b8c3a5454,P0054,7.4
e5bb2dbc-c5c6-43ff-872e-71a98e89c654,P0107,18.61
da993b85-7de6-4f8f-8d45-8a1aef0f2e09,P0196,41.21
db2941c6-ba58-4558-a1a4-bb06f3d6f335,P0090,3.42
8ea90baa-69fd-4c1b-959d-c20f050dbe24,P0056,1.54
6ce85e6e-1795-4521-9f91-f777d970228e,P0017,12.82
a1fe4d6a-07fc-4398-9478-ce634cbd930f,P0192,40.18
1f4ef442-e7a9-4977-932d-e718141163e9,P0093,31.27
5c4ce914-f19a-4248-ba9f-e7c0eff35f99,P0260,94.15
7913c836-69f7-4184-a136-5d49dfa6a452,P0283,108.85
7b87f4ab-17d6-4c11-813e-3272bc8f3ad3,P0167,2.53
4cbe9e14-2fc2-47d1-9328-68bd0aa16061,P0022,10.23
2ce49e02-c68e-43f8-9c9e-878fc5d1292d,P0226,16.1
2cf55ddd-eb54-475e-8bd5-377583de1232,P0248,138.53
30fb862c-7d98-4816-8af4-ffd4315a24e1,P0062,6.7
01ac88ca-c4ab-4a70-82f1-384ae8efb055,P0093,3.0
01569d81-70ff-41f9-a35a-62759b443e27,P0178,35.77
f511a232-5d69-4fc8-925f-9ef020eb0178,P0069,53.2
079ca1aa-aa10-47a8-8898-e6523152b116,P0131,104.34
a2a2a00c-7926-477e-9e55-e57ffb8e2186,P0011,6.14
caad494e-f59a-46a1-8fb2-8a1ee86a0106,P0190,31.42
b13b5047-0bb6-41c1-8997-91997e193cfb,P0177,7.28
db84ee9a-e9cb-4618-9961-e76200f23696,P0118,2.53
08b42a01-9c2b-49a2-8970-c43963d0176e,P0016,30.72
16997476-c8ca-49c5-932c-0fb7b2eac63f,P0141,84.6
43287e76-b7d8-466a-a171-43c9fdddf875,P0261,18.81
1b6ca24a-ad47-456f-9382-d397a2ba6295,P0171,23.61
8f2c2149-282b-4580-a895-d3cb89eae5ec,P0107,73.49
91439f2f-2b91-46b8-a061-42a2acba2f51,P0081,34.85
6c3c79e5-1d6c-4907-b5ca-a95b4e116f6d,P0114,23.66
a12c7a4a-2459-4468-8530-d28b77306c5d,P0050,12.12
ec953656-b9f5-4968-a0af-553020f2831e,P0162,9.03
c3f9071d-aaa4-4847-89cf-fbeb99c67509,P0018,21.41
cc38dabf-f086-44f1-9270-443749107b8f,P0076,16.06
eb61b22a-26c8-4d6e-b3dc-fd2e9b887fd3,P0277,1.26
3c346d1e-c3b8-4192-a028-2dc04c892b93,P0170,47.63
c6d6c331-b995-48c4-9742-17356669a979,P0216,51.5
fde34af5-0008-4bfa-b677-a6cb222e078e,P0103,21.15
6a0d3a8a-baba-44ab-be2f-763fc15ab507,P0231,137.01
2de6249e-0c42-4824-9bd5-1f9388250cdc,P0069,58.56
8cd39682-69d0-4ee2-9342-b12316d41e99,P0062,46.37
a71c00b0-ae62-4ab8-a349-7b17d061e582,P0029,108.4
047b01da-4f24-412d-b391-e52907e60ae7,P0217,82.81
82217c55-97a7-45a9-9005-4d93c2d7369a,P0129,4.65
5083c867-d873-421d-adc5-588d7b5983a7,P0034,66.21
d7402bdc-7861-4ff5-9a94-c06b16463c12,P0268,1.53
9fa505e4-7d80-4aa1-ba81-bb33b7fedb98,P0006,52.96
28f7f6de-89a5-43d1-bc23-55d3d0675fdd,P0088,37.06
1d758b9b-fc1e-4590-a0bf-59e573f61019,P0230,28.33
b0913ea2-f481-441c-a8a7-6d6f27584d8f,P0174,3.3
7062a365-27df-47cb-8bb7-2ebe52c9be25,P0114,131.84
289dd17c-b2e8-46df-9488-69e308b48a03,P0226,17.41
b4c9787c-9355-44f7-96d7-a1fe161db81d,P0083,7.89
4ef36e63-e2b2-41b1-b780-adb4efe7c34a,P0069,102.23
51c83504-c7f8-4356-af81-0cea2b7df084,P0229,123.06
8e64884a-00ba-4a2f-a2db-942b64b35749,P0159,84.0
6ceabfdd-2e5b-4045-a235-ac799d8bd187,P0235,15.38
1f85d0f7-876b-4c81-b905-36d157dc28f2,P0080,31.41
a1e0263d-163c-4d14-b20d-d068a34f93a6,P0239,22.7
33a72c7b-daa9-44e7-9f42-3ebf19c4d1a6,P0239,10.79
f9b1eb3c-5dc2-4736-8afb-d9049249ce7d,P0194,40.96
c273523e-8f78-4998-990a-9d17ef3db6ff,P0275,34.04
5d44b04a-1e2b-4eec-8e5d-cbe3c1114d96,P0245,21.38
b6213427-556b-4c5d-96ad-25a31d45f40f,P0086,18.01
72e46aae-c6cd-45ba-bf28-f26940e55e55,P0137,42.01
dbea4763-6eb9-47a1-b7f7-98afa6d1eed0,P0146,24.26
f5ec74c5-707d-414f-beec-6a3eb8c69ec1,P0027,41.48
30aeafaa-f3c2-4b63-94cb-92372a1ab9c0,P0285,59.22
1f84e118-4331-4d45-9c17-7d98250257f6,P0211,38.64
cf87df2a-c397-4ca1-9ee1-00c3907eea2f,P0167,10.44
a2920d26-fdb6-4d64-b40d-21911edf0070,P0142,5.2
36e39b78-6ab5-4525-ae45-ff69fe3c2217,P0002,63.46
0a8ab037-a18e-432a-b77c-0721c8ee24a6,P0192,18.78
db356137-d7cf-48d4-8914-16d855ff3388,P0208,76.9
209d335d-d619-4895-a316-18696ed77b42,P0245,5.48
a9e856b5-284b-4694-96d5-ac7409843281,P0020,14.78
e63e7ab1-ad27-4d48-bc46-a0eb9bcc35e9,P0266,34.56
1e5d5334-bbdc-4c4e-8e0d-186d47a9105f,P0066,129.67
aba86dde-d2f5-4b43-aa02-0d0db2c77786,P0106,42.46
33446958-0353-4130-ad98-734c69463735,P0032,10.96
d4ac9c55-7cf3-49e3-b65b-2fbe25676336,P0069,36.22
b9b06672-9a95-49e5-9fbc-9b9d87497872,P0291,38.81
4b9b638d-4e9a-476f-bf2a-f060f098bc81,P0193,113.94
14a95616-01d7-42c5-b7df-add3d27dc7e8,P0266,117.35
e20c393e-303c-496f-bce8-ae71cedc30d2,P0245,5.48
fbcd2811-8671-4247-a573-0422225adcb9,P0086,3.97
8eaede5d-6edd-4e8e-aad9-f56fc77cf171,P0056,5.48
770d6bd7-cac2-49dc-b20d-396137c9acc5,P0138,20.98
1f3c7b6a-5aab-4e22-b0c1-d1a1a914b928,P0281,52.34
7ba2c575-0893-470c-a39c-830091e839b1,P0295,34.61
09006498-8944-4a88-9148-49d68e76f273,P0065,113.8
bb030bf7-af19-4eea-981d-aeb91518d3cb,P0153,4.63
6a0d3a8a-baba-44ab-be2f-763fc15ab507,P0235,0.25
0e44c518-91c3-40ee-884b-ffd7b8e88f8f,P0298,28.25
a4ea32d1-c33a-42e9-aec0-402a2929f598,P0222,53.83
83a0c399-541c-406d-b36a-5037d3682c0f,P0047,5.39
51871803-6405-4de9-b6b3-699a7130af64,P0085,39.35
94449640-dad7-4d05-967c-3e4d3613a3b8,P0109,100.33
3dbb7285-3e89-48e6-a0bc-176e772f9964,P0177,43.99
1700c0cc-8273-4046-aac6-b944133db935,P0160,7.61
6c57ff0b-253a-41ee-b6bb-f9329deb5c24,P0200,42.73
125e7619-3fc3-4448-8fa2-b213d4acdda3,P0068,10.56
8e97b61a-d37c-490f-bc24-8794733d27c1,P0144,43.43
9228ba43-6207-4bc1-9a64-cf871959d56e,P0072,36.76
8ca46ebd-23d5-4425-b218-916046b47fd5,P0057,18.74
2a7c10e3-1bde-4199-8fd9-b7b50a4606cb,P0055,60.46
0d28bc29-74fe-434a-a637-e1d0427456e5,P0148,39.41
b89dc1f3-a49e-47d6-bc27-6621e666d291,P0017,0.75
37b0f5d3-f07d-42b8-a7de-e883b9b6861f,P0238,56.96
8f22ce3e-9f11-49b1-bd8d-7a0ba9b55d3e,P0195,65.85
e7dc1eae-02fd-48f9-b1ff-2211d01ec102,P0086,37.05
fe0aeb48-a377-4178-9cc2-e9c01e78a53e,P0055,35.41
f4f4779d-8dc1-41e1-a843-c322186273e8,P0090,19.67
e514146c-12ce-4bdf-9bb9-39eecdbe39e9,P0271,6.65
82b50a93-0478-4604-9c4c-f8db045437ed,P0252,11.08
45589ee9-1891-4a78-a3d1-54fb167609f7,P0147,13.33
94449640-dad7-4d05-967c-3e4d3613a3b8,P0239,130.47
d03d2524-629a-401d-9efa-35ced7579ecd,P0111,27.42
c6c95366-69c1-4933-b324-96387b181b25,P0189,45.07
49424b74-1448-4ab9-9a90-b44fb5726c23,P0198,36.7
9e83e787-126a-4e62-9513-6e8484683fb8,P0250,46.61
e64809d3-ac55-4ab1-b84c-639f11bd698a,P0266,56.2
b4d75ef5-78f1-4a50-a19e-68dc63296b29,P0251,118.68
7b213168-3c6a-474c-adc2-1263c6435995,P0189,14.05
753b228e-4893-4ea9-b116-3e828b6e70fb,P0294,68.53
741b6928-9393-471d-844c-41e31eb047d9,P0260,11.65
1c47d167-4c79-46a7-afa7-c54887b53ae6,P0112,183.74
c8e50392-07c4-48c5-b9d4-38199d126cae,P0286,6.53
c21c6f9b-17fe-4a53-a52c-537faf6a0fc5,P0282,2.48
1f8ab681-e9a8-415b-9f01-f90f6576d8bb,P0239,36.82
ae524736-3e6d-4a68-8599-f37d4b4548eb,P0078,20.35
e718298b-2479-4cf8-8ac2-1e8336aadf92,P0150,9.85
b665a50f-4783-4df2-9c16-ad27a7009fcf,P0208,2.51
0d6b731e-e59a-4884-ba91-18ebc70b608e,P0203,52.73
8ec1f1b1-d502-4af8-8463-becd05971a4d,P0030,4.51
ddb31c61-c26b-4cdb-95e1-a4712dfccde8,P0040,26.85
f0a65904-b8ee-4fd8-ba37-4738a0d01eca,P0285,72.75
518a03ad-5575-4b55-aa1b-2394e223d36d,P0227,25.26
0950554d-f688-4efc-a028-0cf782f61709,P0052,38.87
793a6c27-9a38-420b-8499-538e235de896,P0093,58.18
6897a6a5-3de7-4c5f-bcb6-03b8f01f5aa2,P0005,43.12
e0859bd7-c9e3-4ffd-bc3d-3ac892ebf421,P0138,9.86
db356137-d7cf-48d4-8914-16d855ff3388,P0074,5.6
6334b9a9-8996-4a0e-8e1c-23118e1a09bc,P0040,38.2
ecaadeae-5c8b-408e-b555-921114e2c93d,P0297,54.57
2a5c7e09-5be4-44f5-b3b7-44673b5dab68,P0035,27.37
fb577a74-1f51-4dc4-9ec3-aee49448f286,P0143,13.29
28605c6e-0d3f-423d-a5f0-9ae7605786cf,P0194,11.24
d93556a6-78fa-4a07-8af9-92a71435aba7,P0249,0.64
7b16f8aa-fd21-46e8-93ad-a88196354f76,P0060,27.32
89b5da7a-7697-40cf-8197-95b82270836e,P0252,17.67
b6691d0c-d05a-43d1-9a20-0d37e157d698,P0167,117.08
554e4bf0-33f5-4021-b0e3-2b69faf67714,P0073,15.09
063b3639-56fb-448f-8998-1e5e6f3ef41e,P0163,12.87
2a1e79df-bb43-4e84-8136-f99649cb0e9b,P0023,41.42
dac41933-311e-4064-ace3-831e08d32c44,P0216,40.71
e9532eab-06ba-4eb4-b4a9-0d2b848ef34e,P0224,120.88
19b59730-fd12-43d9-a0cd-d3eb5e6fb898,P0260,15.48
119dabcc-6883-48b1-9038-fa1511f1aefb,P0120,25.8
7925abca-bf2d-4bab-9423-c2c741fb8eaa,P0024,2.74
671f3fd9-3043-4b01-b9e2-0025e841e54f,P0076,81.97
582dc8d0-c976-4e68-9871-9148d2395531,P0169,8.37
33bda165-ceea-411a-bd3f-7cf517d94937,P0092,13.01
2fb081fe-8685-4b7c-bbf2-9793b164bdf0,P0076,50.25
d1607bf4-603e-4079-a8ba-e0a3aeb6e5c0,P0206,12.31
a02a50e1-c84b-4fdb-80c0-e5a5e5c5407d,P0075,44.42
eae9ac76-7a6b-4980-919f-06279520c2c5,P0024,34.67
67b53f64-6385-423c-b08c-9c14bd2d90e2,P0265,28.04
fc8cd96d-b0d7-4131-8199-f73307258529,P0231,17.98
17214e55-e9d9-46f7-afe6-32f9d57444f3,P0167,1.76
6d24582b-79f2-4ff8-b017-7d3d4af70e58,P0003,93.56
abac9af2-caa1-43db-af74-1181ea03aa57,P0254,1.35
e68abbc9-652a-4709-a574-55fd58f0c729,P0073,0.98
41edd323-6b7b-4848-add7-c9e344b18afc,P0107,42.56
0a6c9e82-8d5a-4953-82e5-0df5d03d80bd,P0114,22.92
15b957fb-da10-4790-ae9c-c746ab94a86d,P0029,21.78
41dd4d48-d040-4c4e-8b27-eaa9fbc289f5,P0028,23.91
e20c393e-303c-496f-bce8-ae71cedc30d2,P0218,11.24
656ecaac-ca5f-48a4-ba95-7b57afdff5b2,P0233,67.93
0cada8f1-82c1-42db-b00d-758b878fe4d0,P0151,17.86
b7321361-8278-4002-8b06-4a2816d0343c,P0213,94.83
bf850317-a83b-4668-befd-9dd7fba2bc9b,P0224,6.42
9e213a37-4b9d-4185-8799-d42dad7f26ae,P0009,7.28
bf5712b7-31aa-467b-b214-1bf911b652a5,P0069,10.32
9e82cb85-a441-4a33-a30f-1730d1b8d803,P0010,32.64
46705ba1-f2c1-473a-9ace-5174c08aba65,P0110,11.98
48083d90-68a1-4131-901c-7675773a19c4,P0221,59.12
b64827c3-e3ac-4a7c-b5bf-66b24bc1585f,P0130,87.13
31f92b7e-3563-4d8a-aa76-82cd19b97d6c,P0154,41.8
d5795489-10ba-4c94-aeb9-224fb5feaf60,P0295,28.22
0e6061a3-c0b9-4ba7-9157-488823833b24,P0118,8.04
263074ed-12ca-49f7-88b7-742b1325ba6d,P0051,90.73
f5ba96e5-0fba-4a51-91ea-f322dab3a5ac,P0143,43.53
b331c4fa-e8ed-4d4f-bf82-7fb70bf5e083,P0201,17.84
166281ef-b28b-42f7-9ae5-067c8a91271f,P0055,40.34
c86e02ff-7cc2-4ac8-a92d-f31a590c2b09,P0124,60.98
1c455787-dd14-4082-9dad-afcc141f8ec3,P0120,51.09
51131417-0db4-4fe5-99ea-37c40dd2b9b1,P0086,7.91
75fcbbaf-8629-4d36-a844-fa9343e33334,P0051,3.36
e718298b-2479-4cf8-8ac2-1e8336aadf92,P0075,43.95
6ebb9532-0542-48d2-a29b-6d9a3cdae5d8,P0143,42.12
09c2d82e-4c1c-419c-83da-0b36944e3347,P0150,76.47
655312c5-9db0-4675-94e2-a22c68f279b4,P0235,26.5
7edfcfd2-a598-45d2-a6cd-8c461ca7b065,P0082,36.66
fbcd2811-8671-4247-a573-0422225adcb9,P0142,34.51
7dc725ce-d78e-4828-970a-667553c4fdc8,P0201,5.17
679e155e-6abd-4bb5-b8c8-8d45aa03f51e,P0284,7.66
43e47fbd-374f-4870-93bd-361b43f080ad,P0278,36.16
8d37c932-916e-42fb-aa6b-953c492fc0bf,P0103,12.34
77e0647c-5cd7-4946-bc3c-4af94e8b21f8,P0211,36.29
ceefcac0-26f4-4c38-906c-4ef5e86a4872,P0109,41.61
3c308c27-d35c-414e-9425-10bb2a51572d,P0071,10.43
44e269dc-0514-4c25-ac60-ab98283329d6,P0132,224.35
6efdd179-03a2-4481-aaf1-dbba2e2a278d,P0244,64.73
98284f09-b634-4b29-8514-60620f475c3e,P0060,10.86
69128db4-75ca-441c-b107-92631bbd6784,P0225,13.15
6887e28b-b0bb-46c1-be0b-ebf093549912,P0009,53.8
680287b5-531f-47b9-8c9e-0a9c00cf8877,P0067,14.12
931c3bb9-6180-4e98-abad-a0ef0aed5189,P0075,80.38
4ddacd05-d766-4ee9-8c6a-30b28ba4bc50,P0241,14.0
4a2f0f2c-d1eb-45ab-88cf-c5e8b2cb44aa,P0230,11.21
6d924080-712a-471e-9bfc-e0a8e247689f,P0053,58.95
8cc6a4f4-c0ca-42f1-9844-22d9259ce4dd,P0234,10.16
bfd4ae87-5e35-4fd7-a265-29ecbdcd14d3,P0090,60.63
55366a28-9da5-4341-84b6-2c7e2d71b989,P0156,27.89
4dc7d127-2710-4857-ad9b-c20ee5b239db,P0013,6.38
e0484fce-683e-4fd0-83ce-54a7be08267e,P0104,34.34
16f109da-cbef-44f5-8776-3d247ac72a57,P0208,0.28
37b00f70-64f9-48e2-bd00-ac70efa3ac80,P0100,34.77
bd8ef72c-a124-47ac-8309-868e7caeb704,P0208,40.31
c9ec483a-ebb5-4cc6-a5b4-f4575f5c562c,P0276,79.58
e0859bd7-c9e3-4ffd-bc3d-3ac892ebf421,P0273,50.8
27157178-2be5-4b39-a1d6-5a47277fe09f,P0131,44.25
e5d1aab8-9387-4f18-abf8-a0163823ceb9,P0058,23.85
313b082f-323f-467e-a1d0-bf89787fa6e6,P0047,22.14
25979e83-b576-4b3a-a200-c93ec16bc332,P0043,1.31
3ce43815-812b-40fe-bc86-7fee46076ad6,P0296,7.35
c1c686cc-2067-418c-a84e-4508b0cc0aae,P0071,143.85
429fab8c-a025-4a8b-b5c2-08f218c4b2d9,P0021,54.4
26fa8148-20fc-460b-a60f-64f6c33a1259,P0075,49.97
ace682ad-0237-4bbc-a026-82db9f7b191a,P0071,163.86
cefd653b-5bb0-46ec-911f-7a69361bcb3f,P0126,12.92
c53fff8c-3b93-40f2-9651-3ef4ca8b5bb3,P0281,81.58
7e53571a-f729-4660-af66-e03d8647f059,P0055,5.65
20ed12e3-2f78-4068-8f56-1a9a98bb103e,P0275,20.83
93678ece-b2d9-4010-82f9-a5a089225dca,P0012,7.16
9155205a-3e3d-4899-8ea6-9e56f8a4d899,P0090,114.19
0d0ad941-612a-443c-abad-802abc42c23c,P0190,19.7
f1563b5a-83db-421c-9a41-c15b7a8cf815,P0065,18.31
1f0329fc-4150-4356-b0f9-4412f9fb5740,P0144,40.03
47697df0-8c62-467c-98bd-025ddd3099b7,P0087,41.73
900b0f13-e0c0-4a53-8444-34bd919c18d1,P0090,54.8
1717b788-0dae-47fd-a0df-45ce49fe1d34,P0035,25.92
7ed7ab0f-eaea-4fa5-9e1e-27362acf1edc,P0296,42.82
59c6a947-3301-434f-b01d-01d969ef860d,P0265,2.24
93cfba20-1189-47cd-a76f-dd7a1360ca9c,P0211,20.79
9c46d9c0-54de-4807-a425-69dc9aa4bdd6,P0259,14.73
31fda753-537a-45dc-b687-e62bf1bde759,P0272,52.0
4bc1b193-8582-451f-bace-2d16ed30fa8d,P0231,8.44
efffc6ca-5749-48a8-8481-b7889033be6a,P0143,99.67
826d0223-554f-4300-b7bf-bc236b44f901,P0195,12.54
84a3fcbc-1ef3-4f78-9f0b-10e28c951297,P0235,8.73
bf5c1742-7438-4317-8476-857a1490729d,P0026,35.31
1d9ba06d-456a-40ac-ae32-5199b2782658,P0045,56.16
c3956bf9-e501-41e3-94be-d6618cec79bf,P0155,66.2
5cb71c9e-2528-4cde-b6a0-9a3ceb419c4b,P0153,17.2
32ef1c89-e2dc-48d4-a6da-20d959e6f91a,P0200,21.59
870b585d-f7b4-4cd8-b237-b6ec11439ae3,P0149,9.6
73f1e0e0-fbe2-4567-9d2d-7f1275c1e060,P0150,33.98
f106280f-c5d8-4d1b-81d1-179ce2cd41cb,P0243,1.5
e07a1e28-044b-4ad8-b5f3-0e7c8f97ca08,P0295,29.87
ea609fb2-93b8-445f-9205-c4a7a9faa1d6,P0049,13.61
bab6205f-43c1-4805-a618-3de66b2dae24,P0199,19.27
75886044-69c7-403c-8bee-b2028b835952,P0005,1.94
af232373-c0fb-4103-9c96-a1ba9f3d744d,P0247,9.37
de5b80e1-e0ab-4e8b-b804-2ec23cd63bd9,P0265,122.84
6b4fec91-d435-481d-a38c-72ea2760da3b,P0059,156.14
c9e288ec-4c96-4458-b35a-46372d14365c,P0041,66.85
139e93fa-a4d9-44ea-afba-7bee519126ae,P0252,7.23
606b74c3-df91-497b-9e9c-fd55c1af67ce,P0126,28.87
387504ea-331f-4da0-a8bc-2759c0328127,P0157,87.49
25b0e82d-5b6c-4760-a9f8-6e73268ccf99,P0091,30.72
b6f0ab8a-a8bd-44a4-b3fa-76aed47b922d,P0022,8.39
c289682e-4390-4b48-a9d1-f9cee88146b0,P0273,7.66
b7de1cae-cb30-48d3-a3e2-bb98b2ca8a45,P0211,122.05
1de69fd2-991e-4e02-af85-7c4a0d5d8285,P0215,83.04
246bdf2f-9dbb-446c-9241-6434668eb668,P0194,11.42
1f84188a-b37f-427a-93b8-6596a9f32709,P0179,24.44
835d66f6-efa6-4fe8-849e-b9be13c5a35b,P0120,46.35
b92b64e1-56fa-45a7-a33c-acef87bba603,P0188,23.41
55e1996e-606e-4d41-8060-b1e5fdb3693c,P0038,62.44
c9c15292-f8d2-4d23-b61b-97f40a22bb42,P0199,17.76
3ae554f7-4be4-4483-9247-e359b52cb0cb,P0161,51.08
5620f6bd-e95c-46bc-86b1-5b8ad5b4010c,P0066,3.8
71f1e811-815d-4acd-9dfa-aa3ab9f7fd47,P0216,219.65
1e0ad23c-cb24-459d-b6bd-e91e50940a15,P0156,28.29
6610e572-9c75-4402-9f2a-114e071c5609,P0159,47.01
6b55d9ec-6af9-45cf-b49c-b824d2720b66,P0102,52.52
a341d80a-04ed-4149-949b-f1abbbd2bb9f,P0217,11.89
440f2762-1c9a-45e0-8af5-4f2593ad8e15,P0008,2.81
067a8839-2217-471a-b546-d9ac8c46618f,P0289,6.12
9ed8b6eb-4fcb-43f1-9219-4ac2fbbfdcc0,P0286,5.03
86aea370-fc58-4065-a20c-a3264304761f,P0223,24.81
ceefcac0-26f4-4c38-906c-4ef5e86a4872,P0059,27.61
3a2749a9-513e-4ff2-b79d-0637a4a4e02c,P0041,55.16
18365591-2e0d-422c-9de3-f7c3148bc373,P0084,29.76
1f73dc12-1479-4b7a-b9a1-955f42c1967b,P0120,7.09
220c9304-d122-4ba0-a746-0ade91513e21,P0215,216.26
8ca46ebd-23d5-4425-b218-916046b47fd5,P0028,47.08
3a80b320-5fc7-4565-bff6-5006ec333ec2,P0294,10.09
bf71da3f-3c94-409d-990d-2b7a94243b2d,P0096,18.98
a6580652-261f-4f2f-aeb3-21d68c729e04,P0140,29.61
ac2d8149-fac8-48c9-aa32-300eaa230ff9,P0132,60.19
965eeaa8-7275-45c5-8599-5f865e406f04,P0201,5.34
1eafe9e5-81ac-4eba-9b55-1cc96128dafe,P0077,1.41
b1caaa3b-8562-436f-abe2-0cb3ff295705,P0211,15.13
1d9ba06d-456a-40ac-ae32-5199b2782658,P0120,49.51
44195cb9-14bb-40ff-ab30-dce5b4021ff2,P0218,0.87
091eb42b-b3e7-4153-b959-0989cdab2da0,P0189,30.27
69739a3b-f756-4e09-9f25-97abfa8fbc6c,P0158,5.96
fee5de7f-9918-48ff-85bd-c770ed707a83,P0124,7.55
4497840b-3c18-44a2-871c-7fed144caf89,P0284,3.0
6c01d98c-ca72-47f7-9002-ae0d3e7a7690,P0128,85.18
6c53f754-c6d9-4c97-b745-301b40e371fc,P0048,2.37
83b67ef0-4e0b-4c26-8256-8400b2bde2f6,P0248,35.33
ebc1503b-9ef3-4659-9c4a-1e95d7fb9dec,P0060,2.77
4c7b55ab-b31a-4923-b2e9-da3e72e4d43b,P0140,4.56
b4e9607e-54b9-45d6-96e8-3f68e51842fc,P0085,21.59
9729569a-dbc1-469d-a1e0-c21ba13b049c,P0243,2.92
ffde384b-7b54-4739-948f-85d95dc43674,P0206,5.03
0fd4367c-9244-4e74-b242-1362a6b6183f,P0016,41.89
9b974f19-65fb-4f7c-ad32-750e405cd640,P0236,39.43
f0841188-ba22-4ffa-a29c-ee031af968c3,P0066,15.76
d54d33a2-299c-42fa-b395-abfbebd3e134,P0134,46.94
edef753a-94c2-4652-9344-94d1f3015bf6,P0182,16.68
7e2eac80-f21f-46e3-80e8-3ca8dbd2b0b3,P0032,88.51
f0ef2f3a-95f3-4aa8-99a1-7c9a8cc2b0ff,P0150,11.45
47abe9a9-5743-4b7b-abf9-45fbc015d8e8,P0086,96.34
9aa6c8bf-11d9-4f4b-89be-b3725b259626,P0035,31.11
b0c9f88f-6004-476c-8a3f-351c0446c104,P0176,51.12
816b81d0-c141-42f0-af9a-0ef4c3254a9e,P0016,43.62
515968f0-30c6-4215-ac06-d29db58bcb19,P0042,36.33
87ae789a-12ab-4acc-af87-74a82b4c0b9a,P0133,105.24
cf18ed8c-7b34-4337-9212-e16b01f86fc5,P0174,77.52
53acbe9f-dd45-4b5b-98fd-5375df088d98,P0163,4.34
f7208e3e-fd9b-4568-9451-b6b06eaee9f5,P0009,0.1
493207b8-dc61-4ee9-a473-aefb6eb3c80c,P0034,85.52
360c848b-a74c-4c74-a2c8-4239eec2d5ec,P0107,36.36
b0c9f88f-6004-476c-8a3f-351c0446c104,P0191,0.49
13a0c77e-c7e4-4109-9b99-0ff267a86a47,P0138,9.4
8afc20cf-6b9d-47c9-a32b-842bbd21ae1f,P0112,39.24
020adb09-1f7b-409a-af6e-0fa864bc6211,P0002,24.89
fc51c941-6b48-47be-becf-233d92ce0605,P0173,30.65
ca3834a8-9ba2-4039-b1c5-ab59d76dd13d,P0288,77.68
cda1aef8-b390-44b1-bf9d-9b790303d4ac,P0047,23.05
d80c5312-45f3-4c1a-9f28-30d5efdbe7f2,P0278,25.43
33a4c9d5-1182-48bd-9da6-881f8ded60b5,P0021,51.68
0b1206d9-a13c-4a5f-ada9-98f0dabcfc4b,P0171,38.02
3efb6260-5a14-4ff0-9317-86366143007e,P0029,5.78
a3d3683f-b11a-4858-af41-c3567f7a044a,P0128,3.36
33446958-0353-4130-ad98-734c69463735,P0132,28.16
c7fc5921-f3e6-42b2-964a-92eaff6daad0,P0005,34.39
7edfcfd2-a598-45d2-a6cd-8c461ca7b065,P0084,26.91
9f5c4891-eb31-42eb-b7b1-12a9854529f8,P0002,27.94
0071cb6d-32f2-4bda-bce7-c0cc370da12e,P0300,4.47
66f9d2df-697e-45f3-b9f2-06e696ea4721,P0241,41.68
d07ea4f7-8044-413a-b9b8-62722737cced,P0291,19.33
fdbf868f-bf8f-4608-a1de-40fc60d0c3dc,P0104,11.29
7d8d6e00-6e5d-427f-a34c-9fad23f03bcb,P0119,92.66
e6fbe969-e58f-4b95-a673-1cc08aaed20c,P0235,62.47
a7892da6-520e-4a8f-b7bf-fd0faa6ef641,P0090,1.4
a0ab2380-a56e-406f-bcfa-7da3d5322f59,P0298,3.82
c53fff8c-3b93-40f2-9651-3ef4ca8b5bb3,P0022,0.59
a796560a-6e19-4633-92df-33bd6f154366,P0296,39.4
126c39b2-73a8-4d91-8727-73872dd41e34,P0143,16.04
0f9cc7b1-cca6-4983-b2a0-959f861bddcf,P0113,30.28
c05f4ab0-fe12-4f2c-9858-e98d8d0a3f70,P0121,5.0
c7f03e2d-16c7-4cba-8906-9225ce372183,P0123,17.74
c763d6e4-4e13-4b55-91a6-c12854494903,P0041,18.86
dc1bbd38-e06e-4cbe-8d8b-4fc9e3265a90,P0198,15.54
b71472ee-50be-4697-a44f-35f0f28ce5ad,P0043,71.87
e93a0f77-cef6-4efc-84b7-daa2ee5b985b,P0164,1.32
852bd41d-faa5-4b2f-9201-2868d03bbdae,P0272,29.31
6884fe9d-7dcc-4a93-adab-bc03fb1aa885,P0234,93.67
a3d3683f-b11a-4858-af41-c3567f7a044a,P0185,13.01
b12421f3-3fd1-4d4b-a151-fab59c62da5a,P0201,14.05
ae05c17e-86ce-4be0-b36a-6cecc8a5cbe9,P0203,89.81
46850dfd-957f-4065-a2b5-f8ea1886f487,P0043,24.34
f8afff62-fbed-4bd8-b5ca-269003b808f3,P0168,4.99
bf5c1742-7438-4317-8476-857a1490729d,P0189,43.72
b067963a-7a2a-47cb-b434-39e798c52564,P0259,8.08
0b6642c2-7544-4d25-8ba5-8ece06ce4f59,P0158,28.49
0719f46e-bb83-49f0-8687-ec3fdd2d404b,P0269,11.11
46dbc14e-c767-46a2-9e8a-6c9921f071d4,P0007,3.75
3859f404-247f-4aee-864b-d1c05d7fd817,P0089,43.92
2286f3da-7467-4e9c-a9de-83caee0bcef3,P0073,97.27
8900e46b-4f45-4a2e-b2e9-1b420f78868e,P0108,53.98
55b955ab-1fb8-4a7e-8a87-22622172156b,P0024,65.09
0c136b16-2bdb-4d6c-ad99-030243becc61,P0160,76.95
c71b6883-dddf-4199-86c5-94aecb3cd135,P0212,20.08
9705d73d-002c-40be-b945-41071f97c4a1,P0118,16.26
d8fd989d-18fc-4822-8892-a9e0fa7ba584,P0297,230.86
393e271f-293a-46d7-8a76-e0a6459921f0,P0156,20.39
86b4e83d-ad98-4da3-acc8-ad56f38fc030,P0095,7.98
b914bc7d-44bf-49e4-bfc3-e37053b8c2e8,P0144,0.52
5fa25725-b372-458f-989a-07b866fcf894,P0183,8.01
29d633fa-2747-4165-b31f-41cbc06db986,P0049,21.3
63462893-8eb5-4520-b82e-f9a7c0ecc2b3,P0243,63.83
27dba5c1-5f6d-4b12-94e4-e931b475823f,P0268,2.38
3863a5f0-4fd7-4e10-9171-3bb1212c5aaf,P0285,0.2
f8a16fb4-7e4e-4e7c-b144-01cf37e6bf3f,P0179,40.52
e3ceeb10-7015-43f9-8b1f-be7eec62fc5f,P0187,12.93
c3956bf9-e501-41e3-94be-d6618cec79bf,P0276,30.79
bd4dfe99-de22-43ae-9d5b-c9260cb8982a,P0258,10.13
59c6a947-3301-434f-b01d-01d969ef860d,P0036,2.64
01569d81-70ff-41f9-a35a-62759b443e27,P0295,52.65
0d0aafef-54ae-4309-81f2-c9f7dc03a7be,P0188,7.0
f5866427-430d-4a0c-be6b-8f71216f51a3,P0240,9.81
b7dec7c4-1db2-42e0-a32e-74de7c61171f,P0190,31.54
22421be4-8ae8-487b-862c-9bb9b9836c09,P0137,31.35
2684849c-d3da-4d26-9c11-7743eef051ef,P0291,90.73
368c00f2-6d6d-4f0f-9624-ad5ef255c832,P0055,169.6
dea885bc-7aa4-4e66-acdc-4bc15e897dfd,P0292,35.22
079ca1aa-aa10-47a8-8898-e6523152b116,P0143,91.79
4fafa680-02d1-40ab-b6c0-6c22d942185c,P0191,6.61
2a09843b-0de6-4919-b1b1-a5e450f9c506,P0206,48.72
a3c3a035-6bb3-4255-85e4-2fab7eb0bc59,P0111,33.41
2ce13624-5fb0-433a-b7e3-8ee1e72e4115,P0300,8.66
03155f62-d286-47e2-be37-8d851799d3a5,P0146,23.48
35a7ef6a-9f25-411a-90e4-ddd1604f36f5,P0293,8.29
4dc175df-d82e-40bb-929b-f9c79e422548,P0283,12.74
c8b615a5-ae0a-48a5-af83-2bbe271b37ad,P0210,79.82
e8b0ba13-55a4-4b09-925b-1f7845934b8f,P0019,7.32
8dfaf989-6d0d-4855-a3d4-46bffc0079b8,P0229,17.89
2ad7847c-c325-4fce-a80d-70294873416b,P0190,111.48
2286f3da-7467-4e9c-a9de-83caee0bcef3,P0028,59.13
ba60c30a-07ba-478d-ba82-21ea239191ea,P0036,6.35
a2c1f6ec-63bd-435d-bc74-d0616c05d22f,P0191,113.23
5497cdbf-30b5-4d50-a4db-9c50f709265a,P0098,14.95
42882d25-e9ce-4e7e-bfb0-7cc52a470bd5,P0169,67.64
6e63f5a9-7eaa-4aa6-b396-96644befa5ca,P0147,5.77
c5249b6f-fa1f-4353-8ab2-6719479f5f36,P0260,8.3
535b1350-d09c-4028-af88-323e1f42fb4f,P0288,124.24
a031ac53-2bbd-4bec-8bd6-c9a252daa7b2,P0159,7.06
05a0f6e1-2858-4f1a-ac78-9c4478800dee,P0292,49.09
ff528411-3dfc-4a4e-99b0-32037c9c3712,P0045,24.48
8b5b6d5b-7f72-4949-a27e-8ff5399ea516,P0210,29.73
03f7f97d-211f-41ed-9886-ecc127a26f06,P0206,5.71
ab800553-c3ff-4a09-9c96-1b02981ef060,P0139,45.73
bbe84d7c-3f0d-4579-86a8-4342dc85b1b8,P0008,32.79
d0e196b0-2221-4ffe-ac0c-c38f4ff7a7eb,P0260,56.56
bf850317-a83b-4668-befd-9dd7fba2bc9b,P0243,56.7
e4342f6a-a2d2-4d4a-9cef-9389c65009e5,P0060,132.39
45cbf505-48c4-4bf2-873f-1eaeb693b2e3,P0176,17.79
ad72238e-b72a-40ca-856e-978c3ac53c94,P0131,22.33
fc2769dc-1a98-4fa4-b063-7664de46de0e,P0218,48.9
f6583065-2374-409e-9699-110b527e5c1b,P0211,129.67
4dc175df-d82e-40bb-929b-f9c79e422548,P0089,71.32
e395dea0-3a69-48c1-a051-c4f5d9bdb92a,P0031,55.91
96079e77-b33d-4b2b-9a2c-f85e28b499e0,P0162,73.53
b693485f-68da-4a9d-8aae-d5a9f66a7965,P0066,105.47
61956625-0e42-4eca-b005-c8e09c1d63a8,P0289,22.49
c7b3a31d-9cb4-4ab6-89b1-6fb9af810209,P0119,43.53
f0ef2f3a-95f3-4aa8-99a1-7c9a8cc2b0ff,P0095,0.45
453be2c9-cb1b-44f2-8af4-b2d44e7240b3,P0104,37.65
6a91124d-556d-4eab-8f3e-6beb5eced634,P0013,9.36
b8cfa24e-e423-4b5b-8850-5fce9da5656f,P0222,48.21
f4c95c6b-a877-4d90-a8b4-7267fff077aa,P0246,51.95
ccc41fd3-8a02-4d84-9200-1a5409b08c7c,P0218,7.57
f35c6e3b-a1ff-4bf3-8631-db80c12e40ed,P0125,64.67
c0a8d9df-9106-4900-bc28-207972af2b92,P0039,26.78
b0b0b54e-1bd5-4e03-9eae-9fa68ab289d7,P0128,31.71
e3c2cc93-a476-45db-a2cd-ecd390f2076c,P0257,17.72
a13558c1-6507-42f1-aa99-fc820c3f22ec,P0245,48.12
d57e717d-5db3-48a7-ada1-07c87176c47e,P0104,62.55
6c3c79e5-1d6c-4907-b5ca-a95b4e116f6d,P0274,159.27
303fe9fd-65c2-46ad-b67d-16888f959e1f,P0039,5.01
fbcd2811-8671-4247-a573-0422225adcb9,P0081,20.81
33409087-80a2-425d-9875-d19dc1c4f6ec,P0083,25.62
0f65632d-0621-4f71-8272-c02f8dccd05c,P0163,35.44
8414c0d6-1144-4ee2-afc6-095715c895f0,P0075,30.35
c93801e4-70e7-4a1a-9b53-87160d569889,P0119,38.74
d201af5f-7edf-45b8-9a4f-8d8375a97d21,P0045,67.54
23c5a3d1-ae72-4241-b039-db87c4fe9e41,P0215,12.24
f3880076-7e66-4c1d-8f95-43c0ec0ed363,P0205,16.89
1be07a29-29ce-4aaa-bc05-23ef28f01173,P0124,17.64
40655508-6fb2-45ba-aa39-438d244175f4,P0012,52.69
2d4ee54f-2861-47c6-b90a-9a73e74b7a43,P0083,7.61
c85ece5a-8676-4c21-9975-50b4e339096e,P0001,11.73
d6ad443a-6a8c-40b4-ac2f-09b1545595df,P0243,33.32
e6961c61-c7c7-42c9-8a4f-d22565f3192d,P0063,9.25
2ef52703-1828-4b85-b176-66e5df8cb0d6,P0173,31.99
a8d56062-c3d4-4347-954e-962e81904c72,P0038,89.99
c07d9740-95f5-41c3-8149-a3e7b2b604d3,P0145,40.74
b6f0ab8a-a8bd-44a4-b3fa-76aed47b922d,P0020,16.09
05da47bd-1ffa-4657-81bd-5f0f6322821d,P0016,58.43
1c3df0c7-159f-47f2-bf7d-dacfd636270b,P0122,43.43
dc2b4a27-4748-435a-8c66-200f01be615b,P0107,32.9
222db135-188b-440f-b004-6cb15eb0d7d8,P0216,0.54
6c67544b-cf33-46d4-bd30-2199ad56f573,P0111,38.94
2c9d8c3b-2603-429a-9793-38e6cc0a7423,P0125,18.54
c464fa6d-571a-48b6-9d16-53693a1f4803,P0277,16.29
6dc7abe4-f278-45d9-99d8-0b296ac59a40,P0273,20.63
0eb3eeb7-403b-4df2-8e82-49405c7ab3d6,P0241,5.01
56b35ae4-b148-45bb-b0c9-87bd358fa9b1,P0252,3.88
b5c0ab0f-8e42-4319-b45e-26f9421851a9,P0199,20.37
50914877-3ac6-43b0-9c6d-196fb2701ce7,P0156,51.79
c3e75b1a-3df0-4a5e-b74d-ad4b44b5d237,P0179,17.43
c476a1b3-0c85-4943-8ced-446bd6fe9d8e,P0258,1.86
6eb71a4c-ad3b-43ef-a6b0-05ea91d37467,P0230,8.76
ef6adc6e-d942-49a6-8e2a-8dea6c7b4428,P0096,25.15
423a04f5-1827-4f6e-a600-dadd8994df1e,P0286,52.86
bd4e7d51-0ff7-440a-9d1d-927aebef1890,P0164,47.87
08e0bb4e-8d21-4646-bcfc-c7f20ed4e860,P0226,20.07
e5ac93fd-2d1b-4c6d-8003-8b93ca01465f,P0022,84.75
a608f136-bc6e-4cb6-9c2a-a2b0658f4b58,P0130,35.23
69afa26b-2bb8-4f23-9cb9-30201a6f3fe1,P0141,235.15
1a65820e-dee7-43fe-a14c-60dade04f1df,P0117,29.49
c0568ead-3134-4e0e-a04e-f8e5a0acc987,P0032,23.8
353325df-eff3-4ed1-8b2e-61fca0ecf0ca,P0001,27.07
0bd5cda3-c811-4a15-a307-d58ed550b8f4,P0178,9.68
900817dc-fd73-4cfe-8151-f5ceb764930a,P0284,46.83
1700c0cc-8273-4046-aac6-b944133db935,P0166,1.68
52cc9fee-2e9e-40e4-bddf-d3cf106bb08a,P0200,80.77
28bdbdb3-34cd-4d12-9fd4-b9e79b566044,P0070,43.55
ffc0e0b0-853b-48ae-85b7-925d085735f8,P0268,28.25
1cfe8223-fe05-44ac-b9b4-43296dbaf1a0,P0187,68.27
27daabec-1d00-4de9-a805-9f849f10fe1d,P0045,35.08
284df3c5-9b49-4340-bf3a-2128dc3252f4,P0222,82.9
f3644c77-d292-4e43-be8c-7495cf44d1c6,P0244,27.64
d48ec351-8318-4fec-8009-71384d344a78,P0197,18.02
69b9e1f2-9fed-46e2-a208-f5cdb0525a3a,P0251,7.31
ccc8f7fd-47c7-42cc-a870-090e204b17d3,P0269,9.28
f2d19403-9229-4cb2-b51c-6fbc09964296,P0227,43.6
bea1e045-5c62-4128-99af-d7a4e8bc1c81,P0024,146.86
c168ee7d-06e9-472b-942c-4087bcbdc9ca,P0274,29.25
e963c4aa-720e-4641-bb09-afa55e493703,P0290,33.16
5cdffc06-9fd6-4297-ad6c-f533ca374ad9,P0272,38.37
478b7499-a66a-43e0-ab22-ed3be09c598f,P0092,35.88
efffc6ca-5749-48a8-8481-b7889033be6a,P0075,7.5
0f058cc8-0009-4f15-8737-e0422d69d4d0,P0109,82.29
c6881606-0dd9-4e9d-bdd1-d22bd76a482d,P0160,68.74
b40d4871-e4db-4a87-9c0d-513bee67a0af,P0274,14.6
a1a33bb2-e998-4b99-a41a-68d51c9ff980,P0048,18.52
8f22ce3e-9f11-49b1-bd8d-7a0ba9b55d3e,P0279,28.93
84a10171-20c9-46da-9e7b-5732592d4333,P0208,26.79
2fab9908-ddd2-4196-8eac-682f845c127d,P0099,10.21
33b7fff9-ee04-4517-beec-e325a9db1570,P0298,105.77
1a72583b-a027-43c7-a082-cb63015fa4f4,P0074,28.68
39a86e72-4797-4512-9046-cf0333c26204,P0019,68.17
56eed941-e0b2-4bc7-ba1b-cadad289d50b,P0064,23.93
d521bedf-4195-4f46-9f23-f9273bc66629,P0203,14.29
44a3d40f-0afd-49f5-bd1e-dea2da85d523,P0033,75.62
f5866427-430d-4a0c-be6b-8f71216f51a3,P0116,75.42
2b53b20f-f8a8-4ffa-bb90-f9b982666bfe,P0230,47.76
859730e2-2eb7-4c23-aeb3-3257f053bca5,P0295,18.53
a0bfcd78-3aab-48e6-98ad-4171b5920a90,P0139,67.73
420be224-0652-44ca-b23f-39c665d604dd,P0012,14.3
d7c3dd52-9287-4c00-8c4d-113cc4173092,P0067,12.5
43a51015-4e41-4643-b5da-ea4b5f97f53f,P0107,20.76
dac41933-311e-4064-ace3-831e08d32c44,P0108,2.37
51d03f41-2b40-4da8-8559-0ff0f8bf01d4,P0205,66.37
c7b3a31d-9cb4-4ab6-89b1-6fb9af810209,P0050,39.14
bb4919ba-3b14-4d96-9246-a82a4cae1f09,P0019,26.6
d3a2597f-1c72-42b9-a055-4a5db6bbf959,P0235,22.25
7a9e331e-6dcf-4eb1-84af-6c21d4a98ae7,P0218,16.95
6efdd179-03a2-4481-aaf1-dbba2e2a278d,P0074,0.96
c750845a-b86c-418f-b065-0752b1a4a1aa,P0105,13.01
73f79a82-f492-4712-a6de-b4f9034c09c4,P0174,30.35
5620f6bd-e95c-46bc-86b1-5b8ad5b4010c,P0082,21.42
f2b0c81c-f8ab-4218-819a-a1a5e4231005,P0001,2.11
d615f47e-0fab-491a-b8b1-2692245acfcc,P0277,7.59
161c5aa8-035c-48e3-80bc-671c1cc9235a,P0235,120.67
fd2be450-c71f-46cb-bdd5-1c41cd128fd0,P0135,140.79
e8c8a28c-2f2d-4582-a2be-ced6cc64d746,P0209,57.99
900817dc-fd73-4cfe-8151-f5ceb764930a,P0173,0.81
832d2d41-c457-4eb5-88ce-a22b85a2d862,P0157,137.21
7a7a9611-cb47-4fb0-8eef-739882f322c5,P0186,21.88
302c47fa-db0f-4765-b878-3f2a825cd563,P0249,29.19
7664de7e-ceff-418a-abd8-11da5f485aa5,P0094,29.48
cb2f47c1-875d-485b-bf55-8f8863f40b42,P0127,38.65
58874a57-062d-413b-a3d8-111eba18a37f,P0080,63.01
4843ca75-bd18-46ec-a462-660b0dd91765,P0292,32.36
13a0c77e-c7e4-4109-9b99-0ff267a86a47,P0243,72.24
8f6bc20f-1a98-4418-87a2-9e6c12a6c4f4,P0206,32.27
b7de1cae-cb30-48d3-a3e2-bb98b2ca8a45,P0240,77.18
553f3b54-82ca-4b2c-a652-bf0ad3618695,P0142,23.44
d0ccea4a-9ec6-4be1-a990-53d00ae31734,P0228,46.93
25fcd1dd-93f3-4338-9cf9-913d7e60c11b,P0132,121.43
9b63d100-866d-4389-aa98-8b2c33cce800,P0293,12.8
dbc77dab-1988-407d-ad83-ac4d1923f31b,P0089,13.33
ff854024-86db-4bd0-a6ab-53ca1796ff56,P0188,33.6
41c528f9-4fc9-48df-9c2a-3b9315176f3d,P0196,20.52
3ebb05e7-d117-4d4b-9378-c229e6e2fa6a,P0279,0.06
ac68e2f4-1a5e-4062-a0c9-c6d0ec866c32,P0225,4.33
2bb2ff0a-0426-4864-80f8-e51e4a247333,P0073,39.32
cb3c9921-959c-495a-8fe2-1209e6f5e11e,P0056,69.01
d93556a6-78fa-4a07-8af9-92a71435aba7,P0034,58.73
20e350e9-f3f9-4576-87c0-e10d747b9968,P0152,23.04
48e3c1f6-0e9c-4e78-92df-df11a4d4d33c,P0036,6.81
5011f519-6a04-43d6-bd7f-1a965a44ef4d,P0029,62.19
ab5dd80b-d1b0-4afa-b5f6-fa48e256e32e,P0275,2.08
cde0f49b-7ff5-4533-b28b-55f9ab6e8778,P0123,8.82
4674746a-ab06-4549-a082-fc476eda1770,P0082,20.85
62f78ab2-a3c1-451b-a8a1-da9f5af06c7e,P0079,23.68
29c80707-03a2-41d6-8b5b-9e9d21a2b6fb,P0026,61.09
2ed1a54f-a27f-47ab-a0b8-b925f013809f,P0282,35.93
2758e08f-a8c2-4bef-8110-beb0b5ad1910,P0241,47.03
42882d25-e9ce-4e7e-bfb0-7cc52a470bd5,P0154,62.87
d7c05d74-5e9f-483f-adbc-8c37676f6cee,P0021,5.16
91376904-4acc-4a5f-b586-ac2b3f080338,P0056,27.08
4f3add82-b9f6-4f71-8ddc-a1a66d9c2ff4,P0191,69.16
79958fd7-8e57-4671-bdf9-6b0890a32ccd,P0110,3.8
559c6471-2dc3-4e36-b805-5cee3e23d971,P0063,108.58
f718b58a-cd87-40e8-b383-a5c21b8076b5,P0192,13.78
bd8ef72c-a124-47ac-8309-868e7caeb704,P0249,37.35
e1f8714d-6029-4b93-a797-8308df5b6d3a,P0070,40.46
aaafd101-5d47-4d07-bcc2-7ec035c4798e,P0214,5.44
33da2d91-caa6-4be7-85fb-ecfabd4e27ce,P0113,73.91
b6fcfc67-5ee1-4b32-93ba-9e7e9385a75e,P0080,7.66
336f66cd-bfd5-4de0-ac38-4bd391c69779,P0058,20.22
1d2b9d10-0b97-4139-8563-7443b19dabad,P0279,15.72
1a77ab29-1937-4abe-a2b7-34ae320d5685,P0186,46.84
03ae7970-7bf8-457a-a10b-9ca5094e5edb,P0106,80.53
5102e8b1-af79-4c24-84a6-5980ab89efe0,P0244,36.95
f4951b9e-f27f-48a7-9b16-2596d4af30b4,P0048,37.56
c3e75b1a-3df0-4a5e-b74d-ad4b44b5d237,P0077,6.37
8e7675c8-09f8-4eb7-bea4-c949ee077be5,P0073,25.52
1eaa502f-0d27-4151-89f0-ce56a9cb8d92,P0299,87.33
90fccec9-423e-43a8-99ae-40de841534a2,P0061,15.08
ee2d0012-d2fb-428c-a0ed-ea070722d141,P0127,42.61
2b76f212-d9cf-4aa5-be9f-48d722704cc0,P0300,89.08
10497917-a7c2-48a4-8516-f6fd4681111b,P0203,15.87
c5cd21fe-e362-42e5-8665-3699a44a5fb8,P0271,41.67
655312c5-9db0-4675-94e2-a22c68f279b4,P0043,58.36
c7b3a31d-9cb4-4ab6-89b1-6fb9af810209,P0009,128.48
f9b1eb3c-5dc2-4736-8afb-d9049249ce7d,P0051,7.95
38718699-9de3-4336-8556-21b7dd281a7b,P0240,12.74
2fc088e2-dfab-48aa-b72b-94e765ab4fbb,P0052,35.26
d248d710-8281-48f7-9357-bf7ce491870a,P0287,25.22
03ae7970-7bf8-457a-a10b-9ca5094e5edb,P0239,22.48
789c672b-6042-4568-a66b-308c5820ad3f,P0228,199.29
3d769608-faf5-4949-a3d1-4cfcd1d16ef8,P0184,143.43
272b6dd3-c87c-4701-847d-80deea31d85c,P0017,11.52
78b4210a-9232-49d3-9fe7-9bcde57e86b2,P0121,74.8
9b63d100-866d-4389-aa98-8b2c33cce800,P0118,4.29
1cfe8223-fe05-44ac-b9b4-43296dbaf1a0,P0134,27.17
4ee4c6ec-e1b7-4f70-82b9-8da3e42c5f65,P0122,34.33
da3f1bb3-5821-45ab-9fb9-5b3ffea73189,P0056,2.2
b5384780-4f58-4c9f-b6c3-9f644bd803fb,P0103,7.2
2ac0d4bd-cb2a-4301-b5a0-0efa0856bf10,P0126,72.62
afbbd9f5-6abf-4301-97d1-16dc9832f191,P0245,1.26
c4b21dbb-045c-42d4-a2f0-c5b3bb9bbbcb,P0209,12.0
71ce46cd-7ee0-4bc6-a120-9666de2206f9,P0085,4.57
585fa854-2ade-43fd-a0bb-aee6da8a36e1,P0126,5.01
e3593f67-ef96-4b38-9b37-012c59acf2f0,P0057,12.38
33da2d91-caa6-4be7-85fb-ecfabd4e27ce,P0128,16.31
76298ce5-aeaf-41dd-a12a-ba27c32b8062,P0111,17.64
0bfe9620-62b0-4f03-9683-8c1b55ac7ff9,P0150,60.34
33b3fa48-2262-457a-994a-af4825fb0274,P0088,104.74
7082e9fc-6857-4081-9955-275e626d0180,P0229,12.84
5d675b63-cafe-4368-ab9b-f66f9f11c762,P0017,4.43
835ccf44-2284-4952-bff2-a83a8d35475b,P0202,14.68
3e759674-4757-499b-90ef-e6cd87c7cc0f,P0123,7.97
e75e734e-e16e-4a83-9881-33c2e16e8bc3,P0286,153.96
8a9e2e7e-3b2d-4f54-8906-d538ee4ae0d2,P0050,5.96
5d465b8d-be23-4aea-9915-4ac89db556f9,P0215,7.93
10c2d7b6-fe79-40e4-9107-564b6ef10d98,P0268,8.18
afc2a175-c6e9-4a12-ae3d-8e0b04174785,P0113,1.26
85c76a92-0639-448b-94db-a1772f452d4f,P0148,59.47
820449f4-d851-4a3a-b0cc-c5d1a4b9e834,P0102,10.06
27daabec-1d00-4de9-a805-9f849f10fe1d,P0131,48.44
d36e8354-b40d-47dd-b992-48a2a250247b,P0194,1.65
c02c623d-2ae6-492d-bfe9-9e0e842ee78f,P0139,66.06
a6580652-261f-4f2f-aeb3-21d68c729e04,P0264,30.88
c94c9d9f-7d48-4065-96c7-12084a551eee,P0202,132.0
e25926c3-b28e-4e6a-91ea-60489cadefc6,P0100,20.77
6dd9491d-e1b9-487a-a97e-7f0b788d72be,P0232,8.59
3d8fa9f9-727c-411d-8f0c-1dd75a6ab368,P0022,39.36
ca708254-948b-4fa7-acfd-afd103140aad,P0255,5.32
4282a539-0f5a-400a-ad7c-8d8fbf1471ef,P0253,28.42
d9dddad1-532d-4be5-885f-d583b3d98e36,P0287,33.71
be86c852-a9a1-4414-819d-37b914d9044a,P0089,2.08
bf97db67-57e6-4a47-b65d-00f1b080b06c,P0067,9.92
b2b2a08f-2078-4597-9f9d-dd7b8d7f4fd7,P0044,37.45
1b3dce08-0c51-4751-917d-853636fde549,P0138,0.89
77e3e9b0-8872-4dea-ac2d-fede449ffcd0,P0125,24.98
3dc30c0c-ddb0-48ea-bb96-d246cf74b07c,P0057,41.88
43b57e5d-3335-44bb-a7be-050fe25dc68b,P0041,35.08
2d3db9ce-09e9-46b5-bc23-9eda6a355f0f,P0100,12.41
98604b80-fc46-4ad3-95e6-3b3026591467,P0004,44.69
2c7eb7cd-9324-4484-9374-ad8db9e9f35a,P0185,85.52
0d9d231a-d08f-4d18-9d47-c9c08a54e5b2,P0114,4.14
be218c47-1861-46f1-a791-3b8801d35921,P0290,6.16
a7a55687-e7bd-4f77-b680-800da0e0feca,P0082,8.66
023f7acf-feb7-4bac-b3db-108a1deec2ea,P0283,26.85
70710bfc-4558-435c-81d6-d6fcc41f4915,P0190,34.38
b9082494-123d-43df-92dd-ddff48b582b1,P0153,10.32
e1f8714d-6029-4b93-a797-8308df5b6d3a,P0066,70.41
5e1fe194-182c-4afe-837e-5179c9c676b8,P0155,3.12
f01a943c-b7a6-43b0-8241-e6410309d5eb,P0048,47.23
5ba4d675-446b-404a-876c-338ce9bcb049,P0015,47.17
a13fe180-532e-488b-a90c-ee12e1a1f4a6,P0189,15.4
1d60ff9b-2a14-47c1-a695-4614cb9fc8d6,P0144,85.11
67b53f64-6385-423c-b08c-9c14bd2d90e2,P0060,7.15
281f21b8-adbe-4bff-9c69-057d0a973c47,P0206,86.76
9f507438-cc98-4cb3-8952-04eea66fbcc0,P0191,75.13
17485ecc-524f-496a-aa1a-d0da886a355c,P0080,67.36
d639fc1e-f240-49e1-a87e-b2d42b0f466f,P0258,49.59
5e27b4ec-2bff-4df2-932b-cb4e1ab71d0a,P0231,59.33
7c3ca376-e8ff-48a6-a098-8d9b0e46d5b9,P0087,41.77
91566051-cfb3-4256-ae05-7363ed8c8bf1,P0186,18.57
4e8baeb6-c9d5-42f1-9e4a-ab733e3dc12d,P0244,45.07
2b62ca43-f0e7-4929-a304-de9639213786,P0253,23.19
60c60c85-30be-4f3d-9643-ac523f423e33,P0076,11.12
d2b0da23-43ff-4c2c-934e-ffefd024d064,P0170,46.74
4a2b43b4-f8bc-421f-a0d8-b9fb72dce658,P0278,9.67
b1aa812b-6734-407b-ba67-a6cf55f217a9,P0028,21.41
10524e71-dc53-4eed-b7c5-c19686b3e944,P0269,69.92
739a7ed3-d32a-4eb0-aeff-8784f82870ce,P0182,3.29
141b60b7-e80f-4578-b5f3-dcb8886f9d2d,P0169,74.69
2fc088e2-dfab-48aa-b72b-94e765ab4fbb,P0167,22.1
1cc3cf19-97ec-4533-9a08-0ccd36e61a83,P0117,32.09
de8b3622-c617-4d77-8350-820825beba07,P0012,22.36
e292f1e4-aa77-44a4-b7fc-c56bb1018de9,P0279,21.91
4663dc97-36e7-4343-a80c-29275b483489,P0177,35.02
50ab4a34-c526-476f-8151-e3f046fa0b04,P0119,15.98
35971b90-0dbf-43a2-98e2-67e7a07c9c1a,P0232,1.37
4ee11a45-5996-4c56-af6b-b8601f976314,P0003,36.75
dbea4763-6eb9-47a1-b7f7-98afa6d1eed0,P0120,146.98
152004e4-5c91-4ae5-bdfd-4bcaea3dadd3,P0271,26.96
e7dc1eae-02fd-48f9-b1ff-2211d01ec102,P0259,18.96
a03b71f1-2b76-4f9f-ad65-d77a2a21e974,P0179,15.39
15c0f253-03ff-47de-80da-4b899fee1f2f,P0017,16.03
dcbff108-4c30-496d-8e80-911784199602,P0236,31.07
3af20693-635e-4000-a1ee-cec88e329fdd,P0110,11.24
9ac3c71c-8ffa-4ee5-8152-6e2764f13eea,P0228,32.93
51af7c1c-7714-4eee-8f0f-2bd1dbd006ce,P0155,41.88
f2f80c02-d31f-4d65-bd7a-d8b1c32ce249,P0233,92.1
430803cf-87eb-40d1-a1e9-f7ab1fff49d4,P0192,39.43
2dc7201d-8c4d-46b6-9d69-900860fd4ce0,P0114,0.52
21a137c9-8c01-40e9-be2d-a716c061b6cd,P0068,82.65
997ad08d-1761-4db0-9eb5-8408bc4f997c,P0089,80.0
7e27c5b0-570b-4568-9e43-c5c515883dba,P0068,90.94
8dc3f27f-ca14-41cb-a0bd-326db215e357,P0091,64.68
1f9307f2-8b6d-4547-82e9-a8ba295cb710,P0241,39.87
6ddaa97b-e8f1-4453-be28-610abb751e73,P0288,29.35
110128eb-02da-4241-82eb-6a8966538e16,P0076,75.12
a93e65c6-c326-464b-aef0-b5edbffaeb19,P0282,5.44
5e8fc975-ccec-4b22-b5fa-af9510a936c9,P0082,33.21
63878c6a-d163-4bd1-9384-2c7a35c55a60,P0184,26.49
0679706f-07ac-4c89-8fd4-635d813b9020,P0080,32.08
e099ad96-3043-4960-9e3e-05c03a3ab9f0,P0249,4.12
96a72a01-cdca-4ba6-92a4-984fb99ebdce,P0101,5.65
7644300a-7909-46ad-a078-eb9e2f5b765b,P0066,38.14
fa0976f1-ab55-430a-82ca-44275550460a,P0083,7.6
0a51720d-727e-4586-98c8-295f712912d5,P0041,38.58
5077af9c-acb6-4e5a-a457-189d2d431b80,P0083,3.26
934e5c0d-4416-45a9-b4c5-7c965d5f8d61,P0244,19.7
e7173f88-f93a-468e-8ec5-30c820fcd799,P0134,60.77
459ed929-cd36-4e83-a85a-29fc795f8cd7,P0178,90.97
20f516b0-cccf-4fb6-8cfe-325f9fc4a9f4,P0040,149.08
598d9293-3773-4fc1-98dd-6f46c3f1d55b,P0002,8.62
3e6d655d-f541-49da-b5e8-e5b58f5844a0,P0040,28.02
ef6adc6e-d942-49a6-8e2a-8dea6c7b4428,P0123,21.2
114442d8-5515-4776-8952-d7414ab4e3fa,P0194,118.07
bccbb513-20fa-4ef1-b426-7cf0957ffad6,P0058,0.57
3b92b20d-f213-44f6-97ef-eebcd8f259cf,P0079,19.69
ce2e5088-6542-4c79-a245-407f0cdf5004,P0117,14.41
ede81d26-7132-4338-afbd-66beeec8f40f,P0183,2.83
09c2d82e-4c1c-419c-83da-0b36944e3347,P0075,8.1
f20b61a9-31f8-4354-8b57-908a78a9be42,P0300,33.11
f4c95c6b-a877-4d90-a8b4-7267fff077aa,P0019,5.69
0ec71d23-5c69-4bc1-986c-079bc0748e88,P0115,43.01
429fab8c-a025-4a8b-b5c2-08f218c4b2d9,P0066,80.26
bc82e9f6-82c3-4bcd-8421-bbead70b7466,P0225,5.59
8279fa4a-01f6-4eda-b79c-15963b494511,P0163,1.89
a50b9c28-5702-4d42-a082-74d9af7f1fd1,P0252,52.16
550f4697-afec-4783-86b1-3f23ce0dd111,P0185,10.32
20bb7398-68b3-47f4-a213-c3ae469f892c,P0241,32.86
4998beb5-958b-4eac-a4f3-c8227e714379,P0264,34.09
03f7f97d-211f-41ed-9886-ecc127a26f06,P0039,55.16
4896e548-8601-4a60-80e8-8190e30b7f1b,P0097,25.29
37ca2dcd-6414-4c00-a361-51acb0dc56ad,P0268,47.42
eafae095-5dc3-4c04-bc5b-af4e43816018,P0015,72.73
f0fc68de-590d-4a62-ac3e-50759db589d7,P0067,28.7
c3f7346f-c4d2-46c6-8843-2394a3052371,P0270,35.22
0aa3597f-a5e9-494a-9cbe-86a69944ff08,P0083,23.97
600143ee-d136-4aff-9dc8-99670636a89e,P0168,12.07
d9036741-ebe5-4270-803c-e6c6a263d5a0,P0131,57.43
e411b22f-de72-4a5c-b695-57317e4c315e,P0163,38.65
8b4e4536-92b5-477f-8b18-31c8fb2f20ab,P0152,181.27
dcf3cc51-3a1a-4528-9d9b-11c11c2316d1,P0128,42.84
456447f3-99fd-4a60-90f8-0d803160f8e0,P0162,6.29
65bed8c4-b1db-4b28-a609-7c878358eec3,P0016,71.44
1403847c-61b4-404e-9929-6113b2c17126,P0153,39.58
a0ab2380-a56e-406f-bcfa-7da3d5322f59,P0005,5.32
7555253b-8d29-4538-876c-d7ee80cf9fb3,P0290,33.26
5f2f1ae9-e8ab-48f8-89a4-af75964ed337,P0189,47.22
4b9b638d-4e9a-476f-bf2a-f060f098bc81,P0019,61.78
22642984-aec2-400a-b5f6-85b80628595c,P0021,69.1
427c5e7f-7b01-43e6-af41-e45a1d8f60a3,P0030,19.69
7b2775d1-40d1-45a3-a922-452ca40ae53f,P0218,22.97
87652b4c-6a1d-47ef-b851-537de9f1aec5,P0082,21.17
a3c3a035-6bb3-4255-85e4-2fab7eb0bc59,P0286,24.68
7fea6a22-96d4-4ee1-9388-fbc76b5ca148,P0157,15.33
29301195-dc42-479e-aa30-8b995cfeb0ec,P0281,21.27
4b8f7a9f-33d7-492f-97a0-5c009aab33ab,P0171,5.88
341f15d7-d530-4ee6-898c-029dc6f14e3b,P0105,14.32
f5b32c01-ea73-49c0-80cd-11ca19cdd8ca,P0149,22.41
46ab788f-150a-40f1-9e02-61465c6bd761,P0178,34.42
58874a57-062d-413b-a3d8-111eba18a37f,P0073,26.97
3c5ed7db-089c-4d1c-b94d-2959628bf939,P0258,4.09
272b6dd3-c87c-4701-847d-80deea31d85c,P0111,20.49
31fda753-537a-45dc-b687-e62bf1bde759,P0296,31.68
9d2f9cae-c0cc-4596-aeb3-9d721f83e694,P0224,44.15
a8d77817-33ea-409b-8c47-9f842a33c764,P0228,10.54
5d6d9aa2-9111-417f-a8a0-6e842edb9581,P0153,5.81
d2bba4c9-c4e2-4b10-bbc5-4cdddbb9fde3,P0155,15.07
18952565-4872-4839-9660-151679382146,P0113,14.9
15b30801-a5e7-4889-b465-a93beaade817,P0096,42.02
2d6d7b4f-5068-41de-be49-23069400a9fb,P0230,39.14
bd69953f-deff-4efa-b8f4-52bd26662419,P0126,11.62
6f88653e-08ba-4903-8b3e-45a82a96b9ae,P0285,23.47
114642c4-e8c8-42b1-9d92-73efd1e5ff42,P0276,76.8
23b21dc4-47ec-491f-b16c-331a5e15f903,P0044,40.08
014e2f97-02ab-4985-9685-d980b2a6a0b1,P0039,115.64
058a8963-0c2c-42b0-a098-1a09284e0bf7,P0096,15.76
2c7eb7cd-9324-4484-9374-ad8db9e9f35a,P0151,37.78
9f8c5463-8381-4552-add1-864b61f42ee9,P0158,8.66
4895864b-d171-45b3-b27e-456db680fab1,P0141,22.03
d3a51bd8-9203-4a0b-9827-5b121670a3a8,P0197,42.58
181ad56f-a5a9-4c51-8a90-7b0f20cb5b4c,P0147,24.17
727e7b8b-4523-41e1-8e65-3e96d2190a66,P0146,55.71
d905d1f0-001a-4582-9006-1f4283563374,P0292,43.3
355a0ff7-7794-4923-8c83-d8635f930c26,P0284,6.94
bedde49d-332d-4d6f-84cd-b5374038b34d,P0300,4.23
ee442907-d6d5-4a88-b27e-dd80be7376fc,P0134,26.29
8585f0f1-5afb-4c08-8361-88a5abe86e14,P0073,86.06
bbbab611-d7cc-491e-866d-3db6cfb2f9cc,P0030,4.5
5792fdeb-f2ec-43ed-8028-b397688cff72,P0003,39.15
b0a20956-2467-4a8f-a3c6-7b59276713a5,P0032,7.62
0f65632d-0621-4f71-8272-c02f8dccd05c,P0079,109.76
43638094-03ae-4b98-90a4-6bbe85ccbf26,P0190,58.43
eba6baab-f045-4814-b51b-8a44be37d2b2,P0146,49.81
8857a871-5f08-4f6d-bb27-885af5aa7a72,P0135,3.78
1227895a-a6cf-4b86-b194-c7ade5659896,P0051,18.81
18e2a979-6931-4424-88cf-ba87710b8b7a,P0032,25.46
2361a6b9-7a98-4c4f-bbf3-aa4f509965b2,P0097,33.26
9613ab93-3b12-43ec-88dd-89aafd095cd4,P0170,12.52
87652b4c-6a1d-47ef-b851-537de9f1aec5,P0188,45.86
62a72c50-6a4a-4b2d-a5f1-c77682fd423b,P0140,3.73
4f16ae07-7394-4952-918b-af6b3dcc7c34,P0166,75.1
f0d1a89a-954a-4e5d-99c0-790898767d8e,P0053,11.9
7e27c5b0-570b-4568-9e43-c5c515883dba,P0093,1.99
478b7499-a66a-43e0-ab22-ed3be09c598f,P0103,18.29
ba92b712-4c20-4fe7-bb9b-1067c8f3bce3,P0097,5.65
85758b1c-519c-4af3-af8a-ec97e1423cab,P0039,51.54
e73bfe46-b531-467e-873a-7d281a280a9b,P0209,11.29
3a2749a9-513e-4ff2-b79d-0637a4a4e02c,P0225,4.67
71439816-75c0-4b5b-9808-0611d18b0b2e,P0065,82.31
284d8257-99d9-4971-b42a-87e1e64497a5,P0024,32.79
759d2925-23d5-499c-abe5-9b492c576937,P0193,52.28
dba55506-81d1-4f17-b463-098a85250594,P0085,32.6
329b86e6-f01d-4e2f-89ec-cb79894f74f0,P0240,28.07
e9bfbff8-4d12-43a1-b7bc-a49b7e95bc5d,P0261,13.13
e8d681c6-3898-4d4d-b2f7-e0c5df18c4ce,P0293,33.62
49400275-8716-400b-bef1-6c76d508cd97,P0016,159.97
b0a20956-2467-4a8f-a3c6-7b59276713a5,P0006,33.65
c6802fc4-acdd-4edc-8307-132f148958d4,P0093,33.07
2264d631-77fd-4f06-a09f-eda9a6f47f3d,P0151,81.99
854e3e62-9888-4509-a994-d781baed6e5e,P0023,31.03
28cd77fd-429a-4516-828f-81667860d4a7,P0278,1.57
93cfba20-1189-47cd-a76f-dd7a1360ca9c,P0065,17.85
cee4d04e-670c-4bfd-b275-9759635f8467,P0138,67.0
f38a69af-bd84-43c0-9fd4-cfba484393d6,P0209,66.05
b872aef5-0ce1-4466-94b4-5d18986e4fb2,P0053,24.0
9a449b98-5bc6-4616-afe5-8ea680a4d2ef,P0008,78.61
502d7295-3508-4690-ace3-ffc0cefe457f,P0145,32.43
b39e1e5b-4764-4c1d-8a41-ace7976685cd,P0121,37.85
fc715351-9317-4032-91b5-6aa777098a7f,P0047,14.47
2eed52f3-1fca-4c82-bb5b-c4ee68399361,P0126,70.18
f4f4779d-8dc1-41e1-a843-c322186273e8,P0205,26.97
c2c8061d-9596-4d63-b143-9af5fed56249,P0010,77.42
401bc6d7-bc42-4b80-9aea-80df624e18e1,P0193,22.01
167057f1-d8af-49b3-9e75-501d91aa67d2,P0028,68.54
c43ed2c0-3162-476a-8ead-54626773e74f,P0122,2.22
f2b0c81c-f8ab-4218-819a-a1a5e4231005,P0235,105.87
37ca2dcd-6414-4c00-a361-51acb0dc56ad,P0085,45.84
37941093-7687-4bcb-a239-661d788211ca,P0021,2.02
d93556a6-78fa-4a07-8af9-92a71435aba7,P0031,36.93
30fb862c-7d98-4816-8af4-ffd4315a24e1,P0239,58.96
82ab9bec-d585-4b9e-835f-2677f36e619f,P0100,46.52
85dcc233-f133-49e7-be12-bf23694a0f6b,P0068,99.09
571f7175-1f42-4385-8eec-b296c91c90a6,P0052,8.74
5be68d5e-578c-4331-9133-c2e348afd660,P0082,29.97
c81844a5-23eb-4b87-a68c-51bcd38af6c4,P0201,81.4
ad973f0a-9fba-4876-a502-efb5e13b7a9d,P0195,37.43
5a513e8a-3b13-4ae9-b598-27339fcf83e4,P0114,27.14
54065f3b-5f42-4824-bd99-1b62b0efb17a,P0246,21.22
bf0d4be9-08b0-487a-9351-a141d96e85a2,P0007,140.82
4998277a-62ca-404a-bf00-63674fb78e59,P0085,28.46
329b86e6-f01d-4e2f-89ec-cb79894f74f0,P0146,55.47
841f3836-d1b6-4fb6-82b0-d1ee5a23a2c8,P0125,38.69
4e8baeb6-c9d5-42f1-9e4a-ab733e3dc12d,P0027,72.76
56eab249-9ce7-4fe5-b1d2-f57cd04d32e4,P0052,6.82
76cec64d-4c8d-4762-9277-413c7c566f4a,P0185,37.21
dc51ad90-7f0d-404a-b9cb-c38ada12480a,P0283,22.94
5d435825-7807-4d99-8c92-9c16f48e32bd,P0073,30.81
4f5a7a5e-cdcf-4fef-baae-7c66b3c80857,P0258,6.05
7c9280b2-72da-40a6-917b-bd6780c9e75e,P0189,18.4
7f355830-0c06-4d8b-b758-8ae57bdfd862,P0160,60.64
5215bc1f-5a32-4fb0-9088-94be4c4c8d06,P0141,11.56
c16cb63a-26ee-49cc-83f6-14d52a12adca,P0145,13.75
6e63f5a9-7eaa-4aa6-b396-96644befa5ca,P0222,25.99
21d5ca1f-e4e9-406c-bcd9-59d25d08a55b,P0263,37.99
d8cb4f54-a003-4816-bfdf-34c824224321,P0082,180.76
74388509-bb37-4fbe-8ddb-19e91118caff,P0127,47.47
869ce9a9-6614-48eb-93d5-792e1262b0dc,P0099,158.73
4ba29c1c-cd66-4dc7-b765-2909df65d7c6,P0122,1.84
aa157a3f-75f1-4811-b956-848f008864cd,P0064,62.93
04611bda-6ab2-492b-8b10-10998d7ffafe,P0119,42.41
d3361037-df46-40f6-af8d-542edd86b8ce,P0099,9.67
dac18cc2-1921-4bd7-b463-a5c3c64566f7,P0254,4.09
0db79aec-f5a5-434e-b29c-ff6d8b9fdbb5,P0106,22.52
c3ce6085-03e1-471f-88d3-f0e1042f8181,P0168,29.77
9ca62bda-f75b-4b8e-8076-6061171d4481,P0176,43.68
71ca11a3-254d-47a7-ab14-840bec90cc2e,P0109,28.3
19e93f20-7486-43f2-86ce-90feb9c70c38,P0098,11.29
13d4f720-8465-4a1e-a5ad-eb74afa2ff06,P0255,5.46
d07a09b8-f903-4f0c-9df1-3baee3ba82aa,P0102,7.78
55e1996e-606e-4d41-8060-b1e5fdb3693c,P0197,12.36
110128eb-02da-4241-82eb-6a8966538e16,P0096,13.16
1c9fb9ac-2b55-4429-947a-7ac5a343a90d,P0210,2.68
e8283351-d0ea-458f-ac69-107baa136914,P0147,50.45
43287e76-b7d8-466a-a171-43c9fdddf875,P0243,32.31
c40f97b5-50cb-4564-88c9-6be0f5c8e488,P0296,15.59
a7948733-ebc2-4fcc-902e-a6bde339ca4f,P0159,5.37
2824c18b-1a43-4182-ac36-bddd56f85685,P0014,1.79
ea762ddd-8856-496d-b3c1-7a5e9593ebd4,P0174,1.37
86e7385b-ce1f-429b-a863-269c45e31acc,P0251,22.66
91f93f3d-1d96-4484-adc5-71e91101da6e,P0039,72.0
a80a059c-328d-43a1-b609-ec9e51584518,P0165,25.57
4e0a082f-5f0c-4249-9867-231bb22c4a72,P0225,8.41
5ca457bc-24d2-4b84-96e7-493b85014741,P0229,26.99
221aa6f1-e3e5-4fa2-93a3-4edc306d96a6,P0006,18.98
6c4559d0-2be0-46dd-bf38-b3676642379a,P0007,78.76
f0d1a89a-954a-4e5d-99c0-790898767d8e,P0003,7.96
45589ee9-1891-4a78-a3d1-54fb167609f7,P0294,37.32
be2bcbe0-a4d2-480f-b9a8-7ed56b0fd6f2,P0127,42.21
6c3ccbc0-9c20-4fdd-a4af-60c78fb0f247,P0208,44.4
8a24c877-f1b7-442e-8a5d-43fd7f6948cd,P0203,49.38
3469d12b-d3c1-4b1d-b371-aaa27dfaf469,P0158,81.25
0192c1f5-4f6c-4973-919d-5a3a2b92e511,P0153,15.5
6d1e0ba7-c0c5-4ece-bc8d-7f6d8d77c27e,P0278,40.28
13cdd3c5-039e-4064-9fbf-ae839d4aedf3,P0039,31.6
8164ead8-e492-4453-8c77-23d9f2b62c1c,P0167,0.42
ef6adc6e-d942-49a6-8e2a-8dea6c7b4428,P0016,31.33
d28a5b8d-bd05-4ca8-be73-b4eef0b2bc18,P0209,17.01
ef20a7dc-9695-48dd-b391-917d157be5f5,P0232,13.87
e84adc77-7cd4-4868-ac90-8e9ebec0b2cc,P0049,9.65
87d552a9-ed0c-42d4-a1a4-03e4ffb0362e,P0079,62.73
4222f2fe-a552-4433-a121-eef87bedd21e,P0018,60.78
52cc9fee-2e9e-40e4-bddf-d3cf106bb08a,P0048,17.1
58adc0aa-0e27-4718-936b-ac7eb0614b0d,P0245,51.93
c4c2fe86-21bd-4556-bcc9-0afc578ec377,P0123,122.76
dbfb9738-95a4-4ca8-849a-9fa1e193b17d,P0257,5.21
fea89223-e2b2-4b42-bd48-c42ed62d26ce,P0131,10.47
34a6e687-9d00-4263-ba07-605a7e9d4360,P0130,26.71
147b6aa7-6892-44a5-9987-ad3141bd83af,P0036,18.85
3b2b3e73-0a42-455a-94b3-00f8a4ee8980,P0031,8.25
bec100df-6e91-490c-bf4f-cd62a6dfdbea,P0058,8.61
d203de19-89a1-4497-b568-43e34d235096,P0177,57.5
bd69953f-deff-4efa-b8f4-52bd26662419,P0169,9.76
83470572-1e61-42fa-ab42-19c87d187905,P0139,14.46
d7f37068-ff0e-42ab-96e1-c29ee3c7617b,P0078,44.05
da1b2c1a-4934-46fe-a073-5d0a8cbe7180,P0254,31.78
66b4b80b-cde2-47fe-b457-96057131661a,P0248,4.77
966f3963-b7c5-473d-8ebf-2d41788307bc,P0126,8.49
4663dc97-36e7-4343-a80c-29275b483489,P0081,3.23
d57be9d8-2345-4a15-b734-63585f16aef2,P0234,24.03
860a8a81-7014-4c2b-afac-48a798145c17,P0022,1.52
3dfe7e00-fe0a-4324-9cd7-5c126a86ec5c,P0044,0.73
598d9293-3773-4fc1-98dd-6f46c3f1d55b,P0126,33.87
6ce85e6e-1795-4521-9f91-f777d970228e,P0285,134.64
150e5d38-814a-431f-96a0-68aadc0e3a05,P0191,3.7
ec2b3dec-d688-4572-bea0-68b6684c6ccd,P0207,138.87
ec4f73d3-8644-4767-b5b3-fc5f8630177b,P0296,20.56
87424705-db1a-4604-a4d7-46a9863798b7,P0040,27.0
3813e947-6963-496f-9d5e-07e5a6619315,P0085,37.91
ee4b5c56-7b8d-4a55-a5b5-3f9861c609ca,P0093,15.74
22842c76-a829-4811-bb2d-e67bfa4f0690,P0068,37.16
02beee10-e8c4-4024-82d4-ca0c2ecd8c70,P0234,9.16
e1a0e604-1daa-4521-9f97-f3dc91dd8b61,P0023,96.49
2d35f6e1-5507-4b7b-9a03-743b247fad50,P0133,12.47
18e2e78e-40be-4c60-9a8d-a3a563f8bcfd,P0171,59.77
cb8e038f-5795-4ff4-8fa6-5dc69b145ef3,P0098,105.57
420d51d8-eaa2-4a8e-9bec-55d2c792f7a1,P0212,30.05
898a1223-82aa-466f-8d1a-4f60469aa2e1,P0200,16.18
0a22ff40-6b18-4445-94dc-94d89550789b,P0180,30.52
b6d7112c-e95a-437b-9f43-efc73a1b3c53,P0181,6.54
cd65d52f-1c2f-41c5-becf-2c617c792e00,P0029,0.57
4ff0ad77-c7f2-4bc5-81d2-aa519934e4fd,P0244,4.11
9bf56001-220a-4b6f-b95c-39ba5e72046f,P0125,25.06
cab63f93-b8b2-499a-aa09-d0047be84510,P0243,43.0
39a86e72-4797-4512-9046-cf0333c26204,P0172,6.66
0b11a1f3-c61b-4af2-83e6-5f6bb07641d7,P0176,82.09
02f079d9-c0cd-4392-a470-322446e6d744,P0239,8.09
2631634d-6422-47e6-ac55-6d7cb2e246a5,P0127,19.37
f106280f-c5d8-4d1b-81d1-179ce2cd41cb,P0128,27.74
4d12f10c-c01a-4f53-b35c-fae2b82391a6,P0043,35.91
29991b09-0bcd-4692-b1fc-0d684019c98b,P0219,26.2
4769bfc6-6a73-4d03-9251-b67626256773,P0279,3.32
29fe3c6c-9ccd-4bae-b2e1-e735fac64a35,P0073,23.58
13975afa-e29c-41e7-bb87-e3977d5da90a,P0070,40.8
1e268d12-6c38-4198-b7cb-f411d2fa223d,P0246,10.44
cff2d5b9-4969-4d52-993b-7bd4fdea367a,P0222,21.36
f4582f5d-92e7-4feb-8826-9fee9a0258e6,P0065,4.66
38a8792a-617c-4970-890d-d213ed1be4ea,P0009,49.14
fafea6d9-8b85-4b9f-ae90-43d68c712b1b,P0119,5.8
8d1139b6-e841-441c-b6aa-aabd4da22228,P0123,146.02
8c4465d3-604d-42a8-b7be-3676a1596350,P0043,0.76
16be6a51-08c8-463c-b940-42292ec6d8f5,P0049,49.39
6884fe9d-7dcc-4a93-adab-bc03fb1aa885,P0021,23.23
15ae48fb-ab0b-41c4-bd79-be9e9ac9c1ee,P0266,57.78
ed678a97-b497-4974-8aea-a96cf1f3c35d,P0240,18.35
a97c8d4c-bf34-4615-ab65-64ff460a9e84,P0181,18.18
c7fc5921-f3e6-42b2-964a-92eaff6daad0,P0289,27.25
15ef8bfb-8f35-4c63-bb25-04414fe23540,P0278,12.88
3464b53e-0ae7-449d-b273-e032077a70b0,P0046,97.31
0658ea53-0c44-4d8e-9cbf-c19a08c6181a,P0152,41.5
2d6d7b4f-5068-41de-be49-23069400a9fb,P0256,39.95
71ce46cd-7ee0-4bc6-a120-9666de2206f9,P0296,27.56
0192c1f5-4f6c-4973-919d-5a3a2b92e511,P0200,26.16
38cf162d-b611-42fa-98df-872bf800b8a1,P0195,60.47
89f2c308-27a9-494f-ae0c-ccc1808bd3e5,P0283,44.7
85fad55b-2b57-4aec-bbd4-f2746f48e419,P0150,23.37
8b62089f-9cb1-4e00-9060-4a421eeb1b4f,P0071,28.79
b4e9607e-54b9-45d6-96e8-3f68e51842fc,P0048,7.39
08b8dd94-f070-418d-a9ad-e02b53a1d5f1,P0005,7.9
3dedc8a6-138e-44bf-8421-e091e7994ff3,P0089,2.45
a608f136-bc6e-4cb6-9c2a-a2b0658f4b58,P0016,30.74
85fffe02-240e-4bc4-bd92-23d4337669de,P0093,25.02
0e32afbc-2272-4baa-a961-a853f00ef045,P0016,63.94
de1a95ad-86be-4311-86e0-8cb17a878d34,P0226,89.99
1ff251c7-796d-455d-a004-9598c997f5ef,P0179,31.93
9ac721ec-bab9-4892-9eb4-18af8b7f572a,P0096,14.2
0381bc26-575c-41d0-81e3-705df251e2b3,P0117,44.56
8bd50318-e452-4f30-9360-b1aa09c37b87,P0089,3.8
fba87e7b-5c89-4176-a04f-18756fcfbe26,P0170,17.35
835ccf44-2284-4952-bff2-a83a8d35475b,P0102,24.75
60c60c85-30be-4f3d-9643-ac523f423e33,P0086,77.24
42e79ef2-51a5-4f7f-bebb-6bc27c28b35f,P0009,60.42
e8d681c6-3898-4d4d-b2f7-e0c5df18c4ce,P0264,45.52
1a3f9fd2-9c95-456c-9f57-41430a68151e,P0007,11.77
2fef1eb8-4a28-4af2-968c-071c9f25b920,P0084,35.73
91ca62bf-5351-47d4-8eb0-af114079d6cb,P0027,22.13
5555281f-7f8b-4512-88b5-8262ad25f598,P0047,26.33
21111bb0-e548-4287-992a-d457df38fc48,P0231,47.08
e077505f-a9ad-49c0-b17e-42650109f870,P0018,69.14
c9dd5763-51a9-4621-912a-5b6ad282d5cc,P0178,20.9
c06c7015-403a-44f0-a30c-852bca02b9ac,P0081,8.54
71155d37-3802-40e9-abb2-7b22da6ee4d7,P0194,62.72
b1a9c7bd-ee0a-4b30-9f5b-01ce254f4792,P0049,2.9
4e2130b6-1bcd-4950-9dc8-ccb822963779,P0038,140.79
691eff74-3374-489a-a71f-6669483a9468,P0266,16.87
7142805c-d4bb-4166-b9b6-6ee2768a85b5,P0200,14.03
defc5902-943c-4b7a-a386-6877e26dc303,P0052,35.14
7fea6a22-96d4-4ee1-9388-fbc76b5ca148,P0231,109.96
5ecda289-c0c4-4af7-914b-9c63caeab401,P0220,73.5
c8f9bb0c-f82e-4116-bd48-c54a392bbc99,P0028,73.06
4b200004-5adf-4a37-a984-4bd395928bd5,P0291,52.46
bc8d7200-3461-4ef4-9a61-3515878d4203,P0088,8.76
c6538059-d406-4ea4-a957-a2f517d6f72a,P0176,29.9
77963b76-a4a8-47e3-93e8-260f874a14eb,P0052,20.33
a35eaaef-453e-405f-b6a8-c175bd4816e5,P0277,38.89
355131d6-a185-4c9c-8c8f-582e48a0307b,P0036,45.65
8cd10ecd-03c3-4ca7-8384-0d08ae032374,P0174,93.9
7aeb3356-c278-41b7-9f60-8fbcab996d6c,P0075,10.92
1e9710f3-200f-4813-b86b-da9a977f29f0,P0015,17.09
c1e26289-abf0-40a7-81a5-871c4d1b9765,P0090,151.41
985daa6e-a7c0-4e89-8807-3514036fdd2d,P0110,55.07
43ca7525-ad1d-4dae-a975-f9605776da99,P0070,33.42
9c180fd5-7706-4654-885e-18c7d74a3a5d,P0109,46.93
c05e006a-3c4a-4123-b950-9e93154fd696,P0186,2.15
3f33adc8-76b7-47d6-bc6e-d5626d7303a0,P0112,0.88
40ade94f-c528-4088-b6d5-77fbb3f5cf90,P0150,4.13
2ec3d0ca-2e18-45c5-b3c8-e9b20e368917,P0189,1.27
820449f4-d851-4a3a-b0cc-c5d1a4b9e834,P0008,12.93
c6039663-addf-462a-a067-d3edf17e152d,P0299,8.0
52c2ebc8-e6c4-4a3f-9a7f-2f1c140c2e84,P0159,3.94
4b200004-5adf-4a37-a984-4bd395928bd5,P0151,26.83
bea1e045-5c62-4128-99af-d7a4e8bc1c81,P0266,37.08
55310add-520b-48ce-ab18-27da8c65223b,P0300,55.81
8236c002-9578-4807-85f7-6bad6209dae2,P0042,16.24
70857db6-5c40-4351-8494-26c3e763730e,P0228,8.88
ee9fc567-ebf9-4077-8f9d-53c162c20f63,P0083,1.66
a261226e-ce65-42c8-8b22-06377109785b,P0110,36.49
73031ba5-83df-4c21-8e06-a9c9c3d589cb,P0033,29.79
8236c002-9578-4807-85f7-6bad6209dae2,P0107,23.84
e12b6136-d497-40a2-aef6-79061ffb87b3,P0287,31.05
8b1b2351-64d9-457e-9dad-26a5bed3d5e5,P0196,24.28
0b060248-78b2-4265-ab62-7658138aa2ff,P0080,74.38
b343e5a6-6fc8-4d8c-9b3c-09c8e0bbabe3,P0026,5.52
b12c2ced-88b5-46cc-88f2-be8bc8cf527a,P0201,24.39
e7dc1eae-02fd-48f9-b1ff-2211d01ec102,P0208,21.97
ddf34188-cafd-45ed-b95e-462231ff21dd,P0145,46.29
5083c867-d873-421d-adc5-588d7b5983a7,P0142,6.23
05da47bd-1ffa-4657-81bd-5f0f6322821d,P0298,69.16
3dbb7285-3e89-48e6-a0bc-176e772f9964,P0116,4.1
5695eac3-024b-4851-8e35-ef938d7f103d,P0215,28.52
7c298c6d-3304-458a-a93e-fdef8ca82981,P0108,4.8
3464b53e-0ae7-449d-b273-e032077a70b0,P0212,37.37
8e814a79-9505-4798-9a34-3654d0435c3c,P0240,130.98
ab2aae15-7498-4635-b035-1d442be7bd19,P0186,44.63
80806065-be3a-440e-be2e-ce643f8e6a27,P0137,32.03
226e9366-b449-4f7b-a80c-988eb62bfd0e,P0218,17.79
c4f3bb15-d19f-4560-b3c6-8c36e683f3c7,P0049,1.58
34a6e687-9d00-4263-ba07-605a7e9d4360,P0237,39.6
38778529-8759-442f-8a0e-76cad2285f5d,P0099,32.76
2361a6b9-7a98-4c4f-bbf3-aa4f509965b2,P0275,157.55
f45295ce-b444-4f58-b3e1-90e26a4dd884,P0166,64.11
ea2d7942-c641-47c5-b6e2-08a6e3d73ab2,P0293,12.12
f35f1eb4-3975-406b-874a-f4aad9f8eed0,P0052,55.73
b6218deb-b8bb-4617-9253-10a4ef355a32,P0172,67.3
28bfc8bd-648b-4a9b-bad5-18b9299ed241,P0235,9.75
9718c485-eff7-4e0a-9a76-53be69fdc331,P0201,60.34
01076a9c-ffac-4781-ae7f-eaa6ad82e871,P0064,116.56
122cd0bc-f1f2-4a67-84e6-72b0fae09214,P0277,41.72
c411eb9a-4cee-458f-a72b-c57219a7232e,P0138,6.19
2344eb04-b7f8-4ab5-9ee2-0dc75fc23782,P0196,27.36
1666b190-3da9-4099-a25f-e7335bc3db81,P0032,22.92
4b061afd-4aa0-481f-b4bc-1ea35e54d46a,P0261,45.36
f41bf0e8-15b2-40ef-be7b-be685d4a7f45,P0228,7.77
fbdebd9e-f52b-4fdb-91ca-29085c8536fa,P0105,74.56
3441d92a-89ee-4684-adfc-4db11037b913,P0138,64.24
c94c9d9f-7d48-4065-96c7-12084a551eee,P0091,33.25
95c91291-c592-4add-a172-db7e39194309,P0213,19.06
0519cfad-30ac-4584-a9e4-0ba700e41f54,P0184,24.04
4e451b3a-6ae4-4a7b-ab1b-c575e7dcc817,P0167,45.76
7a2fc07d-d640-46ce-90fe-015e8272842f,P0074,16.3
9a2baf51-c33a-4d7c-b969-7f7ef02b70a4,P0224,14.95
e228626d-b477-49b7-84da-e8ece036bb7a,P0198,4.23
5f2f1ae9-e8ab-48f8-89a4-af75964ed337,P0115,28.59
23e5f09d-9504-4606-9de3-8739bf01b66b,P0072,56.97
35901c4c-4cb6-4963-8e93-379cf41be2bf,P0298,11.34
10b6244d-d8c4-48fd-a5fe-317263d8c86f,P0155,55.29
5d44b04a-1e2b-4eec-8e5d-cbe3c1114d96,P0209,31.7
5605b50b-ec49-492d-8a6e-574adf897a74,P0159,6.58
fd0b58de-7a4b-4229-a122-c9e071efbea0,P0268,10.26
91ca62bf-5351-47d4-8eb0-af114079d6cb,P0200,1.85
57acbd7d-1cff-484d-b87d-448509c71fd1,P0198,0.69
019ebe5f-7a33-4264-9134-9770a4c9d2eb,P0159,22.13
179c17fd-bb2a-4f3f-aacc-8910f1cde2a6,P0032,26.49
77e3e9b0-8872-4dea-ac2d-fede449ffcd0,P0089,157.95
fd0b58de-7a4b-4229-a122-c9e071efbea0,P0298,50.82
5a93531d-a9ee-4872-92f1-4283c63b8cef,P0207,40.87
ee442907-d6d5-4a88-b27e-dd80be7376fc,P0126,6.6
d4579e7b-4ff4-42ff-9b72-fca81c56d768,P0134,76.16
6e858fb9-dc0a-45b2-b059-f20cf3ff059b,P0258,5.78
c0f18c6e-0b09-46cd-9afb-16878c335d14,P0008,54.33
a3c3a035-6bb3-4255-85e4-2fab7eb0bc59,P0136,15.26
b729b7e2-f9be-4529-9009-efc3029fac03,P0081,62.94
d36a9318-13bb-4a88-befe-6d787d8bbfa1,P0177,26.42
45a871b0-9a7f-4f3b-a757-7c92caef7003,P0182,4.51
1f9307f2-8b6d-4547-82e9-a8ba295cb710,P0112,10.19
df2e99d9-d1d2-473f-9d96-fed5e897f224,P0032,91.57
48d91cd1-781f-4146-bb68-b88ae7cf3b0f,P0298,123.42
cf6332bf-4eff-4b63-9108-435378dc181a,P0034,50.77
54a203f1-ab64-4ca2-a68d-eb3c53109489,P0048,7.7
1ecfde26-2452-4323-aaad-199f6b4a6681,P0133,0.96
77013ddc-a99f-45dc-b0f0-5a2c52a68267,P0142,17.65
7303fed3-f96e-490a-bb35-39847319a3f0,P0145,1.1
b4cac47e-0f26-457f-9639-95730cbf49bc,P0116,34.12
9c9a0e5f-2561-4f8f-95d0-4b88482a34f0,P0011,1.82
821c3e07-aebd-4f6a-8a82-6c4ad370a1cb,P0054,20.99
7436fe6c-4968-4cb3-9fe5-9904a8d1f017,P0041,44.51
e3a952c5-fc17-4494-8666-3bf2d76beea3,P0201,22.52
754665fc-ffce-4a29-9d0e-498f1e6f9f81,P0189,15.39
0e5fbef2-117c-4167-bf90-902f2ec90de7,P0179,12.91
e92e0809-6db8-43eb-b24b-037764f293de,P0042,118.6
0aee3fae-7193-44d0-b084-320f3825cf3f,P0058,10.21
b10cbee5-6080-4465-b259-5ebcce5bc1ac,P0120,20.0
673a5861-1c9c-40fd-aacb-58fba0dd319f,P0175,80.6
4222f2fe-a552-4433-a121-eef87bedd21e,P0157,63.0
b7708e91-4562-47dd-91bd-9c4779f52a94,P0071,7.29
ab62c0a5-2603-4675-a604-5f2bcaae6ada,P0062,98.1
b94850a1-5484-4c45-bdbb-d4bb7e7266c9,P0229,5.14
ef07a548-5a80-4550-b5ec-8c9f36f29baf,P0282,69.09
6e858fb9-dc0a-45b2-b059-f20cf3ff059b,P0040,41.04
b6a14bd1-e98d-4d95-abc7-f60de24dc48c,P0038,4.01
c0b9b6b4-06a4-4b4f-b242-39417060c8e3,P0166,12.71
c69dbb84-6535-4e4a-8978-100bf360ef25,P0223,60.11
9aaafbb0-5755-4cad-9b62-e20944b86e86,P0118,14.74
f040f0b6-5806-4c0a-acba-c56cd7e70d70,P0117,39.32
581a1dcd-eaa0-4771-8ba2-b929650c7cb7,P0198,76.62
97ce55d4-cb46-4a24-b01e-822db22f6dd0,P0013,81.15
480bd846-6e97-42b3-b73b-5a715db8cc88,P0017,12.65
a850d6f8-c0b5-4c50-9a88-8f41068fa1f1,P0066,40.51
3b44b6f8-47da-4730-8d38-00f210f57972,P0259,10.42
2ef3ed35-5a81-49d5-9619-2125b860bfca,P0098,14.91
b89dc1f3-a49e-47d6-bc27-6621e666d291,P0240,3.74
c0e09a88-b3a2-4953-9002-cd947632b240,P0208,83.61
3d987b80-ab77-43ad-ac94-8e01b5ff321d,P0286,6.97
a5bf9f59-8e87-4a61-8e2f-5c0b450c1e68,P0073,43.43
ad973f0a-9fba-4876-a502-efb5e13b7a9d,P0095,39.47
9ca065fc-56fb-4f29-af5e-e2eb45518f90,P0274,65.95
dc9e3a00-b804-4be6-91a8-38db1ed37055,P0002,51.4
7a9e331e-6dcf-4eb1-84af-6c21d4a98ae7,P0198,33.11
b6a14bd1-e98d-4d95-abc7-f60de24dc48c,P0227,12.12
8b765f3c-5a84-416d-b104-dd39242f4ddf,P0101,45.11
a351a7fa-7b0e-44db-b50f-e91218f55de2,P0149,25.41
eefaf7ad-e814-478a-80f6-cc3ac9e19e0f,P0293,15.0
d46cda85-d2a1-4c60-9c5a-c375c48af433,P0027,113.81
d4e4cc8c-13ed-4680-abd6-383886791770,P0142,60.37
888dd0cf-5de3-4dcb-9310-0b78ec3b1ecc,P0011,66.0
17031809-76e2-469e-9fe5-05f9ea2c39c6,P0012,49.49
82b0550f-c794-45b7-b472-6051c29fa1be,P0060,20.34
af539309-d9db-4c4e-8975-ca1cd129f00c,P0234,81.57
fa69eb79-e112-456e-be5c-6543cff54553,P0114,19.12
016af3ae-e3ea-4d17-822d-f9c8ba1771b5,P0271,24.45
86349f61-31d7-4db4-81cd-153e06e630d5,P0181,5.97
a8206fb8-3993-427b-8245-e461291da6cc,P0153,6.94
ab3bf3ed-0184-4592-a96d-e2ef7388c3cd,P0067,22.25
a68940d6-7ee1-42da-8f47-8273b1377165,P0184,29.14
86aea370-fc58-4065-a20c-a3264304761f,P0263,4.21
37273531-a880-409f-b0ce-6ea2a385bb9a,P0256,47.12
7a2ccdb0-dca0-437c-9cb8-b364340a46ec,P0199,40.63
7342b059-91de-4206-8500-56c0eeb328f6,P0158,35.54
0de8a1ad-e2c3-4c2d-94f2-8461f893dbff,P0027,21.04
b19de9f3-1329-49d3-b388-0c3fba7e0c67,P0112,2.68
4b8156eb-3598-497f-b4a3-ad816205dffe,P0036,2.66
1ba0e8b8-ecf1-45c9-8a1f-8b4cd88fea6e,P0241,12.43
08f7e74e-fda2-46a4-97ab-d085d0ed5c2d,P0256,46.37
c0816a76-49ed-40e9-84d5-8acfb80e3dfc,P0042,6.33
5f5dc601-a49b-4c6c-8318-e1c872163c29,P0136,91.43
b6424def-873f-4871-a962-5a073bfb5024,P0152,26.16
2051a5bf-eada-4db9-800b-b030b8cbd012,P0127,3.4
41e30bf6-d675-4f21-922d-25d8f96ed136,P0161,6.23
231e09f3-7782-4c6e-b49c-132ac5e4d749,P0223,1.0
9b208664-659a-49f4-b92a-a5ccc10d2a66,P0042,4.36
bac3e9c6-ec78-4946-908b-b702b4e77814,P0246,54.5
b10cbee5-6080-4465-b259-5ebcce5bc1ac,P0033,71.83
3e1c7ef0-d8b1-4e17-a85e-7eb5bf5b9e90,P0081,11.13
182489da-3a28-47d8-9dc1-39001642d2da,P0118,17.04
4da703f0-65e6-4839-8074-527b7c3a651f,P0287,80.15
ab800553-c3ff-4a09-9c96-1b02981ef060,P0097,21.24
bc230bce-7f84-45a5-a14c-6a29c53140c3,P0128,6.07
09fcf2a2-11cb-4daa-91ff-9873287819ae,P0165,63.97
c7568fb9-7966-4a52-8eb4-32dbe64853d3,P0126,12.18
13728f82-f979-4643-a2f5-4083661ebc9b,P0266,48.25
72e46aae-c6cd-45ba-bf28-f26940e55e55,P0282,7.37
1daa52d8-4872-48c4-9dbd-ba2ccb65bba8,P0232,4.25
8c2bdfe0-705c-4e17-bf86-51d7fc7666fa,P0269,72.0
c1614c69-81c3-459e-850f-e5842e093c7a,P0252,8.08
150e5d38-814a-431f-96a0-68aadc0e3a05,P0208,33.87
2ce13624-5fb0-433a-b7e3-8ee1e72e4115,P0082,5.5
1bd0ab63-9b69-4c5b-af4a-bd83ac1fea31,P0093,136.93
fa3e4f47-2bb8-4d60-8ecc-dd8a23942ed2,P0096,4.35
2644acf4-d1c8-4adc-abe1-5aba80bc586a,P0133,41.24
1e95a2a8-59b5-43f2-a591-4ad11eaa5e6c,P0251,54.46
76aaf3fc-fa7f-4740-ada8-d7f83f5cfd30,P0035,72.3
25fd3afd-68af-4d1f-8b72-0792da7bf5bf,P0132,12.47
3b81ba66-ef7b-4423-9cc0-d343494a8350,P0221,80.17
6efd11c9-ed79-493c-81f8-3eb1ef3f594a,P0133,64.11
f931d7e3-cca7-445c-9b3c-2014c1f440ea,P0289,31.68
ffd00612-565e-4d24-a721-885a487d2379,P0129,41.57
4ff74e8a-e3a6-418b-906b-90b2b3ee6672,P0103,54.73
eeeddf40-f683-4088-ab9c-4d7a0ce8d409,P0127,53.42
98fac7f0-cffc-4862-8ba6-5c062d5a7565,P0242,49.11
4af58e55-9370-465e-a99d-d7aef81dc61a,P0011,3.79
2a7b221a-96ce-4dca-9e42-f5e63f6793fb,P0297,76.65
ddc5a395-f35b-45da-9da6-85d651a600ac,P0093,6.39
e62bfb95-d67d-4b2e-9ff2-17f20da0fe11,P0182,3.78
07fdcda7-39d5-457b-887a-5450a7de4c92,P0045,21.54
13ee22ef-3fd7-4403-b23a-a07e784a687e,P0225,33.26
c2dc1f5c-21d8-4fe9-82df-dc648657fe03,P0281,4.76
96f3a93a-a04c-4918-b087-27d25968e559,P0254,18.87
d9b6f83e-7f8f-4eac-9709-5e18da2f9dc2,P0018,18.53
3acf8d83-a5d2-4d23-9113-3c41192555bd,P0296,4.64
4dd91bc8-f72b-4958-93e9-cc5f68e56213,P0019,41.05
91dd2258-12e6-4c17-8448-dd3c845c9f2d,P0243,44.42
20f3bd67-a9f1-4185-b3dd-201d7ecfdef1,P0231,29.82
a6ebb55f-a0e2-40cc-90df-0fd39908457c,P0189,29.76
cfe54edc-894e-4377-b7e1-d519c164803d,P0036,15.8
2eb16177-8f6b-4180-9aa1-8e72c0c38737,P0212,6.17
9795cfb0-0970-4a87-b7bd-42c27d046cce,P0111,22.2
26d2bb30-b197-4ef8-beef-1bb69b2f6962,P0004,2.53
d8fd989d-18fc-4822-8892-a9e0fa7ba584,P0186,2.27
9124a0d2-30e4-4624-ab36-10080e5879c8,P0183,11.4
eb209aeb-7c0f-4454-a71d-a86d856bda5c,P0276,41.8
305b6e8b-82e7-485f-8f81-e1734785851a,P0068,83.61
e9bfbff8-4d12-43a1-b7bc-a49b7e95bc5d,P0100,14.16
96f3a93a-a04c-4918-b087-27d25968e559,P0219,2.04
174aaf77-d446-4e7d-b104-824dcbca6bd0,P0116,82.32
0f16a46b-1199-4dfd-bc43-9c853632bb45,P0197,46.91
5a513e8a-3b13-4ae9-b598-27339fcf83e4,P0292,84.44
b76a52fb-a897-4868-91f5-99582f542848,P0076,116.66
50987ec0-8105-4b8f-96eb-b6cd4a45289f,P0293,37.4
167057f1-d8af-49b3-9e75-501d91aa67d2,P0284,15.28
82b50a93-0478-4604-9c4c-f8db045437ed,P0258,3.61
6c57ff0b-253a-41ee-b6bb-f9329deb5c24,P0057,2.61
499d0c6a-fa0c-44ab-a415-cd231d4a31ab,P0179,34.1
28af304a-b08c-4ff0-ab85-b8766dc872f1,P0031,28.21
5e5cd896-0b15-49a3-b276-49dbede903db,P0256,11.45
29d633fa-2747-4165-b31f-41cbc06db986,P0036,21.3
37d79f11-adbc-4a88-b15b-0214dd28f035,P0252,112.61
9b5210f7-9912-4a20-8a96-1a1d81ef0faa,P0246,18.18
b0b0b54e-1bd5-4e03-9eae-9fa68ab289d7,P0144,63.9
e0b2a220-d140-4105-89be-868bc4e26857,P0014,42.68
af1cc3c1-17a5-46a5-8017-094e5b1cb652,P0241,43.02
c755d485-75a8-4e28-a584-f8647e279055,P0019,14.61
8e826f8f-66e1-41cd-8087-0bc9e9fe0af0,P0207,19.87
871553f1-2ae6-4b25-838b-2fb997daf029,P0103,5.26
73fd1f1a-fada-47e5-9462-74d06cb4355b,P0109,64.23
45589ee9-1891-4a78-a3d1-54fb167609f7,P0284,37.9
d9cef3b5-de3c-45fc-95a7-e548f412b53b,P0111,84.33
368c00f2-6d6d-4f0f-9624-ad5ef255c832,P0067,32.7
4dd771d4-d8ec-443d-8517-9e6660e51500,P0185,18.91
0e46a77c-75b2-4250-9032-6ab0fcbfd525,P0200,5.53
e75e734e-e16e-4a83-9881-33c2e16e8bc3,P0160,9.04
09944ace-a351-4b37-8c71-bdaf78a311db,P0020,13.5
c042a7eb-f4f5-4fe4-b767-c71b6203b6cd,P0106,102.24
23442303-7491-460f-978c-666b37018aeb,P0009,2.86
c21c6f9b-17fe-4a53-a52c-537faf6a0fc5,P0296,74.7
3c8edadd-34d7-480c-bdc2-40faac4b3d26,P0083,83.54
0bbf8c0d-911c-4c65-a8bf-c1cd0a19be65,P0117,14.93
46dbc14e-c767-46a2-9e8a-6c9921f071d4,P0273,34.65
524a1737-8a22-4c0e-9319-2c154a181be9,P0248,86.8
46d7b923-2269-4403-a7ad-8837ea0d48a7,P0136,1.89
257bfdda-e423-49fc-892d-09516b4f95dc,P0141,1.0
91dd2258-12e6-4c17-8448-dd3c845c9f2d,P0231,22.08
c682a4de-68a7-4ad8-a023-02dd8ca37c8a,P0213,72.94
4b061afd-4aa0-481f-b4bc-1ea35e54d46a,P0030,3.13
976f19a6-fc20-426f-b089-7e99445190ad,P0093,42.06
d5e95cf3-78d3-4efe-a778-459b9578e0da,P0212,12.14
f53c47ab-d5b1-492f-9d1f-ea82879d9207,P0059,97.04
246bdf2f-9dbb-446c-9241-6434668eb668,P0007,59.29
ddc5a395-f35b-45da-9da6-85d651a600ac,P0146,6.79
68767b49-9848-43ab-a0cc-d4e29ed58187,P0106,45.96
3acf8d83-a5d2-4d23-9113-3c41192555bd,P0127,11.8
2168dbe7-6ec6-4210-b7c8-237ef11a6bf6,P0164,27.44
148bc91f-3540-4531-87cd-c66cfb2424fe,P0014,138.65
18365591-2e0d-422c-9de3-f7c3148bc373,P0068,7.76
cc7af329-d6b1-4858-acb7-63166f8aafce,P0170,24.66
cc008571-0646-4fa9-94f1-76430bb40574,P0054,63.48
866a195b-102b-4c34-83e1-8fef21709f9d,P0045,60.73
75419b5c-cee0-4415-a506-b57641e5588e,P0049,26.75
9a839eb8-7c2e-4a15-a83b-c963b9550c4b,P0244,69.67
e537e89e-bbbf-4839-8c3d-060a520a8bd1,P0110,6.78
0cb62158-2d3a-49e2-aa5b-c53b86f7c9ac,P0064,21.87
bc565f17-e6e5-42ab-a48c-05a1a3ee5bd9,P0090,27.57
a5253016-35e6-4c5a-a48c-f2cf849be6ef,P0181,41.1
100f9088-a291-4bc6-8a44-f2b0255fc5c5,P0149,94.35
75b4a276-76c6-4377-8a14-a2bd5f2f3a99,P0156,38.46
5011f519-6a04-43d6-bd7f-1a965a44ef4d,P0184,15.56
9149322e-a924-4fd2-8094-98b651788e3d,P0102,29.06
4a670f1a-0b9d-4fb9-99cf-485b5c54052d,P0190,131.83
ec37c749-b3de-4017-b0ab-da39b610c00a,P0019,30.47
5a28f4ce-e841-4203-b9a5-7b2d3b5d2d37,P0022,39.5
8823f95b-c59d-4e37-ba00-69df292606ab,P0001,57.34
898a1223-82aa-466f-8d1a-4f60469aa2e1,P0057,23.69
821a76f2-1b01-480c-9496-1e2419ac1273,P0275,12.63
9ac721ec-bab9-4892-9eb4-18af8b7f572a,P0243,61.2
7803ff3b-4fdf-4b9f-b221-560be540817c,P0193,138.28
8914b12d-bee0-4706-9191-d1f36088138e,P0056,37.0
401bc6d7-bc42-4b80-9aea-80df624e18e1,P0200,95.84
4dfed752-6f0f-483a-af41-944e7ffb92f0,P0102,0.48
185ab1be-4b02-45de-a0cc-d7f670bd80e7,P0033,32.38
391c2ad0-2b62-4e6c-96af-00f4e3e815fe,P0160,6.61
f02ed8c3-909c-4a57-870e-3cad3d024efc,P0155,2.44
e5e68f33-6a80-43fd-9755-3d80a53d03db,P0264,48.48
09c2d82e-4c1c-419c-83da-0b36944e3347,P0032,1.8
9de85c26-d7d5-4519-a8b9-6f28ca56345d,P0298,40.82
96a2f21b-0a6e-45af-9b7e-1fa0ca483c47,P0082,53.69
1cc3cf19-97ec-4533-9a08-0ccd36e61a83,P0071,18.28
685b7933-9483-456d-ba78-7bf9e41ffaae,P0028,11.24
e2eb39ca-5ec4-4e83-a075-0e1b1e80b377,P0219,77.34
5472f95a-c72c-4ad9-adcf-753270bf2ee9,P0271,20.55
2631634d-6422-47e6-ac55-6d7cb2e246a5,P0296,8.24
067a8839-2217-471a-b546-d9ac8c46618f,P0202,2.58
2d52beff-d9b3-4b3e-a074-03d651b489c6,P0138,16.52
3411f8b9-1112-4d27-87cd-33a820950c0b,P0088,8.79
96b32d84-75c2-4e5d-b5c3-cee535fc4412,P0173,40.26
be41e9b4-9332-45db-a133-1faef6ff99ab,P0251,126.31
1cfe8223-fe05-44ac-b9b4-43296dbaf1a0,P0027,0.31
6c34fbcf-496c-49e3-99c9-4775a41fa508,P0275,17.63
75639035-a91e-49fa-b54f-91c8e3f3a809,P0286,20.18
caac80b8-dabc-41ad-a35a-e3fc5aba24a7,P0209,2.43
cfe54edc-894e-4377-b7e1-d519c164803d,P0009,17.03
fc715351-9317-4032-91b5-6aa777098a7f,P0237,91.95
a1fe4d6a-07fc-4398-9478-ce634cbd930f,P0229,4.76
b675cc45-d12e-4f8c-8760-8869034e6ba4,P0190,40.96
be4c9f78-d0a1-4887-9e84-fb731d0cb25b,P0114,21.06
1e82ee27-d08e-48e9-ac40-9801b9ade534,P0118,11.88
9f3ee8f7-8512-4522-a85c-2ff15cf68ed3,P0133,11.25
bc8d7200-3461-4ef4-9a61-3515878d4203,P0178,20.72
5e412a63-06f3-45e2-8cfe-26a4abe9ee95,P0136,31.46
aa28a62e-af15-4606-852c-ad1b742dae55,P0240,33.51
0b9d6798-19f7-4cdb-9ea9-84827292455d,P0272,31.46
24ef1b21-7a94-4716-bcf0-612fd09b3f01,P0246,8.69
f04a17e1-d8ef-48b2-a774-b409554849df,P0021,47.8
96f3a93a-a04c-4918-b087-27d25968e559,P0222,133.71
46ad313a-980d-4a03-a7d7-a67fb4ab134b,P0027,221.13
93ce7146-8196-41fa-8335-8673f9efa7a2,P0150,18.88
05a0f6e1-2858-4f1a-ac78-9c4478800dee,P0062,19.17
55e3f527-5435-4b68-ae0d-1f294899a9d4,P0057,5.27
3b432efa-a170-4b7c-9715-fe072e2a2f9d,P0073,28.04
31f966b3-a3b3-4637-931c-b2841189bdad,P0250,118.05
66b2e913-eb87-40c7-b0dd-a8f3386b972b,P0292,15.84
4d43480c-69e0-498e-a157-549aaaec3c63,P0285,94.93
a5ea6b4f-13ec-4a72-ba0f-579ae7443e69,P0048,30.82
9064f73d-9f34-484c-905a-2406c89874fa,P0047,9.22
10dcb8be-d928-430a-a556-365f62a24053,P0043,2.41
685ce01a-2a04-4842-8b10-6f4ce2459511,P0004,55.16
4820d7f7-41ba-446a-b8df-6db07a7887e5,P0106,8.51
363dd551-0d3e-4a58-b407-fcc828b8cd6e,P0047,67.29
bc982a09-fc1b-4331-a2d7-447c1a9398bb,P0021,50.04
20892433-7be7-45e3-b6fc-43753fbe7c44,P0137,66.06
f9ba3de8-0d32-498f-ad27-1c8ecd8bb802,P0288,28.72
b017898e-781c-4e1f-a25d-0fefb8a616ce,P0108,11.92
032ca1fa-5e90-4e0e-b5f8-9dcf21747a3b,P0111,27.13
da4e6fad-6bfd-4f6a-a528-42421f239557,P0078,68.39
b872aef5-0ce1-4466-94b4-5d18986e4fb2,P0087,27.24
6d924080-712a-471e-9bfc-e0a8e247689f,P0033,33.78
a9413983-85e9-4cd7-b954-8a9b8ec34e56,P0063,56.28
493207b8-dc61-4ee9-a473-aefb6eb3c80c,P0043,45.32
fe880b07-585c-47a9-ab47-b6632d40f11f,P0226,89.1
f863d2ae-27f9-4293-a7ee-082565fb132a,P0035,8.37
18e2e78e-40be-4c60-9a8d-a3a563f8bcfd,P0156,4.93
f5089a95-ebe7-42d9-b039-dccda37fb828,P0042,60.22
b33e4d61-f2ba-4755-bec3-45beb87e03d1,P0150,44.71
33409087-80a2-425d-9875-d19dc1c4f6ec,P0197,17.31
58cc3af4-bab5-4c88-9bb3-318426467d9e,P0140,40.82
78e5aa93-cb82-46e2-ac6d-96aa01c94586,P0168,5.44
b30942ab-323b-4ca7-8013-31b93cdea167,P0162,2.91
b280f237-d767-46e8-93d0-e716070d0d4f,P0185,7.48
71741287-120d-4296-986f-d4c256014d54,P0248,50.21
53a795c8-4dca-42b2-8876-949bfe0118b3,P0001,8.41
9316eafe-28f8-4801-a75e-53e33874bb2b,P0162,29.98
1bdaca55-1a17-4c20-a571-1901a7c56d23,P0159,27.21
c543b3e6-ba39-47c9-9399-c76a87696b6b,P0213,16.29
88b6dc41-4967-4b6b-81fb-0d38b5b484e7,P0168,28.34
97218ce0-7997-4d82-b6aa-f03776a5c4e8,P0221,34.87
0081c57b-895f-443f-93d6-3ae8a46c027b,P0004,20.05
cf29df77-2004-443d-b66c-50d1d38354ed,P0060,67.52
f2d19403-9229-4cb2-b51c-6fbc09964296,P0274,4.49
71155d37-3802-40e9-abb2-7b22da6ee4d7,P0043,78.39
0926b8bd-d4ec-4f83-a3f3-e0051b3061ea,P0143,48.06
c85ece5a-8676-4c21-9975-50b4e339096e,P0147,17.2
01745c74-0313-4bcc-9ed7-65e54efe2ae4,P0015,13.19
e76df551-9166-48a4-9920-1b95075b403b,P0170,69.98
44e3d074-87a0-475b-a527-18acf63298a9,P0044,6.51
b2694097-3653-454b-b05e-17b0c7a70368,P0038,73.5
9bfe553f-70e3-46f6-a73b-5728471c90c8,P0105,68.73
e8ad4947-7688-4045-818b-c8bb7290c776,P0260,33.21
f12277c1-28d8-4ecd-9545-a8a4938fce93,P0148,53.45
d91ddbef-6689-4c61-8ccc-41b136d8037e,P0017,76.38
7c45336e-a530-486b-b4cc-afa771cd43d9,P0160,73.17
fd5bd6b1-3318-4026-a742-94cda2545aeb,P0074,47.86
21a137c9-8c01-40e9-be2d-a716c061b6cd,P0155,62.49
27d24636-7f8a-4468-9bbb-562bfc28151c,P0040,12.28
793a6c27-9a38-420b-8499-538e235de896,P0283,12.34
359051b5-48fe-4d88-b64c-b97e6020a36d,P0146,69.64
474be005-3558-4438-a5b2-c334d28938e3,P0270,11.91
1de69fd2-991e-4e02-af85-7c4a0d5d8285,P0220,62.59
854e3e62-9888-4509-a994-d781baed6e5e,P0064,46.58
5a93531d-a9ee-4872-92f1-4283c63b8cef,P0075,46.32
900817dc-fd73-4cfe-8151-f5ceb764930a,P0133,14.05
2b5b1847-3fb3-418d-a54f-61d6545b1804,P0230,5.99
d248881e-9184-474b-97ad-5696f2b64b6c,P0011,26.86
9784cac9-2b05-4df7-aa48-cc81c1361761,P0172,97.81
75419b5c-cee0-4415-a506-b57641e5588e,P0109,19.57
e1a0e604-1daa-4521-9f97-f3dc91dd8b61,P0146,12.18
303fe9fd-65c2-46ad-b67d-16888f959e1f,P0188,27.64
754665fc-ffce-4a29-9d0e-498f1e6f9f81,P0103,112.03
0719f46e-bb83-49f0-8687-ec3fdd2d404b,P0035,8.25
9aa6c8bf-11d9-4f4b-89be-b3725b259626,P0099,176.67
1e268d12-6c38-4198-b7cb-f411d2fa223d,P0148,50.78
a3c9a3fb-04e2-4990-99c9-e184a0cef23a,P0080,17.63
01569d81-70ff-41f9-a35a-62759b443e27,P0009,58.51
ad585abf-1865-49d2-9b37-846b2dfe2b1b,P0278,18.57
960deb48-110a-4e17-92c0-dd7110bf8295,P0199,50.53
4c406f0f-333c-458e-b046-17deec0a332b,P0179,87.19
a9e856b5-284b-4694-96d5-ac7409843281,P0290,128.38
3c1fe103-441f-4827-a945-664027676338,P0258,35.82
523e9a86-d650-4cfa-ae0c-4a1af4b8c09b,P0213,4.62
85758b1c-519c-4af3-af8a-ec97e1423cab,P0277,32.15
c3e75b1a-3df0-4a5e-b74d-ad4b44b5d237,P0208,7.49
eb909080-05f9-4eff-b65b-c4bd5f17b777,P0178,90.0
7d6e1f84-46df-43c9-96ca-66bc14e7d802,P0042,14.95
f240e7e3-9822-4dd5-b289-f5c3967f9467,P0140,22.41
aa157a3f-75f1-4811-b956-848f008864cd,P0013,96.41
f12a4a4f-26bc-48db-9d17-c1de1079991c,P0242,234.86
34c459a9-70d5-4f65-8fcd-1974bcde7a24,P0149,15.52
82ab9bec-d585-4b9e-835f-2677f36e619f,P0174,6.17
abec7fef-1b18-4e85-8e34-332540bd7107,P0013,30.58
eeb15fee-2033-4aac-9d2c-166724ba16ac,P0237,105.29
d9dddad1-532d-4be5-885f-d583b3d98e36,P0232,85.8
41d8e93e-91ab-43e9-ba0b-e286a559720d,P0245,18.25
30b0b0ae-3ca6-4717-a137-0e149cbdd523,P0091,24.82
5b5437df-e179-420f-bc38-171f9928bbd7,P0104,43.11
4b164826-2d8e-4c35-8b8f-2794959406ac,P0099,39.01
9cd352dd-f75c-49c6-8b2b-05585e367b28,P0186,146.8
3d769608-faf5-4949-a3d1-4cfcd1d16ef8,P0135,7.0
ee4b5c56-7b8d-4a55-a5b5-3f9861c609ca,P0081,5.11
0f65632d-0621-4f71-8272-c02f8dccd05c,P0033,6.31
d53d12f6-34ca-4a79-8e82-bbddb67eaf89,P0016,40.23
5e2bd7c0-cd2c-42d8-ba4d-1aedacd5266c,P0118,6.28
bafcee0f-c8e4-471b-a5bd-accc1a5c8961,P0013,1.28
f907a773-1fcd-4da4-a4a5-927e1b4fdd4b,P0200,23.93
cd63163b-3f51-4b64-a8e7-6296ad628679,P0108,21.42
4b033133-550d-4521-92d3-77d762772b8d,P0220,51.16
cd1f1c49-bb54-4f60-a2d9-59883c823af1,P0076,15.59
148bc91f-3540-4531-87cd-c66cfb2424fe,P0009,14.99
d36219a9-61fb-48e5-ac46-a60030b7d7ab,P0041,6.13
c8b00463-e5c3-4074-b686-6376a4cd6942,P0120,21.55
76893efc-1d76-459c-a330-64d8f24a0b1a,P0200,82.35
46d1b035-e1b1-40dd-8efe-a0bd2185edf2,P0202,48.16
bd72979c-fa39-44dc-9683-587a40fd6ee6,P0045,16.87
745ff306-da73-4350-91c7-2f5bd4daf2b3,P0262,91.92
2c9d8c3b-2603-429a-9793-38e6cc0a7423,P0300,64.78
89ad270e-841b-49b1-8f2a-8ac56d700eef,P0175,105.68
de7e6a04-6a7d-4154-bae1-4541dd3e2d1d,P0269,71.39
8a651ebc-6d43-4d28-8f44-e33a0bc542b1,P0076,11.98
ffde384b-7b54-4739-948f-85d95dc43674,P0077,18.05
597fb0ce-9d95-41bf-ab35-47e7c5fe4590,P0253,29.41
9ba486ff-94f1-4817-bfea-e9abcb9917d0,P0083,43.47
30b1b9a2-ad55-4a94-b033-77202120527e,P0015,5.83
dc51ad90-7f0d-404a-b9cb-c38ada12480a,P0172,41.79
025ca879-2f2b-40c5-a842-166d3abec108,P0295,8.32
5f023b79-773a-43ef-9133-16d46fa4e36f,P0295,13.42
bcaf1b79-0e04-4c51-a777-befc04654bd6,P0121,80.59
16744273-098b-4259-b94f-8651409cb966,P0105,125.08
e6b8fa29-789d-4b64-a07c-3d47ffb1df46,P0188,51.34
e1a0e604-1daa-4521-9f97-f3dc91dd8b61,P0226,23.56
3f44bcb0-3166-4761-8c8c-c99675c2d1e2,P0166,102.66
f2c0ef7f-6c66-4284-8396-9b737b518169,P0040,87.16
ab637216-d911-47e1-8ba3-87b6558a30b9,P0055,46.01
9789567d-1e20-480a-9cec-27fdb4c8fcb3,P0134,26.03
2121c5db-ecc1-4728-b5ff-73e7db18ec68,P0039,7.16
053a7f88-a77c-4f57-ba64-967790b80ab5,P0144,4.93
1a8596e2-9091-4be3-9c39-5bf66ebbbd69,P0243,31.25
d06411ae-5bc3-46be-b713-ec27015a6fc2,P0214,93.47
1bcd6fe8-83c4-4e31-be83-4fc478aa97d6,P0024,73.01
8900e46b-4f45-4a2e-b2e9-1b420f78868e,P0210,6.92
1cd1e64c-1dc9-468a-88c6-a0f4b875511f,P0245,86.01
e66d3fc8-3846-4930-8959-3f8092be7646,P0124,11.39
553be35a-7436-4ea1-b23d-304999cb7ce9,P0027,112.06
8926643f-4cbb-4ed4-868c-1a65e0345114,P0152,78.04
d542ec7a-63d6-437a-8545-2e81cf3b4f94,P0116,153.28
3c308c27-d35c-414e-9425-10bb2a51572d,P0277,30.87
292b5a0a-f5c8-4f56-88c6-be5f6206ff48,P0161,69.87
e1f00424-2e8f-4d52-9a8d-afe772e5b941,P0030,13.05
b4d2fbc4-dd45-496b-8dc9-87d877270263,P0074,109.17
cace4a4b-bc4b-4aeb-8b54-6bb69ec4d735,P0280,66.03
3954889b-dc2d-4f7a-9a4f-a4d0753d917d,P0237,11.56
afe5fdcc-5233-457f-87a2-5c8e2a9e84ef,P0200,11.31
dd582b6d-186b-457e-b3ff-d48918039bcc,P0024,3.69
a10ac2f1-b4ab-49c3-b188-c4fadb595b80,P0218,97.83
1f28a412-e3b6-4dba-b1fa-a820abafac15,P0287,4.71
80d10855-267a-43ad-ae07-b9601284f889,P0098,51.5
a5bbbea9-761f-457b-9f64-ae9bb1473998,P0220,26.49
13ee22ef-3fd7-4403-b23a-a07e784a687e,P0294,12.88
68cc5ed9-d6b8-4ed5-96c7-b208bf430b69,P0290,0.78
a13fe180-532e-488b-a90c-ee12e1a1f4a6,P0067,62.89
26d2bb30-b197-4ef8-beef-1bb69b2f6962,P0261,24.13
534ac803-ad5a-4ade-aef5-c49c1a964459,P0169,102.04
3b2b3e73-0a42-455a-94b3-00f8a4ee8980,P0117,0.17
93678ece-b2d9-4010-82f9-a5a089225dca,P0008,16.75
659ca3c7-1fe4-4708-a425-942a2f84d96e,P0276,45.84
755ee3f1-4dfc-4dad-84d8-f1cff46cac20,P0036,0.14
585865db-b6e9-4a12-9e9d-96b20009334e,P0141,5.39
a09e032e-fe9a-425b-a375-f437ad1739bc,P0067,37.96
e8d681c6-3898-4d4d-b2f7-e0c5df18c4ce,P0226,59.03
77e3e9b0-8872-4dea-ac2d-fede449ffcd0,P0189,88.88
51b5ae6a-e186-44dd-ba23-079de8beca3c,P0118,11.18
afc2a175-c6e9-4a12-ae3d-8e0b04174785,P0043,2.88
3813e947-6963-496f-9d5e-07e5a6619315,P0119,59.51
1be07a29-29ce-4aaa-bc05-23ef28f01173,P0252,24.25
5a2cd3e5-405b-469d-85fd-dfe5bc9f6c1e,P0040,6.64
0e44c518-91c3-40ee-884b-ffd7b8e88f8f,P0143,31.48
50c5b734-5377-481c-953a-a2bb302f939b,P0190,0.94
5a196993-d29d-424e-938b-82c117a83250,P0124,47.81
f79111a6-e28d-4ecb-8f04-3a93d868baaa,P0126,27.89
94204e7c-4826-4b97-aacb-db0235dc4d92,P0192,11.8
8d91c560-8471-4ee0-b3f7-5ded45821316,P0130,164.94
51bf8135-1ec1-4337-9c4e-18e50e82d06e,P0044,26.82
72bff2f0-caa8-45db-a0dc-dce43a42e5bc,P0150,26.78
d4579e7b-4ff4-42ff-9b72-fca81c56d768,P0104,7.94
4ef36e63-e2b2-41b1-b780-adb4efe7c34a,P0177,62.36
2fa3ae3b-2b4f-4878-8e20-d0e0b1963702,P0088,105.11
d15407a4-e05d-4b22-a714-78107c4431c2,P0236,4.12
c25a2e92-0e74-4968-94a2-4a2e7c4137dd,P0253,2.33
553be35a-7436-4ea1-b23d-304999cb7ce9,P0104,55.16
4bc1b193-8582-451f-bace-2d16ed30fa8d,P0032,56.73
ae24feca-4c33-4ae4-a7a5-0d4c504eb803,P0171,30.96
d8892af6-77f5-45fd-9683-0b3e70e00b69,P0283,53.35
38530a20-5057-48ba-8f6f-84ab1470dd01,P0155,11.99
9798b9a1-aaee-4c6e-ba94-a1d34b57255f,P0133,17.24
aff5cb7d-f639-418c-9890-4ea0bde034b2,P0109,46.83
c3214b76-531c-46bc-930c-b187cd554942,P0228,176.94
c29f3725-b414-462f-ae68-d3c5ae66e996,P0289,7.45
c1c686cc-2067-418c-a84e-4508b0cc0aae,P0214,6.79
303fe9fd-65c2-46ad-b67d-16888f959e1f,P0296,33.58
ea609fb2-93b8-445f-9205-c4a7a9faa1d6,P0125,109.47
b0b0b54e-1bd5-4e03-9eae-9fa68ab289d7,P0141,4.03
c55cc877-1950-4bc4-9a54-9d75a5da5c82,P0053,7.91
21111bb0-e548-4287-992a-d457df38fc48,P0116,52.02
035359bf-0914-4e85-bf12-a9bec8c5ea4f,P0233,48.15
831cb2f0-2dca-4f39-8e6f-6e44fee6faae,P0169,41.03
b8c361bc-2fd9-462d-a690-85d1ce46049f,P0236,48.79
03155f62-d286-47e2-be37-8d851799d3a5,P0197,18.41
0a2c7b71-b4e9-445a-8ee6-8725113f49f4,P0222,6.41
3e6d655d-f541-49da-b5e8-e5b58f5844a0,P0244,12.7
7e949d0f-69f7-4e49-8b86-5800d5564759,P0139,14.89
aae2d31a-090c-4505-931d-caec1f71c1fd,P0186,26.04
c616a5e0-c116-426c-b96e-77a92f011a68,P0036,5.21
afb3581c-5ee7-4042-8b91-575b1a5e412e,P0192,11.95
928a0731-2c68-47d3-a11f-d41d6423a6ae,P0234,69.49
f670c38b-9285-4d67-b9bb-55426273956d,P0208,78.25
f97d66ad-8db8-4cd0-a470-43109deead4d,P0146,110.19
bfcaeb4f-6895-4204-ac5e-700ba74524eb,P0025,20.04
f3644c77-d292-4e43-be8c-7495cf44d1c6,P0057,36.54
17a6b52f-ba47-445b-8de0-87a9e59db19f,P0299,9.5
28edd219-a289-44f1-ab36-61a523d59ab5,P0205,7.52
ecdf7b3b-8417-494c-b39c-6a12ac6f94ff,P0053,12.52
9d9ff7bd-c1b1-465e-b8d4-aa5724e9fbe1,P0027,5.57
8ddb0a98-d2cd-4a5c-9f24-e041848342c4,P0258,57.36
e655e061-74be-4f5d-aa42-aff8313667ab,P0050,23.68
f106280f-c5d8-4d1b-81d1-179ce2cd41cb,P0281,25.12
0aa3597f-a5e9-494a-9cbe-86a69944ff08,P0040,11.12
5ee36bd9-9b22-4b1a-8c0a-f3fd33fdacd0,P0110,10.51
7a75d8e6-ce75-4a51-9f8c-c91df3723ea0,P0128,28.68
4158442c-eba7-48c9-adda-05552980a4af,P0071,62.71
38a33506-7507-4648-baaf-e0aa624b76fd,P0176,42.84
29a58cda-2b46-48d3-9f5d-0d2db63b666b,P0118,58.55
bf21f6bb-afc6-4528-aad8-888d0be80dd8,P0216,8.45
e233b894-d2bb-43c7-8c49-b0e94ce88ec2,P0032,24.72
aed2e7b8-5bfd-413a-bfa1-18a2bc7cf69e,P0186,13.81
e1246510-613b-4294-9497-2d3c0652d826,P0091,117.14
c5b5961f-2592-4224-a7bb-18f2e4f36339,P0077,145.09
e25a1c48-1224-4faf-bb48-8de3e1f984db,P0295,17.07
425d3014-fe70-4618-a7c9-a7c9a54ea3c3,P0214,125.38
32d45017-0e8a-41db-8ed7-65989be97424,P0170,8.1
5d089bbf-4c11-4ead-a2ad-69b565536605,P0116,14.87
b6691d0c-d05a-43d1-9a20-0d37e157d698,P0241,76.89
71f1e811-815d-4acd-9dfa-aa3ab9f7fd47,P0138,10.61
1cc3cf19-97ec-4533-9a08-0ccd36e61a83,P0163,12.23
ceefcac0-26f4-4c38-906c-4ef5e86a4872,P0108,22.64
9c84c1e7-925e-4595-a127-4b8f4d8d0ab9,P0001,61.63
f4c95c6b-a877-4d90-a8b4-7267fff077aa,P0256,9.84
63462893-8eb5-4520-b82e-f9a7c0ecc2b3,P0291,44.21
5af5e057-be80-485c-a953-fe61ab919089,P0271,30.42
522e5033-c350-42d3-b25d-2b7fe1de02eb,P0179,79.2
47f56534-8622-4fb4-9cd3-7229991d8a06,P0104,37.44
846a402f-edcd-4ec5-be8d-b44cfa4522b3,P0130,46.81
e5d415b2-1e1b-4928-9e66-e866f80e0e01,P0268,0.58
3696a3ee-2498-40f6-929d-2fe9944ed816,P0297,52.21
76a50f10-5c48-4445-b726-ad3ee6b5bc38,P0027,24.24
d431b803-4499-4125-8ad8-d8f08f96fe5b,P0232,18.24
b0d65875-7510-4c55-bbb3-8a77f2c8e761,P0152,83.9
bbeee7a3-2c2d-41a9-af61-fb8eaf78a8bb,P0118,11.43
7d8f0c08-d935-4fb4-b470-2d52747b2c16,P0132,20.84
a68940d6-7ee1-42da-8f47-8273b1377165,P0299,8.55
b924424f-2219-4250-afd0-4a5ebbd76155,P0229,30.01
f1520251-ca17-4813-a7a8-78bf0909c030,P0159,21.92
01b15afe-3049-4b07-8c18-01e8b92b4655,P0171,54.63
1f85d0f7-876b-4c81-b905-36d157dc28f2,P0180,41.44
922064f3-475f-435d-a920-434336c7176e,P0174,15.85
91dd2258-12e6-4c17-8448-dd3c845c9f2d,P0215,6.31
0e4b88da-c2fc-42a6-a708-4db6bb55a442,P0195,2.58
efffc6ca-5749-48a8-8481-b7889033be6a,P0154,77.34
c54434a4-eb5a-42f9-865b-6c3eb5adb48f,P0007,15.36
f4e5cd64-0279-4c6f-a762-f1471402e6d2,P0185,4.33
6017f8e8-0fd4-4d49-972c-c27edc850a17,P0256,29.94
61436dd6-3721-440c-ba05-be3e0fcb16b8,P0237,12.88
84a3fcbc-1ef3-4f78-9f0b-10e28c951297,P0129,26.41
d89f50c0-c8eb-4a21-a7ca-c258322692dc,P0224,3.66
2dc7201d-8c4d-46b6-9d69-900860fd4ce0,P0142,5.28
074935b2-c43f-4ea4-b82e-217cd03ff97e,P0128,35.03
fb21ee2d-e6fe-4615-b0bb-755dd5974e56,P0250,85.59
f0ef2f3a-95f3-4aa8-99a1-7c9a8cc2b0ff,P0004,48.59
9789567d-1e20-480a-9cec-27fdb4c8fcb3,P0226,6.56
82066f89-c0e6-4b90-8270-3a45e0da3215,P0254,0.05
9e213a37-4b9d-4185-8799-d42dad7f26ae,P0115,10.84
64ed47ad-39af-4a31-a929-84e373826fd6,P0084,40.35
a41bcff2-c535-45c1-8993-3d891b80e5e9,P0022,3.68
dbea4763-6eb9-47a1-b7f7-98afa6d1eed0,P0176,56.18
db494558-9c9e-42d7-8ca9-e1a5bae97cbf,P0223,11.05
6be83f8b-2c99-4906-b027-3f512ba7316c,P0159,4.31
de36f30d-9aab-4751-a3db-b2abdfc27881,P0082,3.4
321056d2-6b22-40ff-a203-175080a7bc61,P0029,94.54
66dca715-6bb8-4dbc-8c97-701eb08783e1,P0081,5.97
89b5da7a-7697-40cf-8197-95b82270836e,P0003,9.59
01466481-61d2-4b49-acbc-2dcc6d9eb9b5,P0022,35.49
f91b7c14-8807-4d6a-819b-c0bf51e1aa0c,P0215,41.8
257bfdda-e423-49fc-892d-09516b4f95dc,P0267,16.8
7f78a920-b875-4d55-abd8-08c9fb0dbe94,P0279,14.71
1c07276a-4b2d-492d-a11b-04daf17e4eca,P0230,7.43
2765669a-3ff9-4ba2-b62a-3bec630da6d0,P0163,11.06
0dddcd6b-a623-40a1-9b3f-1acb96dce052,P0096,36.15
5dbec147-0687-4337-b6d7-c4cfdd897c00,P0006,3.64
104d1bcf-f42e-4c23-948e-71130af421b0,P0020,50.48
3d015413-e1b4-40e8-b4e9-546a989f14a5,P0136,24.9
3c1fe103-441f-4827-a945-664027676338,P0183,0.43
9f8b8b1b-1ce6-4731-8c1e-2f4890cdc3b8,P0247,25.64
b22f3d3e-ce40-4151-bf6b-abc6afc7bb36,P0266,37.56
8229c454-6c22-4e40-81e2-9886d236402d,P0053,29.94
1cd74463-0a5a-4ae0-a789-eb306c24aad4,P0195,0.12
9e5690b4-caa5-4cd9-95dc-6a8713f0ef43,P0227,57.97
10ad36b4-1ff9-48fa-ad5f-1a403979d788,P0027,46.99
b914bc7d-44bf-49e4-bfc3-e37053b8c2e8,P0201,50.07
2dbd8281-645a-4a27-bc13-f66164b06e89,P0139,4.25
c981be5b-4d83-46a0-a4e7-ef0ab11a3b90,P0027,2.48
30bc6afa-b849-4a2a-9917-2c4bdb17e21c,P0200,34.87
9e83e787-126a-4e62-9513-6e8484683fb8,P0120,7.8
5d435825-7807-4d99-8c92-9c16f48e32bd,P0170,13.17
b7dec7c4-1db2-42e0-a32e-74de7c61171f,P0253,80.93
02801f06-ad64-4c8a-96ac-536bb618d0e8,P0141,46.76
a12c7a4a-2459-4468-8530-d28b77306c5d,P0070,3.52
d95e9be8-a810-443b-ab7e-84792de4b8b0,P0218,17.77
aff5cb7d-f639-418c-9890-4ea0bde034b2,P0295,26.67
8d0a0127-e3a6-44a7-952d-0f8a18260fde,P0277,1.95
d8eddda2-ec86-4e81-80a8-d8e2a2a358e9,P0258,26.1
65097280-9a60-4645-a9c4-0e4c61977d4b,P0064,82.68
28cd77fd-429a-4516-828f-81667860d4a7,P0125,28.77
169f6800-9533-4f37-86f3-1fc7dec1405e,P0128,3.86
023bb97e-d7b0-4e14-be8e-09a9cc108657,P0298,27.27
191775d6-0ce5-4830-9d75-529f57003161,P0111,33.5
7e2b0175-5c3f-439e-9541-c6c8a9ddecec,P0104,9.25
9842e1dd-80ba-46f1-aba4-9534dca37825,P0278,78.99
4aab1e15-9fb2-41ea-bc68-f374267ca0f7,P0025,7.23
f01fb196-6086-4a2f-aee5-fd9e123f8335,P0247,12.31
474879e3-0bb6-4a2e-8578-eb0bf3b45a38,P0111,1.85
150e5d38-814a-431f-96a0-68aadc0e3a05,P0183,1.76
6b5a1cae-328c-4b08-95dd-bf466e09a3a6,P0206,3.58
1f84188a-b37f-427a-93b8-6596a9f32709,P0245,14.41
12eff27a-2162-4b5b-9bc0-127c07092b68,P0287,13.71
9a48ed05-fae8-41a2-bc51-dc0454907f52,P0254,97.99
2180e040-6f52-48b4-b698-7848e4e3297c,P0141,24.52
259ff0ae-95b5-4d93-9bb0-97109b6cd23c,P0145,63.38
30a277c7-6133-4e10-8908-bc15026f8ee2,P0038,98.65
dd1e515e-01c5-4af0-b132-4886405ad1e9,P0175,93.09
60de108b-1313-42f3-9924-e547a930315b,P0268,74.48
41eb5244-2794-46b3-b895-a36f70801f88,P0219,32.51
2caecfa1-6103-46bf-8bbe-91981735a7cc,P0275,22.29
f11e6196-9622-4bbb-bb02-4546026652da,P0221,118.48
4429ffad-19cf-4940-99ca-dc02764121b2,P0083,79.78
324ce036-c202-4aef-a0f3-87ea2c5c8706,P0212,35.5
d8de2a04-4845-4182-b017-bab22a2f7cb4,P0283,31.94
7b55d346-3830-4ef4-b6ea-39d2e9129449,P0167,73.45
82ab9bec-d585-4b9e-835f-2677f36e619f,P0218,13.69
e899911d-d8fb-4421-98db-947637a8c4f1,P0104,13.66
b52dc365-c0d6-480e-b948-dde79b81af48,P0050,50.15
246bdf2f-9dbb-446c-9241-6434668eb668,P0246,9.44
6cb84c05-e718-4c8a-a728-bb3e7de8f7df,P0264,50.87
32b96ce8-dfb3-417d-96f0-f2518e79dc36,P0174,28.7
bc82e9f6-82c3-4bcd-8421-bbead70b7466,P0290,22.05
bb5d12fa-56d0-4b15-9f57-3e0b9b31071f,P0269,47.7
99e5da64-bbf4-4405-9174-3d1b7ec70771,P0165,8.92
114442d8-5515-4776-8952-d7414ab4e3fa,P0244,3.54
8028ba56-fccb-45e6-bb31-f20dc0322e91,P0171,70.82
fedc9ec8-5c7c-43e4-a0cd-9dae9ee66eee,P0122,43.2
a608f136-bc6e-4cb6-9c2a-a2b0658f4b58,P0248,17.06
040749aa-7740-4a31-b51a-6dec17219806,P0191,84.65
d509a464-a8d0-40ac-85ab-02d8e608b486,P0143,27.36
98f8038d-c21f-4967-9147-148135512d96,P0061,8.44
e824372b-ab41-4187-932b-fd648f09117f,P0144,28.89
2a5c7e09-5be4-44f5-b3b7-44673b5dab68,P0186,109.04
583b5d87-e022-4095-bbb7-6ae65ac610d2,P0275,13.78
93678ece-b2d9-4010-82f9-a5a089225dca,P0219,0.58
41cd591f-fe38-4d9c-881e-a4241f014040,P0142,7.74
bc4f44b9-2adb-4eb3-87cd-5d4ac84e7cab,P0204,13.92
56eab249-9ce7-4fe5-b1d2-f57cd04d32e4,P0116,6.33
f8b96a90-1c95-49ae-8729-34e34d0197c1,P0026,71.76
5b05d55b-a3ea-4e5d-b27e-cd98c1ac505a,P0067,94.6
1183fa79-24a5-4a75-8e3f-5763dd756136,P0249,15.29
58b5b2cb-88e4-40ca-bf70-b3772f9a9633,P0184,56.41
4ba29c1c-cd66-4dc7-b765-2909df65d7c6,P0048,28.73
6287210a-346f-4452-b699-346ca649387c,P0216,73.25
01419355-0f19-49cd-913e-5acfff13fd51,P0280,279.67
194bdaa3-bcd8-4b58-9f72-5166988852bd,P0245,20.07
84a3fcbc-1ef3-4f78-9f0b-10e28c951297,P0068,8.43
aa157a3f-75f1-4811-b956-848f008864cd,P0172,64.5
0c4b0de2-d2ba-4707-ae70-8a18f9e93b1c,P0131,78.96
96faae18-ed33-447f-a5e6-2f491e219d26,P0024,12.0
7d8d6e00-6e5d-427f-a34c-9fad23f03bcb,P0033,43.48
e30b047a-e438-4be7-94ed-822dc8dec1f5,P0184,20.12
6c57ff0b-253a-41ee-b6bb-f9329deb5c24,P0007,13.18
885bb843-f017-4a13-aa71-1e0a5a50a31c,P0203,68.14
2782362f-8402-4aaf-b2bd-884f7b229595,P0187,6.96
e74e49bf-683e-429e-b09c-b626d37a03ac,P0223,75.54
dc887ff9-9118-497f-884f-b86ba98b7fd6,P0071,43.89
10f84abb-ed85-46e5-a4eb-ccfac8da28a2,P0273,2.13
3e1c7ef0-d8b1-4e17-a85e-7eb5bf5b9e90,P0255,13.06
c52e695f-7c1d-4bdc-8599-e2fb948cc689,P0167,212.99
7b5b5718-3c55-45b2-9a04-f3c9a44133be,P0125,48.78
9124a0d2-30e4-4624-ab36-10080e5879c8,P0060,115.75
b331c4fa-e8ed-4d4f-bf82-7fb70bf5e083,P0027,62.64
1b7a0c91-7dda-467c-91e6-3dd45aa28dc6,P0253,6.11
d15407a4-e05d-4b22-a714-78107c4431c2,P0036,95.83
b5f70e8d-77ce-4840-9100-83c7bd662200,P0271,8.09
c3912fb9-747a-4c7e-a589-b4d407e41cb9,P0088,6.36
4ee4c6ec-e1b7-4f70-82b9-8da3e42c5f65,P0091,72.39
a7d423a5-3c2a-41e3-b9cc-c61f604aab0f,P0256,74.0
d40e5e2d-9061-4e0f-94eb-93dc7c55b6ed,P0147,15.11
03e0ad25-5f0b-46a5-b38f-9ec632bb155c,P0185,44.99
d097d394-06af-4e72-b511-0edc233aeafa,P0284,42.77
c7711d58-cd84-4a66-b7c4-86c0368397cf,P0146,15.18
37be3110-ea1a-4d56-88c4-2c9a25952c24,P0071,44.14
46a11d95-6b5a-47d6-824d-292989fe4e56,P0029,63.44
4a056190-b874-442a-8c11-d4db9e88b8a4,P0051,217.66
09c5f4c2-f841-4a8c-8cd8-bf5166bab6c2,P0049,28.37
d354286e-276b-4e31-83d4-a1241260cb7c,P0132,52.44
3433780b-25f1-4f98-b845-4c5072444de4,P0095,56.95
2ddd88e5-9ce4-4ab4-8996-9e70002f5d17,P0038,1.39
cbe93e5d-a13f-47ee-a93e-42829a03d1e6,P0017,87.15
c64ffea9-1125-468a-9478-f326bce389d7,P0187,73.34
a7892da6-520e-4a8f-b7bf-fd0faa6ef641,P0084,61.99
a6a14dc2-65ea-4ee7-99c2-010d80112128,P0292,179.35
bdfc6bd0-bd7f-4995-a16d-2fe86ce84a03,P0142,124.76
9b208664-659a-49f4-b92a-a5ccc10d2a66,P0128,108.89
c5c78fb5-f523-4aaa-b121-a0f06577ef7c,P0161,17.78
bbff4373-bf4e-41a6-bdb5-e1b84ac00cbe,P0265,64.35
cd75e9b7-3412-421b-83a3-32335ec52a72,P0049,21.39
d38ef7e9-3136-4c1f-8207-3de6ef01a1cf,P0257,13.42
ce263ed6-ef6b-4dc3-b137-e57e18984695,P0050,12.46
1519e022-78ad-48e5-badd-f4840f361393,P0222,25.19
72bff2f0-caa8-45db-a0dc-dce43a42e5bc,P0102,105.93
eefaf7ad-e814-478a-80f6-cc3ac9e19e0f,P0040,47.74
246bdf2f-9dbb-446c-9241-6434668eb668,P0154,40.08
d13be6ec-3e70-4249-afac-7e1027d9eb5a,P0209,92.21
27c1e619-c28d-4aa9-8b95-fb01fe60a396,P0089,12.22
63b33758-84a8-445f-afd3-e61cf2c502c4,P0273,39.78
922cd3c3-f905-40d7-8632-ddcf8d653793,P0173,18.59
d25d3196-800b-4a7f-9c8a-68114ab6c563,P0029,16.84
74388509-bb37-4fbe-8ddb-19e91118caff,P0062,26.35
1d7ca4eb-f514-4141-8c40-eba4deca4490,P0210,73.93
4c4c668a-b0f1-4d30-a553-4d2ea15f8cb7,P0120,37.2
baa8d0c8-fcb6-4e8f-a527-2a3f3ca04cd1,P0089,6.56
2cdc1f4c-85e8-4ba6-90b4-4d6152938147,P0062,23.01
61d2300b-43c8-49ee-a7e1-205825321625,P0041,22.56
0aafae43-af5d-4969-9990-eeaf3284c180,P0177,7.73
ffececc0-1010-4985-8eae-3e4cc9c20b1c,P0195,64.48
8e7675c8-09f8-4eb7-bea4-c949ee077be5,P0097,25.29
214c410e-fb79-4831-a1a8-849f9003d2b4,P0288,53.99
bdac57bb-03b7-49cb-a6d0-bebc5b3c74dc,P0293,6.02
b7708e91-4562-47dd-91bd-9c4779f52a94,P0079,6.04
ce33a4e3-15b5-40c1-a101-c18f23b17ca4,P0095,2.19
3433780b-25f1-4f98-b845-4c5072444de4,P0235,58.77
b15a1ace-32b6-4df8-a59a-9fa2fc4cf519,P0100,17.25
680cecf1-2771-497a-8555-ba9569edecee,P0065,6.58
cf2a80c0-0083-426d-86e2-749b25ad0ce2,P0118,110.89
bd654cbe-8469-45a0-8ddc-c31b77a5751d,P0233,8.46
28605c6e-0d3f-423d-a5f0-9ae7605786cf,P0110,19.49
d6870047-eba3-4868-9a08-95ca0dd72a22,P0136,11.67
c96c73a0-b72d-4bde-a801-da7d859b174c,P0090,10.32
d248881e-9184-474b-97ad-5696f2b64b6c,P0105,54.23
41838a40-db1a-41d9-86c0-431eb67ce0f9,P0270,6.84
27dba5c1-5f6d-4b12-94e4-e931b475823f,P0133,15.16
7a2ccdb0-dca0-437c-9cb8-b364340a46ec,P0203,34.43
d93556a6-78fa-4a07-8af9-92a71435aba7,P0160,19.96
ddfe8c81-095e-44dc-bbcf-7123cc62cced,P0250,3.9
c45be5d3-382e-4b7c-a86a-26d1c49ab9fe,P0154,22.68
c7fe3827-7d96-48cd-a735-cc741b9d5d10,P0225,28.84
b1caaa3b-8562-436f-abe2-0cb3ff295705,P0105,4.71
603c7499-1ad1-48b5-9fd9-81430c9d1f16,P0049,9.13
d4f08a79-d43c-440d-b251-a65f0a962635,P0202,66.32
a5ea6b4f-13ec-4a72-ba0f-579ae7443e69,P0142,100.89
d3e8d9b0-1e6b-486a-b372-879a00998b42,P0179,16.26
51d03f41-2b40-4da8-8559-0ff0f8bf01d4,P0117,86.05
8823f95b-c59d-4e37-ba00-69df292606ab,P0250,7.7
875b40fc-03bf-4579-ae5b-800b6c0fed38,P0186,8.97
e37d3ada-38ad-40ff-a4ca-d5c245059d1a,P0024,17.66
17621e3d-243e-42d3-b018-9c022b234be0,P0218,27.37
b5939ec7-0588-45cd-b1d5-b7f3e1327558,P0156,21.45
00d5a107-a1d6-405f-b66a-4b1026cb948a,P0045,145.99
a8d56062-c3d4-4347-954e-962e81904c72,P0172,13.96
4764e497-06e2-4856-a42a-0c0506f8e7f2,P0181,9.47
4e451b3a-6ae4-4a7b-ab1b-c575e7dcc817,P0004,9.03
37be533d-73c9-4f49-ac54-31fe3c042dbd,P0226,60.68
59b2c9d6-22a0-4ca2-adde-ba5f7be994ce,P0168,87.41
727e7b8b-4523-41e1-8e65-3e96d2190a66,P0295,0.96
35c68871-e1e5-444d-8ced-bf3befba17bd,P0279,12.67
5226664a-cf64-4b62-875c-5724045a0aa0,P0228,16.59
b45411b0-8df9-455a-a606-ac46ff517371,P0142,8.96
2ad7847c-c325-4fce-a80d-70294873416b,P0270,4.31
45042f45-f550-4e1e-a01a-6744b47c719b,P0012,41.97
abac9af2-caa1-43db-af74-1181ea03aa57,P0081,80.82
aec06a50-db7b-4fb8-bb52-e552aae1c516,P0063,100.45
1d97df39-9bbe-436d-b1f0-93346aa49f64,P0189,13.93
14852895-0dca-4d76-a4f8-24eb0fad6735,P0128,45.48
14db9906-6724-4300-8ff9-719e4f228039,P0014,21.99
ef07a548-5a80-4550-b5ec-8c9f36f29baf,P0124,1.13
cf336a17-67a2-42d0-ac9a-eea66c49e415,P0182,49.02
ab255b24-6270-4d65-9da7-42b114397481,P0266,2.58
0071cb6d-32f2-4bda-bce7-c0cc370da12e,P0240,15.77
24ef1b21-7a94-4716-bcf0-612fd09b3f01,P0005,69.89
f5b621f9-0c8e-43ed-8c3a-3b742bd240e8,P0074,5.07
b200647a-5e7c-4b7e-98a0-18a1d4017beb,P0286,9.79
504dd91d-5239-4835-90e4-070535234900,P0158,41.63
65e2d7e3-db0c-49c9-917f-4bbe9b97a62f,P0011,126.46
49993734-1320-43e3-b11e-79c0e2bed8b0,P0261,7.75
6586a245-8dae-43f3-935d-8f08f41ce028,P0228,6.75
2a594e78-c8f1-4074-b301-f05fd0117860,P0093,0.31
01ab9065-845d-4160-9954-278cd356b3cf,P0017,57.02
9304025a-3ace-4dbd-8b12-9e8a8d3fba08,P0024,13.48
4d912a80-a1d7-4422-9278-b2554cf1fb3a,P0235,4.86
fd853b09-c529-4318-87b7-ece203fed9f5,P0255,2.97
c43fa4f2-9d45-4c6f-a00b-3c8698e948db,P0057,23.82
c040bb04-0aa1-427b-a7f1-3765037ba3ef,P0228,7.17
7bcd7b24-b4f6-46e8-8fa9-7e713fd7f44e,P0141,4.51
b30f05e9-c38d-48fb-b936-adcaa9fdd77b,P0231,58.26
22421be4-8ae8-487b-862c-9bb9b9836c09,P0203,2.0
381f2c4b-22b5-4f87-a3b8-ffd0e9675dcb,P0097,7.45
0e46a77c-75b2-4250-9032-6ab0fcbfd525,P0016,25.72
1c07276a-4b2d-492d-a11b-04daf17e4eca,P0292,32.86
bdac57bb-03b7-49cb-a6d0-bebc5b3c74dc,P0218,19.72
22842c76-a829-4811-bb2d-e67bfa4f0690,P0120,112.01
f26f2b26-7e6f-46ba-b6eb-ce467ac556b6,P0015,17.23
7303fed3-f96e-490a-bb35-39847319a3f0,P0243,11.29
6e63f5a9-7eaa-4aa6-b396-96644befa5ca,P0079,6.7
7c2f8127-38d5-4547-9745-ea34e07b2263,P0187,106.54
673a5861-1c9c-40fd-aacb-58fba0dd319f,P0169,3.33
0fde7820-8937-40a7-bc70-73b2b854a57e,P0114,7.98
a10ac2f1-b4ab-49c3-b188-c4fadb595b80,P0135,101.52
ae811b0d-52b3-4fee-a287-aadf0ad51673,P0191,31.03
66b4b80b-cde2-47fe-b457-96057131661a,P0022,45.45
fa3e4f47-2bb8-4d60-8ecc-dd8a23942ed2,P0163,10.68
7342b059-91de-4206-8500-56c0eeb328f6,P0042,188.53
b64827c3-e3ac-4a7c-b5bf-66b24bc1585f,P0162,40.67
4b033133-550d-4521-92d3-77d762772b8d,P0063,74.42
bf9046dc-983a-4829-ba52-d88ad093ecfd,P0087,6.25
617beae0-f531-4d82-8457-f56026602f00,P0003,4.33
3625e796-a407-4e3e-b36b-2ba1ab9031d2,P0022,2.99
aa0ed399-d7a1-48c8-b356-dacbd37179c0,P0193,111.8
b45411b0-8df9-455a-a606-ac46ff517371,P0129,101.17
2038d605-8eec-4629-a4f4-dbabe19348c1,P0170,7.94
3c1fe103-441f-4827-a945-664027676338,P0096,61.62
b1ea4184-c0dd-460d-90b5-c4fd12813868,P0004,9.77
0e5fbef2-117c-4167-bf90-902f2ec90de7,P0088,19.49
586fb8ac-b72d-417e-bd18-61a0c8925132,P0208,64.74
841f3836-d1b6-4fb6-82b0-d1ee5a23a2c8,P0249,57.66
98ec9988-aa8e-4db0-826d-5757f882df6a,P0296,31.79
1a8596e2-9091-4be3-9c39-5bf66ebbbd69,P0020,40.95
6ce09e6e-3537-4723-88e2-13a9362be3b1,P0028,43.69
7b480e3a-3764-469a-8d46-a218aa57e610,P0252,27.38
c043e6f6-ed9c-40e9-a75d-6b9444b73149,P0173,43.82
cd65d52f-1c2f-41c5-becf-2c617c792e00,P0214,5.87
56eab249-9ce7-4fe5-b1d2-f57cd04d32e4,P0072,87.93
7f78a920-b875-4d55-abd8-08c9fb0dbe94,P0273,35.27
534ac803-ad5a-4ade-aef5-c49c1a964459,P0093,35.7
a0ab2380-a56e-406f-bcfa-7da3d5322f59,P0120,81.2
6b9d4808-8533-435b-8851-c74aedaf3c0d,P0024,40.38
f35f1eb4-3975-406b-874a-f4aad9f8eed0,P0088,24.06
4a7e82b7-b5f2-4dc4-a1fb-859f3decd1db,P0189,5.12
f41bf0e8-15b2-40ef-be7b-be685d4a7f45,P0048,69.1
39b5681f-db8a-41b1-b550-cc206803ab6e,P0100,0.8
64d1ab66-ae27-43cb-a4cd-4724fd260bba,P0212,3.12
ab255b24-6270-4d65-9da7-42b114397481,P0139,21.79
c07d9740-95f5-41c3-8149-a3e7b2b604d3,P0147,42.11
46664f78-9a71-4329-a33f-1795153398da,P0245,127.82
17ed751f-644b-4ca6-95f7-2dca559a11f5,P0262,49.08
de001eb7-f19b-4895-aba9-26108005f7e3,P0021,0.59
6963d332-f515-4a6d-8f7d-27883654f345,P0189,76.57
3d6d7ac4-88d0-4e29-9ad5-b1954f1f4287,P0096,14.72
e26c03f5-a42c-4bd5-83c0-a7644173f8d9,P0053,162.58
231e09f3-7782-4c6e-b49c-132ac5e4d749,P0080,13.2
de940728-137d-42b0-ba27-3893367163b6,P0152,15.18
355131d6-a185-4c9c-8c8f-582e48a0307b,P0204,7.31
353325df-eff3-4ed1-8b2e-61fca0ecf0ca,P0046,32.17
35373e43-502d-4d0f-81f3-9fe9044ba334,P0072,79.87
45042f45-f550-4e1e-a01a-6744b47c719b,P0241,2.01
ad526bda-da0a-459e-8081-3ebc2fdf7e77,P0137,11.49
6c01d98c-ca72-47f7-9002-ae0d3e7a7690,P0174,7.2
b5a2a163-e360-45dd-8c5c-bf0490e995be,P0221,19.69
cbd37148-fb06-4c60-be6f-9b54dd272880,P0256,52.54
3343a504-9ee2-49d2-81ed-d34ff98dfbee,P0130,20.06
ae6c5586-f807-472c-874c-573daf99181c,P0196,103.3
6d1e0ba7-c0c5-4ece-bc8d-7f6d8d77c27e,P0202,117.88
bd242a69-20d3-461e-a87e-5dda0b27b7e7,P0210,15.74
de34ba4b-6979-47bf-8aea-798b0e1d4eb2,P0224,3.89
985daa6e-a7c0-4e89-8807-3514036fdd2d,P0015,174.09
5b5f5c9a-1dac-43eb-807f-0f54f42968a6,P0164,34.29
20aca58e-eae4-4fab-83ea-27fad9e75ead,P0248,55.47
14e83c94-aa52-4ea3-b907-a61d85bed361,P0292,68.36
7fea6a22-96d4-4ee1-9388-fbc76b5ca148,P0033,16.03
f3e57707-f58d-45d7-b3d5-d7fa23516d87,P0176,44.31
5a1091f3-c7e4-42dd-a695-815fa8597f4e,P0097,24.28
9567e6a1-ff5e-47fc-bee9-8c3ec9fc3912,P0224,50.42
bf21f6bb-afc6-4528-aad8-888d0be80dd8,P0206,74.32
479fc3ff-5b55-4491-a8d4-8e80d5f6f2c5,P0198,125.4
13d4f720-8465-4a1e-a5ad-eb74afa2ff06,P0296,1.28
02fcc2ff-f867-451e-a3c3-c98181a857f9,P0291,24.2
b71a98c2-d1c8-486d-ac3d-343ba72171a5,P0005,84.32
f923d54c-9b58-431b-afa0-1cadabbaa379,P0286,83.61
931c3bb9-6180-4e98-abad-a0ef0aed5189,P0172,37.92
8d0a0127-e3a6-44a7-952d-0f8a18260fde,P0096,232.6
dc7decce-bb8d-4fff-8d0d-337af5f60106,P0078,87.72
11c34f20-9133-4cdf-9925-3b7dd2c60f51,P0183,10.53
068922d6-705c-4e5d-a876-4a825c649630,P0134,9.78
132af304-0521-44a2-acec-f8532b07b74a,P0267,15.4
5acb00c9-9914-499a-b75c-6efdd36b1440,P0286,17.78
349de46e-1fd9-415f-aef2-3fcbe44d3a2d,P0124,7.5
e810c80f-5d91-4351-9651-bb76c9fb4c08,P0236,22.13
518a03ad-5575-4b55-aa1b-2394e223d36d,P0273,66.87
82217c55-97a7-45a9-9005-4d93c2d7369a,P0044,37.75
0e5fbef2-117c-4167-bf90-902f2ec90de7,P0005,26.08
cdfa1582-f033-4faa-b80d-c1192fd0eff4,P0047,74.54
df41e125-60eb-4160-955a-af37674de07c,P0151,56.29
d89f50c0-c8eb-4a21-a7ca-c258322692dc,P0102,17.56
992bfe33-a836-4309-ad1d-f4158dec1759,P0151,16.63
8afc20cf-6b9d-47c9-a32b-842bbd21ae1f,P0229,56.64
24b904d4-047f-430f-8d84-76f57439249b,P0196,1.24
e309babf-db94-47f7-90ef-c5dc32f1dacf,P0181,160.25
f227b9e2-be4b-4c39-805e-4bded21eaedd,P0053,17.17
141b60b7-e80f-4578-b5f3-dcb8886f9d2d,P0214,76.55
9775909a-0fd7-4209-ae40-f5aa1ed1362c,P0014,84.06
e4a71815-f6a9-4040-9d2c-2a43bd7416cd,P0213,7.89
984d5966-f2ef-47cb-85f3-7f754d2b322a,P0192,8.02
b64827c3-e3ac-4a7c-b5bf-66b24bc1585f,P0001,4.61
ca80448d-7781-428a-8467-35d098cbb6b5,P0114,78.89
38bcad02-262e-4878-beef-02e52a7943de,P0171,20.25
f39656af-325c-4c75-99dd-4bc1c0b37905,P0150,14.71
b6691d0c-d05a-43d1-9a20-0d37e157d698,P0238,11.75
1d2b9d10-0b97-4139-8563-7443b19dabad,P0027,57.88
b4fec70c-a474-4239-9e35-fcc1753acee2,P0293,16.25
fc361615-4bdc-4557-b0ae-2d80fd7c3eea,P0237,58.57
f96a8be6-b6b8-4184-8300-b9cb7b6f599a,P0143,80.1
744c28e3-00cd-438b-b1cb-54025191d895,P0135,55.46
f97d66ad-8db8-4cd0-a470-43109deead4d,P0080,14.02
4cbe9e14-2fc2-47d1-9328-68bd0aa16061,P0172,77.82
78e35767-dfe4-48f6-8502-ad3ced4b8a6e,P0123,82.25
262bf929-c72e-4ca2-853b-82200bcd183f,P0283,120.81
730f1797-5a46-4c4b-b18b-968131c2b77a,P0084,10.17
a14c21f1-6ab3-462b-a51a-9b28c93e9dc0,P0203,108.25
9fa84618-5198-435d-aa5c-58f1ee613c31,P0242,137.4
4d2190f6-0e94-413f-92da-8dbd4f82f77e,P0229,234.24
d0c16435-85de-4d21-9e20-46bd42c2397d,P0273,2.68
e5dc4340-ba6f-422a-b39e-d6b7fa025310,P0280,29.88
29991b09-0bcd-4692-b1fc-0d684019c98b,P0025,97.66
94d8211c-15b2-47a8-94be-87c50ef3d5e9,P0152,68.33
89ad270e-841b-49b1-8f2a-8ac56d700eef,P0287,40.04
e5e1bdf9-b4fc-42f9-bd58-05f2498daeb5,P0125,9.0
5afda3a3-036c-455e-91e1-a35a4b9b38e4,P0221,0.27
18d3079a-8b94-4669-9abf-7d7ff992f0e4,P0097,14.64
e4964e89-957c-4b13-a693-99f56768b1a6,P0122,12.46
4e65a4d2-e795-4b67-bbae-94ab5303a873,P0034,5.13
66faf0df-f218-4afa-b4d9-88a745c137da,P0006,20.01
5dbb9583-6716-430a-89ff-d931a1ff650c,P0032,22.33
7ae51695-ba23-42ab-82d0-9ae7d895f798,P0069,62.41
7342b059-91de-4206-8500-56c0eeb328f6,P0250,16.14
d6030bfd-8fe7-4868-a20b-f0fa9a3ccf06,P0001,57.54
06b0bb41-45ac-46c8-be9e-7a51f76d6e7c,P0226,40.17
4f3add82-b9f6-4f71-8ddc-a1a66d9c2ff4,P0113,144.61
f02ed8c3-909c-4a57-870e-3cad3d024efc,P0174,11.78
657c7988-f76c-49d6-a4ee-21883cd79e87,P0050,58.19
0a906472-5fc2-4163-b9d8-5348a5261fa0,P0098,59.16
d5fc2f12-e155-46d6-81e5-b3a8a6298763,P0144,14.41
9b6c5d4f-c202-4f36-9863-f53bde9bd286,P0244,58.44
e35ce1d3-c3e3-4a89-948f-7133ebe67277,P0181,57.94
8534d13d-f9a7-49d9-ad8f-9c31565b8ba8,P0053,11.15
732f38e9-5f4e-4d76-8d37-1d017b433287,P0161,7.44
dc780e43-d0a7-40c7-b717-bfce41e4c6d7,P0234,18.71
31fda753-537a-45dc-b687-e62bf1bde759,P0068,41.54
28cd77fd-429a-4516-828f-81667860d4a7,P0025,44.02
7e949d0f-69f7-4e49-8b86-5800d5564759,P0192,77.85
2644acf4-d1c8-4adc-abe1-5aba80bc586a,P0034,5.29
bbeee7a3-2c2d-41a9-af61-fb8eaf78a8bb,P0116,26.38
aa3605a1-d94f-4703-8e80-002bf19fd095,P0018,81.08
783202dc-587c-4fa1-92d4-cf5477ed13fd,P0008,34.25
1a256df5-04cb-4615-8213-c08518144593,P0247,59.82
45c28635-f016-46cf-815d-9d42eb1e7279,P0129,26.07
80806065-be3a-440e-be2e-ce643f8e6a27,P0035,11.76
4af2558e-6e5a-4ffc-83d8-68c863caa49c,P0255,44.7
cb774697-3550-4bc9-81c4-bbf0cd0522d4,P0239,142.86
f5b32c01-ea73-49c0-80cd-11ca19cdd8ca,P0246,178.01
4896e548-8601-4a60-80e8-8190e30b7f1b,P0018,28.18
e0048a1a-f0f9-4123-9356-3788c9d466a0,P0038,34.19
af7ab727-fe99-46f9-9989-7613aab5282f,P0222,44.56
e5145860-4ff7-40fb-bdf3-66535b03cce7,P0257,102.68
11609bd8-1dd5-4e92-906a-1f09701d0f9b,P0132,15.63
4e6a7c25-db60-41e6-a6fc-e93775987f78,P0077,55.44
82488316-b37e-4b82-a362-883bd8680fc0,P0207,52.95
4b4449e4-b314-410b-aa0e-f3ef8f67608b,P0217,30.05
8f0d8ad6-49b8-4984-b005-d011310cdcac,P0085,16.42
46354fa9-5e1b-4689-80c8-fa0364f4c196,P0192,6.0
0d158c54-fd57-4dbb-86e3-fda130e7b46c,P0242,23.83
3ebc26ab-d081-491d-9f4f-bd946a0a11a5,P0034,12.49
f3ea020f-533a-4d34-a7dd-1ce412a3ce8e,P0212,7.98
a0312d45-aa2c-452b-aa67-3c34b010f54a,P0263,28.79
a62578b3-1d26-40db-97bc-1b168bfc0519,P0017,106.01
898a1223-82aa-466f-8d1a-4f60469aa2e1,P0112,108.1
7fb18047-e150-4611-ad77-1d45e510470a,P0117,23.57
e07a1e28-044b-4ad8-b5f3-0e7c8f97ca08,P0230,4.59
a5c43ecd-c108-4191-8fbd-eb55896e50e7,P0293,198.34
6a71facf-7794-4ec5-8022-75a7ec3a6e84,P0161,27.83
fa7e474b-c41d-4ebb-baac-9c742f3b1760,P0133,21.2
fee5de7f-9918-48ff-85bd-c770ed707a83,P0050,49.89
7db02cc0-7a9c-4654-97f3-55bdbb7802bb,P0203,51.16
45cbf505-48c4-4bf2-873f-1eaeb693b2e3,P0145,77.4
4f7f9673-ab85-4415-aeb4-48894449e112,P0206,4.5
77013ddc-a99f-45dc-b0f0-5a2c52a68267,P0066,7.59
b6232851-cb52-4168-9259-0fa4b210977f,P0117,67.18
871553f1-2ae6-4b25-838b-2fb997daf029,P0128,36.41
15a3b228-2564-4102-9185-882997ef4a2e,P0183,35.94
ebc07257-1939-4519-b53b-1ae53360f561,P0210,2.14
407e2844-690d-48f9-93de-10c2dfaa8ed1,P0244,50.05
7d0a6da0-fdb6-4119-9ce7-dd847df726a7,P0111,0.67
6ad0d513-fa74-4af0-91c8-3402f78dcd82,P0003,45.16
ae65edad-e9c6-4e26-88f5-5a7307301e9d,P0223,3.7
894c46ac-f91b-4bd6-a3c1-71a780d2911a,P0166,7.58
7c3dd03d-bf08-4182-aed8-6177029a9c9c,P0194,20.32
3d6d7ac4-88d0-4e29-9ad5-b1954f1f4287,P0081,43.34
9ba486ff-94f1-4817-bfea-e9abcb9917d0,P0269,6.96
e9e9119e-7b55-45dc-89ed-5039665c9171,P0274,64.04
ec62da7a-682b-4c01-a024-33f9f8aa6695,P0115,29.12
bbae032d-c2f8-4b2b-8732-8ee29aec54f9,P0145,68.05
da329506-c0e2-4087-8795-8113751dd783,P0120,14.7
bcde808d-b01f-4ea8-867c-4956a4a56379,P0248,33.82
ac68e2f4-1a5e-4062-a0c9-c6d0ec866c32,P0075,9.99
e73bfe46-b531-467e-873a-7d281a280a9b,P0045,12.71
107b2493-f452-4644-910d-4230fc211b79,P0231,57.52
0c8a2e7a-5a6d-4422-9860-97052c76fde8,P0270,5.0
2084f2cc-52e0-495b-8a26-e829187c5d07,P0172,29.86
db2941c6-ba58-4558-a1a4-bb06f3d6f335,P0165,28.15
dbea4763-6eb9-47a1-b7f7-98afa6d1eed0,P0298,42.5
bb6216c6-8f17-4d3e-a72c-00a490936f50,P0244,27.83
b64827c3-e3ac-4a7c-b5bf-66b24bc1585f,P0184,42.53
b0a90921-88a2-413b-b4ce-d25219f6de49,P0207,104.31
70d368df-22c3-4729-91f4-4e0cd54829d8,P0049,69.69
7f141c01-d336-435a-8a90-4c7f464cf901,P0069,5.88
9570fbc0-e117-4b60-9184-e9e4c473a164,P0159,38.71
4dde197b-4551-4cab-a4a4-f05887733ee0,P0099,66.9
e824372b-ab41-4187-932b-fd648f09117f,P0292,11.99
8f692f41-74e1-474b-8d0a-90c796f18934,P0173,18.4
e58ca291-0c51-4d60-95c1-0edd8e6a256f,P0079,51.46
d15407a4-e05d-4b22-a714-78107c4431c2,P0132,15.82
3464b53e-0ae7-449d-b273-e032077a70b0,P0116,2.39
87652b4c-6a1d-47ef-b851-537de9f1aec5,P0280,67.37
afb3581c-5ee7-4042-8b91-575b1a5e412e,P0281,6.72
db40d6c2-50d4-4ebc-abd5-db674b17eede,P0149,6.31
6897a6a5-3de7-4c5f-bcb6-03b8f01f5aa2,P0081,44.87
c289682e-4390-4b48-a9d1-f9cee88146b0,P0258,1.35
53e3edaf-81cd-45c1-b08a-0ec2713db4f2,P0212,31.55
989ab3b6-cc17-4efa-bd1f-92259ca67a08,P0155,65.53
33dcbb0e-e2d2-4213-a18b-941e0eb41c0c,P0214,25.78
dc360e39-b1a1-45e8-96bf-0c1926193836,P0195,9.76
99e5da64-bbf4-4405-9174-3d1b7ec70771,P0299,9.27
9c15d8a9-99a2-4da2-b375-e761454fc649,P0243,36.54
6884fe9d-7dcc-4a93-adab-bc03fb1aa885,P0186,0.43
b94850a1-5484-4c45-bdbb-d4bb7e7266c9,P0073,2.04
9b5210f7-9912-4a20-8a96-1a1d81ef0faa,P0204,71.88
5590ea94-58b6-4625-b660-ef0335992f83,P0160,58.44
d48ec351-8318-4fec-8009-71384d344a78,P0206,272.31
e4c6d72e-9a48-4e67-834a-af3b5cc9fc9e,P0082,24.78
93ea4ad5-3d61-494b-b2d7-e795c5493c5f,P0015,5.12
5497cdbf-30b5-4d50-a4db-9c50f709265a,P0137,22.57
eb8f316e-97d0-4d18-87a3-021d908ad103,P0018,85.45
69410223-80dc-4ce3-bc70-4161a1e7e8c9,P0132,22.78
ebc1503b-9ef3-4659-9c4a-1e95d7fb9dec,P0096,19.92
e309babf-db94-47f7-90ef-c5dc32f1dacf,P0180,23.37
f52ac336-4b11-4f82-a652-ab5bc7bc18a9,P0203,53.17
74dbd4ca-ae4e-4b96-863d-7be5543d621c,P0117,163.78
aae08394-cbca-41c7-bbb3-aa420f20af8b,P0197,72.57
a75caac4-7533-4eed-a976-3fb6e42c5bb9,P0248,0.87
fde34af5-0008-4bfa-b677-a6cb222e078e,P0297,4.22
34a6e687-9d00-4263-ba07-605a7e9d4360,P0297,9.21
83470572-1e61-42fa-ab42-19c87d187905,P0299,0.18
ee91b54f-d3e7-4f1f-98fc-2cfdf783fe8d,P0293,2.94
e12b6136-d497-40a2-aef6-79061ffb87b3,P0211,262.73
c33cebca-ae7b-42c9-b26e-4c159b30639a,P0048,17.17
bdf07749-738b-4b97-af9b-cedce4e48787,P0155,27.41
afd14987-ea1a-4743-985c-77578f8038cc,P0245,4.4
6ac23f56-d56f-42ac-b97d-9616b1a9af6f,P0239,72.4
068922d6-705c-4e5d-a876-4a825c649630,P0135,7.58
bf5ed8bf-e198-4bd3-b0b5-99ddf54368b2,P0243,6.44
4ba29c1c-cd66-4dc7-b765-2909df65d7c6,P0195,21.35
b33e4d61-f2ba-4755-bec3-45beb87e03d1,P0275,1.75
2332007e-ea93-4030-9da9-f9753ec72f90,P0056,44.06
8246d805-6368-4411-afbd-5497e13d21f0,P0031,11.98
636495c8-1837-4fc7-8157-d9312f78efc4,P0092,4.68
2c5114f8-e808-4f74-a4b3-2092278896ff,P0073,16.81
2c57666c-d312-4e40-aa1a-c454e32adc80,P0200,26.65
51871803-6405-4de9-b6b3-699a7130af64,P0060,26.93
fa8b19b2-1dbf-4694-93ca-e7c7bd996002,P0023,12.05
fffb7617-2ca2-4040-8832-a64c79619578,P0248,13.54
c87fe68e-853c-4838-824a-9f9570f08f1e,P0280,25.51
6b7a6b08-1601-4c3a-8c16-d816f7de547e,P0044,7.08
0e3aa95b-e2a3-4b94-bcbf-2d14032d1e59,P0156,195.58
5fa25725-b372-458f-989a-07b866fcf894,P0015,8.46
ff854024-86db-4bd0-a6ab-53ca1796ff56,P0075,65.0
5102e8b1-af79-4c24-84a6-5980ab89efe0,P0080,20.79
62994b13-a7e8-4911-afe8-43c2a20c2cc2,P0229,9.18
1defa863-ce5a-4132-ac1b-56835dcf0486,P0169,180.48
cbc723ed-73de-4ebc-8d20-8a5dd918d6fb,P0052,37.76
55310add-520b-48ce-ab18-27da8c65223b,P0180,18.49
bf586b23-e88b-428d-b210-b127047bfa26,P0245,0.62
356a3ec3-25d0-49e5-8234-c51f1894b258,P0063,14.07
8dfaf989-6d0d-4855-a3d4-46bffc0079b8,P0271,2.76
b12421f3-3fd1-4d4b-a151-fab59c62da5a,P0296,3.59
e3605e04-30b7-4695-8280-52634c2b8c62,P0015,76.06
98574aed-7b28-4362-afa9-1f0ec59093b9,P0274,10.54
84ade16c-367e-4ccb-b57d-bcc94a1ee67e,P0132,79.64
d5795489-10ba-4c94-aeb9-224fb5feaf60,P0009,139.99
6efdd179-03a2-4481-aaf1-dbba2e2a278d,P0197,5.18
753c0c72-b395-4a41-af49-a016637d505d,P0240,63.34
b6232851-cb52-4168-9259-0fa4b210977f,P0097,12.2
3d6d7ac4-88d0-4e29-9ad5-b1954f1f4287,P0220,15.95
c2348751-1eef-46dd-ba2b-63405fa7dccb,P0050,35.39
b0526a4f-da2a-4924-b852-1e28b27f3a97,P0090,34.38
a3a398b0-c05c-499d-b30c-cef474a77e7d,P0231,8.88
28bdbdb3-34cd-4d12-9fd4-b9e79b566044,P0102,8.18
a6b5404e-01de-40b9-a35f-fb8359538b82,P0007,6.29
06f820f6-5149-4673-ba18-565d3e3fdb81,P0214,26.05
e48e4842-300c-4216-86db-62dc6bdce3a5,P0297,139.48
8ce2eab7-d25e-4614-9ed8-1d8569f1c470,P0114,28.38
cd500964-f563-4573-98d1-7265f87c7c3c,P0118,12.12
bc4f44b9-2adb-4eb3-87cd-5d4ac84e7cab,P0127,24.68
d8574981-8c19-4104-8610-4aa242d0c467,P0026,26.28
eb36fe09-d178-4b0e-834d-cce129e9f550,P0265,20.85
ac031964-95de-4044-8bce-96e25684718e,P0130,23.62
d3a00193-a324-4f3b-a228-c1e749afee7f,P0097,69.78
99f8ccf4-a996-4837-bf60-207f54c1dcd1,P0006,68.93
d25d3196-800b-4a7f-9c8a-68114ab6c563,P0211,9.08
e3d9e045-5703-419d-ad69-c4a5fa7283c7,P0130,7.84
cd61532e-af1a-47db-a8b1-abde7a69679a,P0200,15.93
2ef02ed4-78dc-459b-b318-c3cfa5bde429,P0230,23.08
da17787b-3281-4bbb-9b71-5bfb2b4641b2,P0146,60.75
8071a01e-ff6c-4f65-93c7-78ff9d2c5750,P0149,32.39
3cf96a0f-ff5c-4bad-a20c-f4fda0102ad4,P0195,16.8
49726e8c-acdd-41be-88f1-b5d68865e25b,P0147,26.98
5933b11d-4938-4bb1-ab29-37bff4ab0144,P0053,2.19
c1fd348e-bb50-4f21-b06d-e1b9bdff9e94,P0147,15.07
4497840b-3c18-44a2-871c-7fed144caf89,P0117,3.42
a7a475d8-7845-416e-bde8-e87f5dea2031,P0217,14.93
d79408ec-e0fc-4cc4-98e6-9499546ce88f,P0223,86.4
518a03ad-5575-4b55-aa1b-2394e223d36d,P0085,9.74
40e8a8d2-8a11-43dd-a2c4-431041ee5002,P0263,5.49
965eeaa8-7275-45c5-8599-5f865e406f04,P0099,0.61
57acbd7d-1cff-484d-b87d-448509c71fd1,P0195,86.58
71741287-120d-4296-986f-d4c256014d54,P0273,182.99
03880c09-050e-435a-879c-f56bd4c9912a,P0115,18.38
93cfba20-1189-47cd-a76f-dd7a1360ca9c,P0123,119.57
a0921c2f-5819-4a3f-8042-19e789e63384,P0164,43.16
baad0a57-9762-46a9-aa0b-f6bb8e2ef8b8,P0132,20.94
7d6f1d5c-0bf1-4625-a2fe-f1686c4eac9e,P0218,34.17
73f1e0e0-fbe2-4567-9d2d-7f1275c1e060,P0018,231.92
65bbe60b-7424-4ad3-ac9a-03ba3c5193a8,P0042,97.95
35971b90-0dbf-43a2-98e2-67e7a07c9c1a,P0013,3.25
617beae0-f531-4d82-8457-f56026602f00,P0213,30.73
f53c47ab-d5b1-492f-9d1f-ea82879d9207,P0027,19.36
de8f82d9-3c90-44ef-99c6-1e2d207c99b2,P0156,7.03
1d65be3a-46fe-4621-8c71-1e3913f59461,P0201,21.04
de2cfa74-f4ca-4c27-9756-7e1d071f02fd,P0151,50.6
6ade3652-6caf-4060-a6bb-df08b48ab227,P0010,15.42
4f16ae07-7394-4952-918b-af6b3dcc7c34,P0292,9.32
94ca771e-3319-486a-8607-258be48580c5,P0148,26.62
afae8f20-7f1a-4c0f-84fe-a0e935fa3605,P0058,27.51
33a4c9d5-1182-48bd-9da6-881f8ded60b5,P0226,90.43
e0b9f823-8206-4e6a-86dc-ba0607644a54,P0098,47.46
00e7ffed-db71-4dfd-8bce-247a22fa55d5,P0287,15.62
fafd9779-f03e-4b3f-85d7-cf681483fc03,P0015,27.45
e7dc1eae-02fd-48f9-b1ff-2211d01ec102,P0018,20.2
ea41f531-66c0-44e6-a392-a4c7d2516653,P0100,2.03
a031ac53-2bbd-4bec-8bd6-c9a252daa7b2,P0278,11.64
7d3dee9a-582c-4542-9b5a-dd9f383e0a2a,P0224,0.53
a9413983-85e9-4cd7-b954-8a9b8ec34e56,P0174,164.65
8b2596c7-d19f-44f3-b438-a9f941be4db6,P0084,5.54
ea18d974-38a2-43ed-94a9-07684d234ca3,P0189,21.1
74c811af-31e8-4eda-bc7e-131444871b59,P0051,19.16
bac3e9c6-ec78-4946-908b-b702b4e77814,P0241,23.82
680287b5-531f-47b9-8c9e-0a9c00cf8877,P0243,43.32
9b5210f7-9912-4a20-8a96-1a1d81ef0faa,P0221,9.57
98574aed-7b28-4362-afa9-1f0ec59093b9,P0054,16.66
e3c2cc93-a476-45db-a2cd-ecd390f2076c,P0069,70.57
5d44b04a-1e2b-4eec-8e5d-cbe3c1114d96,P0195,241.5
65bed8c4-b1db-4b28-a609-7c878358eec3,P0223,4.84
fedc9ec8-5c7c-43e4-a0cd-9dae9ee66eee,P0272,15.31
e534e0ff-446f-4888-96fa-ab1cf60ceeb0,P0064,27.98
3510ba0b-ee86-4a99-a759-a2522bba0dbd,P0121,66.42
d8de2a04-4845-4182-b017-bab22a2f7cb4,P0008,23.46
37ca2dcd-6414-4c00-a361-51acb0dc56ad,P0236,99.5
02f19778-3485-4180-bbdf-9d6edc143e2d,P0234,12.04
780587a1-b2ca-4654-be86-68770b19072e,P0015,202.93
6963d332-f515-4a6d-8f7d-27883654f345,P0109,31.08
38f4abf2-861b-4e03-8d39-4ae6b2e86226,P0089,77.74
c273523e-8f78-4998-990a-9d17ef3db6ff,P0066,45.72
107b2493-f452-4644-910d-4230fc211b79,P0101,1.54
ca2f9775-a365-4110-a2c3-52d68b6f3baa,P0102,35.15
a6f5c906-4ec5-44d8-8218-ec8b91496ec6,P0138,25.69
859730e2-2eb7-4c23-aeb3-3257f053bca5,P0149,56.26
937181a1-6489-41c2-8365-f0101de4d44d,P0206,14.6
1eafe9e5-81ac-4eba-9b55-1cc96128dafe,P0223,3.24
8585f0f1-5afb-4c08-8361-88a5abe86e14,P0270,9.0
7801992f-5294-4edd-bac2-9307f123f08c,P0261,26.98
4182df1b-3d6c-49ad-ae92-73ebfb6214f2,P0162,72.04
ee930232-d55f-4b08-8404-e5d8c84c5c66,P0248,0.9
1067a727-cab8-45b3-81b3-3d669e15f930,P0221,110.1
7c2f8127-38d5-4547-9745-ea34e07b2263,P0109,45.93
1cd74463-0a5a-4ae0-a789-eb306c24aad4,P0076,76.44
dccb2b27-0b03-4367-a9c3-43f37b9e7c08,P0107,50.37
5e8fc975-ccec-4b22-b5fa-af9510a936c9,P0226,19.18
ecdf7b3b-8417-494c-b39c-6a12ac6f94ff,P0201,51.92
2e1553a0-76c8-42f7-8b03-3b43bf725d6f,P0124,1.1
cecf3e1e-9e9e-488b-92c7-e0ddadbde977,P0001,24.08
fe0aeb48-a377-4178-9cc2-e9c01e78a53e,P0037,65.51
4f5fb2f1-cbb4-49a7-affc-3d89279bb1d7,P0131,71.46
9705d73d-002c-40be-b945-41071f97c4a1,P0212,3.01
80b16993-2b00-4cbd-b2e8-33e390c30a55,P0059,18.9
0915dfc7-cbca-4526-b4da-080c850b1d79,P0051,137.5
d8916b66-927f-4050-ac59-0dccfec8be4a,P0291,42.93
10f6b73b-6850-48fd-a9b3-91d131d43c85,P0169,29.82
d3a00193-a324-4f3b-a228-c1e749afee7f,P0020,29.21
a93e65c6-c326-464b-aef0-b5edbffaeb19,P0010,43.12
272b6dd3-c87c-4701-847d-80deea31d85c,P0090,24.2
da25a95d-f072-4b15-832a-ccfcf889b34b,P0196,81.17
c9dd5763-51a9-4621-912a-5b6ad282d5cc,P0104,4.61
c0826552-9b34-45a8-8456-03c235f19cd8,P0174,7.68
c88930a9-c260-417e-b7bb-30eb3944386e,P0170,5.55
17fd33f0-1d5d-476d-abba-01fbbd2d7860,P0237,46.81
51871803-6405-4de9-b6b3-699a7130af64,P0248,105.09
fe2fc0ff-b26f-4f4a-9cd1-2c089d084b40,P0234,111.12
87f40026-4364-4a40-a53c-1aec920ef8df,P0183,49.82
f040f0b6-5806-4c0a-acba-c56cd7e70d70,P0179,81.17
633f9520-db9d-4192-9e4a-1b4ff50cddc5,P0164,0.52
e777aeee-dfaf-4d4c-a80e-e870565f123a,P0196,59.17
ecd5086e-8d99-4bff-9330-40e019201aec,P0012,32.95
63494cb5-dd21-4cd1-b0f4-fe05f2762ab0,P0161,4.94
c88bdf5f-4bd0-48f3-8458-3f07e257e2ad,P0087,29.12
d5795489-10ba-4c94-aeb9-224fb5feaf60,P0298,123.37
21db279f-4b92-4844-bf3a-4fdce4c0851d,P0147,2.3
548b8b32-3b2a-4825-877a-c52bf5faa5ba,P0062,25.2
2fb6cf0d-1cd8-49b3-b72b-5dfa57796356,P0184,42.3
23c5a3d1-ae72-4241-b039-db87c4fe9e41,P0084,12.57
ac031964-95de-4044-8bce-96e25684718e,P0250,99.59
786c321b-fe5b-4340-9e25-131005c062aa,P0219,117.76
10dcb8be-d928-430a-a556-365f62a24053,P0028,92.5
70ce1c66-6664-416b-9022-45de4e802683,P0103,2.41
cf4d6caa-9d3a-4e29-b3e1-edef126e5bc6,P0271,14.66
b8d5b6b5-3bb2-41d1-a7a1-5044260adc8a,P0212,10.57
b4346c9a-b071-40a8-8ee5-60cf37f27758,P0200,7.15
54c57c40-1d7f-4662-9ad5-daeeb714ce31,P0228,26.11
70cf9998-a8d7-4cc8-9a4d-14c2d81c6aff,P0018,43.85
241b2bc1-d74e-4501-aede-4d92fe35e0e2,P0229,52.53
aea23b0f-3211-49f9-87c3-79466992c79c,P0026,81.89
e79a1fa2-d7c3-4c4c-b15b-edaa2b0238a9,P0062,1.19
3c1fe103-441f-4827-a945-664027676338,P0025,52.56
c289682e-4390-4b48-a9d1-f9cee88146b0,P0174,48.37
4363f6ce-87c1-4d3d-8583-84dcdd9317fa,P0135,64.15
e9cb4431-5a7b-432f-996e-632932a9f632,P0249,39.72
9567e6a1-ff5e-47fc-bee9-8c3ec9fc3912,P0124,82.39
aed2e7b8-5bfd-413a-bfa1-18a2bc7cf69e,P0237,20.44
d03636af-7af3-4fc9-abd9-0955392edf9c,P0028,4.13
265196e4-d7c8-4e4d-874b-7ddaf3d2fcbf,P0068,128.9
b4346c9a-b071-40a8-8ee5-60cf37f27758,P0243,5.4
f15d7096-941e-4b3f-9866-47dea3143fee,P0022,18.22
9798b9a1-aaee-4c6e-ba94-a1d34b57255f,P0265,73.64
5e5432e8-b456-49fb-b018-e5d06c9161b8,P0248,15.76
583a3d14-1314-46f0-97d8-3345ea86b553,P0257,21.68
46705ba1-f2c1-473a-9ace-5174c08aba65,P0274,206.6
3653ffe0-3997-4369-a725-693db99fb58a,P0093,10.38
0f266162-dcc6-49a0-9a9e-23f0973f560f,P0002,9.22
19c1b1c0-7a2d-42bc-beef-b5cdea804995,P0159,16.82
17214e55-e9d9-46f7-afe6-32f9d57444f3,P0189,3.29
368c00f2-6d6d-4f0f-9624-ad5ef255c832,P0232,25.5
9f8c5463-8381-4552-add1-864b61f42ee9,P0004,10.53
0dff5bad-b877-49c2-ab1d-9cbc7114df27,P0275,33.96
81ac712c-c1cc-420d-8fe4-5a02eceb9ce3,P0219,92.24
748adae5-00ad-44d3-aca6-33e49db42cee,P0228,300.0
5e9a9e1e-bdcf-4a00-9eb6-65e4332f2ee4,P0049,80.96
aad0f1bf-31ce-420b-b314-c1f77ebe27c1,P0191,1.91
9e2000e1-83c9-4fd6-ba0a-633b3613747b,P0081,16.46
27a9e56f-9ea0-4d50-8a96-6a0d7742fd54,P0225,110.91
94ca771e-3319-486a-8607-258be48580c5,P0275,8.34
c29804c1-22c5-46d5-9730-8bd1550bf954,P0144,60.44
26c694e8-64da-40b3-b05c-d96028be45f0,P0047,39.52
ad72238e-b72a-40ca-856e-978c3ac53c94,P0063,45.35
a80a059c-328d-43a1-b609-ec9e51584518,P0060,73.08
724d4023-f2a1-4bd7-9623-5fa759ee0264,P0224,10.63
ab5dd80b-d1b0-4afa-b5f6-fa48e256e32e,P0160,55.18
4e6a7c25-db60-41e6-a6fc-e93775987f78,P0079,153.15
af539309-d9db-4c4e-8975-ca1cd129f00c,P0174,109.31
2c7f755c-9695-4a41-86c8-92de259890f1,P0246,37.82
f788972c-e7c9-4fac-8703-f14150502e79,P0275,118.32
36488e56-aa47-4145-9156-7bca078a7264,P0236,54.91
d873781b-0ff0-4c9f-9964-8de302a55d82,P0282,32.16
4d69ff63-7076-4758-8281-690b1c2a4ba7,P0043,20.41
1c5e945b-af02-4dc6-b888-f3b3dde0a263,P0175,91.63
80433aaf-edae-46af-bd9b-939e3a6998b0,P0281,3.76
92cd2a23-72d6-407d-9e0a-df7343bd989a,P0264,59.14
ffb06c65-026b-4fc3-a287-29042b2a02ae,P0243,27.07
228f649f-1e21-49a5-ba4b-09e839ddaeda,P0017,6.16
a9821ba2-0adc-4556-b511-5ceeac5350bb,P0127,76.47
30fb862c-7d98-4816-8af4-ffd4315a24e1,P0256,21.26
7e2b0175-5c3f-439e-9541-c6c8a9ddecec,P0235,169.77
854e3e62-9888-4509-a994-d781baed6e5e,P0218,31.72
835d66f6-efa6-4fe8-849e-b9be13c5a35b,P0226,21.19
8e52f59b-981d-4e24-82cc-c2cea369849c,P0011,17.33
b12c2ced-88b5-46cc-88f2-be8bc8cf527a,P0128,41.59
e3d9e045-5703-419d-ad69-c4a5fa7283c7,P0065,10.67
9d2edbd7-0ee5-4061-9ca7-32352469c8a7,P0130,2.4
5d5b773c-8798-4192-8a0c-ff16c03c01c1,P0011,3.09
109595b5-97d6-4b0a-9eb7-92b6c04d47a6,P0234,78.76
9a7786ce-d7de-4d34-82b1-9c788b572ea2,P0007,33.82
379f26bd-6b75-416c-94a4-fe2766bf1675,P0211,88.08
56c86468-67de-43a2-84e6-1bc950742d80,P0257,52.67
de24dee8-3598-444e-a536-fcdf5e3ba954,P0246,124.94
d35ad7a4-54bc-4625-ba5a-4838030203a0,P0222,211.17
d19b90c7-1690-4f85-bdeb-e37796fb6e59,P0140,10.17
30fb862c-7d98-4816-8af4-ffd4315a24e1,P0085,7.09
e740dab8-b9cd-4151-9577-1e972b8431dd,P0032,23.25
1c924c1f-53ba-451b-8096-2f8009924574,P0191,0.19
76e4d02b-2bae-426f-9657-24dbf9362ae1,P0197,39.81
7609f104-43b3-4e1e-a8af-77281157364f,P0028,56.84
3d3649de-2a96-478e-b511-a69ab1e961dd,P0169,18.93
25638d0b-1543-49ef-9243-0f89fcc1caf5,P0299,64.89
5be68d5e-578c-4331-9133-c2e348afd660,P0118,32.21
b89dc1f3-a49e-47d6-bc27-6621e666d291,P0112,18.82
cb4f1f57-0475-44b7-a430-832378ef8108,P0064,20.83
f1cc3c9d-9b26-4d7e-b929-1376abbbacaf,P0125,21.9
81218ddb-a51e-4efa-84ed-f7c0529b80ba,P0040,25.48
e25926c3-b28e-4e6a-91ea-60489cadefc6,P0092,31.62
bf0d4be9-08b0-487a-9351-a141d96e85a2,P0290,4.45
3c8612b1-fef2-4cc5-8950-1d3c942c6f8f,P0131,64.0
6bb87b5e-5b1a-4d68-8070-01b8eff2520d,P0003,6.3
0e9de263-c798-43c9-8b42-783a7d60c234,P0236,36.57
98719cef-daee-49a1-b614-05511447dace,P0283,19.33
41dd4d48-d040-4c4e-8b27-eaa9fbc289f5,P0174,4.44
39b66090-1825-43fa-a3eb-3520b29b4c40,P0016,33.06
7b257e9e-7647-46f1-98f8-3e0e29b11ebe,P0093,13.02
b61fc3df-3247-480d-9447-b983df69afa1,P0243,6.62
e2a217f7-c2c4-4fe7-a484-1d7492c7b95f,P0182,121.99
b924424f-2219-4250-afd0-4a5ebbd76155,P0250,10.22
0a359f10-4e79-464d-9c01-ec1e2130a1f7,P0234,14.46
0b9d6798-19f7-4cdb-9ea9-84827292455d,P0246,9.73
13604b93-de53-42cb-b8e1-da8047b8a4a4,P0195,26.6
bf5712b7-31aa-467b-b214-1bf911b652a5,P0090,14.57
5162c734-cb32-4604-bba1-3dd63a3c2655,P0154,12.39
83d029d1-1484-422e-9cdb-c5d17c5913ba,P0180,23.81
d0c16435-85de-4d21-9e20-46bd42c2397d,P0232,15.81
7b257e9e-7647-46f1-98f8-3e0e29b11ebe,P0100,0.79
2b76f212-d9cf-4aa5-be9f-48d722704cc0,P0055,19.63
1bcfacb8-363c-43a0-aa37-67a307495951,P0170,2.75
b9b07db9-056b-4759-af8b-47a11fee9ecf,P0134,37.92
afb36ac0-a05c-4680-8719-65362bf51c58,P0149,1.42
f3ea020f-533a-4d34-a7dd-1ce412a3ce8e,P0063,28.35
69e4c6b3-4030-4fed-a236-b849aad46f52,P0191,2.08
63d0bcdd-e04c-4a14-abce-a86856442ed7,P0028,7.21
84ade16c-367e-4ccb-b57d-bcc94a1ee67e,P0269,4.87
d292403a-88e7-4aeb-91fa-15aaad076468,P0041,66.48
afae8f20-7f1a-4c0f-84fe-a0e935fa3605,P0009,50.57
d728d209-f97e-4695-bd45-bb017c4d9c80,P0175,26.04
ede17241-004c-46d8-86a3-1c011ec4aa19,P0064,140.92
7d211d5c-497c-4b3d-ac66-df5897a656f9,P0142,1.75
09006498-8944-4a88-9148-49d68e76f273,P0288,36.32
a14c21f1-6ab3-462b-a51a-9b28c93e9dc0,P0009,34.41
241b2bc1-d74e-4501-aede-4d92fe35e0e2,P0178,31.7
2526476e-d8c0-43d8-9e8f-bc25fd4df3a3,P0111,27.37
37d79f11-adbc-4a88-b15b-0214dd28f035,P0285,18.69
345a388a-f9fc-45ac-b8fa-053422b93cb0,P0088,12.91
326a3552-f8df-4e7d-a606-9e5866ee943f,P0261,103.87
30a277c7-6133-4e10-8908-bc15026f8ee2,P0244,5.67
c0f18c6e-0b09-46cd-9afb-16878c335d14,P0093,46.19
23c5a3d1-ae72-4241-b039-db87c4fe9e41,P0058,22.89
f4e834df-fd65-4a62-9052-77ce1c2be548,P0156,8.68
f4e5cd64-0279-4c6f-a762-f1471402e6d2,P0262,26.68
b954673e-af12-40db-9944-eec3d48393d8,P0275,61.85
1c5e945b-af02-4dc6-b888-f3b3dde0a263,P0080,17.1
db40d6c2-50d4-4ebc-abd5-db674b17eede,P0084,43.08
10b6244d-d8c4-48fd-a5fe-317263d8c86f,P0159,78.27
57a78270-45b4-4843-9503-97b0b1f4c517,P0088,3.7
3954889b-dc2d-4f7a-9a4f-a4d0753d917d,P0079,84.77
00d5a107-a1d6-405f-b66a-4b1026cb948a,P0103,37.2
9f3e1e5c-5b34-4f5e-99c0-987296b85035,P0201,46.23
bcf1a3ef-8893-4360-a4ef-8564995812e5,P0053,13.13
b0526a4f-da2a-4924-b852-1e28b27f3a97,P0283,18.1
163ecb9d-0b07-483f-9f6c-a615f3fe0a3b,P0046,13.01
f1cc3c9d-9b26-4d7e-b929-1376abbbacaf,P0263,240.63
b76ae33d-8030-4f7b-b09d-4d6231e169f9,P0218,10.5
de34ba4b-6979-47bf-8aea-798b0e1d4eb2,P0001,8.12
ab2aae15-7498-4635-b035-1d442be7bd19,P0252,14.22
ac6ce574-17d6-42d1-8697-02089984294b,P0163,11.64
ed678a97-b497-4974-8aea-a96cf1f3c35d,P0167,134.0
bdac57bb-03b7-49cb-a6d0-bebc5b3c74dc,P0167,89.47
5ad095c4-fc9d-41e1-ba9b-cb88219d1451,P0288,22.79
151b6a13-7b62-4a0e-b1e4-14ff5fd153c1,P0165,54.56
3469d12b-d3c1-4b1d-b371-aaa27dfaf469,P0213,36.25
a13fe180-532e-488b-a90c-ee12e1a1f4a6,P0205,108.35
a4579891-b22d-4d45-ab0e-c2aa8d857e09,P0125,20.99
bccbb513-20fa-4ef1-b426-7cf0957ffad6,P0131,10.42
bc72ef3c-d828-42d2-9402-ca81aae73803,P0298,12.35
83d14681-dce5-4a56-a9bc-3bae7f270c28,P0209,1.28
7d3dee9a-582c-4542-9b5a-dd9f383e0a2a,P0116,119.45
f047a144-2e2b-42f1-886b-2e4132a4351e,P0088,49.62
c94c9d9f-7d48-4065-96c7-12084a551eee,P0018,11.11
c58a1480-6611-4c9f-b873-17da1202768c,P0164,27.55
3c1fe103-441f-4827-a945-664027676338,P0187,151.48
71439816-75c0-4b5b-9808-0611d18b0b2e,P0099,28.94
05a5c7e6-d249-4261-82fe-4b5329aca706,P0176,14.68
05750b4a-4edc-4734-8197-521a29444f26,P0198,27.62
50ab4a34-c526-476f-8151-e3f046fa0b04,P0256,68.35
541a8c51-28b2-4841-b403-6375cc10ca4f,P0200,75.43
14e5c2f1-94b0-4462-8537-225f3bb26e80,P0139,30.66
4df3a840-13da-4b8f-ae6d-1b74c9b8ff96,P0270,41.08
aab6db8f-000f-4d48-aa9c-a398d5b9d611,P0123,9.63
f04a17e1-d8ef-48b2-a774-b409554849df,P0009,34.26
ca708254-948b-4fa7-acfd-afd103140aad,P0236,16.82
0aa3597f-a5e9-494a-9cbe-86a69944ff08,P0209,5.85
0823cce9-3b01-4693-ad01-640c94036047,P0056,46.38
83c624ac-9ac8-4d00-9ae1-00b6ffa6a90b,P0169,15.32
789c672b-6042-4568-a66b-308c5820ad3f,P0287,51.38
4f964dfa-8d88-4002-833e-74eb55f76dc5,P0187,42.1
221aa6f1-e3e5-4fa2-93a3-4edc306d96a6,P0039,17.48
6256f01f-f205-4d11-a51c-77b8e719bf7b,P0197,41.82
4b4449e4-b314-410b-aa0e-f3ef8f67608b,P0291,1.98
96faae18-ed33-447f-a5e6-2f491e219d26,P0030,18.71
e5e1bdf9-b4fc-42f9-bd58-05f2498daeb5,P0142,8.0
57173d4d-626d-46c5-a035-0c1faa7429ae,P0054,21.51
bdde335d-8475-476e-9abb-88d56d55397f,P0034,26.62
b0023f5b-6df0-4142-a467-af715856f7ac,P0131,2.84
8d91c560-8471-4ee0-b3f7-5ded45821316,P0086,25.47
55799435-ce97-4b75-b1db-93b59650fac1,P0195,109.79
b47d1bea-f78b-4fc7-bf54-2471f7521331,P0021,5.71
0dff5bad-b877-49c2-ab1d-9cbc7114df27,P0137,54.61
de80aa15-aaee-41f4-a663-66dde1dec671,P0257,5.16
4ad8b230-4d7d-439f-b9fc-305513ac318f,P0224,7.32
931c3bb9-6180-4e98-abad-a0ef0aed5189,P0243,36.43
baa8d0c8-fcb6-4e8f-a527-2a3f3ca04cd1,P0167,42.47
7a2ccdb0-dca0-437c-9cb8-b364340a46ec,P0134,6.53
b82dad5a-aac8-4804-80b6-a64d544dc2fe,P0104,57.3
793a6c27-9a38-420b-8499-538e235de896,P0039,0.3
8d29ca56-4d76-4ac9-a6d3-28af888aff1a,P0179,38.17
fc006896-3fe1-4c0f-a8a8-bdf586e0da22,P0194,10.66
5405c497-05a8-492a-b9f4-698018113a4d,P0278,19.48
b87190ca-eb05-41e7-a76c-571a11afa298,P0300,83.33
d80c5312-45f3-4c1a-9f28-30d5efdbe7f2,P0173,22.01
4ed9b8dc-1d72-43b2-b2cc-e0550eeb6912,P0150,7.2
35ddd802-021b-4017-b2f4-36a86df98cc1,P0272,64.48
b7de1cae-cb30-48d3-a3e2-bb98b2ca8a45,P0254,41.33
a97c8d4c-bf34-4615-ab65-64ff460a9e84,P0063,20.55
5cd6f8a7-3d5d-4273-8cc9-283393933940,P0228,81.47
b675cc45-d12e-4f8c-8760-8869034e6ba4,P0255,139.5
ae6c1d6b-b432-404f-aa1b-a92a3cbc1233,P0262,45.73
d7922708-221f-455f-85bc-c5813650ce39,P0018,91.56
e62100e7-bd3c-428c-821a-f4f9741a6523,P0239,6.8
bcb431c6-963f-4488-a6a2-c18f73b1636f,P0174,125.15
5011f519-6a04-43d6-bd7f-1a965a44ef4d,P0246,16.09
666a5de9-fc36-4a59-85ff-c0fe0557b1a1,P0213,70.97
57ff97a6-2b1e-495f-a38a-2a14bd6be202,P0278,42.35
82f5261e-3d45-42e1-9db6-26a741b48839,P0187,11.3
2a63eaf3-71a4-4cb3-8d87-a3c520bd580c,P0247,13.44
d54d33a2-299c-42fa-b395-abfbebd3e134,P0078,11.38
b6424def-873f-4871-a962-5a073bfb5024,P0219,9.2
e2622750-c726-4b95-9913-ef9c82606c78,P0005,31.45
4da703f0-65e6-4839-8074-527b7c3a651f,P0042,7.56
906795a2-a324-4edf-aff4-610bd7b92862,P0012,0.19
4b8974d3-fe3d-4170-a958-39d7e3b869bc,P0296,15.5
8e7675c8-09f8-4eb7-bea4-c949ee077be5,P0110,89.23
bf09bf42-98f7-41c2-9d94-f759b05d5941,P0247,136.72
08e0bb4e-8d21-4646-bcfc-c7f20ed4e860,P0113,6.55
f098117c-e41f-4772-ba4a-5de7801cf3a1,P0166,73.42
1981cc28-c3c3-49bd-b847-0c26a95aee38,P0198,4.48
f778d276-a358-4e46-8ea3-6d92afa1282c,P0286,19.7
e37c6c96-fe79-4965-b34e-8d4871736871,P0051,15.23
7b480e3a-3764-469a-8d46-a218aa57e610,P0300,23.27
5d92a2d1-3537-4770-bf75-8c8116981f03,P0067,108.23
c43fa4f2-9d45-4c6f-a00b-3c8698e948db,P0147,74.25
9a9ac4cb-df62-4e15-bc5c-69b4f7c3c7dd,P0123,44.74
9b511f20-5e7a-447e-9de7-add2be6e057f,P0021,45.6
9e0255ac-3848-44ba-8016-f84bb645510e,P0276,11.71
ac78f587-7cff-44a7-8e55-872db118d557,P0225,12.87
a4ff8639-2998-4cc8-80ae-a99f5498f68d,P0109,143.55
de8f82d9-3c90-44ef-99c6-1e2d207c99b2,P0261,27.4
122cd0bc-f1f2-4a67-84e6-72b0fae09214,P0091,32.04
014e2f97-02ab-4985-9685-d980b2a6a0b1,P0131,1.64
72bff2f0-caa8-45db-a0dc-dce43a42e5bc,P0091,94.17
baa7e82f-3548-4e1e-8a9b-cdd4b961a3fd,P0142,112.44
10dcb8be-d928-430a-a556-365f62a24053,P0055,8.16
8f6bc20f-1a98-4418-87a2-9e6c12a6c4f4,P0032,174.36
fd06cb28-6754-4a48-9230-21f15697f79c,P0014,28.73
6b55d9ec-6af9-45cf-b49c-b824d2720b66,P0117,24.12
5932e03d-996e-4c25-afa3-8adc08069ebd,P0249,36.0
4ddacd05-d766-4ee9-8c6a-30b28ba4bc50,P0027,65.89
139e93fa-a4d9-44ea-afba-7bee519126ae,P0051,54.01
973866f7-a9ec-4ef7-ae23-773c8d22b02c,P0292,39.29
e5d6f327-81f7-4e2a-a8de-d079abcbf97d,P0244,29.87
8ef9433f-2789-4a5f-9a69-998644d76441,P0041,8.44
429fab8c-a025-4a8b-b5c2-08f218c4b2d9,P0041,13.74
5a4848f1-e1ea-423b-ac57-8885af3e2f6f,P0028,11.34
5e36f633-fdbc-48ea-8c05-8473cdf65e96,P0175,67.01
ec00f45f-f73b-42ad-8dca-9c3ba1418cef,P0287,18.98
81923785-75ec-4616-b7ea-13375384dc47,P0155,46.06
83a0c399-541c-406d-b36a-5037d3682c0f,P0287,31.24
ed245aab-cc81-483d-99b2-5d9da638faf9,P0126,46.04
fbf7ab66-be0c-4e19-bb6a-c1c640f643d4,P0096,1.28
62bd3eca-3408-4406-8442-3751d8b3186d,P0270,3.39
1c47d167-4c79-46a7-afa7-c54887b53ae6,P0181,34.63
7d211d5c-497c-4b3d-ac66-df5897a656f9,P0223,41.72
e6fa4780-8b67-4140-bc90-e55ab561f50a,P0144,44.79
ed245aab-cc81-483d-99b2-5d9da638faf9,P0178,12.58
339425ed-2e34-42a1-8831-e74961fcba6e,P0051,6.04
2a09843b-0de6-4919-b1b1-a5e450f9c506,P0059,22.6
758190bc-9572-45f6-90c6-ed1fa479d6b0,P0022,14.89
1420e3fe-6d5d-466f-8403-4e60f7a06a4d,P0149,25.58
1f303985-ddd5-43d4-b754-3ea040731966,P0119,6.5
a8d56062-c3d4-4347-954e-962e81904c72,P0076,19.86
1666b190-3da9-4099-a25f-e7335bc3db81,P0035,9.31
4562857b-f0a0-48dc-b25f-edbbd3dfb5ae,P0159,30.61
802e685f-caf1-4dce-92ee-e9d01637d514,P0288,22.45
b5fe598b-c175-4f2c-a443-f07c9241e198,P0015,57.32
65d14db1-b62c-487b-ac1b-0223dba8c630,P0148,0.73
e62e12d1-737c-4ff0-b3ea-4d339ab3dad4,P0298,72.46
9382c10f-c92c-4811-a9ad-b7484c29ca65,P0076,41.24
1987fac4-a413-4a74-b1f4-b0660910e320,P0274,105.33
fde66361-5cb3-48da-bde3-8db36f8e6dd2,P0101,50.18
c1132195-b617-4798-8b37-7d0861e72e59,P0125,5.64
52c315d1-ae16-4ada-a940-5ba2bb1794e0,P0165,3.27
fc006896-3fe1-4c0f-a8a8-bdf586e0da22,P0203,43.45
efbb6271-ff2f-4e54-b10a-43b1cd407ed3,P0230,43.46
28d8d874-4b6f-4989-859e-541936c2b05e,P0097,84.98
7ee7ce75-ea88-42e7-8031-9fe9afcc518a,P0123,1.36
86d06ac3-a4e7-4fd5-b3f9-ef4606f61daa,P0238,31.5
ebc1503b-9ef3-4659-9c4a-1e95d7fb9dec,P0223,133.57
0b128b1f-0503-4beb-8d0c-c9c83e77492b,P0052,10.08
db448e0c-4f6e-41ba-8a97-7076a6d8e521,P0183,2.87
05750b4a-4edc-4734-8197-521a29444f26,P0288,44.83
0f7f6d5f-2534-4c84-9c39-eba3ce940593,P0022,1.57
55594a88-39d2-42be-afdb-cac564f6d7a5,P0143,99.37
76298ce5-aeaf-41dd-a12a-ba27c32b8062,P0088,121.24
5104b9ec-b9e5-43d8-ac72-fbbb34607669,P0061,130.28
4b033133-550d-4521-92d3-77d762772b8d,P0155,71.01
40592b9e-44be-497a-8720-9a611f45e354,P0013,138.48
36ca59fb-a495-4e19-a04b-b64a4e9b59e7,P0115,40.71
d2e2dcc8-2a48-48c8-b22f-c36f3caaa13f,P0267,70.09
735488cc-0dab-4f76-a66b-8d4e2d23c6eb,P0283,9.95
dd4dff9b-5c32-4960-bc65-d95b535771eb,P0209,6.62
57ee7b36-015a-49b5-999e-7944a5897c88,P0252,20.06
8dfaf989-6d0d-4855-a3d4-46bffc0079b8,P0257,31.89
35ea6dad-9a0b-44e6-8374-43a3ef639c3f,P0205,9.55
8f39a4fa-f0e2-4a3d-ac97-88ab0f363616,P0169,8.8
a8d56062-c3d4-4347-954e-962e81904c72,P0169,1.87
8c91f148-cae3-4013-88bb-307b51b3c6e9,P0041,13.21
d3cd3059-831e-4cc2-9562-7d9c166f29fd,P0291,0.19
e9db918f-4de8-40e9-a9ab-6b35cfeef555,P0137,22.22
c3ee9d37-18a8-4503-b5b9-d0811cde5530,P0274,95.74
8b765f3c-5a84-416d-b104-dd39242f4ddf,P0207,1.92
f825baef-53f5-41c3-bea3-6ac74c683956,P0226,39.09
39c4fd16-ee97-450e-b48a-473e24d67b80,P0095,5.97
3ce4876e-1ae0-4c8f-8247-4878dd64e023,P0148,0.18
0d46d00d-32dd-4f89-b512-1fecd115c5f4,P0114,2.86
1e95a2a8-59b5-43f2-a591-4ad11eaa5e6c,P0272,77.58
f907a773-1fcd-4da4-a4a5-927e1b4fdd4b,P0186,17.04
96f5dc29-08a9-4a3a-876c-24aadc676f1d,P0074,24.93
e9a77612-e52d-4343-bae1-2b70c247c95c,P0273,148.57
cc70f42f-3f4c-4ab8-8fcf-48333fc67b59,P0228,3.82
2caecfa1-6103-46bf-8bbe-91981735a7cc,P0182,27.42
f2663dbf-9eb9-49ab-a7f8-320d084dba06,P0035,5.53
9228ba43-6207-4bc1-9a64-cf871959d56e,P0027,3.3
3b0a4e07-113c-41a9-aa6f-ce1b0bab15ff,P0218,21.63
c3ca6ca5-f045-4b1e-a2ec-c86cc66bb878,P0211,70.65
35c68871-e1e5-444d-8ced-bf3befba17bd,P0005,17.07
8cef1774-1515-498e-9b4b-8885c417a3a1,P0139,0.65
d93c5095-9a41-4ef3-b12f-100eff3dc7f5,P0168,2.25
c05f4ab0-fe12-4f2c-9858-e98d8d0a3f70,P0040,74.38
5605b50b-ec49-492d-8a6e-574adf897a74,P0207,12.46
0e3aa95b-e2a3-4b94-bcbf-2d14032d1e59,P0096,44.26
414c2c77-dcf4-45ab-80c2-51dfd808deda,P0299,13.55
655312c5-9db0-4675-94e2-a22c68f279b4,P0074,0.86
5e36f633-fdbc-48ea-8c05-8473cdf65e96,P0267,8.38
533edf03-42a0-4071-a494-36839b216e47,P0263,19.54
01ebb6c5-fa88-478f-922d-e3daf309a001,P0239,5.21
c7f03e2d-16c7-4cba-8906-9225ce372183,P0097,14.73
2d52beff-d9b3-4b3e-a074-03d651b489c6,P0159,68.1
711b14b0-5261-4677-afe0-3cfb019212cb,P0075,5.54
f3dc8bd6-0733-4b95-893e-bd3a1347406e,P0046,5.26
1c3df0c7-159f-47f2-bf7d-dacfd636270b,P0007,13.96
88aff3b6-8d69-4aba-90c3-c91c019e1ca4,P0133,34.08
5e057aa6-2b92-4314-a7a4-05434c623808,P0289,98.62
b415ea49-c9eb-4c19-9e3c-34216fb26136,P0158,59.08
01ebb6c5-fa88-478f-922d-e3daf309a001,P0110,68.79
f1563b5a-83db-421c-9a41-c15b7a8cf815,P0249,4.11
0248f5a1-bc0d-4879-8546-421ce19e23ae,P0242,20.32
cd042bfc-2138-417e-b469-c82bba044d8c,P0033,45.86
c1c59163-ad3b-4ca3-92af-f445e0b3994a,P0265,28.59
7aac282c-0f37-4d7d-9498-339aa6018515,P0039,90.87
152d3860-1fd5-44aa-89f9-f00c0ac1e409,P0275,147.21
c6d45904-a308-4abf-81d2-d3265d9c8601,P0247,29.75
2d52beff-d9b3-4b3e-a074-03d651b489c6,P0200,4.54
8f599caf-5780-467c-80ad-6cc5e94b0767,P0076,29.59
94ca771e-3319-486a-8607-258be48580c5,P0136,27.28
7a2d2a0e-aa0e-433f-851c-782c08eb8776,P0167,22.01
4843ca75-bd18-46ec-a462-660b0dd91765,P0013,45.27
bf5c1742-7438-4317-8476-857a1490729d,P0017,17.2
53de73b4-3454-4532-9912-45881fbedcc8,P0049,7.39
28bdbdb3-34cd-4d12-9fd4-b9e79b566044,P0139,65.39
4d2190f6-0e94-413f-92da-8dbd4f82f77e,P0245,101.75
c96c73a0-b72d-4bde-a801-da7d859b174c,P0065,82.93
cd65d52f-1c2f-41c5-becf-2c617c792e00,P0161,28.75
9f4d7ccc-2de4-4c5a-9119-82eb6f634589,P0184,43.31
a14c21f1-6ab3-462b-a51a-9b28c93e9dc0,P0231,25.81
bf5712b7-31aa-467b-b214-1bf911b652a5,P0177,13.13
c7568fb9-7966-4a52-8eb4-32dbe64853d3,P0112,2.03
96a72a01-cdca-4ba6-92a4-984fb99ebdce,P0028,48.43
04e598de-2468-47a6-afcb-14c8a89c514d,P0042,3.52
ce2e5088-6542-4c79-a245-407f0cdf5004,P0138,24.61
f38a69af-bd84-43c0-9fd4-cfba484393d6,P0106,2.4
ad08eedb-d47f-4d4c-a373-6f7d2fe88db8,P0012,19.23
3e7089f2-ee67-4d9f-9c69-d527eb6ecd8e,P0280,3.56
d948dec0-f34d-4f00-bf41-b7fb77e03d11,P0085,106.05
37e76a7e-d26f-4ce6-8674-c91d9bde3609,P0160,2.13
cd6b21ec-dd7f-4f2a-b002-f1af07698eb5,P0007,5.76
522e5033-c350-42d3-b25d-2b7fe1de02eb,P0285,8.62
2f2796b2-27b8-4b76-8892-3fa70bd8ca0d,P0119,40.22
9d2edbd7-0ee5-4061-9ca7-32352469c8a7,P0175,34.25
582880f1-c755-4e53-a3cb-93a31b12cdb5,P0113,62.9
bc06cb50-a4de-4b7a-b8fc-3e6ad0b151f5,P0298,49.12
bc1d73c6-5a69-40b7-9bb8-50bfcdb15c85,P0135,25.74
28f7f6de-89a5-43d1-bc23-55d3d0675fdd,P0024,23.88
2e5431bd-f487-43e5-b206-e9a477ebd87e,P0183,56.42
c3ce6085-03e1-471f-88d3-f0e1042f8181,P0255,9.01
6efdd179-03a2-4481-aaf1-dbba2e2a278d,P0167,33.27
e9327ef4-6410-4c57-b258-a20d99e1d894,P0097,5.56
c595b242-5b3f-49a0-8f4c-f4beecff3d79,P0203,29.68
89adb4e4-9428-4c35-aa8d-c59e3beebc59,P0069,39.21
ab66a7ed-b1b3-4bb4-9c96-4083f8f161ff,P0239,32.91
cfd94ed4-e087-4b92-acc4-4f1ba1a4e145,P0046,9.4
3d70aa77-d7fa-4191-bc6e-fb62031bef9c,P0005,88.12
181ad56f-a5a9-4c51-8a90-7b0f20cb5b4c,P0181,112.88
4769bfc6-6a73-4d03-9251-b67626256773,P0151,53.65
87424705-db1a-4604-a4d7-46a9863798b7,P0176,191.27
22421be4-8ae8-487b-862c-9bb9b9836c09,P0127,90.26
a3e2a47a-3a83-40af-8eff-0e9250c52112,P0078,36.62
d182c9a2-f39f-4fcc-8cce-ec0a4af52b24,P0171,49.53
8028ba56-fccb-45e6-bb31-f20dc0322e91,P0253,63.76
5eb70a27-5b89-480b-981f-7c3cc8e4f65f,P0064,47.71
960deb48-110a-4e17-92c0-dd7110bf8295,P0192,5.61
f788972c-e7c9-4fac-8703-f14150502e79,P0094,15.65
9c15d8a9-99a2-4da2-b375-e761454fc649,P0183,185.86
28605c6e-0d3f-423d-a5f0-9ae7605786cf,P0151,7.56
0f5a4d69-6cc3-4cf6-b603-6b4cc2686670,P0261,23.98
a8533a83-ea4b-4cef-8367-1a98407aee74,P0266,69.67
25fd3afd-68af-4d1f-8b72-0792da7bf5bf,P0077,8.69
8a9181c2-f5ca-4808-9e33-398e1681bc79,P0274,52.0
ad7c010d-5857-4a8d-94dc-b0a66808471f,P0062,69.1
259ff0ae-95b5-4d93-9bb0-97109b6cd23c,P0279,3.79
b6218deb-b8bb-4617-9253-10a4ef355a32,P0153,46.69
2247acaf-87c0-4d52-9ce2-ddf4453d1850,P0237,31.09
df41e125-60eb-4160-955a-af37674de07c,P0157,172.46
5f5dc601-a49b-4c6c-8318-e1c872163c29,P0030,25.95
3e9c5be2-7e4c-405d-9c11-51e0f445ce4f,P0138,122.5
bb4c561a-250f-456d-ad39-ef0ee9732022,P0156,125.19
058a8963-0c2c-42b0-a098-1a09284e0bf7,P0066,16.76
54f3eea5-dfcf-4fd1-876c-95c5b9886b2b,P0185,22.14
a13fe180-532e-488b-a90c-ee12e1a1f4a6,P0189,41.23
d3365a80-bc47-4f2f-a112-b3b86a52fec8,P0117,136.74
bc72ef3c-d828-42d2-9402-ca81aae73803,P0123,12.34
eafae095-5dc3-4c04-bc5b-af4e43816018,P0029,134.66
ac18407f-a039-49f6-98d1-e8c2653f2e65,P0240,46.85
bc982a09-fc1b-4331-a2d7-447c1a9398bb,P0080,30.46
3f3f078c-39eb-4310-a904-f9fe1d54a798,P0066,28.0
d67b804a-a62c-431e-a097-b71bb1a427c1,P0023,56.47
ec00f45f-f73b-42ad-8dca-9c3ba1418cef,P0041,17.57
36886c36-fe33-4777-93ef-8071ad785262,P0263,52.46
5241adcf-cbfa-4748-8ca0-b489316bea2a,P0181,14.93
6bf387c0-e80d-4457-a93f-9961f0832b70,P0299,11.06
b30f05e9-c38d-48fb-b936-adcaa9fdd77b,P0251,5.29
2b116859-8aed-4565-8b44-68d3828983a9,P0074,109.7
bfc5070b-a5d5-408d-bc71-9ea988cb3f60,P0213,21.1
24df4ae3-c2fc-424c-be2b-c6a8c7de3fe1,P0114,131.94
15b30801-a5e7-4889-b465-a93beaade817,P0074,120.88
21a137c9-8c01-40e9-be2d-a716c061b6cd,P0101,7.59
a5f3b939-1508-4a07-aeac-13df7ac39f0a,P0117,22.13
b275feca-23c8-43ae-a217-d2817c25314d,P0086,18.2
86af5424-f840-4a4b-b980-7a4af11203c6,P0145,8.31
c3912fb9-747a-4c7e-a589-b4d407e41cb9,P0088,5.9
d4579e7b-4ff4-42ff-9b72-fca81c56d768,P0026,23.6
122a0ce8-1878-48ec-9b76-ded11e49ab61,P0133,1.58
bedde49d-332d-4d6f-84cd-b5374038b34d,P0026,32.31
d10bd66b-f007-42b2-ae3a-587917b18600,P0098,2.48
a2a2a00c-7926-477e-9e55-e57ffb8e2186,P0206,61.59
035359bf-0914-4e85-bf12-a9bec8c5ea4f,P0072,47.23
24bf8094-8f6a-4159-a0e0-14a899717b10,P0218,39.37
e86dd527-5208-4cdc-b35c-3331ba9a57b7,P0207,127.96
fcd09a89-f9a7-429a-b141-4983e54340b5,P0136,24.0
b1aa812b-6734-407b-ba67-a6cf55f217a9,P0247,27.86
3623c253-cd6d-4efb-bbbf-7eec3ad11071,P0112,14.03
11ee7f3c-1108-4bc3-9416-4032800c70b7,P0196,34.62
fa263a02-3d2d-4864-be9a-0afd2c12d83f,P0160,6.04
096ed791-3d3e-4ee3-ab40-5c1e5b2d0758,P0150,1.37
cd042bfc-2138-417e-b469-c82bba044d8c,P0122,11.24
e63ef0b9-ead9-451b-a5aa-22ecb5facd94,P0024,54.36
11fb5c71-ea13-43a8-a516-6cec2ee16a7f,P0134,204.78
e8d04561-15f2-43ba-9f9e-d4b6561c15c7,P0158,20.01
95cdcd0f-0f92-4d26-b30e-88db8df907c1,P0228,50.51
025daa55-5f8c-4b91-9a2d-5904c53717e0,P0077,6.61
cc6df7d8-e51a-4e59-9435-c33b49c2566d,P0245,25.29
462087b5-1968-4614-a75e-b300f54a4936,P0135,0.65
337598ad-281c-4aa3-9866-6bf4493dc0f7,P0160,37.01
ed2c7e38-74a3-4f25-b18f-b612e1bfe2df,P0145,0.08
b6c2464e-1717-4e29-b8b4-701f27e0d73f,P0177,7.52
553be35a-7436-4ea1-b23d-304999cb7ce9,P0117,50.39
1858f701-cccd-4379-89ac-80c03b11857f,P0087,4.84
ba4697c1-1c0b-42c7-9ffb-3cb02e28a088,P0138,16.7
c0f18c6e-0b09-46cd-9afb-16878c335d14,P0055,29.19
6cbbc76e-4c24-4e17-8270-04648363e736,P0168,53.22
2f594b6b-d4b6-48c4-b509-23efc4ade0c5,P0290,175.29
e5049013-4d62-48e4-8702-d352f8f7398f,P0087,15.73
e5145860-4ff7-40fb-bdf3-66535b03cce7,P0216,52.44
bb3a7aad-a3d7-4c5f-87f4-7998721d9897,P0282,30.15
f4582f5d-92e7-4feb-8826-9fee9a0258e6,P0178,20.55
86590d06-8df6-4222-885a-d40a689bafdf,P0029,133.57
d7c0a6f1-9594-49cc-b35d-a3c0fcdb8870,P0165,62.16
f7789e19-33c2-4d35-b769-ce1e16117859,P0017,22.4
0ff04a0b-1aaf-4c2a-9554-bd9539890126,P0079,66.69
aeb0ca9f-7cd7-485b-bfcc-6b71d2233236,P0057,14.78
46dbc14e-c767-46a2-9e8a-6c9921f071d4,P0193,15.86
a1a33bb2-e998-4b99-a41a-68d51c9ff980,P0072,17.08
24fe4780-58a0-4091-a158-fd8775908e1f,P0260,12.05
b41542e3-a3b5-4592-965e-bb6c66a7b5be,P0261,19.56
7c652f6d-48d1-4042-8dff-7cf5fd557b30,P0235,38.83
80447971-0962-4e6a-9974-ed04d7754ebe,P0035,40.13
3178351c-76e6-400c-99c2-5ca1d7062d70,P0220,137.31
76975f97-aa75-4a44-bc70-b4da874bfb67,P0113,24.37
d3cd3059-831e-4cc2-9562-7d9c166f29fd,P0119,100.0
37ba0da0-1c0b-42e9-a795-bd1b35ca7923,P0141,27.39
8d37c932-916e-42fb-aa6b-953c492fc0bf,P0228,2.48
01745c74-0313-4bcc-9ed7-65e54efe2ae4,P0026,9.38
de8f82d9-3c90-44ef-99c6-1e2d207c99b2,P0276,118.23
c44590c9-90eb-4f2c-95b6-5c0950ff8bfd,P0072,12.84
581a1dcd-eaa0-4771-8ba2-b929650c7cb7,P0119,16.7
cc70f42f-3f4c-4ab8-8fcf-48333fc67b59,P0256,109.05
82ba42df-58b8-48b4-9c50-e238c51c10e4,P0119,57.62
93782ffb-7ceb-43d4-9096-3b13d72113be,P0121,21.41
39b66090-1825-43fa-a3eb-3520b29b4c40,P0130,19.36
a0cac214-c094-4ca7-b87e-ccdb2c3e039a,P0272,63.72
c4d3f51f-dc08-4371-aaa2-00a55c8bf999,P0134,18.53
ad72238e-b72a-40ca-856e-978c3ac53c94,P0215,22.44
34a6e687-9d00-4263-ba07-605a7e9d4360,P0023,32.98
9826e417-c35a-4987-a89b-3ea87a056f4d,P0297,1.75
6b6a6bdb-da3c-481d-90f2-b98e755cd265,P0139,27.47
1552443e-5a9f-48ba-ac5d-8e1e6393b2aa,P0093,70.17
5a80d146-e037-4e74-a615-ca322ade26c0,P0091,51.91
9f3ee8f7-8512-4522-a85c-2ff15cf68ed3,P0137,34.98
101bd97a-8302-403e-85c4-10dd9d1dd7be,P0006,11.57
061373aa-967f-434c-96d2-d1539423c650,P0159,47.5
e3a952c5-fc17-4494-8666-3bf2d76beea3,P0199,7.16
2168dbe7-6ec6-4210-b7c8-237ef11a6bf6,P0006,93.36
9d870057-3e76-418c-b6c4-dcb22ae8714f,P0261,23.19
32362c30-fd5e-4a98-b67c-4af05f9b1b75,P0224,148.84
46d7b923-2269-4403-a7ad-8837ea0d48a7,P0211,90.49
9775909a-0fd7-4209-ae40-f5aa1ed1362c,P0184,37.52
696923bd-1cdc-4a59-8f64-421ddf7144d1,P0176,16.19
2ef3ed35-5a81-49d5-9619-2125b860bfca,P0287,16.97
b693485f-68da-4a9d-8aae-d5a9f66a7965,P0284,39.63
ffd00612-565e-4d24-a721-885a487d2379,P0035,46.75
2e98a8d9-f8f2-47a6-980c-acce91690a3f,P0100,35.84
e3ceeb10-7015-43f9-8b1f-be7eec62fc5f,P0058,38.24
1bb20bf8-46a5-4337-9900-bd539ad0589b,P0225,30.09
f9c89347-46e6-41ed-aec7-c3307046a65b,P0225,9.92
ddb0fd50-ce5e-4eb1-8710-869328b8085a,P0198,31.14
d948dec0-f34d-4f00-bf41-b7fb77e03d11,P0163,38.95
81288e56-42e3-4d54-a4ae-521dbfd002d8,P0018,33.99
8f6bc20f-1a98-4418-87a2-9e6c12a6c4f4,P0191,44.65
2ee9d50a-24fd-48f1-997a-97ce1e420108,P0095,38.86
0fb3ba2b-cdf2-4709-9e41-75f74797f434,P0110,2.89
b45edfea-8e95-4c23-9ea8-4d879a1bfc92,P0294,46.8
2a63eaf3-71a4-4cb3-8d87-a3c520bd580c,P0296,13.48
59c6a947-3301-434f-b01d-01d969ef860d,P0259,104.28
058a8963-0c2c-42b0-a098-1a09284e0bf7,P0199,36.72
2d6d7b4f-5068-41de-be49-23069400a9fb,P0145,37.41
1a541176-5f92-4934-bd24-a076920e0443,P0118,16.64
423a04f5-1827-4f6e-a600-dadd8994df1e,P0030,45.45
f54a94fa-2dbe-4dc8-82e0-ecbd3cb987da,P0214,20.5
0bd5cda3-c811-4a15-a307-d58ed550b8f4,P0152,30.77
9b5210f7-9912-4a20-8a96-1a1d81ef0faa,P0009,3.78
64818267-07f2-41e8-ad9a-dc630e097310,P0110,20.25
3c49c255-335b-4958-b381-a26aa07bd8b3,P0076,55.08
617817eb-cb5e-4d26-af42-93dcbdeff444,P0244,116.67
bcf56d87-8e5b-453d-a63a-562f2dbbfe7b,P0085,41.59
191775d6-0ce5-4830-9d75-529f57003161,P0148,4.34
83b35154-dfb0-4708-84c2-afe84a7751de,P0113,2.46
a1d54506-7666-4c8f-b9d0-7b7b04726a26,P0297,55.54
5338ffbc-eacd-4918-9629-fa5c8551a47d,P0207,60.3
251958ae-6992-4e75-99b5-4d1820522904,P0224,82.6
359051b5-48fe-4d88-b64c-b97e6020a36d,P0237,9.72
55e1996e-606e-4d41-8060-b1e5fdb3693c,P0188,78.51
86aea370-fc58-4065-a20c-a3264304761f,P0262,15.56
b55bb2c9-cc52-4633-96d6-e1a0b8215547,P0041,7.91
2ce49e02-c68e-43f8-9c9e-878fc5d1292d,P0136,6.5
9ba486ff-94f1-4817-bfea-e9abcb9917d0,P0069,136.25
4cf83f59-55cc-47f9-9ac0-6d8a30fedaf0,P0194,43.91
62f78ab2-a3c1-451b-a8a1-da9f5af06c7e,P0117,21.12
600143ee-d136-4aff-9dc8-99670636a89e,P0278,86.56
568cec0e-e5f6-4cfc-839f-f4940f22af50,P0133,7.66
01569d81-70ff-41f9-a35a-62759b443e27,P0123,2.63
03e0ad25-5f0b-46a5-b38f-9ec632bb155c,P0085,14.27
d2bba4c9-c4e2-4b10-bbc5-4cdddbb9fde3,P0276,38.49
51067a09-d125-42da-8cc3-d02576d8f915,P0008,2.79
bc230bce-7f84-45a5-a14c-6a29c53140c3,P0071,57.01
01076a9c-ffac-4781-ae7f-eaa6ad82e871,P0239,22.61
e899911d-d8fb-4421-98db-947637a8c4f1,P0062,12.49
0b128b1f-0503-4beb-8d0c-c9c83e77492b,P0122,74.84
fe360b15-1ab4-4a6b-8c47-4090f693574f,P0126,56.96
b68a74cc-5dc5-44f8-81a5-9a9af76f64c6,P0198,40.28
4c1de335-bb21-4922-9909-70ba063692b3,P0169,42.78
1ebab46e-588f-40f7-add6-199200389413,P0150,36.61
f227b9e2-be4b-4c39-805e-4bded21eaedd,P0112,76.61
fa98bd04-d9d2-4995-93f8-b449bcfd7401,P0092,58.65
c9f0d7d7-8675-4156-91d8-f38e0320f2b9,P0009,148.81
937181a1-6489-41c2-8365-f0101de4d44d,P0211,28.12
363dd551-0d3e-4a58-b407-fcc828b8cd6e,P0006,53.8
096ed791-3d3e-4ee3-ab40-5c1e5b2d0758,P0254,133.7
b790d169-13b6-4da2-9c6e-50e1520b9229,P0028,90.4
de34ba4b-6979-47bf-8aea-798b0e1d4eb2,P0052,31.64
d509a464-a8d0-40ac-85ab-02d8e608b486,P0030,14.81
9134192e-660e-40d7-8086-2efb92bb1616,P0107,48.25
3469d12b-d3c1-4b1d-b371-aaa27dfaf469,P0136,213.51
4182df1b-3d6c-49ad-ae92-73ebfb6214f2,P0101,13.28
1b26d165-9372-4172-848b-a10d3b07d6f5,P0187,10.86
09006498-8944-4a88-9148-49d68e76f273,P0010,123.8
a68940d6-7ee1-42da-8f47-8273b1377165,P0146,82.59
a0e194f1-7545-47c9-85af-c011e0a54ee9,P0199,70.76
816b81d0-c141-42f0-af9a-0ef4c3254a9e,P0186,36.03
5eb70a27-5b89-480b-981f-7c3cc8e4f65f,P0259,1.91
da29e2bb-78f7-416a-b00b-e86acdc1eeeb,P0022,7.16
d5bd5225-cd29-4753-b839-059ac2d2996a,P0233,25.37
fff02b7e-9556-4297-a789-b36a0abc3d4f,P0193,19.06
872dec05-2db0-4722-ad22-e022828661d8,P0104,12.49
81923785-75ec-4616-b7ea-13375384dc47,P0069,49.91
20aca58e-eae4-4fab-83ea-27fad9e75ead,P0003,13.06
89ad270e-841b-49b1-8f2a-8ac56d700eef,P0078,80.29
3c0f77c0-2789-45aa-828c-cc03c9d9d5d4,P0237,49.49
8229c454-6c22-4e40-81e2-9886d236402d,P0175,34.3
c0cd3d1c-d7d1-4973-8639-ba1233f093f4,P0128,1.51
a71c00b0-ae62-4ab8-a349-7b17d061e582,P0124,9.73
3b0a4e07-113c-41a9-aa6f-ce1b0bab15ff,P0046,134.89
54f3eea5-dfcf-4fd1-876c-95c5b9886b2b,P0136,4.44
b5c5bd09-ea2c-44ae-9203-65fc3333f7e3,P0090,69.75
e740dab8-b9cd-4151-9577-1e972b8431dd,P0290,20.11
1c47d167-4c79-46a7-afa7-c54887b53ae6,P0094,36.14
f923d54c-9b58-431b-afa0-1cadabbaa379,P0269,15.82
3d015413-e1b4-40e8-b4e9-546a989f14a5,P0245,45.35
7303fed3-f96e-490a-bb35-39847319a3f0,P0053,83.91
ecaadeae-5c8b-408e-b555-921114e2c93d,P0098,87.94
29fe3c6c-9ccd-4bae-b2e1-e735fac64a35,P0291,52.07
5765f77a-ac17-4ebf-90cd-268261498165,P0198,33.6
926fe3b8-1c11-4d3f-9524-68a4d9840d9e,P0059,62.7
5ec63ad4-004e-40df-b8ed-fe1e2d2e0f0b,P0271,109.32
7f83f904-eae9-4476-8f80-ae26645594c5,P0192,115.75
e5dc4340-ba6f-422a-b39e-d6b7fa025310,P0177,210.67
654b0fd1-49fd-40de-b610-02aededb6201,P0147,82.37
c9e288ec-4c96-4458-b35a-46372d14365c,P0079,60.73
6a81e813-334e-4305-abc6-7ac8566c4617,P0071,66.6
484cd4be-1b48-4f86-9b61-8315d33b6536,P0279,8.83
78a6a862-042e-4110-8d69-e2ef1272cdfd,P0033,3.29
997ad08d-1761-4db0-9eb5-8408bc4f997c,P0253,34.91
f084ee17-cb21-4158-a7c7-60626f3168d9,P0276,17.92
ceefcac0-26f4-4c38-906c-4ef5e86a4872,P0110,11.96
f6efed1a-fd29-465a-9e4f-fae0eecd1fee,P0184,20.44
42764674-8101-49a9-80f9-857abb9dd136,P0101,1.01
8c2bdfe0-705c-4e17-bf86-51d7fc7666fa,P0227,44.06
272b6dd3-c87c-4701-847d-80deea31d85c,P0164,27.19
a94c489d-4278-46bf-a5a2-6d7304521d22,P0020,4.02
3b2b3e73-0a42-455a-94b3-00f8a4ee8980,P0004,16.4
17269ca8-5035-41a9-953e-e7684c2bde38,P0086,77.1
101bd97a-8302-403e-85c4-10dd9d1dd7be,P0112,207.04
7f1a8ef6-a989-49cb-8de0-10c7ccccb188,P0164,28.7
3b730646-7309-4e55-8636-023308d2802b,P0217,21.71
2a09843b-0de6-4919-b1b1-a5e450f9c506,P0096,35.26
e3a952c5-fc17-4494-8666-3bf2d76beea3,P0096,121.39
14460cdd-57c5-45dc-903a-521052724bb8,P0094,46.68
64dd604f-92e3-4f33-8235-1b93e3c7ac2e,P0138,0.24
6586a245-8dae-43f3-935d-8f08f41ce028,P0164,45.27
5226664a-cf64-4b62-875c-5724045a0aa0,P0183,2.67
4073ff5e-482b-4e82-b7fe-e18d5b536aa5,P0132,16.66
a0ddc6e7-a9d5-4529-bfb3-0c5917d6319a,P0278,18.3
9ff1d9c0-f231-4310-8e60-817b200177e5,P0079,24.56
b0023f5b-6df0-4142-a467-af715856f7ac,P0019,29.75
f07ca22a-44fa-4060-b151-4c3f2c7e10e7,P0087,119.2
32362c30-fd5e-4a98-b67c-4af05f9b1b75,P0015,24.9
d2b0da23-43ff-4c2c-934e-ffefd024d064,P0044,17.26
52c9119f-6b92-4831-985c-9a09be89637c,P0279,2.0
721f3698-85c2-4f43-8c68-b6e13a92758e,P0097,21.5
01326ce3-de65-45c5-80bd-125f084bc976,P0076,26.23
3dbb7285-3e89-48e6-a0bc-176e772f9964,P0179,45.31
ef57f8e3-4c46-4155-bb1c-e4725b65130c,P0224,88.7
d542ec7a-63d6-437a-8545-2e81cf3b4f94,P0123,53.28
b71e9e45-edc1-4596-92e8-aa9714826828,P0067,1.06
e6638d0c-2803-4cfd-ac82-91f1287a5913,P0116,23.83
898a1223-82aa-466f-8d1a-4f60469aa2e1,P0157,106.22
c9c15292-f8d2-4d23-b61b-97f40a22bb42,P0082,60.15
5fbee2e5-31ef-45a4-b6ee-5ef50af8358f,P0048,61.07
d3db210c-15a9-4deb-b012-a6380b0c517a,P0216,15.83
c4971336-a44f-4866-b49e-673314be1a50,P0135,24.49
5d46450e-2f45-47e9-92d5-9927e3d7ff51,P0063,4.46
a0bfcd78-3aab-48e6-98ad-4171b5920a90,P0063,10.01
5307ab3d-d292-4657-9511-83bbf348ed6b,P0065,39.63
2aa9ac1a-dc42-4a47-a6bf-282feef03356,P0121,78.05
c6754bbd-d18d-403c-ace9-3d5c6ff47f3c,P0037,196.47
3b8a2603-4bf0-46a8-9755-62433f20d687,P0137,27.61
b7ae1e66-8910-4169-b2cb-b284bfeabb26,P0076,25.6
d0bb3cc3-7dff-42a4-8ad1-9390ab836307,P0151,23.54
3bf0993b-45ff-499b-a36e-a5a4cf34192e,P0005,3.75
c2abcede-4a37-40e3-94fd-220d2628260c,P0105,6.91
e68abbc9-652a-4709-a574-55fd58f0c729,P0238,27.16
82f09e74-fb4b-42e0-9f1f-98a229a221ab,P0017,3.53
1361707c-fefb-42d3-9111-dfd631cda969,P0248,8.32
35ddd802-021b-4017-b2f4-36a86df98cc1,P0027,20.38
fbdebd9e-f52b-4fdb-91ca-29085c8536fa,P0066,47.65
df3a50d4-c22d-4481-8e97-45f7c224eeed,P0262,10.9
bd4dfe99-de22-43ae-9d5b-c9260cb8982a,P0114,118.21
a5c43ecd-c108-4191-8fbd-eb55896e50e7,P0217,2.01
174aaf77-d446-4e7d-b104-824dcbca6bd0,P0291,90.95
d873781b-0ff0-4c9f-9964-8de302a55d82,P0167,43.01
4b200004-5adf-4a37-a984-4bd395928bd5,P0215,56.46
da993b85-7de6-4f8f-8d45-8a1aef0f2e09,P0252,36.31
0ec71d23-5c69-4bc1-986c-079bc0748e88,P0094,15.78
1403847c-61b4-404e-9929-6113b2c17126,P0240,41.37
47df8ca5-7b93-461b-91e7-33003f014e10,P0125,0.28
2ae09f2c-9a49-40c9-b6a8-bc5d3dda3ced,P0229,74.64
d565a75e-7140-48f6-ae9e-4ff3dff737e5,P0146,159.9
9bfe553f-70e3-46f6-a73b-5728471c90c8,P0249,32.01
37ca2dcd-6414-4c00-a361-51acb0dc56ad,P0226,5.67
ba37b468-6b33-494c-aba5-fc13941e6015,P0159,31.89
2ac6bede-edaa-49fd-9f39-0f4c21b4b5a0,P0151,47.02
69afa26b-2bb8-4f23-9cb9-30201a6f3fe1,P0281,5.37
b5900b1c-e52c-40d9-b714-fe2441c48ec0,P0296,63.19
e74e49bf-683e-429e-b09c-b626d37a03ac,P0022,27.69
ef07a548-5a80-4550-b5ec-8c9f36f29baf,P0271,67.03
38cf162d-b611-42fa-98df-872bf800b8a1,P0133,32.89
dcfe71c0-369c-435f-a6bf-5aa1cda2030a,P0067,29.45
9382c10f-c92c-4811-a9ad-b7484c29ca65,P0079,37.18
d4fb2c90-dfaf-4559-9609-724564eeffd1,P0169,111.91
028a45f4-5353-4a68-bb69-18218e03cd44,P0273,23.72
222db135-188b-440f-b004-6cb15eb0d7d8,P0147,5.22
d36a9318-13bb-4a88-befe-6d787d8bbfa1,P0281,13.09
e3128171-2b09-4d33-9a07-89c7f312ee78,P0167,14.07
a36197f9-7a6e-4b47-a781-d7ae4a3e9ead,P0017,47.71
4d3973ad-349c-4d9c-94ed-a01912eb7367,P0056,17.82
fb277837-1b82-48c8-80e5-87d7ca3d76bf,P0151,16.31
b1caaa3b-8562-436f-abe2-0cb3ff295705,P0116,46.25
e998af96-2fc1-4559-9650-41accd223f4e,P0152,38.63
78edeb79-0f92-44c1-95ea-cc4ac2012ec2,P0275,15.78
a7d22dc1-a55e-42ff-8378-f8dcc27e38ea,P0067,1.83
e57ff1b7-507e-4267-9246-99ae265578ea,P0088,36.72
8f22ce3e-9f11-49b1-bd8d-7a0ba9b55d3e,P0275,90.16
4be4695d-a38a-4e64-adf1-af51bb061a25,P0176,54.15
e610646f-a151-4add-b351-3899cebc341b,P0286,4.76
d76a10c0-7ba6-4a4b-9b39-403e13fd3dd1,P0029,97.57
33dcbb0e-e2d2-4213-a18b-941e0eb41c0c,P0078,3.87
5e412a63-06f3-45e2-8cfe-26a4abe9ee95,P0142,28.48
1a34ed11-0af6-4879-bf1d-89464df752ba,P0190,122.79
2051a5bf-eada-4db9-800b-b030b8cbd012,P0019,24.55
0b12ef01-5638-4b07-8caf-55b3b35c8cea,P0124,43.89
bdc8e9be-9ff0-490b-8aed-0bf7df89e4ae,P0294,5.06
5ec63ad4-004e-40df-b8ed-fe1e2d2e0f0b,P0103,196.95
d79408ec-e0fc-4cc4-98e6-9499546ce88f,P0117,16.43
21321203-9938-469d-819b-30a153ed73ec,P0295,2.72
9ce0e3cc-088c-4620-9244-f7e3adf352d0,P0047,3.42
e3f68f45-3d0f-41bf-9fcb-dd6419cab123,P0279,18.26
39b66090-1825-43fa-a3eb-3520b29b4c40,P0102,39.85
e69e00d2-0806-471b-ab57-e63f6daa56fd,P0058,105.93
ae7f8fe1-20ac-4643-a2a4-8bf9a821924c,P0142,20.25
d3dc76cb-3f46-4f85-beab-0a853ebc07a9,P0183,19.9
dcfe71c0-369c-435f-a6bf-5aa1cda2030a,P0091,103.97
4e9b26b4-ce1a-480a-bd9f-a92922c88abb,P0225,44.13
87f554fa-eb4f-4c48-aa48-5800e9df6063,P0293,27.39
c1923a08-9510-43ab-a324-ade696fc2991,P0034,124.46
2826134a-3c0c-457d-9c47-831f8f52aece,P0233,45.66
1f9307f2-8b6d-4547-82e9-a8ba295cb710,P0124,20.13
8d697151-75f2-462a-9dd5-5d72aa8b0e0a,P0063,57.36
9a0c81b2-f945-4d5d-befe-3fe55ee0413a,P0056,49.59
eb36fe09-d178-4b0e-834d-cce129e9f550,P0228,38.65
ae82661e-2e73-4494-b0f4-5ad7edba0f9e,P0156,66.61
ae72f4e7-a866-4771-b615-4eff8b3cc205,P0189,7.12
a6fa9d5e-76e0-4b21-96df-fb67c0e1f35e,P0136,38.65
284d8257-99d9-4971-b42a-87e1e64497a5,P0241,41.2
1be07a29-29ce-4aaa-bc05-23ef28f01173,P0072,4.25
c25a2e92-0e74-4968-94a2-4a2e7c4137dd,P0224,83.73
8323f5b6-ed64-4c2f-9a92-87a6bb05d580,P0064,0.78
474be005-3558-4438-a5b2-c334d28938e3,P0209,30.14
bc230bce-7f84-45a5-a14c-6a29c53140c3,P0294,58.7
423a04f5-1827-4f6e-a600-dadd8994df1e,P0066,25.37
b3b6a8d3-7d87-4e06-8f90-a873a65810ec,P0216,42.09
6b55d9ec-6af9-45cf-b49c-b824d2720b66,P0289,195.48
f2ca2832-b1ad-46eb-a797-23f469affa0a,P0060,20.09
21594281-59d4-4aab-8b5e-9ded479e5b0a,P0169,9.69
d3a00193-a324-4f3b-a228-c1e749afee7f,P0119,125.75
66b2e913-eb87-40c7-b0dd-a8f3386b972b,P0186,42.09
d67b1a88-2e8a-4dc0-ad23-6120aa40f27d,P0013,5.08
4a2ec2a9-9787-4c0b-b427-cd1d1d7a3b98,P0238,99.23
23b21dc4-47ec-491f-b16c-331a5e15f903,P0051,33.62
16be6a51-08c8-463c-b940-42292ec6d8f5,P0197,27.73
088bd419-01b2-42fd-bfb8-a7086f98c90a,P0110,32.78
c71d7528-f1ca-47b9-b2b0-930f36a6abb4,P0244,61.15
9a1ec401-0657-4e52-a43d-21f6753c2b2c,P0045,20.61
c1614c69-81c3-459e-850f-e5842e093c7a,P0276,118.6
71312d76-d17a-4a6d-a082-6e21662eedf5,P0136,32.2
63d0bcdd-e04c-4a14-abce-a86856442ed7,P0225,2.33
78e35767-dfe4-48f6-8502-ad3ced4b8a6e,P0167,77.37
0d1d8fce-c588-480b-b358-194d5cb88b05,P0097,29.43
2f594b6b-d4b6-48c4-b509-23efc4ade0c5,P0273,41.78
d48a366a-4a2b-42ce-a06e-014cc78fa720,P0230,41.55
7e53571a-f729-4660-af66-e03d8647f059,P0267,5.76
123453e1-1164-42b2-8c46-1ba4004104ae,P0262,33.13
8f39a4fa-f0e2-4a3d-ac97-88ab0f363616,P0122,122.46
c1c686cc-2067-418c-a84e-4508b0cc0aae,P0171,3.72
3bd0add0-7844-44c5-903a-90d160d22890,P0230,42.29
d6ad443a-6a8c-40b4-ac2f-09b1545595df,P0168,24.17
8893800e-922e-4e50-bb9d-7df61ffedcd1,P0297,16.7
83a525f0-1032-448c-bc25-fb6f6b0104b2,P0004,19.98
c750845a-b86c-418f-b065-0752b1a4a1aa,P0083,2.22
5a66ed3f-b048-4672-9276-c498564a4e51,P0163,12.86
551740c7-c10a-4bcd-9741-d0a7c3c0391a,P0139,72.5
27c1e619-c28d-4aa9-8b95-fb01fe60a396,P0209,57.7
429fab8c-a025-4a8b-b5c2-08f218c4b2d9,P0209,6.47
40bee9d2-4801-4ce7-a5db-5d89d5853078,P0010,41.74
3e7089f2-ee67-4d9f-9c69-d527eb6ecd8e,P0264,116.59
a970a33c-f974-484a-a4eb-178243efe10b,P0205,2.86
91566051-cfb3-4256-ae05-7363ed8c8bf1,P0239,17.5
e1f00424-2e8f-4d52-9a8d-afe772e5b941,P0060,74.82
5dd63956-9ff0-48ae-b48f-7a2649c3d75e,P0053,28.13
1e1f257b-b563-4443-ad47-d5d458555ec2,P0125,58.56
160906d5-fbf1-4839-9848-884c433baa78,P0168,55.63
4cf83f59-55cc-47f9-9ac0-6d8a30fedaf0,P0112,26.59
07106932-a75f-49fe-bd15-d25055ce7f94,P0023,18.6
3026827b-a7c9-462f-a629-cc9878256eea,P0275,33.07
359204b9-52a1-4a25-87c5-a136261efb6c,P0102,71.92
0184da1c-c20a-4442-9dae-4b77e4086566,P0151,11.83
8d93f844-d798-4e69-a9de-a10c2696ea75,P0160,71.19
b6074989-c7bb-471a-a1b9-b4004ba3b904,P0123,6.5
f6698aaf-ad9c-4a13-bce5-f33b7b7391ba,P0190,3.2
49e35408-74bf-4aa7-af8b-3ea1ea3b66a8,P0169,29.61
aed2e7b8-5bfd-413a-bfa1-18a2bc7cf69e,P0267,55.14
2547b8aa-9b9a-4aba-9973-3b41ce4bfcc4,P0251,10.36
ce5c16d0-7558-4533-b9a9-e85a56a84336,P0053,3.15
9dd004cb-21ea-4f62-b01d-8d6f59128967,P0188,88.46
a8cec391-091c-4341-89c1-99c3e2bfaf51,P0217,170.5
dd3117a2-38d9-40dd-a8b9-b0f30f0ecacb,P0169,26.2
2ac0d4bd-cb2a-4301-b5a0-0efa0856bf10,P0176,6.39
f6a5d120-c8a5-479b-8256-5c048a4553f7,P0164,71.89
ad48ff18-4942-4d4e-a026-57f566addbea,P0155,122.37
0d1d8fce-c588-480b-b358-194d5cb88b05,P0217,27.75
7d3dee9a-582c-4542-9b5a-dd9f383e0a2a,P0253,208.9
afbbd9f5-6abf-4301-97d1-16dc9832f191,P0220,9.41
7e7aa34e-9818-4017-9d6f-f97dadeb6686,P0246,4.16
6041dc0c-7781-4266-b6ea-61cd9fe51a31,P0036,32.41
c8e50392-07c4-48c5-b9d4-38199d126cae,P0083,46.94
3d8b1850-a5ce-41fb-a774-cb216b6a1f2f,P0070,23.44
619e5ebd-255d-4e41-8fb4-ca2362b799b3,P0203,23.03
d248d710-8281-48f7-9357-bf7ce491870a,P0176,23.35
7060b38a-f076-41eb-8f25-9682ec232659,P0298,3.25
8e4f62eb-74ae-4db9-8ccb-9fc8f4f84787,P0252,111.28
d89d4590-9ed9-4178-84fa-1669fe307c79,P0171,19.89
c1c59163-ad3b-4ca3-92af-f445e0b3994a,P0287,28.72
1067a727-cab8-45b3-81b3-3d669e15f930,P0211,11.69
7480763c-0a2c-4fdb-8637-1a5a4cdc02f5,P0099,7.49
3cb43cb6-2276-4ff2-91f8-e93d9e0b15ac,P0114,23.43
7bb7302c-b1dc-425f-96b5-1d1a7932b94d,P0268,100.97
81726d8e-65dc-4c49-9001-40e36a3e79c1,P0265,110.7
6269f96e-f72e-4e06-a009-6d6fd47a449c,P0249,22.65
4b35127e-a6fb-4be1-887d-5eb91c836e95,P0222,35.64
77e3e9b0-8872-4dea-ac2d-fede449ffcd0,P0143,20.02
cfe4432d-9f24-4718-a318-e7abc6e8274d,P0002,19.6
13728f82-f979-4643-a2f5-4083661ebc9b,P0044,81.89
596e5f3b-d395-447b-bbc3-4a9e2e041cff,P0211,143.37
0de8a1ad-e2c3-4c2d-94f2-8461f893dbff,P0053,9.26
76c016ea-4076-47b8-bee1-69792d5d062a,P0220,91.69
71155d37-3802-40e9-abb2-7b22da6ee4d7,P0244,9.99
b780549a-6d1b-43dd-b356-2920d61a503d,P0130,3.53
6b4fec91-d435-481d-a38c-72ea2760da3b,P0256,115.12
98604b80-fc46-4ad3-95e6-3b3026591467,P0035,41.41
33ead2cb-420a-4f87-9784-f08d910e8d17,P0165,31.61
b40d4871-e4db-4a87-9c0d-513bee67a0af,P0036,35.32
04b54baa-242f-4783-a62a-8ad7177b1f72,P0013,13.28
5e810667-1383-4443-8d94-f02b6f43c071,P0009,82.34
2631634d-6422-47e6-ac55-6d7cb2e246a5,P0295,26.66
43287e76-b7d8-466a-a171-43c9fdddf875,P0219,86.03
0081c57b-895f-443f-93d6-3ae8a46c027b,P0245,40.5
085b2431-149f-4fda-9560-236f9404f2c3,P0242,47.35
b60a362a-0a43-4bdc-ad8f-2b4490555696,P0068,66.09
81923785-75ec-4616-b7ea-13375384dc47,P0204,21.84
a4cedb94-a2a5-4a79-af58-f87d07c7e924,P0230,9.52
26d4edb1-eaa9-4d5f-bc4a-a91435a49a32,P0068,34.48
ec3d4619-d604-4e89-98c4-17d68482ef0a,P0111,15.74
b0a20956-2467-4a8f-a3c6-7b59276713a5,P0208,23.08
e099ad96-3043-4960-9e3e-05c03a3ab9f0,P0149,88.49
61c76446-e15e-411c-91ad-f54db6fe52a5,P0017,50.54
ec249cb3-d29b-470e-962f-61a31d6c0731,P0001,55.77
480598c3-7d65-40b9-9a75-ecf15f1a3429,P0250,44.97
9e83e787-126a-4e62-9513-6e8484683fb8,P0239,151.75
d36df0eb-cfe7-4391-8fb6-aa0fd57cbc27,P0227,64.77
b8e6eb03-f935-49db-a5c3-c88a0300c317,P0284,21.96
f8afff62-fbed-4bd8-b5ca-269003b808f3,P0182,3.44
2caecfa1-6103-46bf-8bbe-91981735a7cc,P0151,1.27
f4582f5d-92e7-4feb-8826-9fee9a0258e6,P0203,84.52
355131d6-a185-4c9c-8c8f-582e48a0307b,P0177,11.86
7925abca-bf2d-4bab-9423-c2c741fb8eaa,P0294,8.58
781fed15-3427-4526-9873-0fdc6d3955f2,P0264,12.18
01569d81-70ff-41f9-a35a-62759b443e27,P0151,9.86
65d14db1-b62c-487b-ac1b-0223dba8c630,P0285,93.59
5255130f-be61-4ad1-807f-a7dd2e8a2b3e,P0218,58.91
f9d6ed8a-fb5d-4cf0-ba29-794fb525bdbf,P0033,56.02
7ed9dbb5-4928-448e-b773-dead9411ffc5,P0261,75.88
680b8590-e286-4f2c-a307-35e3b2885483,P0144,39.14
759152fb-662c-4a48-8365-92faa562422c,P0020,9.3
152d3860-1fd5-44aa-89f9-f00c0ac1e409,P0192,6.44
f8a16fb4-7e4e-4e7c-b144-01cf37e6bf3f,P0144,34.51
5d15d548-19ff-4e39-98f4-3a5836852490,P0252,41.82
010d529e-c698-45e7-9bbf-091b6914744e,P0079,61.15
b87190ca-eb05-41e7-a76c-571a11afa298,P0203,34.06
fe880b07-585c-47a9-ab47-b6632d40f11f,P0145,42.44
ae1869f6-b771-40d6-97c4-c7b4773477c5,P0101,15.37
e48e4842-300c-4216-86db-62dc6bdce3a5,P0277,63.27
c02beb95-b09b-4d6f-9291-adaa59670953,P0171,0.53
82d2bafc-d0ff-4431-a015-231b6fbb7adf,P0223,128.94
8db113c6-af0f-411e-8e7b-8079605fd036,P0181,31.43
f5089a95-ebe7-42d9-b039-dccda37fb828,P0186,39.74
02cc11ba-bb24-43e6-832e-438276f50f9e,P0007,45.12
bf71da3f-3c94-409d-990d-2b7a94243b2d,P0052,3.9
9b24f823-e670-4ef4-a9e8-361725d6b4ce,P0145,78.73
53cc8664-f1f6-411a-a160-c26e4d8a6bb7,P0254,5.08
3859f404-247f-4aee-864b-d1c05d7fd817,P0091,21.33
5880caed-65dc-4aab-9839-eb370a558e84,P0191,7.52
71312d76-d17a-4a6d-a082-6e21662eedf5,P0207,16.29
d36df0eb-cfe7-4391-8fb6-aa0fd57cbc27,P0256,44.38
9a449b98-5bc6-4616-afe5-8ea680a4d2ef,P0300,199.11
4820d7f7-41ba-446a-b8df-6db07a7887e5,P0171,95.13
7b55d346-3830-4ef4-b6ea-39d2e9129449,P0123,14.6
c1390d9b-213d-4efd-89dd-71d27b046e16,P0161,3.12
bf97db67-57e6-4a47-b65d-00f1b080b06c,P0300,2.73
da25a95d-f072-4b15-832a-ccfcf889b34b,P0057,12.07
f60b1e8d-3785-48cb-b52e-69a9ace855ef,P0141,114.7
82217c55-97a7-45a9-9005-4d93c2d7369a,P0028,7.34
25e94a10-fa76-46f8-9826-2607ef3a7a29,P0153,16.11
6f47bbf2-236f-4c5c-ac2d-87c4ad453f1a,P0154,16.4
4c7b55ab-b31a-4923-b2e9-da3e72e4d43b,P0030,1.44
e07a1e28-044b-4ad8-b5f3-0e7c8f97ca08,P0105,2.47
277b3805-5e00-47b8-a7db-52e6152c349f,P0019,72.24
78254d53-f8bb-4eb2-bbf4-a9cfc47ae244,P0270,68.57
1573a851-055d-4379-bab5-ba8b3775b7bd,P0152,24.41
535b1350-d09c-4028-af88-323e1f42fb4f,P0119,1.9
3bbd8b93-da6f-4ba1-8e17-781c1588ce34,P0010,40.72
e58ba87f-0bb3-4fd3-9701-74cd4d07e524,P0147,71.69
48f244c0-2793-4e40-96c6-124952d47829,P0275,53.87
0c8f615d-8f10-406c-befd-2487f1d17a10,P0045,18.65
0a908619-b17b-4ee4-bb48-4d86bede2c5e,P0231,17.56
7b0dec73-4652-40ad-bcbc-d49c7c0a52ad,P0056,25.42
6ddcaeca-3d53-4b0c-aa95-e3e1107f619a,P0062,10.23
f6c9e2df-9fff-471f-8338-c3337c2775a6,P0014,40.9
57168e91-01a2-45e9-9705-f9304c4cf8e6,P0250,3.3
1bcfacb8-363c-43a0-aa37-67a307495951,P0122,43.57
c88930a9-c260-417e-b7bb-30eb3944386e,P0275,97.81
ede81d26-7132-4338-afbd-66beeec8f40f,P0097,23.36
78edeb79-0f92-44c1-95ea-cc4ac2012ec2,P0195,128.35
86af5424-f840-4a4b-b980-7a4af11203c6,P0188,2.57
9e83e787-126a-4e62-9513-6e8484683fb8,P0135,3.53
ab0f4b96-dc27-4751-b8f6-4ce798233c07,P0040,46.05
2d3db9ce-09e9-46b5-bc23-9eda6a355f0f,P0132,4.26
c83f6c84-f4fb-49ff-98c3-45554acb55f8,P0122,37.22
859730e2-2eb7-4c23-aeb3-3257f053bca5,P0228,27.93
359204b9-52a1-4a25-87c5-a136261efb6c,P0028,56.8
d4fb2c90-dfaf-4559-9609-724564eeffd1,P0081,56.52
fa0edffc-6148-43ec-8b87-a1bfffff39e9,P0029,83.92
57a0f732-3f7a-40a1-9fe2-c8356560a889,P0177,35.53
7e949d0f-69f7-4e49-8b86-5800d5564759,P0130,6.35
2cc8e7f0-b1c5-46ed-89de-e789bd8fd05a,P0118,60.39
01569d81-70ff-41f9-a35a-62759b443e27,P0004,20.89
e3a952c5-fc17-4494-8666-3bf2d76beea3,P0180,4.4
8414c0d6-1144-4ee2-afc6-095715c895f0,P0272,13.85
9f8c5463-8381-4552-add1-864b61f42ee9,P0115,12.01
5d193e8c-219e-4a74-864c-a3ebc6862b19,P0186,12.21
37b00f70-64f9-48e2-bd00-ac70efa3ac80,P0165,31.95
c3ee9d37-18a8-4503-b5b9-d0811cde5530,P0011,133.17
d068a758-e992-46b3-9a29-6288c567ed5a,P0014,46.67
7feac0c5-106b-4369-af1a-a2f2674cb100,P0285,18.79
e740dab8-b9cd-4151-9577-1e972b8431dd,P0270,117.75
7e3d9755-bb1f-4121-98a6-7a170b2d6d62,P0145,79.15
6ab168aa-7bec-4bde-81b8-8f715bf37f91,P0150,11.0
db03ffa5-75bf-4213-8b0b-3d45cbdf4dd6,P0292,38.95
a8da29bc-be60-41b2-94fa-4b2d4d2794d9,P0201,5.3
a2920d26-fdb6-4d64-b40d-21911edf0070,P0048,11.8
c3f7346f-c4d2-46c6-8843-2394a3052371,P0294,1.38
5ca457bc-24d2-4b84-96e7-493b85014741,P0063,2.27
3686f36b-68ff-49a6-9930-5cb87c7578e6,P0043,14.15
3a2749a9-513e-4ff2-b79d-0637a4a4e02c,P0102,29.48
2ef52703-1828-4b85-b176-66e5df8cb0d6,P0293,17.54
c9f0d7d7-8675-4156-91d8-f38e0320f2b9,P0193,3.63
bc3fbcfe-0aef-4031-827d-a68a14831179,P0277,86.79
832cea96-44d6-49f8-977c-4b2cb0193f12,P0040,52.04
ae68aae9-1692-4160-979b-2ae71fda2134,P0160,1.87
407cec6d-fdde-4e9e-b45b-2ca34c6c4b6c,P0176,9.57
d36219a9-61fb-48e5-ac46-a60030b7d7ab,P0139,100.29
7aac282c-0f37-4d7d-9498-339aa6018515,P0181,17.95
f0841188-ba22-4ffa-a29c-ee031af968c3,P0163,7.04
b76ae33d-8030-4f7b-b09d-4d6231e169f9,P0217,45.95
fa1ac844-ecdd-4aeb-ae3f-2366bcfc632c,P0300,27.82
97103519-d092-45a6-8f2a-92cfc1e44715,P0210,15.15
0e8cd96f-30c1-4d7f-8b4d-07cdd279cdc7,P0202,5.71
8028ba56-fccb-45e6-bb31-f20dc0322e91,P0123,21.98
6ad0d513-fa74-4af0-91c8-3402f78dcd82,P0244,7.71
4fdfef98-7538-4156-97cc-99e4b2a1fdb3,P0074,52.92
10d69803-c7cf-4c7e-b0c1-7af6f1556537,P0142,101.63
30aeafaa-f3c2-4b63-94cb-92372a1ab9c0,P0036,7.27
cf95637c-23bd-44f8-8acf-be86635e0c69,P0121,41.61
657c7988-f76c-49d6-a4ee-21883cd79e87,P0177,2.12
5d1c4310-46b4-4e1c-9d29-2fa5d9faa7e0,P0221,8.71
57acbd7d-1cff-484d-b87d-448509c71fd1,P0101,6.21
5077af9c-acb6-4e5a-a457-189d2d431b80,P0177,27.4
e963c4aa-720e-4641-bb09-afa55e493703,P0060,37.53
5d193e8c-219e-4a74-864c-a3ebc6862b19,P0217,176.41
5e057aa6-2b92-4314-a7a4-05434c623808,P0058,71.14
5241adcf-cbfa-4748-8ca0-b489316bea2a,P0271,23.44
94d8211c-15b2-47a8-94be-87c50ef3d5e9,P0046,8.72
e68db048-062d-4386-befb-522e22a43bc4,P0219,95.7
cf29df77-2004-443d-b66c-50d1d38354ed,P0150,30.78
11ee7f3c-1108-4bc3-9416-4032800c70b7,P0097,34.63
66f06724-e6c9-4366-902a-22dfeb7ea609,P0142,3.34
3391f166-6798-49f5-ac94-bafdaf3a0680,P0006,0.64
4ad8b230-4d7d-439f-b9fc-305513ac318f,P0008,29.16
a9350360-852d-462d-9569-f3331a737e87,P0173,90.78
e37d3ada-38ad-40ff-a4ca-d5c245059d1a,P0288,3.26
a351a7fa-7b0e-44db-b50f-e91218f55de2,P0067,24.95
d79013a1-1f5e-4828-95dc-40fbd4218743,P0054,26.68
3153e050-5b70-4679-9f31-e9899e1b06f7,P0223,10.96
c8f9bb0c-f82e-4116-bd48-c54a392bbc99,P0171,30.05
025ca879-2f2b-40c5-a842-166d3abec108,P0023,2.21
4ae3c01b-8e59-4a3c-80ca-0e1e63a79315,P0174,2.1
3b8a2603-4bf0-46a8-9755-62433f20d687,P0277,2.08
e35f676b-9c71-43cf-93bd-e65a162aaeda,P0018,31.84
bbaa9d40-3e66-47fc-985a-47ec0bfabd50,P0104,6.83
bc8d7200-3461-4ef4-9a61-3515878d4203,P0233,61.43
7b8218ab-60ef-479e-9167-a1e029c27f0e,P0099,6.07
c05124e2-3cf6-400d-96e8-5471ffcc1b15,P0071,22.11
cabaa392-0760-4ecc-b468-197740c44d0c,P0153,22.42
a68940d6-7ee1-42da-8f47-8273b1377165,P0212,0.74
57ff97a6-2b1e-495f-a38a-2a14bd6be202,P0243,0.5
0c208ea9-5a6c-4f52-b5fa-ce1ec28a3f56,P0243,14.47
37ba0da0-1c0b-42e9-a795-bd1b35ca7923,P0140,0.21
4be4695d-a38a-4e64-adf1-af51bb061a25,P0031,4.97
45042f45-f550-4e1e-a01a-6744b47c719b,P0033,76.38
559c8a3d-1b96-4998-ae1d-e3126ccfc313,P0217,76.49
0b9d6798-19f7-4cdb-9ea9-84827292455d,P0001,84.94
ed88c4c0-4d39-425d-8350-a25b41e9c758,P0031,129.17
f19ec5ec-c6b8-4cbc-93f9-8f6cac6de339,P0259,11.07
9369a857-1a7f-439f-9c43-435e4849c497,P0029,54.13
cee4d04e-670c-4bfd-b275-9759635f8467,P0014,10.76
d9be7c62-93f6-4c90-b5f5-b01d9d70287e,P0242,31.09
c4c2fe86-21bd-4556-bcc9-0afc578ec377,P0082,76.06
12eff27a-2162-4b5b-9bc0-127c07092b68,P0174,10.74
a0ab2380-a56e-406f-bcfa-7da3d5322f59,P0200,8.83
8e97b61a-d37c-490f-bc24-8794733d27c1,P0156,3.44
e07a1e28-044b-4ad8-b5f3-0e7c8f97ca08,P0053,79.3
a02a50e1-c84b-4fdb-80c0-e5a5e5c5407d,P0122,53.18
420f992f-84ce-4e4d-9f03-c88b8bb647ff,P0284,110.72
de5b80e1-e0ab-4e8b-b804-2ec23cd63bd9,P0292,27.12
ca3834a8-9ba2-4039-b1c5-ab59d76dd13d,P0089,153.95
65e2d7e3-db0c-49c9-917f-4bbe9b97a62f,P0118,21.13
e0484fce-683e-4fd0-83ce-54a7be08267e,P0264,13.54
4843ca75-bd18-46ec-a462-660b0dd91765,P0190,2.1
e514146c-12ce-4bdf-9bb9-39eecdbe39e9,P0054,45.93
87652b4c-6a1d-47ef-b851-537de9f1aec5,P0247,60.64
974a604b-3559-42fa-8fe2-c7cc9c782776,P0294,14.07
ab5dd80b-d1b0-4afa-b5f6-fa48e256e32e,P0215,0.55
ee930232-d55f-4b08-8404-e5d8c84c5c66,P0078,47.81
b27d562c-65cb-4c68-983d-c97c55a2bbc1,P0221,117.05
cdda9d5a-3f2a-4499-9498-e66ec42ea445,P0099,65.03
6092981a-7341-418c-a09b-2b2680500391,P0198,12.34
f581f9ee-6f83-4285-9312-11ea3f56cbe0,P0259,18.02
3b8e48ea-9553-4040-a9c0-fd3636fb1cae,P0259,17.36
7205ccaf-ba83-4dba-ba8e-d4ec07a14074,P0089,63.86
148bc91f-3540-4531-87cd-c66cfb2424fe,P0269,156.85
da3f1bb3-5821-45ab-9fb9-5b3ffea73189,P0150,3.36
251958ae-6992-4e75-99b5-4d1820522904,P0300,24.01
0a876d8a-49ee-4ab5-9508-4a43dea43a7b,P0076,41.91
b42dc6b7-6e4e-4874-b668-e0b2ca1d59e8,P0086,0.58
1d9ba06d-456a-40ac-ae32-5199b2782658,P0079,32.26
735488cc-0dab-4f76-a66b-8d4e2d23c6eb,P0111,18.42
c6d45904-a308-4abf-81d2-d3265d9c8601,P0136,56.44
ed38eea4-b894-4c74-91e8-9f5007f4c208,P0273,39.0
1cfef616-3a8c-4d1d-a40c-15f76130bb61,P0194,40.69
69b96bdd-478f-4425-891a-326ca4183d18,P0287,47.74
91235cf1-9e99-4fc5-8f82-58805c7554c2,P0026,55.36
7cc645bb-7a06-4211-b4b6-fed0163e8e8a,P0067,42.04
5083c867-d873-421d-adc5-588d7b5983a7,P0061,35.73
c9e288ec-4c96-4458-b35a-46372d14365c,P0069,36.97
42fab363-2a44-4edc-aee6-cea20a88a977,P0214,64.19
353325df-eff3-4ed1-8b2e-61fca0ecf0ca,P0174,89.97
73c104de-8840-4be9-8d17-385eb2199bae,P0204,99.4
872dec05-2db0-4722-ad22-e022828661d8,P0148,24.39
8cb63c1e-5f55-4daa-804b-9a5dc6d13601,P0129,42.63
82448123-5657-4ab9-8941-1d2f5c8150bb,P0139,202.47
9b07bf27-fe5f-43aa-9e4e-1026d560fe7a,P0085,59.34
0b8c6f29-a59f-4f19-9c96-7341f9026de0,P0242,5.46
5faf3c60-d7dc-4199-ac18-e05b697fa7df,P0039,81.54
eebda5e5-ede5-4c8e-ac76-76b0a31a7269,P0210,98.19
8246d805-6368-4411-afbd-5497e13d21f0,P0044,11.21
6efd11c9-ed79-493c-81f8-3eb1ef3f594a,P0104,78.14
505f330f-2349-4735-925d-817dc0c6aeba,P0016,43.28
c042a7eb-f4f5-4fe4-b767-c71b6203b6cd,P0169,19.38
aaf750b9-0b89-46ef-8215-621bb174058a,P0239,36.76
a8b64f21-d1b5-4e3b-abec-d78edb6af477,P0225,10.85
9fe57c98-393c-4cd0-aedd-d6ce9c1456c5,P0001,12.87
ce263ed6-ef6b-4dc3-b137-e57e18984695,P0174,74.49
d07a09b8-f903-4f0c-9df1-3baee3ba82aa,P0013,26.29
51cc74b3-8506-4312-a87e-043536823ee4,P0200,147.18
cdcce582-ae9d-4e98-bb82-616a3d8b70b3,P0060,38.41
1d2b9d10-0b97-4139-8563-7443b19dabad,P0219,13.95
284d8257-99d9-4971-b42a-87e1e64497a5,P0249,10.34
6fb20436-a09b-48c4-9cc0-bb4dc9c6ba23,P0008,41.19
4882c25d-00c3-4bb0-8ccf-56130a4f39d5,P0010,56.95
553f3b54-82ca-4b2c-a652-bf0ad3618695,P0203,150.08
56901874-3fa9-43ab-b99f-a126580e6c4e,P0300,12.76
10800fd1-d37e-404a-b9f8-948772f0ca4e,P0279,2.45
194bdaa3-bcd8-4b58-9f72-5166988852bd,P0103,13.12
ffb06c65-026b-4fc3-a287-29042b2a02ae,P0220,36.48
c43ed2c0-3162-476a-8ead-54626773e74f,P0286,17.28
32b96ce8-dfb3-417d-96f0-f2518e79dc36,P0173,7.58
3e1c7ef0-d8b1-4e17-a85e-7eb5bf5b9e90,P0153,0.99
7d0a6da0-fdb6-4119-9ce7-dd847df726a7,P0261,80.37
989ab3b6-cc17-4efa-bd1f-92259ca67a08,P0194,53.35
43704df5-1866-4aea-a28d-a5b31998b5a7,P0246,85.37
3c26d2be-c742-41f2-992c-1780c5541257,P0143,21.76
c6754bbd-d18d-403c-ace9-3d5c6ff47f3c,P0007,45.46
186b1797-1ea6-4a65-a540-a53b539cd9e0,P0110,4.1
81923785-75ec-4616-b7ea-13375384dc47,P0049,80.76
508b8cd9-ab39-4da0-9cae-6409d51f6bf5,P0234,26.81
735488cc-0dab-4f76-a66b-8d4e2d23c6eb,P0219,17.32
7ee7ce75-ea88-42e7-8031-9fe9afcc518a,P0110,4.22
606c62b5-e962-4e82-8efc-878d3ce4cc1b,P0099,74.58
f7789e19-33c2-4d35-b769-ce1e16117859,P0044,56.62
da993b85-7de6-4f8f-8d45-8a1aef0f2e09,P0212,10.58
a55c1555-984a-4eb6-9240-c5526347e817,P0201,62.21
fa307a64-143b-41c1-9e02-f419f4f562b5,P0191,8.56
cc88e547-4eef-4cdb-a808-9b888980f865,P0024,3.38
b1ea4184-c0dd-460d-90b5-c4fd12813868,P0078,77.26
174aaf77-d446-4e7d-b104-824dcbca6bd0,P0230,36.48
7b213168-3c6a-474c-adc2-1263c6435995,P0091,1.46
ccc8f7fd-47c7-42cc-a870-090e204b17d3,P0278,3.87
5ef480ee-bef9-4dd1-8632-dbb4c479cbaf,P0163,39.77
6c67544b-cf33-46d4-bd30-2199ad56f573,P0177,24.27
51d03f41-2b40-4da8-8559-0ff0f8bf01d4,P0270,88.91
83d029d1-1484-422e-9cdb-c5d17c5913ba,P0081,37.7
a7941349-18b1-4482-a9a2-3f1553a8c3fc,P0106,89.95
e3b9cfd5-4f9f-4473-98ad-de27514c80c1,P0289,50.48
9274704e-b886-40fa-bf10-d2d6bc396798,P0019,20.44
797c9215-7f07-4e24-a0ad-4e5ac0b0a992,P0164,200.64
35184323-1571-4e9a-b25e-f3ec030bbb6e,P0127,12.03
c0658686-b96a-4da6-989a-c79f6cde71ec,P0219,11.61
7f275a5a-72a0-4897-8726-d7361723b815,P0032,48.4
fd338ec5-5e6a-4ffa-bf56-12e11cc257d4,P0083,24.17
fcb968f6-a7a5-4ea4-92b9-2646c738a0c0,P0077,53.17
4e4417ef-b059-475a-8d0d-d2c8b7cb3cdf,P0184,25.88
9ca62bda-f75b-4b8e-8076-6061171d4481,P0258,47.08
48f244c0-2793-4e40-96c6-124952d47829,P0061,4.33
05dd9df7-53b7-4527-b316-f45d3b491444,P0182,38.25
ed678a97-b497-4974-8aea-a96cf1f3c35d,P0227,56.17
33a72c7b-daa9-44e7-9f42-3ebf19c4d1a6,P0249,22.55
11e2c12e-96fe-406f-a829-0132d68d2c82,P0017,105.85
4ba96dc9-5bc9-4969-a1ea-588d71301e8e,P0260,130.36
f53a6cb4-0af6-44ab-8426-66b125c4e400,P0295,3.78
34209f0a-3e2a-40d4-af91-05f5de6b45d1,P0278,102.77
53eef522-c7b1-4b0f-a3f1-236af6e7e71c,P0089,49.9
82ab9bec-d585-4b9e-835f-2677f36e619f,P0111,94.13
8fec9a2a-b454-473e-b18b-580598de6d39,P0247,22.16
e112f916-b6a1-4473-ae0a-1381c4550261,P0071,43.42
093126b5-9afa-4a7d-911f-48cbaa4ecc8e,P0271,101.69
420f992f-84ce-4e4d-9f03-c88b8bb647ff,P0170,11.95
68872df7-3db2-4148-96e0-2eb1b1f1d9a8,P0094,8.45
f57aa2fe-e34f-4aec-80c5-4604d4ecc3fd,P0226,3.03
ca8c2b3d-a9ea-419f-9126-3aa1a5c6a4bd,P0128,14.36
b6e3206f-57c5-4e4c-bd73-c289db98d777,P0208,57.8
bc06cb50-a4de-4b7a-b8fc-3e6ad0b151f5,P0214,23.34
f11e6196-9622-4bbb-bb02-4546026652da,P0131,13.13
cc352f23-61cf-4f7d-a9a3-e1f94e8f5374,P0054,11.41
55e3f527-5435-4b68-ae0d-1f294899a9d4,P0256,24.35
5b83a0d7-dbf1-496e-9e56-9ea1313bd882,P0277,45.86
71312d76-d17a-4a6d-a082-6e21662eedf5,P0151,0.35
abfa842f-7d97-4d38-ae72-a3620c81f0cf,P0145,5.81
a0adfc8a-42cd-4a9a-abc4-eb21279b5154,P0229,41.75
ca215e36-59d4-4173-87e6-46e1048a5eba,P0199,86.03
34103ba3-7d3c-4afc-b9e5-520a00c07e7d,P0129,4.64
e411b22f-de72-4a5c-b695-57317e4c315e,P0021,54.82
4da703f0-65e6-4839-8074-527b7c3a651f,P0019,16.54
c18f0761-30d0-490e-a513-0ac14961fdaf,P0256,24.17
aabb9393-aa98-4363-ab24-3b12c88f1ada,P0084,78.91
656ecaac-ca5f-48a4-ba95-7b57afdff5b2,P0175,23.95
10800fd1-d37e-404a-b9f8-948772f0ca4e,P0227,38.4
96c16446-c335-4be5-ada0-d9256bba3339,P0232,92.9
0c4b0de2-d2ba-4707-ae70-8a18f9e93b1c,P0293,24.19
2620cb5f-2fef-4a7e-9d83-3043f57685e1,P0145,20.24
d734ac47-6e39-40ea-abe9-0b87725309e5,P0001,229.0
70ce1c66-6664-416b-9022-45de4e802683,P0203,17.25
c6ef57ad-8e73-4b6c-948e-fd8927482ef1,P0284,7.67
673a5861-1c9c-40fd-aacb-58fba0dd319f,P0182,99.28
2e98a8d9-f8f2-47a6-980c-acce91690a3f,P0149,42.46
b68a74cc-5dc5-44f8-81a5-9a9af76f64c6,P0072,84.92
8028ba56-fccb-45e6-bb31-f20dc0322e91,P0190,18.81
1dec9f95-5f39-47ce-a079-ba778829ee03,P0100,121.21
de1a95ad-86be-4311-86e0-8cb17a878d34,P0028,107.35
4ddacd05-d766-4ee9-8c6a-30b28ba4bc50,P0241,102.46
47abe9a9-5743-4b7b-abf9-45fbc015d8e8,P0088,23.46
28fda55d-73d4-45a6-bbea-3ef7d7aadcb7,P0205,7.64
49424b74-1448-4ab9-9a90-b44fb5726c23,P0183,14.48
3aff8734-1645-4b6a-9aa4-2440e6a2e467,P0136,21.71
c7f03e2d-16c7-4cba-8906-9225ce372183,P0216,19.12
6a8ed70d-47da-4555-bd22-7516942fd7a4,P0172,36.18
4764e497-06e2-4856-a42a-0c0506f8e7f2,P0108,37.6
251958ae-6992-4e75-99b5-4d1820522904,P0055,57.31
c1d70959-c76e-4ad6-b8ec-a079a1960ef6,P0264,24.82
5e27b4ec-2bff-4df2-932b-cb4e1ab71d0a,P0234,22.7
73031ba5-83df-4c21-8e06-a9c9c3d589cb,P0142,0.84
9b6c5d4f-c202-4f36-9863-f53bde9bd286,P0075,7.21
f09f7c58-3b71-44b4-ab02-e990cb5e88b5,P0131,15.61
ea762ddd-8856-496d-b3c1-7a5e9593ebd4,P0030,11.3
11fb5c71-ea13-43a8-a516-6cec2ee16a7f,P0024,79.32
3bbe2107-fdc5-4996-b4db-d3a445d9ef68,P0127,11.21
0e6061a3-c0b9-4ba7-9157-488823833b24,P0143,24.92
c2348751-1eef-46dd-ba2b-63405fa7dccb,P0206,25.87
58b5b2cb-88e4-40ca-bf70-b3772f9a9633,P0184,57.44
bbfc1ab4-7ea7-48f5-a184-36af20bacf4d,P0042,20.19
2bbaa562-291e-4080-9e3c-6cc304a3f9bb,P0037,28.66
478b7499-a66a-43e0-ab22-ed3be09c598f,P0071,22.06
2824c18b-1a43-4182-ac36-bddd56f85685,P0215,25.37
83799318-e9b5-464e-80ab-cbfcfc1639bb,P0176,14.02
42baeb3e-3985-4e75-82b9-8a94545101c2,P0049,16.53
0957a973-80ec-488a-96b6-53750b0e503a,P0156,25.68
accef082-bf16-4313-9a97-e075b09ddaae,P0286,85.47
3fe01aa0-1a41-4485-91f3-57455a96d69b,P0259,9.61
6ef0a107-d774-472b-b3e8-9267b679d5e6,P0285,49.01
4404c44f-9714-498c-a48d-6a006223e7bc,P0035,2.63
b61fc3df-3247-480d-9447-b983df69afa1,P0080,8.05
3dedc8a6-138e-44bf-8421-e091e7994ff3,P0033,17.32
3edb8c06-79eb-49db-9f28-365297b3f553,P0084,85.5
89f2c308-27a9-494f-ae0c-ccc1808bd3e5,P0069,14.17
eb378c87-4f69-4867-9416-4e9adc5de126,P0062,31.07
cd6b21ec-dd7f-4f2a-b002-f1af07698eb5,P0010,25.28
edef753a-94c2-4652-9344-94d1f3015bf6,P0055,22.38
cb3c9921-959c-495a-8fe2-1209e6f5e11e,P0274,54.93
3153e050-5b70-4679-9f31-e9899e1b06f7,P0139,13.79
57168e91-01a2-45e9-9705-f9304c4cf8e6,P0119,28.32
8a7813da-3aa6-46b3-8d30-f1c24987ae68,P0194,81.53
fdbf868f-bf8f-4608-a1de-40fc60d0c3dc,P0239,14.33
cbd7921c-ee69-417e-b58c-fc528c38ece0,P0118,51.63
6124ba5b-57bd-4d3e-b022-33c32167a2cb,P0008,52.85
d2df2fae-ecb6-4ff0-8f16-236dd170e255,P0212,29.26
ab800553-c3ff-4a09-9c96-1b02981ef060,P0101,0.51
f34ee3f0-7788-4e5a-811d-f6c654665749,P0027,33.96
f01a943c-b7a6-43b0-8241-e6410309d5eb,P0228,15.2
4674746a-ab06-4549-a082-fc476eda1770,P0091,20.33
0cb62158-2d3a-49e2-aa5b-c53b86f7c9ac,P0285,23.76
c87fe68e-853c-4838-824a-9f9570f08f1e,P0174,33.17
2230d676-54a6-48f8-bda7-9508074fc0ed,P0012,58.67
d292403a-88e7-4aeb-91fa-15aaad076468,P0061,32.97
ae223508-34b5-489b-9efa-c02939418a2e,P0114,39.9
40bee9d2-4801-4ce7-a5db-5d89d5853078,P0242,28.24
e8521f13-b579-499a-bdc9-9d1c76a11f83,P0073,0.29
9570fbc0-e117-4b60-9184-e9e4c473a164,P0028,3.83
41dd4d48-d040-4c4e-8b27-eaa9fbc289f5,P0002,35.1
3c26d2be-c742-41f2-992c-1780c5541257,P0204,19.82
da8f744f-21d1-48bc-b395-54d832a3903c,P0227,38.6
023f7acf-feb7-4bac-b3db-108a1deec2ea,P0255,15.63
3ac5bc1e-f244-4a5b-b6d0-4d74fac4625c,P0151,4.67
af232373-c0fb-4103-9c96-a1ba9f3d744d,P0206,8.4
10d69803-c7cf-4c7e-b0c1-7af6f1556537,P0172,102.31
a8d77817-33ea-409b-8c47-9f842a33c764,P0159,15.08
92fa9fad-bfde-4791-b8fd-230462f2bc6e,P0010,1.71
eec5a414-16db-488f-b234-21fa3d73b804,P0229,69.96
c5b2e338-c48c-4833-8def-6fa2734f50ff,P0141,28.62
08b6a13a-6115-4df3-96ae-89f034bb462d,P0279,9.69
f1520251-ca17-4813-a7a8-78bf0909c030,P0269,87.32
f240aa28-6959-4b20-a83d-53fcaaff26d0,P0162,181.66
fb5b45cb-6fa3-4144-96b9-21ab4a13bcb6,P0260,140.09
3ef26891-2a76-4ea0-8589-ffca6fbb7c67,P0147,97.66
816b81d0-c141-42f0-af9a-0ef4c3254a9e,P0172,109.63
4b061afd-4aa0-481f-b4bc-1ea35e54d46a,P0097,27.54
b42dc6b7-6e4e-4874-b668-e0b2ca1d59e8,P0094,204.11
d3a2597f-1c72-42b9-a055-4a5db6bbf959,P0016,55.99
a0e194f1-7545-47c9-85af-c011e0a54ee9,P0004,74.08
21db279f-4b92-4844-bf3a-4fdce4c0851d,P0190,98.61
020adb09-1f7b-409a-af6e-0fa864bc6211,P0227,113.32
de36f30d-9aab-4751-a3db-b2abdfc27881,P0132,90.18
e0bdaccf-bdf8-47ee-94b4-fd88b8fe6cf3,P0116,6.4
ebad0b1f-9bea-497e-9a72-c3f115dcae1c,P0053,44.68
6b55d9ec-6af9-45cf-b49c-b824d2720b66,P0088,4.49
1c238e98-e767-4e28-ab4c-aa2497d4edda,P0047,18.83
4b35127e-a6fb-4be1-887d-5eb91c836e95,P0045,130.34
aec06a50-db7b-4fb8-bb52-e552aae1c516,P0116,56.24
fa264b49-1e0a-4bcd-ab93-40204b6f1cc9,P0241,42.96
d0e196b0-2221-4ffe-ac0c-c38f4ff7a7eb,P0251,121.33
928a0731-2c68-47d3-a11f-d41d6423a6ae,P0299,0.82
9d45becb-4ed6-43e2-a794-b8bca3ea7efd,P0008,7.47
57173d4d-626d-46c5-a035-0c1faa7429ae,P0171,104.15
926fe3b8-1c11-4d3f-9524-68a4d9840d9e,P0295,47.61
84f5f4f0-8156-43fd-a511-d23a8cda7bb2,P0254,99.86
b026183b-b148-426d-b188-90271baa77cd,P0066,71.69
e62e12d1-737c-4ff0-b3ea-4d339ab3dad4,P0022,25.71
9a224644-5bcc-44fa-827e-2697d48ffac1,P0152,8.44
c9e288ec-4c96-4458-b35a-46372d14365c,P0047,13.1
c031ec31-02f1-42eb-9828-4b0571d82ce3,P0023,36.86
f3dc8bd6-0733-4b95-893e-bd3a1347406e,P0296,53.54
b9082494-123d-43df-92dd-ddff48b582b1,P0270,31.22
9fa505e4-7d80-4aa1-ba81-bb33b7fedb98,P0287,84.31
a6a7149f-a694-406c-addd-dae2dc32aa34,P0170,15.05
81cf3b71-6010-41e5-90af-e52748bc4999,P0176,126.11
df4ae799-32bd-4561-a25a-c969895dc6ca,P0141,42.51
504dd91d-5239-4835-90e4-070535234900,P0227,46.74
a0d51131-8b50-43c2-9451-61a175f6c651,P0051,87.84
39b5681f-db8a-41b1-b550-cc206803ab6e,P0005,23.57
1f7f3e5c-2a79-45ea-8b4e-347c30a52a6b,P0262,14.71
cefd653b-5bb0-46ec-911f-7a69361bcb3f,P0175,17.38
00d5a107-a1d6-405f-b66a-4b1026cb948a,P0128,0.89
2b0a3447-7449-4585-a3d7-a60170de316b,P0144,24.91
aae2d31a-090c-4505-931d-caec1f71c1fd,P0012,88.12
98b0dd90-467e-40bd-8044-d59f866d2682,P0262,32.28
c3b56243-4b38-450a-ac6b-6b4f4b8e3824,P0009,108.91
91dd2258-12e6-4c17-8448-dd3c845c9f2d,P0157,12.12
df528141-b4b6-4b7a-ae34-fe3f61fa12a1,P0215,44.31
8ae590fe-9e29-414e-880f-517cd0da534b,P0290,28.97
0019edce-de43-4bad-bac4-a28d69c0ad8d,P0263,80.79
d93556a6-78fa-4a07-8af9-92a71435aba7,P0252,12.08
d65de4db-428b-44a9-8479-ba7202f44b02,P0067,123.82
87424705-db1a-4604-a4d7-46a9863798b7,P0030,24.7
1ecfde26-2452-4323-aaad-199f6b4a6681,P0119,2.81
1a256df5-04cb-4615-8213-c08518144593,P0208,89.74
8d29ca56-4d76-4ac9-a6d3-28af888aff1a,P0052,54.97
98ec9988-aa8e-4db0-826d-5757f882df6a,P0262,29.75
07e8ed8d-30f5-4ad6-bdf4-1caed9e5a5ff,P0061,14.07
bd242a69-20d3-461e-a87e-5dda0b27b7e7,P0193,2.99
4c4b06c7-23c1-40f9-9832-44ffe3dc3b8f,P0091,24.24
cac4b625-2512-4890-967c-18384135bbf8,P0152,22.68
8c4113d4-9c98-4e73-841f-f21e1fabad7d,P0170,28.79
276ed035-235a-444c-a1d0-afe45c5b15f3,P0237,17.62
daeb8bcf-17a9-4eca-81e3-f7569d5ff107,P0172,2.98
c740557f-baca-44e4-a730-9e4d7fd55f62,P0287,81.2
4e00b52d-5dd1-49ab-ba7f-73d0781c6b9e,P0055,20.1
85fffe02-240e-4bc4-bd92-23d4337669de,P0024,42.06
780999c1-835f-4c21-8778-113138bb4ea8,P0073,0.9
900b0f13-e0c0-4a53-8444-34bd919c18d1,P0068,63.26
817598a8-b7f7-4ada-858e-192e873b9ffb,P0278,156.39
44763431-b1a9-467b-81f8-d719a60c3882,P0284,1.46
53f09463-c10e-41b0-a4eb-96f00150cc4b,P0074,147.12
0c208ea9-5a6c-4f52-b5fa-ce1ec28a3f56,P0017,126.67
c6754bbd-d18d-403c-ace9-3d5c6ff47f3c,P0117,2.98
84a10171-20c9-46da-9e7b-5732592d4333,P0074,30.99
379f26bd-6b75-416c-94a4-fe2766bf1675,P0007,0.39
043bae18-8017-493e-ae73-fbbe6c8e14e7,P0074,9.03
7c62c2c7-a608-442b-9c81-1c2dcf9a2c32,P0256,21.27
0dfed972-2732-424a-acbe-4be24d1a1e57,P0037,70.69
7f83f904-eae9-4476-8f80-ae26645594c5,P0129,2.3
ae68aae9-1692-4160-979b-2ae71fda2134,P0151,3.94
afbbd9f5-6abf-4301-97d1-16dc9832f191,P0075,15.28
989ab3b6-cc17-4efa-bd1f-92259ca67a08,P0205,117.68
660a72da-1e1c-4143-b2ab-18e9c02c7524,P0205,145.7
cf95637c-23bd-44f8-8acf-be86635e0c69,P0244,9.99
5fdd00bf-e8ae-4e39-920a-51222e678236,P0170,5.5
efdf4d86-92ae-4067-9868-d93b054ad9b5,P0006,41.92
229a54cd-b733-427f-89dc-24c749cbde27,P0131,16.94
6b4fec91-d435-481d-a38c-72ea2760da3b,P0036,26.47
c68e1e09-3a26-4d27-a988-534b9068c878,P0078,49.4
fa35007f-8b29-4b07-a6ec-eeec40f4ccf4,P0062,30.7
9795cfb0-0970-4a87-b7bd-42c27d046cce,P0186,12.37
c2abcede-4a37-40e3-94fd-220d2628260c,P0186,6.49
846a402f-edcd-4ec5-be8d-b44cfa4522b3,P0030,5.24
7b2775d1-40d1-45a3-a922-452ca40ae53f,P0154,39.38
87f65ec2-e8a3-435e-8ec5-af191d4b06b5,P0038,18.32
f5b32c01-ea73-49c0-80cd-11ca19cdd8ca,P0068,24.0
d354286e-276b-4e31-83d4-a1241260cb7c,P0281,33.67
9b90729b-e003-42cc-bafb-312e0b07e82c,P0127,43.71
47abe9a9-5743-4b7b-abf9-45fbc015d8e8,P0118,135.6
1e967737-9096-4390-934c-8980e79f566a,P0225,16.31
a64aba77-1e1b-4b3c-ac15-1bba3909f96e,P0002,14.65
56901874-3fa9-43ab-b99f-a126580e6c4e,P0098,45.59
28da718b-6518-4802-be68-0f6bb7873962,P0237,59.91
226e9366-b449-4f7b-a80c-988eb62bfd0e,P0198,22.11
fe0aeb48-a377-4178-9cc2-e9c01e78a53e,P0104,84.84
832cdf3a-433c-41c4-abfb-f661ad16cbbb,P0067,8.54
58501db2-82d0-4386-98df-61da2bd03dd8,P0030,85.68
5528333f-1485-4c67-a691-f82fb0200001,P0143,23.66
b415ea49-c9eb-4c19-9e3c-34216fb26136,P0014,51.26
1f9307f2-8b6d-4547-82e9-a8ba295cb710,P0148,17.55
d3cd3059-831e-4cc2-9562-7d9c166f29fd,P0040,0.98
16744273-098b-4259-b94f-8651409cb966,P0198,0.22
e0f288a2-ee4e-4276-a9ff-5d339b295865,P0155,13.51
82488316-b37e-4b82-a362-883bd8680fc0,P0189,10.84
8b3a9d57-bdd3-4f58-8776-404b60ad1832,P0280,118.35
84a3fcbc-1ef3-4f78-9f0b-10e28c951297,P0235,6.56
c52e695f-7c1d-4bdc-8599-e2fb948cc689,P0158,2.35
d4ae9e4b-8605-4be5-8371-1f16db155de9,P0182,0.22
52fae6ec-42ae-4a23-8020-ebcddb93c99b,P0061,114.62
a6ebb55f-a0e2-40cc-90df-0fd39908457c,P0129,22.61
93ce7146-8196-41fa-8335-8673f9efa7a2,P0235,34.73
13d4f720-8465-4a1e-a5ad-eb74afa2ff06,P0295,40.31
937181a1-6489-41c2-8365-f0101de4d44d,P0223,29.17
463c0ed5-723c-46c9-804c-1cf51977d113,P0002,48.33
87ad5c72-8bc5-4b3c-86df-6df8d089d6cb,P0237,2.5
c29f3725-b414-462f-ae68-d3c5ae66e996,P0186,232.02
a435b2f3-096a-4141-94ea-16e59318548d,P0116,61.72
c02beb95-b09b-4d6f-9291-adaa59670953,P0010,57.64
01466481-61d2-4b49-acbc-2dcc6d9eb9b5,P0201,18.41
3f3f078c-39eb-4310-a904-f9fe1d54a798,P0229,117.09
bd540e0c-b288-4923-8f6e-65d69dd617a9,P0056,34.22
f05e4d84-ee73-4c26-8cb3-f23e32700148,P0091,136.1
3038f4ca-a0f0-48be-946b-88ac8d3357d4,P0125,35.16
10524e71-dc53-4eed-b7c5-c19686b3e944,P0254,13.92
54c4f5f0-d710-4f0c-a65a-525a5bafd5fe,P0100,11.46
263074ed-12ca-49f7-88b7-742b1325ba6d,P0209,29.82
8d29ca56-4d76-4ac9-a6d3-28af888aff1a,P0058,69.23
dcfe71c0-369c-435f-a6bf-5aa1cda2030a,P0029,14.1
ca2f9775-a365-4110-a2c3-52d68b6f3baa,P0124,75.92
3ad38997-c1af-4213-94e2-dd96bead4d0f,P0005,128.84
14d41953-33ca-4f4b-8829-6c42d2e722ed,P0099,0.95
90ea4347-0271-437f-b719-ee2885970ebb,P0094,53.05
1f34e69f-597b-4cad-b03b-3e408f13166f,P0283,23.52
96a4cd79-3839-40f4-9922-7eb4ce718eab,P0074,86.29
82987a0c-7372-4d8a-8823-3998827a4f86,P0206,78.87
b0c31941-01d0-4e7d-9239-7b3a015539ad,P0278,39.92
bf586b23-e88b-428d-b210-b127047bfa26,P0091,19.0
474be005-3558-4438-a5b2-c334d28938e3,P0035,15.37
ffd8495c-4004-4a21-b7fd-1f3c017c748b,P0208,51.58
4afbc122-f0ed-4b98-8e36-fb7cf153f905,P0011,13.45
aa274584-eb13-414c-8531-83b4426bc7f8,P0041,7.09
2547b8aa-9b9a-4aba-9973-3b41ce4bfcc4,P0283,9.02
068922d6-705c-4e5d-a876-4a825c649630,P0157,15.78
903a8cbb-dc58-4cc2-b9fb-c263a8892288,P0145,13.04
05a5c7e6-d249-4261-82fe-4b5329aca706,P0163,4.14
5255130f-be61-4ad1-807f-a7dd2e8a2b3e,P0135,5.94
93fe63e2-7e56-44a0-84c4-c7a002b99167,P0116,31.65
b6c2464e-1717-4e29-b8b4-701f27e0d73f,P0105,10.18
504dd91d-5239-4835-90e4-070535234900,P0222,28.73
d7c0a6f1-9594-49cc-b35d-a3c0fcdb8870,P0100,46.77
8425613e-9736-40ee-b4a1-8f081e45cbe5,P0198,6.15
9f4d7ccc-2de4-4c5a-9119-82eb6f634589,P0227,15.49
74afb511-0e87-441a-94f4-b40ea7b8edc1,P0120,111.57
835d66f6-efa6-4fe8-849e-b9be13c5a35b,P0110,115.54
08b8dd94-f070-418d-a9ad-e02b53a1d5f1,P0207,58.81
d1197bf3-d12e-4dab-8393-717dcbb15338,P0037,11.71
fc02b666-9066-4e19-86b8-b0f46e527f1a,P0011,0.28
e37e607a-3407-4fb9-9215-90244e5e21d7,P0010,7.27
302c47fa-db0f-4765-b878-3f2a825cd563,P0058,12.58
f5866427-430d-4a0c-be6b-8f71216f51a3,P0264,5.23
42b3bfee-61a5-44a0-9b47-7f77732cef93,P0050,32.66
5b2fd42d-8b3b-4c27-b54c-abad4ee970da,P0100,33.51
76cec64d-4c8d-4762-9277-413c7c566f4a,P0020,21.17
70552d4a-411e-400f-aa0b-098d7e457735,P0013,17.54
4c4c668a-b0f1-4d30-a553-4d2ea15f8cb7,P0001,37.88
a6580652-261f-4f2f-aeb3-21d68c729e04,P0040,14.52
1552b7b6-cadb-407c-a1ad-2e0c2520514d,P0147,13.19
e0b2a220-d140-4105-89be-868bc4e26857,P0013,17.51
50623b0f-8d66-45a6-b45b-845f8ee3e78e,P0049,13.76
369a7c49-0a10-4623-aad3-ba78569af35d,P0031,25.41
997813df-a599-484b-9afe-8fb05745ed7b,P0021,33.64
025daa55-5f8c-4b91-9a2d-5904c53717e0,P0150,39.22
606b74c3-df91-497b-9e9c-fd55c1af67ce,P0062,3.98
20f3bd67-a9f1-4185-b3dd-201d7ecfdef1,P0025,40.85
55e1996e-606e-4d41-8060-b1e5fdb3693c,P0168,4.08
e31bb09e-0411-4d7a-aae6-f378f2994572,P0043,7.52
241b2bc1-d74e-4501-aede-4d92fe35e0e2,P0295,8.01
8e99e03a-fbcc-4394-a314-c7f75c40ab75,P0134,54.91
8f30a8df-f685-4014-996f-4a4be3cdf85f,P0063,206.21
bfc5070b-a5d5-408d-bc71-9ea988cb3f60,P0044,8.93
c273523e-8f78-4998-990a-9d17ef3db6ff,P0145,37.21
f91b7c14-8807-4d6a-819b-c0bf51e1aa0c,P0010,105.32
51bf8135-1ec1-4337-9c4e-18e50e82d06e,P0257,71.26
76e4d02b-2bae-426f-9657-24dbf9362ae1,P0140,42.77
10800fd1-d37e-404a-b9f8-948772f0ca4e,P0107,24.31
4ff51cde-5d2b-485b-8a11-4ab649b56bd0,P0077,2.43
06f820f6-5149-4673-ba18-565d3e3fdb81,P0152,16.72
9b6997f4-0447-4c1c-8e6f-c81d9cbc2f48,P0247,71.58
721f3698-85c2-4f43-8c68-b6e13a92758e,P0019,64.6
e7dc1eae-02fd-48f9-b1ff-2211d01ec102,P0111,40.29
b2b2a08f-2078-4597-9f9d-dd7b8d7f4fd7,P0227,33.87
e360fbb6-ee58-4fcc-9c24-ad90a705086a,P0003,7.71
eae614d4-068b-49e7-9dcf-418cc3b8a3f0,P0152,2.34
1f4ef442-e7a9-4977-932d-e718141163e9,P0158,33.99
78a6a862-042e-4110-8d69-e2ef1272cdfd,P0255,90.59
23e68779-b527-418b-ad19-6d2095106f01,P0190,26.71
344ff323-112d-4614-b490-146753698174,P0116,63.07
68872df7-3db2-4148-96e0-2eb1b1f1d9a8,P0028,55.42
2264d631-77fd-4f06-a09f-eda9a6f47f3d,P0103,32.0
f5dd0bf2-fab6-4d9b-b632-8ce81c60a68a,P0226,1.27
0f5a4d69-6cc3-4cf6-b603-6b4cc2686670,P0214,71.53
4c7b55ab-b31a-4923-b2e9-da3e72e4d43b,P0226,9.22
fc2364ab-95ca-4be4-a28e-26f663c0379a,P0216,32.92
54c57c40-1d7f-4662-9ad5-daeeb714ce31,P0106,13.75
5eb70a27-5b89-480b-981f-7c3cc8e4f65f,P0109,5.49
786001d4-3b14-4e95-b275-3f819429149f,P0139,82.61
e479c150-e542-4878-bf15-e2ef6b68d928,P0200,5.6
ac4477c6-3f67-4d0b-8e04-f14af96c22f0,P0139,7.63
57b3cde6-4cf7-4bf4-81d4-85273506d93d,P0250,7.71
81eb2e69-f40a-40f9-a49e-cb389493b3c3,P0247,76.58
c3ce6085-03e1-471f-88d3-f0e1042f8181,P0249,35.81
39b5681f-db8a-41b1-b550-cc206803ab6e,P0041,20.66
aa28a62e-af15-4606-852c-ad1b742dae55,P0057,34.41
1451a5b5-da7f-43ac-a2c8-319cd5ad28c3,P0037,257.67
cd65d52f-1c2f-41c5-becf-2c617c792e00,P0249,31.85
3c49c255-335b-4958-b381-a26aa07bd8b3,P0289,110.21
dc7decce-bb8d-4fff-8d0d-337af5f60106,P0247,3.98
ee44ab12-cedc-4685-b6c4-1b52863e0c47,P0232,18.21
61c76446-e15e-411c-91ad-f54db6fe52a5,P0113,31.3
cdfa1582-f033-4faa-b80d-c1192fd0eff4,P0097,45.24
62f78ab2-a3c1-451b-a8a1-da9f5af06c7e,P0184,3.88
9ce835fe-cad2-4653-926f-5e296491a6f4,P0199,5.23
79353689-ce77-4373-b91e-a98ca3ae9e0a,P0163,114.99
3ea56d12-abac-4522-a2bc-f224afab3618,P0036,60.93
69afa26b-2bb8-4f23-9cb9-30201a6f3fe1,P0134,6.6
e309babf-db94-47f7-90ef-c5dc32f1dacf,P0290,48.98
13eb883f-4e2a-49f2-8a6c-7d88d02436c3,P0288,63.3
ffabc12a-2acf-49ce-b0e1-4395e9e2f66e,P0209,1.06
63494cb5-dd21-4cd1-b0f4-fe05f2762ab0,P0245,25.36
b9082494-123d-43df-92dd-ddff48b582b1,P0144,4.68
4e65a4d2-e795-4b67-bbae-94ab5303a873,P0177,44.03
b0a20956-2467-4a8f-a3c6-7b59276713a5,P0248,24.84
d72fcfe7-8008-47d8-bcdd-b28a0b23e7f0,P0246,47.59
c3912fb9-747a-4c7e-a589-b4d407e41cb9,P0239,6.19
20209251-9a64-4ec1-b6cd-6b821cef00e7,P0005,22.81
b2a450ed-c6de-423d-af7d-eb3aada8ed3a,P0107,163.74
cfe54edc-894e-4377-b7e1-d519c164803d,P0057,25.19
651920f9-0a3d-4605-a70e-501b3f2cf7b7,P0106,1.2
b478a3cf-2f4a-477e-bff1-910e559d1b06,P0192,13.24
d968e7bc-747a-44e8-ad51-23400be31ec0,P0133,20.39
e4a71815-f6a9-4040-9d2c-2a43bd7416cd,P0073,49.69
95c91291-c592-4add-a172-db7e39194309,P0009,44.32
29d633fa-2747-4165-b31f-41cbc06db986,P0204,41.12
3fb04800-e89b-413c-81f6-b9903a110c87,P0283,83.61
1c9fb9ac-2b55-4429-947a-7ac5a343a90d,P0291,30.4
6bb87b5e-5b1a-4d68-8070-01b8eff2520d,P0035,5.64
6c30e3f5-6aef-4a1a-95df-723742786f75,P0233,71.86
07b32532-ad74-40c6-bd53-3ecde7f0f4b1,P0060,7.74
95311419-eb5b-4521-9b93-d35d4bfd413e,P0153,31.03
95edd556-b875-4095-8a0e-525e456990d4,P0007,89.68
3038f4ca-a0f0-48be-946b-88ac8d3357d4,P0013,19.32
8e64884a-00ba-4a2f-a2db-942b64b35749,P0054,118.24
7f314b23-fb65-4b62-9932-abb19f7a7881,P0147,111.53
02ed8ab2-c11e-486c-a461-550d3ed7bb83,P0281,1.48
3ed0c9aa-3a39-48bc-b023-755021cf19f0,P0131,26.59
52c2ebc8-e6c4-4a3f-9a7f-2f1c140c2e84,P0142,71.68
cb778445-b8c6-4b4b-a78c-866f0c337a19,P0098,63.64
5d15d548-19ff-4e39-98f4-3a5836852490,P0247,86.6
84377bb0-e14e-4b48-8209-60e7a0f17bb9,P0069,7.21
b7dec7c4-1db2-42e0-a32e-74de7c61171f,P0219,29.98
3464b53e-0ae7-449d-b273-e032077a70b0,P0039,5.77
cdda9d5a-3f2a-4499-9498-e66ec42ea445,P0124,59.35
2765669a-3ff9-4ba2-b62a-3bec630da6d0,P0196,114.3
420f992f-84ce-4e4d-9f03-c88b8bb647ff,P0147,47.38
efd2b313-96fd-4326-8bba-22ef3052bbb8,P0254,30.82
9d870057-3e76-418c-b6c4-dcb22ae8714f,P0162,5.84
9c0bb430-b001-40a6-8590-505e29c05ac3,P0107,13.88
8585f0f1-5afb-4c08-8361-88a5abe86e14,P0049,4.95
1234f2fd-2a90-49c0-982c-e97afc23edc9,P0164,47.07
29fe3c6c-9ccd-4bae-b2e1-e735fac64a35,P0202,35.62
49726e8c-acdd-41be-88f1-b5d68865e25b,P0242,56.72
5d6d9aa2-9111-417f-a8a0-6e842edb9581,P0242,118.83
95311419-eb5b-4521-9b93-d35d4bfd413e,P0292,1.93
e6ff054f-93e5-47b0-8a57-bcec7345d167,P0130,24.63
2c7eb7cd-9324-4484-9374-ad8db9e9f35a,P0167,98.78
5f421fd4-eda5-4642-a49b-9da23b81abb6,P0156,20.23
f3ea020f-533a-4d34-a7dd-1ce412a3ce8e,P0257,3.33
43a51015-4e41-4643-b5da-ea4b5f97f53f,P0146,38.17
aba86dde-d2f5-4b43-aa02-0d0db2c77786,P0095,20.2
2165e70a-a15a-4251-98c7-484494bea46f,P0115,41.12
e963c4aa-720e-4641-bb09-afa55e493703,P0037,49.65
2135358d-ef37-4c78-b067-44a5d02e29d7,P0139,81.24
dea98198-839a-44ce-8621-4736d17494d6,P0136,38.23
b100f2c9-6d03-4112-8fe9-228f0ca2a501,P0026,4.82
bc06cb50-a4de-4b7a-b8fc-3e6ad0b151f5,P0276,2.07
fa263a02-3d2d-4864-be9a-0afd2c12d83f,P0017,25.69
b1aa812b-6734-407b-ba67-a6cf55f217a9,P0265,8.08
0d151295-0930-4f5f-a1e9-7e6498675c77,P0114,15.41
f07ca22a-44fa-4060-b151-4c3f2c7e10e7,P0133,43.6
dd1e515e-01c5-4af0-b132-4886405ad1e9,P0058,0.61
5dd42ff9-486b-4a79-a4cb-2996097413c5,P0264,43.26
8414c0d6-1144-4ee2-afc6-095715c895f0,P0109,23.59
d36219a9-61fb-48e5-ac46-a60030b7d7ab,P0058,10.21
0c94cd21-b834-42cc-a772-7675b9856c99,P0244,93.62
e718298b-2479-4cf8-8ac2-1e8336aadf92,P0148,30.48
f97d66ad-8db8-4cd0-a470-43109deead4d,P0200,59.49
80b16993-2b00-4cbd-b2e8-33e390c30a55,P0075,9.16
2044edc4-3399-489d-88cc-3daba8bee014,P0122,63.44
1ae66a11-7144-4e99-b202-a9fe12537c95,P0103,77.51
640565fa-4712-4310-99f6-1817dab3bde7,P0229,66.64
e86dd527-5208-4cdc-b35c-3331ba9a57b7,P0270,20.49
1f3c7b6a-5aab-4e22-b0c1-d1a1a914b928,P0241,36.74
ffa05806-4070-445b-97d6-c8f18d52234b,P0043,72.18
b91390f6-d9d4-495a-80d7-e39bfd345e12,P0215,4.85
5104b9ec-b9e5-43d8-ac72-fbbb34607669,P0144,40.07
0fd4367c-9244-4e74-b242-1362a6b6183f,P0251,4.61
2f2796b2-27b8-4b76-8892-3fa70bd8ca0d,P0140,74.26
d336cddb-c617-4463-aad1-5a20c0b3e9fc,P0155,60.65
d0e196b0-2221-4ffe-ac0c-c38f4ff7a7eb,P0054,16.28
8c2bdfe0-705c-4e17-bf86-51d7fc7666fa,P0145,18.12
e9532eab-06ba-4eb4-b4a9-0d2b848ef34e,P0258,77.15
35670c4e-4eda-411b-92af-c037e8aaafcb,P0063,155.09
d8892af6-77f5-45fd-9683-0b3e70e00b69,P0055,12.46
b2b2a08f-2078-4597-9f9d-dd7b8d7f4fd7,P0196,4.24
8eff1183-c288-4917-8ad4-afef008ccbf2,P0120,27.24
16be6a51-08c8-463c-b940-42292ec6d8f5,P0071,87.87
de36f30d-9aab-4751-a3db-b2abdfc27881,P0272,64.4
b50411b2-20ee-48ee-aaff-437d50a6b057,P0079,12.61
cf884f76-5123-46d9-be46-43d39053f03e,P0099,25.15
c7b3a31d-9cb4-4ab6-89b1-6fb9af810209,P0081,69.05
957c7b78-0143-4480-b7d6-769162e5fab6,P0299,49.97
fee5de7f-9918-48ff-85bd-c770ed707a83,P0010,19.5
ffc582e8-6c54-4b63-90da-440445e357ec,P0124,114.06
8857a871-5f08-4f6d-bb27-885af5aa7a72,P0169,94.95
595c45d9-5df7-4f7a-93f5-b7a73e01c656,P0145,24.03
55366a28-9da5-4341-84b6-2c7e2d71b989,P0243,91.34
dd711bce-1091-4cf8-a768-5bec6d93906c,P0154,18.21
3bd0add0-7844-44c5-903a-90d160d22890,P0117,203.0
0c42dba9-4166-438f-a07b-c3dd3c8a1bdb,P0094,100.19
630d1342-daab-438a-b408-f6c0af0c1950,P0267,26.62
bec78a6b-fcf7-4110-972b-57c29e02ed65,P0001,6.34
c7f03e2d-16c7-4cba-8906-9225ce372183,P0075,0.39
ba590ee8-75e7-4ac4-ad96-a1124a087d39,P0198,5.86
74559581-94d7-4b17-a579-7782726ea0fc,P0094,32.49
ea54029e-0e0b-46a4-8092-24baab163d3e,P0111,75.65
65bbe60b-7424-4ad3-ac9a-03ba3c5193a8,P0138,74.87
f801a396-5600-4484-ad65-c10b19405b88,P0227,43.92
e740dab8-b9cd-4151-9577-1e972b8431dd,P0127,33.76
0ff04a0b-1aaf-4c2a-9554-bd9539890126,P0130,16.59
6963d332-f515-4a6d-8f7d-27883654f345,P0015,83.17
213b9a3a-7e0f-495e-b8a9-f95132de9080,P0245,1.97
e89056e6-a910-468a-8072-b1c6e12cdf42,P0021,103.21
f4bc7149-26b1-41ed-ae9a-6ee1106041f3,P0052,16.14
83a0c399-541c-406d-b36a-5037d3682c0f,P0214,38.9
596e5f3b-d395-447b-bbc3-4a9e2e041cff,P0162,10.36
01984287-95dd-4e18-9799-8ba2c6dd59b7,P0138,42.45
21594281-59d4-4aab-8b5e-9ded479e5b0a,P0015,58.16
6a91124d-556d-4eab-8f3e-6beb5eced634,P0078,53.91
9b8559dc-e673-42e6-afd7-ab97a1d79f5e,P0051,104.22
30b0b0ae-3ca6-4717-a137-0e149cbdd523,P0268,160.16
8bff13a9-4b7a-4c10-a3dd-7d203a88e0d2,P0195,34.11
bfd4ae87-5e35-4fd7-a265-29ecbdcd14d3,P0061,5.97
f3ea020f-533a-4d34-a7dd-1ce412a3ce8e,P0057,81.08
c28ffea7-175a-47a4-81d5-f31c32e905ad,P0276,149.06
35971b90-0dbf-43a2-98e2-67e7a07c9c1a,P0098,31.51
1227895a-a6cf-4b86-b194-c7ade5659896,P0216,4.18
c5b2e338-c48c-4833-8def-6fa2734f50ff,P0092,11.87
411cc5d7-cfe5-4341-9965-b0f6835ff81a,P0043,41.12
4895864b-d171-45b3-b27e-456db680fab1,P0044,24.96
d55ba4d1-424a-4ec0-addd-43f32c0a6bab,P0158,54.74
e395dea0-3a69-48c1-a051-c4f5d9bdb92a,P0124,0.3
ba590ee8-75e7-4ac4-ad96-a1124a087d39,P0109,38.84
3b0a4e07-113c-41a9-aa6f-ce1b0bab15ff,P0250,37.71
1f73dc12-1479-4b7a-b9a1-955f42c1967b,P0094,22.29
f3b67513-aca9-45fc-91df-822bc6accf1a,P0250,44.01
83b35154-dfb0-4708-84c2-afe84a7751de,P0230,30.79
a608f136-bc6e-4cb6-9c2a-a2b0658f4b58,P0072,39.42
2d35f6e1-5507-4b7b-9a03-743b247fad50,P0080,0.22
677ab5e2-a0c1-4871-af34-50c9a547bda1,P0055,15.51
29cdc567-4fdd-4a28-b3b4-adcc63bfad5c,P0231,10.79
f81c63fa-55c9-4c08-ad52-e956305e5063,P0006,82.27
f211d106-f05c-4907-9ed2-ddc7ca60f124,P0005,13.77
5b05e61f-7f56-4e12-bcc7-8b25fa8b4c65,P0266,121.85
9fc3cd7d-1449-4580-86dc-ee0565fa4393,P0196,56.76
7057b13d-d222-42f0-90f2-b4fc8327d39c,P0146,20.13
74f819b2-e501-49b0-b5ba-fc67f837f7da,P0058,39.33
b0ff1133-18e1-4c5f-b78c-1f888e304a88,P0144,30.51
84f5f4f0-8156-43fd-a511-d23a8cda7bb2,P0053,121.85
ed094df9-d067-4aa1-a5c8-05d46f2e1c83,P0058,33.49
83d14681-dce5-4a56-a9bc-3bae7f270c28,P0114,22.25
8164ead8-e492-4453-8c77-23d9f2b62c1c,P0051,3.72
e998af96-2fc1-4559-9650-41accd223f4e,P0295,27.56
eeafdb04-5fbb-4f03-8cfd-a1aa73869eb7,P0238,7.29
6d2c4754-c91c-4447-8679-9ba6734a22b0,P0142,12.01
515968f0-30c6-4215-ac06-d29db58bcb19,P0058,56.18
63f6f03d-3f7a-4bf2-b9fc-c82b94a60686,P0067,124.6
2ef366c7-9005-45ee-83d5-d35d7f6f23bd,P0044,55.51
53bbe8fa-8e52-4af5-a675-9581fce52f4f,P0121,1.23
b61fc3df-3247-480d-9447-b983df69afa1,P0246,70.22
714d3c29-a335-44d0-b146-418c58e3d1a3,P0237,63.55
43638094-03ae-4b98-90a4-6bbe85ccbf26,P0038,18.34
559c6471-2dc3-4e36-b805-5cee3e23d971,P0297,50.61
2782362f-8402-4aaf-b2bd-884f7b229595,P0202,20.69
126c39b2-73a8-4d91-8727-73872dd41e34,P0091,24.55
d7366772-a423-4c61-bb66-2173638c9a35,P0175,15.99
9234c206-2e2c-44dd-8701-204799a956bd,P0035,23.09
265ac0c2-cdbf-44dc-b654-eb00505189dc,P0014,20.0
4663dc97-36e7-4343-a80c-29275b483489,P0069,34.31
7b0dec73-4652-40ad-bcbc-d49c7c0a52ad,P0133,20.39
9789567d-1e20-480a-9cec-27fdb4c8fcb3,P0029,76.89
37d79f11-adbc-4a88-b15b-0214dd28f035,P0111,47.23
c8686900-b91d-41cf-ac9e-31897127cdd9,P0211,19.89
3178351c-76e6-400c-99c2-5ca1d7062d70,P0112,114.65
3b8a2603-4bf0-46a8-9755-62433f20d687,P0152,2.2
2d4ee54f-2861-47c6-b90a-9a73e74b7a43,P0299,0.58
585fa854-2ade-43fd-a0bb-aee6da8a36e1,P0070,125.8
f3b67513-aca9-45fc-91df-822bc6accf1a,P0106,24.18
7beba196-f02a-45a7-9dac-45512160e761,P0283,10.24
6ca294e2-7c43-4744-b1c5-d5a6292b5e9a,P0176,110.27
06ced446-d154-4711-9c7b-1ecfe1cd2f23,P0048,64.98
247fbd5d-3bbb-4b88-8d36-11d27e86bf47,P0023,10.29
f4f4779d-8dc1-41e1-a843-c322186273e8,P0164,26.93
a86e42dc-375e-4fe0-a49b-82b8585db937,P0096,114.55
9775909a-0fd7-4209-ae40-f5aa1ed1362c,P0221,114.61
c3214b76-531c-46bc-930c-b187cd554942,P0032,28.83
189fe3fc-6605-45c6-883b-822dacc24842,P0028,38.18
f9e20033-a544-4f07-a5e3-c4972aaa1d43,P0178,15.91
f593097c-afc0-44d3-9498-2082d92a6b4e,P0059,23.89
d542ec7a-63d6-437a-8545-2e81cf3b4f94,P0044,6.34
871aeadb-af97-49d3-8346-65c0a7197863,P0166,44.12
5e412a63-06f3-45e2-8cfe-26a4abe9ee95,P0129,11.82
92cd2a23-72d6-407d-9e0a-df7343bd989a,P0293,1.87
3de4324b-ba55-4d89-bf07-70d313fe1367,P0217,46.63
133de68e-7e0e-418c-b480-c4f795e37339,P0140,66.08
f79760f7-0640-4607-a21e-16ba4697b70e,P0017,19.64
b6c790ca-6cf9-4361-be86-429cc8a28408,P0298,34.89
08da14f7-4a1c-4b8f-af12-7965ffb5d8b3,P0298,76.2
bdde335d-8475-476e-9abb-88d56d55397f,P0195,142.94
e5a5277c-0506-41b4-9541-914b568601f1,P0064,52.54
1d9ba06d-456a-40ac-ae32-5199b2782658,P0270,63.2
1f23d838-4210-4e25-a0e1-d16da2fc2e6b,P0144,7.85
60c4359e-2029-40b2-acbe-f616bfe3e664,P0134,18.57
ebc1503b-9ef3-4659-9c4a-1e95d7fb9dec,P0272,5.35
11302be5-a86e-44c4-b8b3-37e5bf2e4168,P0022,0.09
57173d4d-626d-46c5-a035-0c1faa7429ae,P0050,277.01
7090bba6-9d09-4e42-bffb-7a4880c8b906,P0178,45.77
a3037f43-ac38-47c5-904d-108216c6ceb8,P0107,8.47
4ff74e8a-e3a6-418b-906b-90b2b3ee6672,P0001,26.73
d57618cc-6c59-4ca6-ace0-b837b2fc42e7,P0236,12.2
8dd0ec37-c215-41ef-bc9a-e6bf00b30503,P0140,12.98
05977838-0b2a-48fd-8a98-6ceb35804265,P0191,41.3
5c8cea1a-3b58-481d-ac9e-ee7e960f5979,P0086,9.38
28605c6e-0d3f-423d-a5f0-9ae7605786cf,P0248,32.21
7a892297-4a40-489a-a0b9-24fe46de7d31,P0038,53.33
4b8156eb-3598-497f-b4a3-ad816205dffe,P0273,6.98
1f0329fc-4150-4356-b0f9-4412f9fb5740,P0300,64.03
0b083ce5-773d-4240-adc1-7fd9f469e501,P0075,38.2
1b88c397-fae3-4f41-979f-f44d182b9317,P0051,2.67
15bed901-5e2a-4232-8d60-2dd27b50c1c6,P0158,82.19
ffd8495c-4004-4a21-b7fd-1f3c017c748b,P0160,107.89
2aefc617-abea-4c83-8c07-1fd7a605c576,P0253,15.18
9bf56001-220a-4b6f-b95c-39ba5e72046f,P0281,8.63
21111bb0-e548-4287-992a-d457df38fc48,P0267,23.66
10f7309c-f21b-4357-bf1b-e4e191d4a458,P0005,20.05
ba10d5ac-1877-43fb-a56f-e34e6eadfb9c,P0191,4.93
d8de2a04-4845-4182-b017-bab22a2f7cb4,P0106,99.94
cee4d04e-670c-4bfd-b275-9759635f8467,P0018,126.63
8585f0f1-5afb-4c08-8361-88a5abe86e14,P0001,13.5
43a51015-4e41-4643-b5da-ea4b5f97f53f,P0242,23.65
f35c6e3b-a1ff-4bf3-8631-db80c12e40ed,P0292,0.28
c1614c69-81c3-459e-850f-e5842e093c7a,P0188,28.5
c9c15292-f8d2-4d23-b61b-97f40a22bb42,P0289,96.07
df528141-b4b6-4b7a-ae34-fe3f61fa12a1,P0143,59.27
ecaadeae-5c8b-408e-b555-921114e2c93d,P0083,39.37
9788a439-dd61-4e7c-8711-e90aaa952e23,P0132,101.37
1ad0aa45-7689-4bc2-a248-8b25b95f3fb9,P0089,60.18
da6db922-b246-4add-bd1f-cedae1132f68,P0267,0.6
20778523-b196-4b8d-9d96-b4b9941c6526,P0016,55.26
6a8ed70d-47da-4555-bd22-7516942fd7a4,P0274,8.19
475de118-eb2d-431a-9f33-0ee310a92c48,P0158,5.62
dea81df4-9fdf-46a3-8e9f-b610ccad7003,P0243,38.18
b6e48e7a-0c3d-4d2e-83b0-5b267e11e16e,P0073,31.64
6f88653e-08ba-4903-8b3e-45a82a96b9ae,P0191,51.19
14135da2-3a4a-4aa9-8f08-f226fcb6070f,P0154,145.57
f042d8ae-27a7-4384-a200-d476365f4910,P0215,80.67
010d529e-c698-45e7-9bbf-091b6914744e,P0203,9.09
f5feb02c-6800-4052-b441-7143e6aa7348,P0134,38.18
0ad33bbd-c336-4a61-b08b-28b6ea8e4778,P0117,8.4
9f26698a-8463-4ac2-a93b-3207bd7f5136,P0291,24.01
e777aeee-dfaf-4d4c-a80e-e870565f123a,P0139,14.17
074935b2-c43f-4ea4-b82e-217cd03ff97e,P0286,18.37
d248881e-9184-474b-97ad-5696f2b64b6c,P0296,25.67
34fc353b-66a9-44ef-ae4c-26c18849b404,P0126,105.53
c2dc1f5c-21d8-4fe9-82df-dc648657fe03,P0213,20.87
bf9ace70-5f4e-40ac-b3c8-797b6e2ade60,P0045,12.9
679e155e-6abd-4bb5-b8c8-8d45aa03f51e,P0047,28.78
5d6d9aa2-9111-417f-a8a0-6e842edb9581,P0019,0.17
7b981c50-5e65-40ae-a07e-aadbb69e5bf1,P0205,45.75
4aec36b4-53bd-4bc0-8531-43e89f64e5a7,P0145,44.38
eeafdb04-5fbb-4f03-8cfd-a1aa73869eb7,P0203,10.95
2d6d7b4f-5068-41de-be49-23069400a9fb,P0157,32.01
cd8bdc2b-5fec-4ac5-a29f-e32a1b353d30,P0296,30.68
f6715249-4223-4a6e-9258-6655171dca0e,P0252,11.4
b93c8592-a52c-405a-9739-4069c950686b,P0235,56.92
7a70c8ed-3966-4b9d-9cea-e54ff5735dc5,P0142,34.22
f67fa7c1-5707-43f4-a84d-327584eabfcd,P0129,23.55
7b8218ab-60ef-479e-9167-a1e029c27f0e,P0245,5.49
2a63eaf3-71a4-4cb3-8d87-a3c520bd580c,P0079,23.77
154907a9-df2f-4eab-8081-895ef9376408,P0177,27.21
ac326854-d964-42b4-97f3-494ec8ace51d,P0271,14.31
8f6bc20f-1a98-4418-87a2-9e6c12a6c4f4,P0099,34.63
ee2d0012-d2fb-428c-a0ed-ea070722d141,P0146,17.27
b7eb1ad3-07ba-4f73-83fb-87b9c0758d6a,P0099,31.34
3b2b3e73-0a42-455a-94b3-00f8a4ee8980,P0136,1.69
f2b00fc0-8348-4b0f-b543-210584746932,P0125,22.22
e9cb4431-5a7b-432f-996e-632932a9f632,P0012,81.56
7e1a0d7c-550e-441b-ae71-840592b5fe67,P0060,52.47
8e99e03a-fbcc-4394-a314-c7f75c40ab75,P0174,18.89
4feabf32-a34d-48a6-9978-b3a43e5b794c,P0145,12.83
7142805c-d4bb-4166-b9b6-6ee2768a85b5,P0165,61.55
103f281e-c8d4-424b-bc55-5d5a20890202,P0001,9.29
515968f0-30c6-4215-ac06-d29db58bcb19,P0031,106.53
27b6fb7f-7f0e-456e-ba56-3db1e8c65e73,P0173,49.85
fa244034-916a-46b5-8fca-1c34d3fb0f77,P0109,34.57
0db79aec-f5a5-434e-b29c-ff6d8b9fdbb5,P0004,10.19
28af304a-b08c-4ff0-ab85-b8766dc872f1,P0233,80.48
b2b8166d-aea2-49e4-afde-017383328c8d,P0282,8.53
e62e12d1-737c-4ff0-b3ea-4d339ab3dad4,P0264,81.11
5255130f-be61-4ad1-807f-a7dd2e8a2b3e,P0037,27.12
f670c38b-9285-4d67-b9bb-55426273956d,P0276,92.24
b35a7192-4edf-4180-911c-e2631ab3de69,P0200,11.42
9de85c26-d7d5-4519-a8b9-6f28ca56345d,P0176,78.97
38e15024-ca0b-44ab-95c4-a05df75198bf,P0206,46.17
11093a5d-0108-4a9f-a0ea-e099f18819e8,P0175,19.25
19c1b1c0-7a2d-42bc-beef-b5cdea804995,P0106,36.93
b90ed7f1-4181-4d37-abee-5086bcf5d66f,P0049,106.83
1de69fd2-991e-4e02-af85-7c4a0d5d8285,P0044,72.77
82217c55-97a7-45a9-9005-4d93c2d7369a,P0168,78.72
d781e7fc-a56a-489a-9b0a-fb96625c46ef,P0094,24.48
eefaf7ad-e814-478a-80f6-cc3ac9e19e0f,P0240,3.31
262bf929-c72e-4ca2-853b-82200bcd183f,P0256,6.77
cf29df77-2004-443d-b66c-50d1d38354ed,P0256,111.99
949bdf67-eedb-4fbc-9d9e-121b4c3c0915,P0213,4.02
dac3c2bf-bf45-40a7-a346-78c73d120185,P0072,24.84
1defa863-ce5a-4132-ac1b-56835dcf0486,P0024,37.39
04611bda-6ab2-492b-8b10-10998d7ffafe,P0173,26.11
1a256df5-04cb-4615-8213-c08518144593,P0031,0.53
d05d1ecb-3768-41b7-b843-23c7be520c40,P0178,13.39
dc51ad90-7f0d-404a-b9cb-c38ada12480a,P0058,10.52
6b4fec91-d435-481d-a38c-72ea2760da3b,P0036,19.9
85fffe02-240e-4bc4-bd92-23d4337669de,P0123,5.01
6fb20436-a09b-48c4-9cc0-bb4dc9c6ba23,P0042,71.74
6cdb2b03-398c-4753-a3df-6656f3e9e1a6,P0204,91.09
801398a1-324d-435c-8620-2837eb6c1c68,P0289,50.75
085b2431-149f-4fda-9560-236f9404f2c3,P0197,36.0
af539309-d9db-4c4e-8975-ca1cd129f00c,P0153,17.86
8a29e666-7920-4fe5-b94e-d36fb5977e20,P0245,18.51
a71c00b0-ae62-4ab8-a349-7b17d061e582,P0205,1.71
3038f4ca-a0f0-48be-946b-88ac8d3357d4,P0136,1.63
824bbec2-aae9-47fb-aa84-12397212d07b,P0233,44.34
fa264b49-1e0a-4bcd-ab93-40204b6f1cc9,P0202,30.04
0cc34a5e-f7c4-47cb-b826-181957c1c87f,P0221,77.58
c7caf4a1-ea75-4061-b6d8-58a86d551db3,P0027,15.81
dbfb9738-95a4-4ca8-849a-9fa1e193b17d,P0003,5.41
94d8211c-15b2-47a8-94be-87c50ef3d5e9,P0122,150.63
a8d77817-33ea-409b-8c47-9f842a33c764,P0003,3.26
9f9e4ca5-187b-43fd-b034-5e7088600ac6,P0156,48.86
462087b5-1968-4614-a75e-b300f54a4936,P0011,65.32
e73bfe46-b531-467e-873a-7d281a280a9b,P0151,40.38
1234f2fd-2a90-49c0-982c-e97afc23edc9,P0080,49.81
28cd77fd-429a-4516-828f-81667860d4a7,P0200,53.03
0691ead5-dee9-4881-b1a5-e2106411322f,P0014,142.18
0b12ef01-5638-4b07-8caf-55b3b35c8cea,P0025,72.27
74f819b2-e501-49b0-b5ba-fc67f837f7da,P0275,101.16
041c0bcf-30d5-49a9-a3cc-eb817591574a,P0032,107.68
01cfebcd-7c94-4c2b-8ab3-12a07b57b2ad,P0052,44.1
606b74c3-df91-497b-9e9c-fd55c1af67ce,P0170,16.42
d8916b66-927f-4050-ac59-0dccfec8be4a,P0143,20.28
a970a33c-f974-484a-a4eb-178243efe10b,P0106,10.28
8611a498-3806-45ed-8e5b-72f62f608dee,P0264,157.27
b0d65875-7510-4c55-bbb3-8a77f2c8e761,P0226,13.82
215c3f5c-6076-40d9-9720-978a9af68b21,P0010,42.81
b4c9787c-9355-44f7-96d7-a1fe161db81d,P0200,11.67
f4e5cd64-0279-4c6f-a762-f1471402e6d2,P0286,66.51
8ca46ebd-23d5-4425-b218-916046b47fd5,P0156,6.57
e9eaf931-c0ba-468c-83e0-f90a9f8cb9b1,P0246,115.13
f2f80c02-d31f-4d65-bd7a-d8b1c32ce249,P0022,3.45
8b1dd30c-4b50-4038-8bd1-dd831302e36f,P0264,68.34
8e826f8f-66e1-41cd-8087-0bc9e9fe0af0,P0144,23.19
ce03d272-b072-44f9-90bc-a8a54c66f53d,P0267,3.26
75419b5c-cee0-4415-a506-b57641e5588e,P0228,26.89
9149322e-a924-4fd2-8094-98b651788e3d,P0063,8.54
651b7065-6e04-4213-bff3-aa26ea37f278,P0189,32.13
0071cb6d-32f2-4bda-bce7-c0cc370da12e,P0175,18.22
15b957fb-da10-4790-ae9c-c746ab94a86d,P0178,29.65
ca215e36-59d4-4173-87e6-46e1048a5eba,P0115,2.75
bad3546e-4364-43b1-a17a-829274bf4e83,P0266,0.31
8eff1183-c288-4917-8ad4-afef008ccbf2,P0298,2.39
f511a232-5d69-4fc8-925f-9ef020eb0178,P0280,29.94
559c8a3d-1b96-4998-ae1d-e3126ccfc313,P0188,64.55
394c6f0c-ae97-4662-9a6f-83e74f3916e0,P0269,44.57
42baeb3e-3985-4e75-82b9-8a94545101c2,P0193,37.3
c11dc3e0-d9ec-4883-adba-4e15eaf5415b,P0246,59.26
06b0bb41-45ac-46c8-be9e-7a51f76d6e7c,P0088,12.67
04a8847d-6f79-4e3d-8034-8e3468aa1f9e,P0163,2.73
32362c30-fd5e-4a98-b67c-4af05f9b1b75,P0184,50.01
89b5da7a-7697-40cf-8197-95b82270836e,P0200,31.64
76893efc-1d76-459c-a330-64d8f24a0b1a,P0066,26.35
0b11a1f3-c61b-4af2-83e6-5f6bb07641d7,P0231,7.12
1f4ef442-e7a9-4977-932d-e718141163e9,P0160,80.32
9975f7a2-30b9-495f-af02-ee1d96c2de2a,P0159,14.5
80333ea1-dbab-4510-b1ca-1637504aa97f,P0149,8.36
d3a51bd8-9203-4a0b-9827-5b121670a3a8,P0038,31.5
1361707c-fefb-42d3-9111-dfd631cda969,P0157,8.84
de1b24ae-810c-46c1-aa41-27b552ed8583,P0016,5.03
2fab9908-ddd2-4196-8eac-682f845c127d,P0280,32.89
ae68aae9-1692-4160-979b-2ae71fda2134,P0011,209.6
ff36076e-6d4c-4cf8-9cd2-fe50e3b20da3,P0284,13.94
54f16d0a-6e27-4c5f-a172-d9fc820f71e9,P0073,56.99
3ce43815-812b-40fe-bc86-7fee46076ad6,P0110,126.67
fee8b8fc-a046-4283-b0ce-604cd88efe12,P0183,85.79
3acb57d1-c907-4e34-81d3-bb5e7f1fba07,P0096,57.2
0a108726-4ae3-4819-84ed-f7103a094266,P0290,47.72
7fbe5fa8-df48-4ec8-9d2b-790f8e2be901,P0222,69.23
f600b3ef-5af7-4e7a-9149-2e5cecd9bfd4,P0231,32.3
a80a059c-328d-43a1-b609-ec9e51584518,P0124,28.79
39b5681f-db8a-41b1-b550-cc206803ab6e,P0046,35.68
f5feb02c-6800-4052-b441-7143e6aa7348,P0043,22.48
abec7fef-1b18-4e85-8e34-332540bd7107,P0216,41.07
a0a98069-9792-410e-a666-eb69cd4b1b10,P0223,13.78
d79408ec-e0fc-4cc4-98e6-9499546ce88f,P0259,126.39
74c811af-31e8-4eda-bc7e-131444871b59,P0251,75.86
b1935a86-4176-4558-93ff-c4604915b61a,P0233,97.56
34a6e687-9d00-4263-ba07-605a7e9d4360,P0060,21.65
31e0a504-de2a-4f81-a06a-588e14542463,P0108,36.72
83a0c399-541c-406d-b36a-5037d3682c0f,P0015,9.08
e59e354c-f16a-4444-9518-db5179d63b86,P0233,59.1
2854b1b0-bced-4362-a148-aedbd226d278,P0289,48.95
3cb43cb6-2276-4ff2-91f8-e93d9e0b15ac,P0203,65.73
76aa73d0-ce9c-4f54-9b4a-0e7cebf2793d,P0119,41.44
0d46d00d-32dd-4f89-b512-1fecd115c5f4,P0271,31.93
5e8fc975-ccec-4b22-b5fa-af9510a936c9,P0169,21.84
80d10855-267a-43ad-ae07-b9601284f889,P0128,0.83
fcb93135-b749-4843-9616-5cd1177bf1ca,P0018,14.74
96a72a01-cdca-4ba6-92a4-984fb99ebdce,P0285,6.42
a21139c0-a14d-4500-8904-084d6c19c2bf,P0274,63.21
93cfba20-1189-47cd-a76f-dd7a1360ca9c,P0079,2.21
82b0550f-c794-45b7-b472-6051c29fa1be,P0199,23.02
ac68e2f4-1a5e-4062-a0c9-c6d0ec866c32,P0186,6.15
fde66361-5cb3-48da-bde3-8db36f8e6dd2,P0070,11.87
82d2bafc-d0ff-4431-a015-231b6fbb7adf,P0257,107.47
c95a04de-55bf-4d7e-8d60-1ef0cb94d58e,P0112,54.7
867b210d-8f0d-48d7-9926-9ee60a98cdac,P0158,1.75
251958ae-6992-4e75-99b5-4d1820522904,P0248,67.42
b13b5047-0bb6-41c1-8997-91997e193cfb,P0253,8.1
1a64084f-b833-4e3c-bddc-8bfb07287a90,P0035,6.95
8926643f-4cbb-4ed4-868c-1a65e0345114,P0180,12.04
7bb1cfaa-76f2-4c1d-91f9-114681536e89,P0197,4.65
d0ccea4a-9ec6-4be1-a990-53d00ae31734,P0172,56.31
cbd7921c-ee69-417e-b58c-fc528c38ece0,P0293,34.34
33b7fff9-ee04-4517-beec-e325a9db1570,P0138,2.97
23849051-9b37-4fb2-bf94-5e48f06dfc16,P0040,7.98
dd582b6d-186b-457e-b3ff-d48918039bcc,P0187,85.35
a077b210-658e-4af5-baad-bfa377ab224f,P0296,46.36
020a694e-268c-4db3-b91c-0c43105a4727,P0194,6.53
45a871b0-9a7f-4f3b-a757-7c92caef7003,P0192,1.39
335c2368-288b-4fe6-9f03-9e9f678c62d3,P0139,67.97
5af5e057-be80-485c-a953-fe61ab919089,P0156,0.67
bf09bf42-98f7-41c2-9d94-f759b05d5941,P0264,25.12
4ee11a45-5996-4c56-af6b-b8601f976314,P0180,109.99
69afa26b-2bb8-4f23-9cb9-30201a6f3fe1,P0064,90.33
5e9a9e1e-bdcf-4a00-9eb6-65e4332f2ee4,P0032,13.8
a2478e24-94d5-461e-9e8a-db6d2be53d19,P0147,120.05
125e7619-3fc3-4448-8fa2-b213d4acdda3,P0163,7.94
c5950c07-efa7-4244-b839-24d94c2257bb,P0225,56.57
680cecf1-2771-497a-8555-ba9569edecee,P0183,64.86
75b4a276-76c6-4377-8a14-a2bd5f2f3a99,P0276,73.91
d248d710-8281-48f7-9357-bf7ce491870a,P0281,39.36
b08ff896-a04a-4e9a-80b9-ff05040359fb,P0203,16.74
d5453a7a-0047-448b-a3c4-d21b10257107,P0105,71.75
d7366772-a423-4c61-bb66-2173638c9a35,P0082,9.98
0466e918-4cd1-49b3-8150-15fc4f36132b,P0162,14.84
60b8a023-ec94-460e-a311-a4736cfe18c9,P0075,115.16
e1166e13-2a57-4c7b-9ae5-0029ae47c1d5,P0073,18.47
12d97521-eafc-4e8c-a3eb-38475dd5c48a,P0013,21.6
6a57c331-9d47-4856-805b-6a99f1b6c1f6,P0185,25.99
3aff8734-1645-4b6a-9aa4-2440e6a2e467,P0268,0.28
d93556a6-78fa-4a07-8af9-92a71435aba7,P0019,10.24
353325df-eff3-4ed1-8b2e-61fca0ecf0ca,P0098,1.95
789c672b-6042-4568-a66b-308c5820ad3f,P0269,86.96
ebc07257-1939-4519-b53b-1ae53360f561,P0205,6.02
bcea50b8-c0ff-4bdc-859b-89e4e8fb7f04,P0023,7.35
bbd448e5-3285-4b76-a107-b7967bdd719b,P0192,19.34
00d45f01-07b2-4eb0-83ad-b40efdd492c8,P0193,75.47
d8916b66-927f-4050-ac59-0dccfec8be4a,P0259,91.97
7a057ad2-ca1f-4066-b210-22238fd87030,P0185,4.85
e37e607a-3407-4fb9-9215-90244e5e21d7,P0109,11.89
9db7ac31-1527-4afd-8314-ef83fc86df46,P0065,7.13
9414ab92-4d18-48cd-a107-94a6ba15a790,P0107,20.45
0a5ed587-4fa1-4259-9497-4cbd00fcf1f7,P0106,9.77
20b086b2-d6d9-49c5-87f7-997c8fab0a36,P0127,123.66
355131d6-a185-4c9c-8c8f-582e48a0307b,P0265,55.45
2b5b1847-3fb3-418d-a54f-61d6545b1804,P0026,1.49
01466481-61d2-4b49-acbc-2dcc6d9eb9b5,P0145,14.6
6ca332db-338d-4f4f-b90a-e65747f436e7,P0035,26.87
41d8e93e-91ab-43e9-ba0b-e286a559720d,P0126,44.08
83b1a37f-8837-4a88-84fc-973ce8aab78d,P0061,47.14
65393cd1-5964-4527-a725-750232b90cb5,P0046,49.05
b6f9df74-34c5-4bb1-8df6-a88ee598c7e0,P0124,32.88
5d96ca18-1f9a-42f9-aa80-7cdeaa4f351b,P0290,21.5
4a2ec2a9-9787-4c0b-b427-cd1d1d7a3b98,P0007,120.08
961ed627-b7f9-4fba-9ca9-f40b517bf777,P0097,27.13
4158442c-eba7-48c9-adda-05552980a4af,P0090,1.69
084bc53c-d881-46df-8e8c-190aeb565ede,P0180,15.71
b6fcfc67-5ee1-4b32-93ba-9e7e9385a75e,P0220,10.2
6ec93aa2-2c14-4c6c-86a3-2e9d0af54dc3,P0250,13.16
8e00aa70-6d87-4e5d-9df4-de1fe23dfafb,P0071,1.99
d76a10c0-7ba6-4a4b-9b39-403e13fd3dd1,P0083,14.26
05dd9df7-53b7-4527-b316-f45d3b491444,P0193,55.51
4764e497-06e2-4856-a42a-0c0506f8e7f2,P0093,12.35
61eb27bf-2ffe-412b-8ec1-d2257de2e699,P0169,35.0
5dc8fa1e-d90f-4028-a601-e5f31636c23b,P0037,18.48
28edd219-a289-44f1-ab36-61a523d59ab5,P0203,10.73
645d9f2d-f064-4cc1-8d37-692ff3c00b14,P0235,5.13
e20c393e-303c-496f-bce8-ae71cedc30d2,P0250,5.84
960aaec5-5372-4da3-a5b1-cbc3dbbbae5c,P0066,31.39
efc19992-029f-4d81-bdbc-3851c20434f7,P0268,14.57
4ac6acfa-1287-41d0-ac13-b794795310a6,P0285,49.59
07fdcda7-39d5-457b-887a-5450a7de4c92,P0249,1.32
e3255eb0-eb14-4b40-8a11-ecda7ef3005c,P0261,52.05
502d7295-3508-4690-ace3-ffc0cefe457f,P0209,8.86
4dde197b-4551-4cab-a4a4-f05887733ee0,P0083,3.74
8c80820f-d85e-43a9-819a-d1da36910236,P0031,25.05
d1bfdf21-c471-4950-8f99-d17702753c78,P0022,65.18
e57c49c0-2873-4395-ad5b-d527470efa4d,P0122,16.94
50bd3e16-fef6-4a20-a13a-d5872d9846ca,P0252,49.54
1d65be3a-46fe-4621-8c71-1e3913f59461,P0168,10.51
7d8d6e00-6e5d-427f-a34c-9fad23f03bcb,P0047,0.44
7113e02e-9c7c-4b55-a5ea-623ba2e32ffa,P0262,51.41
647e2375-a609-4223-81e5-056a80d38b9d,P0268,80.0
1981cc28-c3c3-49bd-b847-0c26a95aee38,P0162,18.54
2dc6fa55-8196-4a4b-8543-b262f13bc4e2,P0264,143.38
0b060248-78b2-4265-ab62-7658138aa2ff,P0184,8.1
27dba5c1-5f6d-4b12-94e4-e931b475823f,P0124,33.92
2e84b08d-8feb-4120-bfe1-f9bba82e5946,P0013,6.84
a0ddc6e7-a9d5-4529-bfb3-0c5917d6319a,P0115,15.98
315b8348-8458-4bc9-88ea-406e755beb1b,P0230,64.51
b6db40b7-5a60-4a98-b70f-0506c554ec8a,P0299,3.7
215a6d31-5a51-4fd7-b538-82ab8bd681b9,P0223,19.15
9784455f-ac82-4f03-a8f4-e845b22392c6,P0004,68.79
3f3f078c-39eb-4310-a904-f9fe1d54a798,P0042,63.74
4726353f-99a5-410c-a663-f8246431a8b1,P0197,2.18
bdac57bb-03b7-49cb-a6d0-bebc5b3c74dc,P0121,54.5
603c7499-1ad1-48b5-9fd9-81430c9d1f16,P0206,34.02
7925abca-bf2d-4bab-9423-c2c741fb8eaa,P0116,21.21
d0249945-9822-4d80-9e9b-1ac56e98e16e,P0253,59.02
45589ee9-1891-4a78-a3d1-54fb167609f7,P0197,19.58
1e66698a-1099-4826-a0db-4bec74fb94f2,P0161,19.87
ffececc0-1010-4985-8eae-3e4cc9c20b1c,P0124,117.74
da0eddf2-fbd3-45b7-8086-7e064241b34e,P0006,9.91
023bb97e-d7b0-4e14-be8e-09a9cc108657,P0057,27.85
06ab3a95-8645-4757-aa12-8f99e3f0d67e,P0189,31.38
48d8fbd8-5217-4a7f-911e-218762418a8d,P0034,1.77
6cef1c4a-0a7f-4f3c-b53d-41eeb2e48e71,P0074,72.05
13517ecb-1607-48cf-be94-2658c1b07553,P0233,7.25
82a16728-21fc-419a-a226-303eb152703c,P0024,13.64
43a51015-4e41-4643-b5da-ea4b5f97f53f,P0017,66.3
e077505f-a9ad-49c0-b17e-42650109f870,P0128,16.27
efdf4d86-92ae-4067-9868-d93b054ad9b5,P0004,28.58
0ff04a0b-1aaf-4c2a-9554-bd9539890126,P0157,63.81
1b0c7583-51d9-4603-aaf5-fcd4160e25ed,P0273,50.28
a22ed636-55eb-4d91-95e8-93a84b328dd6,P0075,7.9
9ac721ec-bab9-4892-9eb4-18af8b7f572a,P0254,32.25
d89f50c0-c8eb-4a21-a7ca-c258322692dc,P0243,25.49
f227b9e2-be4b-4c39-805e-4bded21eaedd,P0273,18.34
a4cedb94-a2a5-4a79-af58-f87d07c7e924,P0063,15.35
998a274f-5073-4575-86b8-d1667505dfa9,P0140,101.58
10524e71-dc53-4eed-b7c5-c19686b3e944,P0012,89.7
3d769608-faf5-4949-a3d1-4cfcd1d16ef8,P0149,84.75
df528141-b4b6-4b7a-ae34-fe3f61fa12a1,P0013,48.95
1ccc1843-8989-41cf-a16d-139a64a72766,P0216,15.65
ede81d26-7132-4338-afbd-66beeec8f40f,P0188,75.76
27157178-2be5-4b39-a1d6-5a47277fe09f,P0274,13.95
5102e8b1-af79-4c24-84a6-5980ab89efe0,P0062,26.4
152d3860-1fd5-44aa-89f9-f00c0ac1e409,P0213,14.52
01df2af9-a390-4c82-810a-86e2639c54c4,P0281,70.39
9228ba43-6207-4bc1-9a64-cf871959d56e,P0084,161.39
14460cdd-57c5-45dc-903a-521052724bb8,P0001,33.15
d654f353-11d8-4508-be38-6ed18671c561,P0172,128.8
7d3dee9a-582c-4542-9b5a-dd9f383e0a2a,P0201,13.55
e5aeeabb-4da8-47e2-8214-a80397b49569,P0266,0.58
ca2f9775-a365-4110-a2c3-52d68b6f3baa,P0169,11.52
8164ead8-e492-4453-8c77-23d9f2b62c1c,P0137,55.36
9d2f9cae-c0cc-4596-aeb3-9d721f83e694,P0114,0.82
ce5b40ed-3d77-4753-ad67-048c7b296b77,P0255,23.54
480209db-bbd2-4827-9601-1c15c71bc4f1,P0278,34.77
d9b6f83e-7f8f-4eac-9709-5e18da2f9dc2,P0126,14.72
28bfc8bd-648b-4a9b-bad5-18b9299ed241,P0111,1.47
b5901549-b976-48df-a6e5-5278c7d3af0f,P0182,65.94
f4666d79-464f-4a8a-ba6f-9eed54eb890b,P0216,108.6
eeeddf40-f683-4088-ab9c-4d7a0ce8d409,P0286,3.32
f3880076-7e66-4c1d-8f95-43c0ec0ed363,P0016,38.51
73c104de-8840-4be9-8d17-385eb2199bae,P0182,117.03
dba55506-81d1-4f17-b463-098a85250594,P0220,29.95
35ddd802-021b-4017-b2f4-36a86df98cc1,P0241,94.46
997813df-a599-484b-9afe-8fb05745ed7b,P0119,12.68
76e4d02b-2bae-426f-9657-24dbf9362ae1,P0243,100.77
246bdf2f-9dbb-446c-9241-6434668eb668,P0161,19.17
de34ba4b-6979-47bf-8aea-798b0e1d4eb2,P0143,23.47
33dcbb0e-e2d2-4213-a18b-941e0eb41c0c,P0045,42.66
615f49d3-a0ab-4a9c-857c-80f4a086aaf9,P0246,37.11
10d8bff2-f1d6-4f08-8344-815b93d010d9,P0295,5.1
abec7fef-1b18-4e85-8e34-332540bd7107,P0124,42.22
221d853b-3ecd-475c-ba24-16db2c99908a,P0095,37.9
03301993-c0c6-4ff4-a93f-c281bb62014b,P0272,121.06
109595b5-97d6-4b0a-9eb7-92b6c04d47a6,P0062,33.76
8323f5b6-ed64-4c2f-9a92-87a6bb05d580,P0221,7.62
84a7f6e4-7d5c-4617-9c6d-d7ee26e3832a,P0184,19.07
6b06ab47-2bfa-4330-b512-fbfad6b1ea81,P0011,25.57
3dd86e16-9d47-4b69-bea1-8617a988bbf7,P0209,9.63
2a594e78-c8f1-4074-b301-f05fd0117860,P0147,14.66
bc8a4341-de09-4255-bc5c-c065ebbe6d0f,P0087,13.77
dbd55229-ab9e-4625-9783-f9cb784d8f4d,P0290,109.19
5472f95a-c72c-4ad9-adcf-753270bf2ee9,P0162,62.54
8ecf8c3c-0f14-458d-ade9-273b31a56983,P0162,12.27
6648a09d-87e3-4c4e-b83c-000f69396e86,P0095,22.53
d4e4cc8c-13ed-4680-abd6-383886791770,P0115,10.59
427c5e7f-7b01-43e6-af41-e45a1d8f60a3,P0088,13.41
395e4682-0fb9-4f4e-acce-9e5c50a6334d,P0273,116.16
100e466c-2c2c-4a7b-a151-355ec44b112c,P0299,13.0
753b228e-4893-4ea9-b116-3e828b6e70fb,P0200,2.76
4209ccf1-3c65-47e5-8ab0-64149cdc7316,P0158,53.67
ec00f45f-f73b-42ad-8dca-9c3ba1418cef,P0071,22.19
dc2b4a27-4748-435a-8c66-200f01be615b,P0125,34.29
68a566c1-bc4a-4e65-991a-3a4d80264b07,P0250,72.84
680cecf1-2771-497a-8555-ba9569edecee,P0113,38.98
67e70e8e-e7f7-4cc6-96b4-64b2bf4202c3,P0121,43.54
7c50d064-17f3-4d83-bd0e-5a9d673bc76c,P0098,29.97
cd6a9e7f-4232-4edb-8351-2dd2d6a48000,P0179,22.18
54a203f1-ab64-4ca2-a68d-eb3c53109489,P0191,8.07
585fa854-2ade-43fd-a0bb-aee6da8a36e1,P0156,28.47
99e5da64-bbf4-4405-9174-3d1b7ec70771,P0106,14.36
e309babf-db94-47f7-90ef-c5dc32f1dacf,P0215,72.14
e8b0ba13-55a4-4b09-925b-1f7845934b8f,P0053,105.96
98f8038d-c21f-4967-9147-148135512d96,P0090,45.01
817598a8-b7f7-4ada-858e-192e873b9ffb,P0204,6.97
937a08e7-bd1a-41c5-bed4-4c3be018763b,P0261,63.54
1daa52d8-4872-48c4-9dbd-ba2ccb65bba8,P0083,1.08
0bd0aa5d-c27b-45af-9ed5-41d6bcd55c47,P0084,14.44
748fac1a-4a7e-486d-b348-277e61e77af5,P0175,91.21
e8e96576-8c6c-479e-ad26-496e1484e00d,P0063,65.1
c25a2e92-0e74-4968-94a2-4a2e7c4137dd,P0241,18.72
13975afa-e29c-41e7-bb87-e3977d5da90a,P0225,4.72
0541d7a1-1e03-4929-82d0-d120c4acc072,P0192,9.76
0f7f6d5f-2534-4c84-9c39-eba3ce940593,P0094,138.94
7664de7e-ceff-418a-abd8-11da5f485aa5,P0133,66.7
de940728-137d-42b0-ba27-3893367163b6,P0273,47.69
6fd4c748-6ca3-48ce-80db-a68a02608e56,P0251,56.77
95edd556-b875-4095-8a0e-525e456990d4,P0083,103.03
f33aa2e2-8c4b-4cee-8c20-4443bab6ae79,P0075,22.89
ebc1503b-9ef3-4659-9c4a-1e95d7fb9dec,P0240,17.27
97b0df26-6a2e-4aa1-82d4-b152fbd1cb81,P0248,5.5
0b128b1f-0503-4beb-8d0c-c9c83e77492b,P0275,6.69
dd711bce-1091-4cf8-a768-5bec6d93906c,P0059,10.45
6efd11c9-ed79-493c-81f8-3eb1ef3f594a,P0071,50.47
8a4fad4d-934f-4520-8607-fe8ec5c18f04,P0034,24.77
bedde49d-332d-4d6f-84cd-b5374038b34d,P0018,11.02
ace682ad-0237-4bbc-a026-82db9f7b191a,P0264,1.59
faf1a81e-6cec-4ece-8051-53055d3a398f,P0103,87.59
25979e83-b576-4b3a-a200-c93ec16bc332,P0254,36.95
f92f03c6-801a-4537-97c5-17b9e3ea1162,P0094,17.4
0b128b1f-0503-4beb-8d0c-c9c83e77492b,P0022,0.17
b0a20956-2467-4a8f-a3c6-7b59276713a5,P0087,12.81
33a4c9d5-1182-48bd-9da6-881f8ded60b5,P0251,100.2
60e54f1f-e15b-4da2-914d-3a0b2d98c347,P0123,13.32
028a45f4-5353-4a68-bb69-18218e03cd44,P0292,123.13
44763431-b1a9-467b-81f8-d719a60c3882,P0264,2.16
9cea47ac-e9b1-4978-9e2e-728573ab3a52,P0022,27.2
0eb3eeb7-403b-4df2-8e82-49405c7ab3d6,P0094,83.02
bdf0d877-b09b-46f0-ab3d-a2de3b259e8b,P0236,76.28
745ff306-da73-4350-91c7-2f5bd4daf2b3,P0294,55.53
1c455787-dd14-4082-9dad-afcc141f8ec3,P0151,0.32
93bfa20b-6118-4b9e-b6ae-f66faa628eb6,P0005,28.98
0f16a46b-1199-4dfd-bc43-9c853632bb45,P0104,119.8
69bb7619-2231-4028-8e4b-239ddeba1692,P0197,0.17
5e5cd896-0b15-49a3-b276-49dbede903db,P0236,5.11
1f9307f2-8b6d-4547-82e9-a8ba295cb710,P0259,114.33
f20c9b87-3893-4620-bf4a-26bc5fde58bc,P0280,57.36
2362e81d-b007-4640-bc75-0f601c829758,P0239,17.06
997ad08d-1761-4db0-9eb5-8408bc4f997c,P0055,9.15
265ac0c2-cdbf-44dc-b654-eb00505189dc,P0104,8.13
9dd004cb-21ea-4f62-b01d-8d6f59128967,P0080,0.96
3d6d7ac4-88d0-4e29-9ad5-b1954f1f4287,P0300,34.4
ff36076e-6d4c-4cf8-9cd2-fe50e3b20da3,P0104,7.84
091eb42b-b3e7-4153-b959-0989cdab2da0,P0063,33.39
3c308c27-d35c-414e-9425-10bb2a51572d,P0008,79.21
55698401-bb0f-47e3-95fc-b890f32f3718,P0287,0.1
89c1da20-e183-4062-82f0-b84ced3c19fc,P0230,1.08
d1e1095e-6590-46ab-afae-8c8ba3aa43eb,P0016,0.51
7ba2c575-0893-470c-a39c-830091e839b1,P0279,10.95
a0301579-1728-4980-af97-65b725769804,P0272,16.44
3f24a389-1aa3-4074-b253-1bf60260a184,P0025,20.06
b3f7d8b3-d047-42ad-b585-d5d662593447,P0125,50.1
50ae714f-07e1-495b-bb4d-67875e493a93,P0167,7.07
b71472ee-50be-4697-a44f-35f0f28ce5ad,P0201,19.45
c0497001-55d0-41c0-8e60-efa4ed10c46f,P0219,68.06
4182df1b-3d6c-49ad-ae92-73ebfb6214f2,P0072,94.65
66e67373-3be9-45c3-a114-d9829ba83b92,P0003,52.13
b75852da-1688-4e6f-9bba-ff3981c4eb29,P0263,104.34
dc06c8ab-d6a3-47a9-9cda-4d89e12c8d69,P0298,15.39
efc613c4-cb2d-4b9d-82e5-5f76b4f93246,P0221,9.29
23e68779-b527-418b-ad19-6d2095106f01,P0283,49.21
9a72e162-056b-473b-bc87-288327f35c43,P0286,10.16
c171cbe1-ef59-48f5-9df3-c27d86547426,P0037,4.7
e5d1aab8-9387-4f18-abf8-a0163823ceb9,P0151,44.37
8b3a9d57-bdd3-4f58-8776-404b60ad1832,P0135,39.12
5794c21e-96c8-4b60-8d20-bc35ade75548,P0089,10.04
e93a0f77-cef6-4efc-84b7-daa2ee5b985b,P0299,63.53
86aea370-fc58-4065-a20c-a3264304761f,P0097,63.48
a1e3a176-0878-49e0-bfd2-04c53345c80b,P0153,31.07
89b5da7a-7697-40cf-8197-95b82270836e,P0159,48.48
a14c21f1-6ab3-462b-a51a-9b28c93e9dc0,P0285,26.71
29c80707-03a2-41d6-8b5b-9e9d21a2b6fb,P0012,55.13
b8300f8a-1b1a-4984-a095-2638330d1813,P0016,13.09
75fcbbaf-8629-4d36-a844-fa9343e33334,P0039,84.78
fcd26cc8-42e4-422e-b9a7-3d4b17aa619a,P0176,36.6
f9b1eb3c-5dc2-4736-8afb-d9049249ce7d,P0045,2.05
5162c734-cb32-4604-bba1-3dd63a3c2655,P0017,23.85
d15ef0ba-a366-4fe8-825d-2bc75a713d09,P0218,15.78
894c46ac-f91b-4bd6-a3c1-71a780d2911a,P0150,18.68
0e3aa95b-e2a3-4b94-bcbf-2d14032d1e59,P0227,67.77
14e83c94-aa52-4ea3-b907-a61d85bed361,P0081,22.8
7b456d01-44c4-4370-b57d-ec91824c59ae,P0111,63.17
ee094e64-baaf-49e9-9b83-b0e3d3e8c8da,P0025,12.33
f896b68c-bceb-43be-bf1a-a071cb34d870,P0210,6.73
c05f4ab0-fe12-4f2c-9858-e98d8d0a3f70,P0012,40.42
01419355-0f19-49cd-913e-5acfff13fd51,P0030,59.8
a7124af7-783c-4588-9217-eb1e5422d7d7,P0131,27.11
e12b6136-d497-40a2-aef6-79061ffb87b3,P0281,36.21
ec01ac50-06c4-4ff9-a08b-be5d986b5749,P0155,104.73
20bb7398-68b3-47f4-a213-c3ae469f892c,P0234,84.0
114642c4-e8c8-42b1-9d92-73efd1e5ff42,P0055,8.72
7ea5da5e-8f52-47b9-a9f5-34c2aab8d95a,P0034,148.39
54a203f1-ab64-4ca2-a68d-eb3c53109489,P0108,14.43
46354fa9-5e1b-4689-80c8-fa0364f4c196,P0216,34.39
5c4ce914-f19a-4248-ba9f-e7c0eff35f99,P0174,80.51
52e74b34-3332-4a16-b37d-ce466ebc409f,P0147,70.45
dc51ad90-7f0d-404a-b9cb-c38ada12480a,P0223,10.84
b790d169-13b6-4da2-9c6e-50e1520b9229,P0197,48.5
b0c9f88f-6004-476c-8a3f-351c0446c104,P0291,61.83
69b96bdd-478f-4425-891a-326ca4183d18,P0072,29.23
c4d0c729-6c68-46b3-88e5-9deed524ee1d,P0032,95.98
166281ef-b28b-42f7-9ae5-067c8a91271f,P0238,95.9
a8b64f21-d1b5-4e3b-abec-d78edb6af477,P0191,18.17
6d1b383e-636f-43ba-8e34-a58c6a9033e4,P0052,73.01
a6b5404e-01de-40b9-a35f-fb8359538b82,P0235,19.0
4f964dfa-8d88-4002-833e-74eb55f76dc5,P0052,48.88
21b5d800-44c0-43b0-8164-71b19d970091,P0179,45.64
da4e6fad-6bfd-4f6a-a528-42421f239557,P0299,40.56
57168e91-01a2-45e9-9705-f9304c4cf8e6,P0187,5.73
b343e5a6-6fc8-4d8c-9b3c-09c8e0bbabe3,P0265,50.6
87d40b7d-5d96-42e8-8a20-9086c58a4471,P0215,10.29
a5f4a334-f801-4d05-abee-556aad12ce1a,P0164,22.72
8b62089f-9cb1-4e00-9060-4a421eeb1b4f,P0039,40.85
413cb11d-f108-468c-b7e7-cb526cffd821,P0116,58.11
4b200004-5adf-4a37-a984-4bd395928bd5,P0111,91.99
04e598de-2468-47a6-afcb-14c8a89c514d,P0108,2.42
96092ea7-ca0a-4194-a866-b4c6f4d1adb7,P0273,24.25
1d2b14f3-99c7-481f-b2c4-f284952d0f8b,P0203,58.6
650d3998-d433-420c-9a15-9f3d70502358,P0121,24.46
85fffe02-240e-4bc4-bd92-23d4337669de,P0105,66.16
82987a0c-7372-4d8a-8823-3998827a4f86,P0033,10.15
3859f404-247f-4aee-864b-d1c05d7fd817,P0238,170.06
a8cec391-091c-4341-89c1-99c3e2bfaf51,P0009,69.99
ca5fe4b4-8fa9-49aa-9d68-90774c92fc55,P0005,13.35
261aa66c-5cb7-4051-83cd-e3ced6191325,P0170,38.35
f26f2b26-7e6f-46ba-b6eb-ce467ac556b6,P0163,36.99
5f3be093-2760-4b6d-b74d-be93c5789bf2,P0289,16.75
088bd419-01b2-42fd-bfb8-a7086f98c90a,P0202,18.96
4e8baeb6-c9d5-42f1-9e4a-ab733e3dc12d,P0079,41.73
0c94b426-6312-4c66-ae2a-bf5b248f7656,P0289,82.27
edeb58bc-61ab-4b56-a2b1-08167a7be96b,P0022,2.48
70d368df-22c3-4729-91f4-4e0cd54829d8,P0101,19.12
b167a7f3-8241-4580-9ab6-1f6dbe395361,P0044,29.63
cae15e40-ccc6-44d9-bcdd-bd03f3d1063f,P0175,28.6
801398a1-324d-435c-8620-2837eb6c1c68,P0209,41.67
c7a090eb-1f13-4e71-b582-b04fd3d0fac9,P0233,23.69
016dfe8c-a547-4600-bd01-4c3967794618,P0266,46.65
d6ad443a-6a8c-40b4-ac2f-09b1545595df,P0194,15.84
0e3aa95b-e2a3-4b94-bcbf-2d14032d1e59,P0240,14.81
f5866427-430d-4a0c-be6b-8f71216f51a3,P0213,0.04
27c1e619-c28d-4aa9-8b95-fb01fe60a396,P0005,42.16
c3ca6ca5-f045-4b1e-a2ec-c86cc66bb878,P0178,21.79
b7546a9f-baae-4ec0-a194-8156ddf042aa,P0119,28.53
e307e52e-3944-4547-9893-122baf8f5a0d,P0132,24.33
770d6bd7-cac2-49dc-b20d-396137c9acc5,P0191,2.46
9f26698a-8463-4ac2-a93b-3207bd7f5136,P0113,48.38
54f16d0a-6e27-4c5f-a172-d9fc820f71e9,P0171,20.58
27ad85d4-cdae-4889-826b-d4765f74df66,P0226,19.61
c3e75b1a-3df0-4a5e-b74d-ad4b44b5d237,P0283,19.0
cd65d52f-1c2f-41c5-becf-2c617c792e00,P0109,55.89
a3169461-8b7b-4e1d-b287-3e08f6e1019b,P0296,96.69
d79408ec-e0fc-4cc4-98e6-9499546ce88f,P0104,18.9
3bf0993b-45ff-499b-a36e-a5a4cf34192e,P0061,45.26
12eff27a-2162-4b5b-9bc0-127c07092b68,P0166,1.64
ec249cb3-d29b-470e-962f-61a31d6c0731,P0210,1.01
d3cd3059-831e-4cc2-9562-7d9c166f29fd,P0279,11.44
10d8bff2-f1d6-4f08-8344-815b93d010d9,P0041,2.62
c042a7eb-f4f5-4fe4-b767-c71b6203b6cd,P0023,14.18
6be3f5a8-d440-4449-8727-f4aec860baa4,P0145,81.93
fff46fd8-99a8-4ad5-8718-6687c2259c1d,P0038,3.03
f4bc7149-26b1-41ed-ae9a-6ee1106041f3,P0075,37.54
4839f5e7-b6fd-4546-b7eb-9d7076a194b6,P0015,5.84
f1782b29-3fc0-426c-a968-eeec2ff049fc,P0296,33.57
582dc8d0-c976-4e68-9871-9148d2395531,P0201,36.89
0541d7a1-1e03-4929-82d0-d120c4acc072,P0018,15.64
bafcee0f-c8e4-471b-a5bd-accc1a5c8961,P0131,8.47
736d0ec0-01d5-4b1b-ba5c-d8259dce9ccd,P0018,11.27
d15d388d-d881-4cdf-9c08-8aed377f190f,P0108,37.06
1a72583b-a027-43c7-a082-cb63015fa4f4,P0261,14.65
278f6da6-912d-4917-9cf8-28d92981e338,P0264,94.85
ffc582e8-6c54-4b63-90da-440445e357ec,P0234,71.03
7b87f4ab-17d6-4c11-813e-3272bc8f3ad3,P0083,33.44
25e94a10-fa76-46f8-9826-2607ef3a7a29,P0095,39.67
38bcad02-262e-4878-beef-02e52a7943de,P0015,2.66
22421be4-8ae8-487b-862c-9bb9b9836c09,P0170,29.57
e0048a1a-f0f9-4123-9356-3788c9d466a0,P0042,9.53
3efb6260-5a14-4ff0-9317-86366143007e,P0223,62.11
5215bc1f-5a32-4fb0-9088-94be4c4c8d06,P0206,0.65
56901874-3fa9-43ab-b99f-a126580e6c4e,P0270,8.64
e8d681c6-3898-4d4d-b2f7-e0c5df18c4ce,P0052,25.74
b5901549-b976-48df-a6e5-5278c7d3af0f,P0288,9.83
cc008571-0646-4fa9-94f1-76430bb40574,P0074,23.14
2c7eb7cd-9324-4484-9374-ad8db9e9f35a,P0219,36.95
898a1223-82aa-466f-8d1a-4f60469aa2e1,P0026,70.01
6586a245-8dae-43f3-935d-8f08f41ce028,P0281,32.62
2d35f6e1-5507-4b7b-9a03-743b247fad50,P0001,5.54
eeeddf40-f683-4088-ab9c-4d7a0ce8d409,P0120,12.31
aae2d31a-090c-4505-931d-caec1f71c1fd,P0252,86.66
35971b90-0dbf-43a2-98e2-67e7a07c9c1a,P0268,17.33
9775909a-0fd7-4209-ae40-f5aa1ed1362c,P0127,22.13
846a402f-edcd-4ec5-be8d-b44cfa4522b3,P0138,20.62
ee094e64-baaf-49e9-9b83-b0e3d3e8c8da,P0113,36.35
f12277c1-28d8-4ecd-9545-a8a4938fce93,P0260,9.73
aedf72c6-35aa-4063-ad71-ac2c682202fb,P0206,34.28
7b16f8aa-fd21-46e8-93ad-a88196354f76,P0255,5.09
0f0d37ba-f8eb-4e42-a714-19bf15b8f91d,P0053,30.66
7db02cc0-7a9c-4654-97f3-55bdbb7802bb,P0195,51.59
dd3117a2-38d9-40dd-a8b9-b0f30f0ecacb,P0004,36.15
6269f96e-f72e-4e06-a009-6d6fd47a449c,P0289,111.2
93bfa20b-6118-4b9e-b6ae-f66faa628eb6,P0165,47.87
fa264b49-1e0a-4bcd-ab93-40204b6f1cc9,P0047,57.06
2fd4a8d2-c346-413f-9f38-19df828468ae,P0240,144.71
368c00f2-6d6d-4f0f-9624-ad5ef255c832,P0164,67.25
aec795a1-aa13-46b0-a011-997975caf6c7,P0056,27.23
47697df0-8c62-467c-98bd-025ddd3099b7,P0016,69.88
da8f744f-21d1-48bc-b395-54d832a3903c,P0040,36.26
51131417-0db4-4fe5-99ea-37c40dd2b9b1,P0158,57.33
c0b5ad7c-57d5-47b9-8594-f24775add79a,P0190,96.1
6aec52c6-9023-4f1a-a41c-7d1c092d4d77,P0052,17.89
64d1ab66-ae27-43cb-a4cd-4724fd260bba,P0154,1.95
ffa360e7-82f4-47ab-aea4-86b2db13ccf0,P0178,33.02
99799742-1a9d-41cd-a385-2042de1d5594,P0097,52.09
220c9304-d122-4ba0-a746-0ade91513e21,P0033,22.08
50914877-3ac6-43b0-9c6d-196fb2701ce7,P0164,61.43
c29f3725-b414-462f-ae68-d3c5ae66e996,P0066,63.97
428f1da3-4497-40b7-a7c8-f22627f6341a,P0079,93.3
f26f2b26-7e6f-46ba-b6eb-ce467ac556b6,P0112,2.16
58501db2-82d0-4386-98df-61da2bd03dd8,P0070,76.89
ddfe8c81-095e-44dc-bbcf-7123cc62cced,P0240,17.9
5e1fe194-182c-4afe-837e-5179c9c676b8,P0185,35.62
bbaa9d40-3e66-47fc-985a-47ec0bfabd50,P0092,19.2
c7903744-f179-4b31-a809-9b97dbb53625,P0224,15.57
53bbe8fa-8e52-4af5-a675-9581fce52f4f,P0162,3.41
5215bc1f-5a32-4fb0-9088-94be4c4c8d06,P0154,22.4
aaf058c1-cfb5-4a25-afeb-e9e5d8f0f396,P0292,50.68
101df731-8c85-430c-bf03-a3b5baef7d4b,P0070,36.88
5e76fa70-26ab-4a89-a916-66fb65abe908,P0258,108.86
4c06dde3-09cc-4ff3-9151-fdd3b41cfba8,P0057,25.63
a8533a83-ea4b-4cef-8367-1a98407aee74,P0032,8.8
e5848195-952b-4340-9ab8-ce1904546763,P0187,82.59
e7dc1eae-02fd-48f9-b1ff-2211d01ec102,P0094,24.33
d521bedf-4195-4f46-9f23-f9273bc66629,P0155,300.0
272b1600-230a-4927-a9fb-4cd643dc9146,P0112,14.67
1ad0aa45-7689-4bc2-a248-8b25b95f3fb9,P0204,94.3
f3af43a0-0b20-40d4-bcda-229f73fed4d2,P0185,42.98
d6f766a2-af00-4ca7-9ece-c2264d7a431a,P0245,3.6
a0ab2380-a56e-406f-bcfa-7da3d5322f59,P0108,70.02
f4bc7149-26b1-41ed-ae9a-6ee1106041f3,P0240,24.43
db356137-d7cf-48d4-8914-16d855ff3388,P0169,67.15
73c104de-8840-4be9-8d17-385eb2199bae,P0113,0.63
937f2f2c-e5ee-4c11-866a-b0ee9887158a,P0185,11.16
8c80820f-d85e-43a9-819a-d1da36910236,P0168,42.51
23c804f9-53d2-46fe-bb64-57804e4605f5,P0227,46.16
a0bfcd78-3aab-48e6-98ad-4171b5920a90,P0269,13.57
aabb9393-aa98-4363-ab24-3b12c88f1ada,P0208,98.28
f891a19e-47f7-4e86-ac78-cf9357712df6,P0067,5.83
01df2af9-a390-4c82-810a-86e2639c54c4,P0253,25.96
2a09843b-0de6-4919-b1b1-a5e450f9c506,P0188,74.89
5e9a9e1e-bdcf-4a00-9eb6-65e4332f2ee4,P0296,44.03
91fcaef4-d7d4-4ef5-9ea1-0b30151505a1,P0249,50.74
f581f9ee-6f83-4285-9312-11ea3f56cbe0,P0144,58.14
ae7f8fe1-20ac-4643-a2a4-8bf9a821924c,P0217,29.62
d4f08a79-d43c-440d-b251-a65f0a962635,P0140,0.02
5abf8d4f-8ac8-432d-b447-63cab5a70c82,P0013,133.57
1858f701-cccd-4379-89ac-80c03b11857f,P0090,31.68
409837c2-b34c-4de1-96be-9c5223f26e53,P0257,11.61
95415948-414a-4950-83a8-89093699681e,P0073,11.92
46705ba1-f2c1-473a-9ace-5174c08aba65,P0285,28.71
17621e3d-243e-42d3-b018-9c022b234be0,P0173,206.39
359204b9-52a1-4a25-87c5-a136261efb6c,P0016,2.69
479fc3ff-5b55-4491-a8d4-8e80d5f6f2c5,P0082,39.29
ea762ddd-8856-496d-b3c1-7a5e9593ebd4,P0154,28.05
e610646f-a151-4add-b351-3899cebc341b,P0135,5.52
cb2f47c1-875d-485b-bf55-8f8863f40b42,P0262,2.82
b3a5cd29-a878-4321-b6c2-1fa9a235c22c,P0262,62.31
ab9472fe-efd3-4768-9100-233908e2e7e8,P0143,8.6
148bc91f-3540-4531-87cd-c66cfb2424fe,P0183,1.98
fb14d416-1774-4bc2-b087-64a61668a203,P0019,11.47
8c7e4294-94b5-4c63-a40d-fef2911f0c37,P0169,20.01
e3d9e045-5703-419d-ad69-c4a5fa7283c7,P0159,35.31
64ed47ad-39af-4a31-a929-84e373826fd6,P0023,2.95
c1c686cc-2067-418c-a84e-4508b0cc0aae,P0056,21.64
5fbee2e5-31ef-45a4-b6ee-5ef50af8358f,P0277,112.17
d00a53b1-6357-453d-bce7-06aa12b99dab,P0154,43.83
be61fb07-2888-4bfe-a2c8-53af6a4d2370,P0182,126.03
52c9119f-6b92-4831-985c-9a09be89637c,P0114,61.42
a31542d8-9e59-48d3-a9b5-7369c1ef90b1,P0087,23.13
e77896bc-c8c9-4a04-817e-ccce917b53ce,P0097,61.39
994ae604-0c97-4b1a-aca6-915b60e4de99,P0090,15.0
b55bb2c9-cc52-4633-96d6-e1a0b8215547,P0230,28.99
3ec3b513-2089-404f-b2f6-2e1c3ae77bad,P0128,76.0
7c3943d8-4b3d-4de3-a06c-1df5a4ab9477,P0021,0.65
92615d2f-0424-45e6-a3d3-560f28dd60a4,P0244,68.97
4a35d462-17c7-4d94-b843-8761407cff11,P0197,17.23
a0ab2380-a56e-406f-bcfa-7da3d5322f59,P0079,4.11
13517ecb-1607-48cf-be94-2658c1b07553,P0049,52.01
d8cb4f54-a003-4816-bfdf-34c824224321,P0190,43.24
4ff74e8a-e3a6-418b-906b-90b2b3ee6672,P0259,7.86
87ad5c72-8bc5-4b3c-86df-6df8d089d6cb,P0274,70.8
1d3d5df2-764f-47f5-9f3d-0f44172443b8,P0027,116.25
34fc353b-66a9-44ef-ae4c-26c18849b404,P0234,26.42
875ddaa1-ded8-4e10-b081-660842289162,P0244,6.93
93cfba20-1189-47cd-a76f-dd7a1360ca9c,P0225,34.5
f5c574fc-b367-4c7c-a747-e2844a758904,P0195,18.24
d20eef87-b95a-4538-a4db-315a88fc377c,P0294,88.96
33b3fa48-2262-457a-994a-af4825fb0274,P0054,58.01
13ee22ef-3fd7-4403-b23a-a07e784a687e,P0084,84.22
933f1e0c-03c8-4f61-bbf9-95c8b3f6a48b,P0028,76.68
1c47d167-4c79-46a7-afa7-c54887b53ae6,P0104,28.86
0aee3fae-7193-44d0-b084-320f3825cf3f,P0169,16.84
de7d37d8-c9b0-4821-baff-ada429329879,P0065,17.92
214c410e-fb79-4831-a1a8-849f9003d2b4,P0288,75.3
eebd2dce-ce12-4da7-8473-cf120e653690,P0289,22.62
0ff04a0b-1aaf-4c2a-9554-bd9539890126,P0124,47.98
02beee10-e8c4-4024-82d4-ca0c2ecd8c70,P0198,7.76
f3a9496b-ba7b-4bc9-ad12-76d2ee7c3b6d,P0263,88.06
df3a50d4-c22d-4481-8e97-45f7c224eeed,P0045,34.61
d0ccea4a-9ec6-4be1-a990-53d00ae31734,P0253,87.11
4abec41b-ffd1-4d12-92ef-2d2cb8e818ee,P0198,18.87
00c4cd99-4412-4e18-aca5-36ace12a10f8,P0109,44.55
0a876d8a-49ee-4ab5-9508-4a43dea43a7b,P0011,8.39
b3560185-ea4c-4b56-b4d0-74bb53e51700,P0255,36.9
d26f1bdb-721c-444e-9902-6d1d600a3a41,P0046,70.38
dac18cc2-1921-4bd7-b463-a5c3c64566f7,P0286,165.84
9d870057-3e76-418c-b6c4-dcb22ae8714f,P0172,48.8
2fa3ae3b-2b4f-4878-8e20-d0e0b1963702,P0187,37.06
c7bb86ef-73a5-41f9-868a-ff4413661498,P0219,11.7
36ca59fb-a495-4e19-a04b-b64a4e9b59e7,P0038,22.64
2caecfa1-6103-46bf-8bbe-91981735a7cc,P0157,28.69
a325a5e2-4391-4a73-baf4-7278425c57c9,P0005,59.18
f7208e3e-fd9b-4568-9451-b6b06eaee9f5,P0048,32.73
74e9427b-ad2f-46fd-bf34-d7ef3a6a435a,P0148,74.18
29074b66-f77e-4d45-9d3a-5ebbeb67d8b1,P0271,49.58
ed1b5a3e-9a61-47fd-9453-b17a4237bd69,P0183,29.35
650d3998-d433-420c-9a15-9f3d70502358,P0093,4.39
12b8f39a-09ff-493c-a4f1-da11bc01cdbb,P0063,25.95
aedbd845-6fd1-49de-9af4-667f48063de1,P0066,1.08
1227895a-a6cf-4b86-b194-c7ade5659896,P0294,130.07
46d7b923-2269-4403-a7ad-8837ea0d48a7,P0138,8.78
b331c4fa-e8ed-4d4f-bf82-7fb70bf5e083,P0152,28.6
680b8590-e286-4f2c-a307-35e3b2885483,P0168,12.05
b42dc6b7-6e4e-4874-b668-e0b2ca1d59e8,P0005,3.93
1700c0cc-8273-4046-aac6-b944133db935,P0119,21.79
80447971-0962-4e6a-9974-ed04d7754ebe,P0249,23.97
4998beb5-958b-4eac-a4f3-c8227e714379,P0300,90.16
99e5da64-bbf4-4405-9174-3d1b7ec70771,P0140,175.04
8619fecf-70a6-4d5a-858e-924e80215772,P0181,15.83
73a472ca-5791-4df7-ac7c-00d230ff05a3,P0133,7.79
bedadac0-c98b-4815-9f79-3c407e4beb37,P0052,105.79
9729569a-dbc1-469d-a1e0-c21ba13b049c,P0183,24.32
a325a5e2-4391-4a73-baf4-7278425c57c9,P0184,31.43
685b7933-9483-456d-ba78-7bf9e41ffaae,P0154,31.78
71ca11a3-254d-47a7-ab14-840bec90cc2e,P0257,8.56
d3e8d9b0-1e6b-486a-b372-879a00998b42,P0205,38.78
ce33a4e3-15b5-40c1-a101-c18f23b17ca4,P0022,22.57
87ad5c72-8bc5-4b3c-86df-6df8d089d6cb,P0176,31.65
febab24b-36c3-4118-b009-10d59d493d7a,P0231,19.18
091e301e-73d3-442c-8ccb-861cf9f79ffe,P0161,29.89
4a8025f7-1247-41c8-b6ee-ea4d7669ebe7,P0005,7.23
17621e3d-243e-42d3-b018-9c022b234be0,P0023,23.22
32c75b46-d6f3-460f-b606-98ee8ee0ecae,P0101,87.14
1c35375b-1771-4c30-ac0f-6c79e9557890,P0105,10.08
4b5569e3-57be-4648-b3ab-8667e2082701,P0239,19.73
3fe01aa0-1a41-4485-91f3-57455a96d69b,P0257,20.64
0e186820-3ba5-4470-8ac8-f96c5ab85bbb,P0211,41.02
1f84188a-b37f-427a-93b8-6596a9f32709,P0190,33.07
1f57a60b-530b-4623-a766-f804b7bbdc45,P0083,15.81
315b8348-8458-4bc9-88ea-406e755beb1b,P0169,48.91
8f64ef29-d3a4-4409-aa8b-c7697210e3a4,P0100,188.3
867c8a61-82f7-4ba3-b35a-399e0bac8ee0,P0060,2.68
10c2d7b6-fe79-40e4-9107-564b6ef10d98,P0142,89.35
86d06ac3-a4e7-4fd5-b3f9-ef4606f61daa,P0051,99.94
9be962d2-7757-468b-ac97-7a9a220d4405,P0040,3.81
93918d3d-526f-4435-8d52-4c6dba35ec42,P0035,87.6
c7fe3827-7d96-48cd-a735-cc741b9d5d10,P0088,132.62
e3605e04-30b7-4695-8280-52634c2b8c62,P0276,28.06
49726e8c-acdd-41be-88f1-b5d68865e25b,P0300,34.31
a3af9490-d54b-4b4c-b14e-08004359a6a8,P0009,14.03
b83918b7-8054-40ed-8771-18bf88807512,P0288,13.41
fbf7ab66-be0c-4e19-bb6a-c1c640f643d4,P0260,33.57
c543b3e6-ba39-47c9-9399-c76a87696b6b,P0110,63.93
4674746a-ab06-4549-a082-fc476eda1770,P0024,21.42
1cd74463-0a5a-4ae0-a789-eb306c24aad4,P0256,25.29
6ad5bd74-4e3b-4d20-b9ed-6ce95a73be7c,P0162,79.93
c25a2e92-0e74-4968-94a2-4a2e7c4137dd,P0156,19.38
5dbf69ca-12e5-4c0a-b1b2-6cced878db9d,P0086,81.65
5d089bbf-4c11-4ead-a2ad-69b565536605,P0066,53.34
d5bd5225-cd29-4753-b839-059ac2d2996a,P0112,86.13
7b121417-36aa-48b6-a57b-b2d79907d1ca,P0198,10.63
f042d8ae-27a7-4384-a200-d476365f4910,P0251,96.29
7803ff3b-4fdf-4b9f-b221-560be540817c,P0231,46.27
48c46e14-2d82-44a1-8ced-901b83817f3d,P0069,32.16
ee094e64-baaf-49e9-9b83-b0e3d3e8c8da,P0030,72.74
349de46e-1fd9-415f-aef2-3fcbe44d3a2d,P0227,3.35
29504080-6417-4f34-a863-01577b9680a6,P0199,16.57
78e35767-dfe4-48f6-8502-ad3ced4b8a6e,P0172,141.41
8e64884a-00ba-4a2f-a2db-942b64b35749,P0241,54.49
480bd846-6e97-42b3-b73b-5a715db8cc88,P0290,42.12
59d3837d-ea66-4103-b943-b598f9673df1,P0012,7.88
091eb42b-b3e7-4153-b959-0989cdab2da0,P0294,66.0
3ce4876e-1ae0-4c8f-8247-4878dd64e023,P0044,27.28
2b116859-8aed-4565-8b44-68d3828983a9,P0068,11.85
91376904-4acc-4a5f-b586-ac2b3f080338,P0253,20.83
46705ba1-f2c1-473a-9ace-5174c08aba65,P0283,54.58
66b4b80b-cde2-47fe-b457-96057131661a,P0191,45.15
46354fa9-5e1b-4689-80c8-fa0364f4c196,P0033,20.53
2ddd88e5-9ce4-4ab4-8996-9e70002f5d17,P0078,8.45
4b5569e3-57be-4648-b3ab-8667e2082701,P0224,109.05
07106932-a75f-49fe-bd15-d25055ce7f94,P0175,11.94
2a593b6e-917d-4a9f-8ba2-2621701ed684,P0293,14.23
ae82661e-2e73-4494-b0f4-5ad7edba0f9e,P0047,15.57
adf7d137-1c0c-4501-940b-bfd87fb424f0,P0028,18.1
fab9f1af-a374-4fa9-b9b0-30144af11807,P0075,8.39
0fd4367c-9244-4e74-b242-1362a6b6183f,P0021,13.56
8d1139b6-e841-441c-b6aa-aabd4da22228,P0096,24.09
d201af5f-7edf-45b8-9a4f-8d8375a97d21,P0105,2.43
10800fd1-d37e-404a-b9f8-948772f0ca4e,P0105,54.64
82ba42df-58b8-48b4-9c50-e238c51c10e4,P0075,7.57
8111c348-bd82-4876-a5c0-e10836ffcb66,P0260,72.48
ad585abf-1865-49d2-9b37-846b2dfe2b1b,P0232,100.12
8bffa7f7-06e1-4707-a615-f726803a489e,P0282,53.81
abfa842f-7d97-4d38-ae72-a3620c81f0cf,P0177,45.43
31276222-f0a9-4a80-b6d2-c825aa8bd149,P0138,76.84
606b74c3-df91-497b-9e9c-fd55c1af67ce,P0138,40.08
cd32913c-c4e0-4924-bb63-aecd0d5e35c8,P0152,13.26
d00a53b1-6357-453d-bce7-06aa12b99dab,P0057,17.27
0a51720d-727e-4586-98c8-295f712912d5,P0092,39.3
003b1a10-67fe-4547-8277-834658a272fe,P0085,23.07
f4cf6ea4-bc40-47d1-96a9-9b428872152f,P0047,137.09
89adb4e4-9428-4c35-aa8d-c59e3beebc59,P0013,19.11
90d4baa3-4c23-46fb-a298-17034f29744d,P0177,58.72
f486172b-9796-4443-a289-7af24c42b648,P0155,16.2
bb7c869e-b834-4df5-81c6-c0324325f90d,P0146,78.16
01326ce3-de65-45c5-80bd-125f084bc976,P0155,1.55
93bfa20b-6118-4b9e-b6ae-f66faa628eb6,P0076,29.0
97e02654-737d-4556-883b-4af740a59383,P0243,13.01
30bc6afa-b849-4a2a-9917-2c4bdb17e21c,P0043,6.42
5d7a6de4-8c92-422a-a028-7ba514eb5d8c,P0243,72.04
7082e9fc-6857-4081-9955-275e626d0180,P0206,40.88
a8b64f21-d1b5-4e3b-abec-d78edb6af477,P0251,1.91
a1e0263d-163c-4d14-b20d-d068a34f93a6,P0227,29.52
ee25b764-02bc-4eef-8e2c-52342d91c788,P0091,20.72
ee4b5c56-7b8d-4a55-a5b5-3f9861c609ca,P0065,82.06
24905b2a-49f5-4961-afcd-eb29a74587a7,P0282,2.77
f8e1e7c6-f751-4c38-b642-84b8fecf633f,P0142,21.12
5a28f4ce-e841-4203-b9a5-7b2d3b5d2d37,P0264,65.03
113e7617-8234-4a72-bc01-8e269f1d8365,P0199,41.01
e75e734e-e16e-4a83-9881-33c2e16e8bc3,P0018,37.32
73fd1f1a-fada-47e5-9462-74d06cb4355b,P0099,77.8
46a11d95-6b5a-47d6-824d-292989fe4e56,P0209,31.39
7ddf5f74-5c3a-4ee4-98ed-6b1c797829cd,P0038,61.39
472c46b2-230f-4907-83e4-34b19e281527,P0033,15.09
5f5838b3-9d89-45ed-98c1-8935e1c5d9bb,P0240,9.0
32feb50d-2798-4c33-9d1e-ff608fbd112f,P0298,27.21
093126b5-9afa-4a7d-911f-48cbaa4ecc8e,P0223,90.8
0071cb6d-32f2-4bda-bce7-c0cc370da12e,P0285,35.06
900817dc-fd73-4cfe-8151-f5ceb764930a,P0135,13.31
5093da18-aea0-4f32-a983-3e8690e807f4,P0171,73.59
d5795489-10ba-4c94-aeb9-224fb5feaf60,P0124,9.12
bb030bf7-af19-4eea-981d-aeb91518d3cb,P0056,13.31
7925abca-bf2d-4bab-9423-c2c741fb8eaa,P0230,55.01
5a2cd3e5-405b-469d-85fd-dfe5bc9f6c1e,P0214,26.68
c05124e2-3cf6-400d-96e8-5471ffcc1b15,P0261,4.61
87ae789a-12ab-4acc-af87-74a82b4c0b9a,P0274,42.47
2168dbe7-6ec6-4210-b7c8-237ef11a6bf6,P0269,65.06
ec62da7a-682b-4c01-a024-33f9f8aa6695,P0036,22.49
4b8974d3-fe3d-4170-a958-39d7e3b869bc,P0033,5.62
679e155e-6abd-4bb5-b8c8-8d45aa03f51e,P0248,27.69
4cd79d08-0341-458a-a20d-f434ea983fdf,P0200,68.97
0d6b731e-e59a-4884-ba91-18ebc70b608e,P0064,44.66
b5f8ffa2-a98a-4ef8-8abc-2c92a4874417,P0042,14.14
998a274f-5073-4575-86b8-d1667505dfa9,P0050,3.65
87ae789a-12ab-4acc-af87-74a82b4c0b9a,P0204,43.06
14321db7-f5a2-47be-857a-f314a4d7de23,P0050,47.28
957c7b78-0143-4480-b7d6-769162e5fab6,P0242,113.16
a55c1555-984a-4eb6-9240-c5526347e817,P0293,28.66
d05d1ecb-3768-41b7-b843-23c7be520c40,P0138,4.09
9a70ba29-dfdc-46f9-90a8-c8494ce63ff5,P0269,73.02
b5900b1c-e52c-40d9-b714-fe2441c48ec0,P0189,19.28
75419b5c-cee0-4415-a506-b57641e5588e,P0017,46.44
85070b4d-6bb7-43b9-a788-983019ea99e6,P0112,87.86
4c4c668a-b0f1-4d30-a553-4d2ea15f8cb7,P0005,22.84
4ba29c1c-cd66-4dc7-b765-2909df65d7c6,P0212,62.23
33a72c7b-daa9-44e7-9f42-3ebf19c4d1a6,P0265,31.41
5bc1d689-312e-4c83-b488-578b0edaa9f7,P0012,33.42
3edb8c06-79eb-49db-9f28-365297b3f553,P0181,188.51
f8dc33cb-2538-49c7-a919-87f583b92e3f,P0070,98.59
33a72c7b-daa9-44e7-9f42-3ebf19c4d1a6,P0156,2.33
c85ece5a-8676-4c21-9975-50b4e339096e,P0139,0.45
86099410-2a13-475a-9dec-e50fcaf73b40,P0123,63.04
73ca1fcd-bcf3-4a5b-ae03-f40e0bad36ee,P0229,38.45
b6db40b7-5a60-4a98-b70f-0506c554ec8a,P0237,40.51
b6218deb-b8bb-4617-9253-10a4ef355a32,P0102,20.76
a8d77817-33ea-409b-8c47-9f842a33c764,P0260,7.16
10800fd1-d37e-404a-b9f8-948772f0ca4e,P0245,43.46
42655dc1-1044-4a76-89fa-1bc1d5c5f6c4,P0290,1.94
76975f97-aa75-4a44-bc70-b4da874bfb67,P0140,10.11
39384b9b-b115-4192-bffe-9a14433f394b,P0073,12.11
d5795489-10ba-4c94-aeb9-224fb5feaf60,P0143,5.82
9f3ee8f7-8512-4522-a85c-2ff15cf68ed3,P0024,34.45
186ba1db-b787-4f5d-9ba7-e3fa68702dd2,P0016,35.47
ab955f8f-c073-4b5e-ad97-bd072ad8a183,P0108,42.16
4f811715-e0ec-4645-8894-9d346625a0c6,P0009,34.71
060dd919-d635-4efd-8316-efe6a3187080,P0093,51.83
76a50f10-5c48-4445-b726-ad3ee6b5bc38,P0201,27.27
fd06cb28-6754-4a48-9230-21f15697f79c,P0258,38.84
eb4ce6e0-205b-4b51-9306-e33e0854ef79,P0252,25.16
6c67544b-cf33-46d4-bd30-2199ad56f573,P0033,17.75
fe360b15-1ab4-4a6b-8c47-4090f693574f,P0081,35.76
651920f9-0a3d-4605-a70e-501b3f2cf7b7,P0286,27.76
de2cfa74-f4ca-4c27-9756-7e1d071f02fd,P0050,3.12
bdde335d-8475-476e-9abb-88d56d55397f,P0108,19.56
b0d65875-7510-4c55-bbb3-8a77f2c8e761,P0106,30.01
8914b12d-bee0-4706-9191-d1f36088138e,P0005,38.19
a76cbee6-c1ac-4bd4-a748-f417b9a78950,P0011,17.67
c6538059-d406-4ea4-a957-a2f517d6f72a,P0282,22.21
f240e7e3-9822-4dd5-b289-f5c3967f9467,P0283,24.45
ec2b3dec-d688-4572-bea0-68b6684c6ccd,P0288,28.46
c0cd3d1c-d7d1-4973-8639-ba1233f093f4,P0277,22.92
00a412c2-de50-40b9-ab46-e5d9122f670c,P0167,58.17
f04a17e1-d8ef-48b2-a774-b409554849df,P0071,14.48
67e70e8e-e7f7-4cc6-96b4-64b2bf4202c3,P0210,78.34
9064f73d-9f34-484c-905a-2406c89874fa,P0264,3.66
edef753a-94c2-4652-9344-94d1f3015bf6,P0240,5.31
d57e717d-5db3-48a7-ada1-07c87176c47e,P0205,39.72
0f7c5383-e116-46fa-a426-49f309147fd0,P0097,5.62
324f192f-6fc1-4632-855b-9bfe643d18e8,P0152,7.08
4882c25d-00c3-4bb0-8ccf-56130a4f39d5,P0161,12.73
11e2c12e-96fe-406f-a829-0132d68d2c82,P0064,50.0
fbdebd9e-f52b-4fdb-91ca-29085c8536fa,P0031,27.96
68a17d08-7b8d-43b9-8fa7-b2ba12d632e1,P0111,24.4
4fe635ce-1d69-46e7-9b7b-f58595398956,P0200,5.25
a7d22dc1-a55e-42ff-8378-f8dcc27e38ea,P0112,27.62
1ebab46e-588f-40f7-add6-199200389413,P0170,10.31
b0bc0674-1ead-4650-9658-cfacfa98c556,P0177,5.71
90977662-cb86-4c2a-8b63-d9b6dcdd88af,P0233,45.43
ab9472fe-efd3-4768-9100-233908e2e7e8,P0069,44.87
ac4477c6-3f67-4d0b-8e04-f14af96c22f0,P0258,16.54
420be224-0652-44ca-b23f-39c665d604dd,P0112,49.54
21db279f-4b92-4844-bf3a-4fdce4c0851d,P0063,78.06
023bb97e-d7b0-4e14-be8e-09a9cc108657,P0164,41.49
b2b994a8-f69e-4c23-8a2c-7604af9ecf5d,P0081,8.11
306272b3-3cb7-4d56-8b69-4822e280c042,P0065,46.34
87f40026-4364-4a40-a53c-1aec920ef8df,P0222,105.44
33446958-0353-4130-ad98-734c69463735,P0105,8.42
fa4253cd-24e2-4283-a873-6f1e357fc133,P0178,25.67
eae614d4-068b-49e7-9dcf-418cc3b8a3f0,P0243,30.01
f7167a56-b54d-4b33-a484-6b31e5104feb,P0181,61.83
2620cb5f-2fef-4a7e-9d83-3043f57685e1,P0238,66.62
ac78f587-7cff-44a7-8e55-872db118d557,P0157,102.67
d525e28f-c243-47a5-b324-481ea5225db1,P0042,0.77
23e68779-b527-418b-ad19-6d2095106f01,P0221,55.85
3c964268-5f20-4a26-80c2-7157993039a7,P0077,48.47
6d924080-712a-471e-9bfc-e0a8e247689f,P0180,148.03
0dff5bad-b877-49c2-ab1d-9cbc7114df27,P0072,67.57
1f5c1b3b-d378-44c6-b698-9049d2ba1bbb,P0115,62.46
b8146968-a21f-4712-a877-4e1417daaa78,P0287,45.6
bdb8dd41-9ae5-4d70-bc1e-7113ef57a448,P0238,10.61
9f9e4ca5-187b-43fd-b034-5e7088600ac6,P0075,21.22
7ee7ce75-ea88-42e7-8031-9fe9afcc518a,P0172,68.5
b6c2464e-1717-4e29-b8b4-701f27e0d73f,P0026,6.61
de8b3622-c617-4d77-8350-820825beba07,P0029,9.5
c62f1c6d-ae89-4abb-ab81-27cb3bb9b384,P0244,67.38
9e4d6754-ce3b-4ee4-a2f9-57c419bbf22e,P0154,58.25
606b74c3-df91-497b-9e9c-fd55c1af67ce,P0259,33.59
714c2f17-f327-486a-accd-d07a44f10a3d,P0186,30.31
aea23b0f-3211-49f9-87c3-79466992c79c,P0089,24.65
647e2375-a609-4223-81e5-056a80d38b9d,P0294,67.12
f040f0b6-5806-4c0a-acba-c56cd7e70d70,P0208,1.21
4f31fc14-d2ec-4b04-881a-3e653a721b6a,P0044,8.71
4f16ae07-7394-4952-918b-af6b3dcc7c34,P0191,19.81
0d40fb22-1a0c-4ff4-9c74-6f999f1a1bc9,P0015,4.28
f23bd0bb-b0af-4161-8199-92b3deb03907,P0179,3.27
0e8cd96f-30c1-4d7f-8b4d-07cdd279cdc7,P0254,81.93
429fab8c-a025-4a8b-b5c2-08f218c4b2d9,P0012,31.58
c5b2e338-c48c-4833-8def-6fa2734f50ff,P0145,36.75
00c1cb89-d38d-49a2-a91b-6568a6b13bad,P0130,4.33
3c8612b1-fef2-4cc5-8950-1d3c942c6f8f,P0061,59.05
2644acf4-d1c8-4adc-abe1-5aba80bc586a,P0035,19.31
591a5d4e-f8c7-42cc-a5cd-4f85129cb923,P0099,12.24
fb35de55-8010-425d-afb4-2fa27315c9fd,P0024,8.17
452fd4a8-7e4c-41bf-8012-ab6c703385be,P0184,21.3
f7260f02-d4af-4d0f-a1d9-e98ae1fb250f,P0174,65.01
05c5a6bb-d7a5-4913-856a-98ce3d7dc781,P0097,5.37
fd853b09-c529-4318-87b7-ece203fed9f5,P0158,25.81
e75e734e-e16e-4a83-9881-33c2e16e8bc3,P0070,1.4
dbf1aacc-76b0-4800-9126-8ad16119491a,P0054,118.58
ffaa1fab-dafc-4ef3-ba1d-6b1b1b91615f,P0116,69.65
79f95fec-5e35-4554-857d-7c92dd4da8ca,P0287,20.24
38a293fa-1a2a-499d-bb0b-a7663cf1711b,P0047,37.86
52cc9fee-2e9e-40e4-bddf-d3cf106bb08a,P0123,33.59
a7892da6-520e-4a8f-b7bf-fd0faa6ef641,P0001,0.71
7ccfbcf1-0964-45e0-aed6-2dd9c6c82386,P0101,4.63
ed718a72-1121-4ae1-b897-dda6ff0ca247,P0230,22.58
a13fe180-532e-488b-a90c-ee12e1a1f4a6,P0078,21.83
951eba1d-edf3-430a-a02b-2952727e6cd2,P0004,27.32
95cdcd0f-0f92-4d26-b30e-88db8df907c1,P0173,85.65
7076dc45-f8d1-4e38-b827-7564d7f39072,P0196,81.66
4f16ae07-7394-4952-918b-af6b3dcc7c34,P0052,43.07
d77d4e33-2635-434e-8a38-966b1dbbde6f,P0211,53.51
ee19d1a2-22ce-4fe7-9610-3a6d737ae4b4,P0020,16.74
9124a0d2-30e4-4624-ab36-10080e5879c8,P0084,53.84
1858f701-cccd-4379-89ac-80c03b11857f,P0187,81.44
0fa65030-549b-4588-b9db-4b4e5610cbc1,P0256,7.66
c4d0c729-6c68-46b3-88e5-9deed524ee1d,P0119,11.43
349de99d-215a-4e65-a62a-0fc41cea5969,P0267,12.06
dbd55229-ab9e-4625-9783-f9cb784d8f4d,P0034,0.4
5ba4d675-446b-404a-876c-338ce9bcb049,P0018,24.24
46705ba1-f2c1-473a-9ace-5174c08aba65,P0011,41.59
e6c1e79b-342a-480e-9c8e-51945884991c,P0120,18.89
da8f744f-21d1-48bc-b395-54d832a3903c,P0191,19.76
691eff74-3374-489a-a71f-6669483a9468,P0252,11.7
09fcf2a2-11cb-4daa-91ff-9873287819ae,P0169,23.46
7f4004bf-2415-439e-b494-a8b5ca7c9edf,P0196,40.95
7e17e4c3-c761-4fa8-84f1-bff864fdc3c0,P0129,25.93
dfc02785-75c2-4a47-8963-488aec4175cd,P0026,42.94
387504ea-331f-4da0-a8bc-2759c0328127,P0157,47.51
de7e6a04-6a7d-4154-bae1-4541dd3e2d1d,P0167,76.83
534ac803-ad5a-4ade-aef5-c49c1a964459,P0219,118.05
898a1223-82aa-466f-8d1a-4f60469aa2e1,P0045,14.35
09496695-51fe-46af-9a73-0a5e677b5c4b,P0180,30.35
a7d423a5-3c2a-41e3-b9cc-c61f604aab0f,P0062,27.86
9799084b-399e-4bb1-a407-e96e992ea958,P0298,7.45
98719cef-daee-49a1-b614-05511447dace,P0166,88.92
46ef7827-0ded-4933-864b-25c32e183838,P0084,16.2
8323f5b6-ed64-4c2f-9a92-87a6bb05d580,P0218,33.07
18bc1c56-b824-42db-8f24-99bd2e508602,P0169,25.83
2a09843b-0de6-4919-b1b1-a5e450f9c506,P0011,41.51
2e98a8d9-f8f2-47a6-980c-acce91690a3f,P0049,156.1
d25e2f4b-c678-411b-95b7-7575fc612b6f,P0037,21.38
d36a9318-13bb-4a88-befe-6d787d8bbfa1,P0271,42.06
849b9161-af78-4b87-92ee-4fa46d249d63,P0233,39.18
4a35d462-17c7-4d94-b843-8761407cff11,P0203,5.11
6976d938-af53-4e76-99b6-7e4777f78f89,P0059,2.75
ac01872f-b0c4-4f02-ad34-1560dc149786,P0127,31.3
f2b0c81c-f8ab-4218-819a-a1a5e4231005,P0219,45.07
1091be81-d02e-4589-b723-536a35d505bb,P0228,11.78
27ad85d4-cdae-4889-826b-d4765f74df66,P0093,21.44
6efdd179-03a2-4481-aaf1-dbba2e2a278d,P0205,47.0
7046099e-6bb0-4dff-9ecc-f03e4f51fb60,P0060,19.0
8a4fad4d-934f-4520-8607-fe8ec5c18f04,P0157,12.63
f098117c-e41f-4772-ba4a-5de7801cf3a1,P0015,142.27
5d5f51f3-d01d-4c57-a1b2-4a235f95bfe8,P0028,46.73
f91b7c14-8807-4d6a-819b-c0bf51e1aa0c,P0139,38.17
bb4c561a-250f-456d-ad39-ef0ee9732022,P0291,48.26
985daa6e-a7c0-4e89-8807-3514036fdd2d,P0197,182.38
41eb5244-2794-46b3-b895-a36f70801f88,P0167,39.87
13ee22ef-3fd7-4403-b23a-a07e784a687e,P0043,3.4
125e3ad5-8ad7-449f-9d02-c77cbfbb4ca7,P0244,36.84
606b74c3-df91-497b-9e9c-fd55c1af67ce,P0025,34.97
a64aba77-1e1b-4b3c-ac15-1bba3909f96e,P0111,6.03
4350daaf-db07-4e4a-8c45-db5f973e986e,P0296,22.62
afc2afc0-e420-48d0-84c2-d1faeaf31dd1,P0013,29.27
10344148-3c21-438b-a249-f8f27d3297cb,P0272,23.73
a14c21f1-6ab3-462b-a51a-9b28c93e9dc0,P0192,56.98
dbc77dab-1988-407d-ad83-ac4d1923f31b,P0255,125.7
20aca58e-eae4-4fab-83ea-27fad9e75ead,P0223,42.58
a13558c1-6507-42f1-aa99-fc820c3f22ec,P0293,38.67
9ced4ead-e004-4b22-a856-6f739490e36c,P0135,8.77
5605b50b-ec49-492d-8a6e-574adf897a74,P0286,78.93
cdcce582-ae9d-4e98-bb82-616a3d8b70b3,P0022,54.05
9a0482e1-3e9b-4e54-8f5d-c53861b24baa,P0222,23.26
d368df48-2577-4ed4-90f6-1aca167c7bc3,P0216,7.38
832774d1-9cdb-457d-b6f1-bee7870a1cd9,P0173,40.43
3b92b20d-f213-44f6-97ef-eebcd8f259cf,P0036,8.1
6ceabfdd-2e5b-4045-a235-ac799d8bd187,P0275,121.76
095ec677-437b-466c-b026-024013a32983,P0298,37.96
189f45b3-32a2-40a4-aae2-f6f6e33038f0,P0035,45.87
9a1ec401-0657-4e52-a43d-21f6753c2b2c,P0043,27.92
9db4a827-acf6-4069-bec6-89b163b2bd23,P0108,0.71
e69e00d2-0806-471b-ab57-e63f6daa56fd,P0020,13.31
8a02c6d2-ae8b-48f8-8734-e45b807c53d7,P0132,40.88
a8d56062-c3d4-4347-954e-962e81904c72,P0049,40.95
6648a09d-87e3-4c4e-b83c-000f69396e86,P0073,21.85
ecf15e2f-1ca6-4f16-9c02-ec8d3204e6a2,P0294,4.01
660a72da-1e1c-4143-b2ab-18e9c02c7524,P0090,104.29
20008094-845e-439f-87dd-a4dd1f910089,P0246,45.94
2a593b6e-917d-4a9f-8ba2-2621701ed684,P0136,0.4
261aa66c-5cb7-4051-83cd-e3ced6191325,P0284,6.25
7930f813-f75e-4922-a269-81d2152c4efc,P0230,104.66
a49fad92-dc5a-4a17-9524-40a14a695b89,P0113,109.6
50914877-3ac6-43b0-9c6d-196fb2701ce7,P0067,23.29
17fd33f0-1d5d-476d-abba-01fbbd2d7860,P0230,1.2
a80a059c-328d-43a1-b609-ec9e51584518,P0204,10.33
81f0dd13-54d6-48d1-878b-7b76948143ad,P0293,1.17
0e46a77c-75b2-4250-9032-6ab0fcbfd525,P0164,41.69
a8ecca28-d2cc-4809-8b93-4452ccd92379,P0167,9.45
c0568ead-3134-4e0e-a04e-f8e5a0acc987,P0078,21.03
937a84cb-be0f-4b96-b15c-9c94e792b9a2,P0167,21.92
74730190-57b0-4a05-8e40-84f7da429aa0,P0147,54.52
368c00f2-6d6d-4f0f-9624-ad5ef255c832,P0223,17.17
97930f0b-2f2d-4377-b405-a9ae74aa4d36,P0281,10.25
69759785-a75a-4972-8c9f-c0678aaf4a9c,P0010,32.55
bd69953f-deff-4efa-b8f4-52bd26662419,P0110,79.51
32083680-af21-40b1-abd3-aa9443cbc0a8,P0240,1.43
94204e7c-4826-4b97-aacb-db0235dc4d92,P0039,21.3
c795def7-e57f-4fa2-9300-e28cfee5e45e,P0164,21.43
f9c89347-46e6-41ed-aec7-c3307046a65b,P0145,11.03
a14c21f1-6ab3-462b-a51a-9b28c93e9dc0,P0233,28.02
62a72f5c-d5f5-4111-9e52-8efe7e8e7f49,P0115,37.02
27c1e619-c28d-4aa9-8b95-fb01fe60a396,P0102,10.64
cb0b9cc5-591a-4c53-ad5d-284ba299d457,P0295,81.02
40655508-6fb2-45ba-aa39-438d244175f4,P0205,8.05
bd242a69-20d3-461e-a87e-5dda0b27b7e7,P0004,118.63
2dc7201d-8c4d-46b6-9d69-900860fd4ce0,P0261,24.94
cecf3e1e-9e9e-488b-92c7-e0ddadbde977,P0103,62.89
973866f7-a9ec-4ef7-ae23-773c8d22b02c,P0100,45.48
e4964e89-957c-4b13-a693-99f56768b1a6,P0261,27.33
eea6cb5a-1e23-484e-9aff-4a3a63815463,P0045,2.92
5dbf69ca-12e5-4c0a-b1b2-6cced878db9d,P0170,20.2
b08ff896-a04a-4e9a-80b9-ff05040359fb,P0183,9.54
b317602a-2246-4668-acbd-0279e65388ec,P0009,0.72
16cab894-ee6d-43aa-9f9c-12f56b75cf7e,P0170,1.85
79563219-d15b-4fc2-9de4-f5025ff61fc8,P0132,57.66
e25a1c48-1224-4faf-bb48-8de3e1f984db,P0248,28.23
2264d631-77fd-4f06-a09f-eda9a6f47f3d,P0281,6.94
c22474da-e8b1-4c4f-b49b-d1b02f8c4923,P0096,89.44
be16a8a4-aa05-47dd-b0ad-e741070b8e3e,P0249,39.47
6b06ab47-2bfa-4330-b512-fbfad6b1ea81,P0130,12.2
b68a74cc-5dc5-44f8-81a5-9a9af76f64c6,P0258,84.56
05750b4a-4edc-4734-8197-521a29444f26,P0040,5.91
d1079404-0023-4662-96ff-1a9d1b4bb1fe,P0039,33.57
b331c4fa-e8ed-4d4f-bf82-7fb70bf5e083,P0166,14.44
c0b9b6b4-06a4-4b4f-b242-39417060c8e3,P0032,41.34
b790d169-13b6-4da2-9c6e-50e1520b9229,P0248,120.27
b94850a1-5484-4c45-bdbb-d4bb7e7266c9,P0238,15.94
76cec64d-4c8d-4762-9277-413c7c566f4a,P0104,170.22
2a593b6e-917d-4a9f-8ba2-2621701ed684,P0050,50.27
8ddb0a98-d2cd-4a5c-9f24-e041848342c4,P0297,52.7
475de118-eb2d-431a-9f33-0ee310a92c48,P0244,35.87
7f428779-96a6-4536-8a35-8b324cb03750,P0294,0.02
654b0fd1-49fd-40de-b610-02aededb6201,P0297,25.38
db494558-9c9e-42d7-8ca9-e1a5bae97cbf,P0018,38.44
0487bd70-18aa-4672-ab55-14481c59095c,P0051,16.48
5d5f51f3-d01d-4c57-a1b2-4a235f95bfe8,P0186,135.31
8e826f8f-66e1-41cd-8087-0bc9e9fe0af0,P0224,19.79
8fec9a2a-b454-473e-b18b-580598de6d39,P0124,1.44
d1607bf4-603e-4079-a8ba-e0a3aeb6e5c0,P0215,7.83
07fdcda7-39d5-457b-887a-5450a7de4c92,P0030,4.85
0691ead5-dee9-4881-b1a5-e2106411322f,P0144,51.77
02f19778-3485-4180-bbdf-9d6edc143e2d,P0063,54.31
c682a4de-68a7-4ad8-a023-02dd8ca37c8a,P0173,47.54
7ba4be82-c426-4049-8a7a-f413f8955198,P0278,1.02
4ddacd05-d766-4ee9-8c6a-30b28ba4bc50,P0296,51.16
66d92707-0268-41ce-ad38-7a103669b9df,P0300,205.21
a02a50e1-c84b-4fdb-80c0-e5a5e5c5407d,P0183,4.62
cd6b21ec-dd7f-4f2a-b002-f1af07698eb5,P0100,17.36
cac9be38-6d8c-4a45-aca2-fa52aea16c8f,P0286,73.31
dfa0def0-1fc6-4be3-9971-6fbbc333907d,P0268,114.14
7c3ca376-e8ff-48a6-a098-8d9b0e46d5b9,P0263,30.97
8aad27bf-1588-4764-b9f5-4623b48bcc3a,P0196,6.82
9613ab93-3b12-43ec-88dd-89aafd095cd4,P0268,19.33
583554b3-caaf-4436-964c-e863ea84c013,P0092,59.43
962287ab-90bf-4b21-9ca0-4d044e866dd9,P0022,20.49
fb362d0f-99b3-4c58-94ad-d86a019007a6,P0084,26.54
55014d6f-eabc-4ddd-9af1-c7947e0a319b,P0098,5.75
587e8c86-28c9-484e-90be-cdd348d2372d,P0284,1.89
eb378c87-4f69-4867-9416-4e9adc5de126,P0190,2.31
df5c5306-f890-456c-8663-f9ade26ba44c,P0035,3.24
fecb00e0-3447-499e-96f9-7a6b6040e269,P0272,97.28
0a908619-b17b-4ee4-bb48-4d86bede2c5e,P0172,40.31
accef082-bf16-4313-9a97-e075b09ddaae,P0200,58.07
b12421f3-3fd1-4d4b-a151-fab59c62da5a,P0287,20.16
c21c6f9b-17fe-4a53-a52c-537faf6a0fc5,P0034,25.19
f8327269-7bfd-4744-8cd0-ea50d5fc08b9,P0064,5.34
6d4cf5ad-9ed9-4750-8859-cfb5696b8d32,P0056,58.99
e5d6f327-81f7-4e2a-a8de-d079abcbf97d,P0153,9.03
bd72979c-fa39-44dc-9683-587a40fd6ee6,P0247,4.27
40655508-6fb2-45ba-aa39-438d244175f4,P0193,4.16
b7708e91-4562-47dd-91bd-9c4779f52a94,P0105,61.07
fafd9779-f03e-4b3f-85d7-cf681483fc03,P0289,68.29
480598c3-7d65-40b9-9a75-ecf15f1a3429,P0061,74.54
96fd7c4a-c152-43ab-9797-b5d23310660c,P0244,9.59
ecc5cf8a-04fc-4c5e-a99d-05da3ba8da55,P0013,26.1
d1004bca-2628-42f0-8087-b864934fddf3,P0255,49.59
df880517-8f50-4bd0-8a9c-da3de5f92302,P0178,27.48
9788a439-dd61-4e7c-8711-e90aaa952e23,P0274,6.65
f3644c77-d292-4e43-be8c-7495cf44d1c6,P0229,104.46
76aa73d0-ce9c-4f54-9b4a-0e7cebf2793d,P0005,24.71
cc352f23-61cf-4f7d-a9a3-e1f94e8f5374,P0022,53.05
6c152c99-9ed3-40e9-95e5-f60799961aff,P0220,23.3
cac4b625-2512-4890-967c-18384135bbf8,P0166,16.89
ae82661e-2e73-4494-b0f4-5ad7edba0f9e,P0064,138.88
a203fc81-22e0-44de-9695-3be5c2fba8db,P0158,47.29
02653fc6-4a8c-4249-96dc-dcaf56f845a9,P0213,4.78
63d00bd1-a23f-49de-a6bf-08495859a764,P0282,30.67
32e5f0be-1914-4e88-b62c-3ef43f861722,P0143,75.93
b6074989-c7bb-471a-a1b9-b4004ba3b904,P0299,25.82
73992301-1dc5-4816-8ca3-26a6b14dfd70,P0027,85.82
15b30801-a5e7-4889-b465-a93beaade817,P0120,12.52
e1631055-7fb1-424c-8f15-44cbcaa8e0a5,P0115,1.64
c6881606-0dd9-4e9d-bdd1-d22bd76a482d,P0246,9.12
0b060248-78b2-4265-ab62-7658138aa2ff,P0049,33.55
801398a1-324d-435c-8620-2837eb6c1c68,P0064,27.36
8f2c2149-282b-4580-a895-d3cb89eae5ec,P0114,6.6
de5b80e1-e0ab-4e8b-b804-2ec23cd63bd9,P0058,75.85
011267bc-3aa4-4b8b-a234-fc88352dc741,P0144,63.79
892f75a5-df28-4157-b5bc-f7732f599c45,P0178,42.97
e360fbb6-ee58-4fcc-9c24-ad90a705086a,P0159,68.62
08bee78c-bfa3-4db8-8cc9-312483a0e124,P0192,69.67
579cf5b2-e48b-4f09-b897-82e7cf7e8526,P0066,2.27
29fef620-5a9c-4873-b68a-41c9aa557819,P0156,35.48
d7c0a6f1-9594-49cc-b35d-a3c0fcdb8870,P0221,97.06
6ca332db-338d-4f4f-b90a-e65747f436e7,P0227,73.33
f405ec3a-479d-404f-aab7-cf7cb9510637,P0284,37.24
f5feb02c-6800-4052-b441-7143e6aa7348,P0110,74.81
25373aef-4852-48c2-8223-6f90b8328e4d,P0201,7.24
b0a20956-2467-4a8f-a3c6-7b59276713a5,P0283,32.01
87fc4d6e-0906-4c05-afe3-73020abf1d12,P0084,89.96
96a4cd79-3839-40f4-9922-7eb4ce718eab,P0021,33.06
d07a09b8-f903-4f0c-9df1-3baee3ba82aa,P0097,42.99
79958fd7-8e57-4671-bdf9-6b0890a32ccd,P0251,34.98
d26f1bdb-721c-444e-9902-6d1d600a3a41,P0294,34.57
083b1f2f-15ed-488d-93c5-414842ff9b96,P0027,89.23
110128eb-02da-4241-82eb-6a8966538e16,P0097,87.8
0dac7325-997d-43fd-b8de-ce7565d72a54,P0060,15.97
b11bd662-7208-4f8f-98cd-4504c3243c6d,P0255,3.2
cb2f47c1-875d-485b-bf55-8f8863f40b42,P0213,2.89
b6c2464e-1717-4e29-b8b4-701f27e0d73f,P0205,15.24
57ff97a6-2b1e-495f-a38a-2a14bd6be202,P0121,23.93
15c0f253-03ff-47de-80da-4b899fee1f2f,P0037,14.26
4b8f7a9f-33d7-492f-97a0-5c009aab33ab,P0149,49.29
0e6061a3-c0b9-4ba7-9157-488823833b24,P0191,8.33
6b401b15-8af8-4afa-9b56-92b79dede51f,P0069,57.59
1cfe8223-fe05-44ac-b9b4-43296dbaf1a0,P0236,158.86
d33b5ecf-4b1c-4708-b6c3-7bfda8d9f4d2,P0237,35.75
d36219a9-61fb-48e5-ac46-a60030b7d7ab,P0233,46.97
b2aebe6c-58f7-40fa-b08b-60b7a8e0eecf,P0298,48.19
dfe46b4a-543b-4d6e-81ab-8d1694f0a3d4,P0104,14.65
bcaf1b79-0e04-4c51-a777-befc04654bd6,P0132,1.46
2f48d38e-071c-47d9-8673-222a0250fa80,P0169,68.47
7b456d01-44c4-4370-b57d-ec91824c59ae,P0001,14.23
a86e42dc-375e-4fe0-a49b-82b8585db937,P0241,1.46
20b086b2-d6d9-49c5-87f7-997c8fab0a36,P0063,11.85
058a8963-0c2c-42b0-a098-1a09284e0bf7,P0150,49.73
c2ffe466-567c-45f6-8d93-9dc55e221b14,P0091,63.83
a8ecca28-d2cc-4809-8b93-4452ccd92379,P0195,92.89
e3b9cfd5-4f9f-4473-98ad-de27514c80c1,P0104,11.29
a611d9b9-cca0-46c6-93d3-79af2d766972,P0118,152.16
ceefcac0-26f4-4c38-906c-4ef5e86a4872,P0042,4.69
a22d2ac5-3f51-4abb-869a-f365f793f66f,P0082,15.63
9f26698a-8463-4ac2-a93b-3207bd7f5136,P0082,14.63
c22474da-e8b1-4c4f-b49b-d1b02f8c4923,P0278,9.24
2547b8aa-9b9a-4aba-9973-3b41ce4bfcc4,P0019,115.7
ec49d823-7cac-42ec-a1fd-e7ffd3d4fdfa,P0154,23.5
5b79024c-b555-4988-87fc-3ddfb34817fb,P0035,48.06
7a755e03-0989-4479-ad59-bf55720fb896,P0284,3.5
db03ffa5-75bf-4213-8b0b-3d45cbdf4dd6,P0230,41.84
8e97b61a-d37c-490f-bc24-8794733d27c1,P0019,34.78
7e514ba8-881f-4c1a-854f-aa8bfd577015,P0245,50.89
9e5690b4-caa5-4cd9-95dc-6a8713f0ef43,P0256,16.09
f3b67513-aca9-45fc-91df-822bc6accf1a,P0263,11.0
3e4c5dbb-225c-4d02-b4a6-3411b9f56692,P0109,14.72
4998beb5-958b-4eac-a4f3-c8227e714379,P0200,0.26
ee44ab12-cedc-4685-b6c4-1b52863e0c47,P0169,35.3
3441d92a-89ee-4684-adfc-4db11037b913,P0225,18.84
8274f165-4cf3-432d-896f-8e4277b80c7d,P0286,32.54
92118f2e-8e7b-45bc-b128-f8c435c6d714,P0184,24.89
741b6928-9393-471d-844c-41e31eb047d9,P0175,8.33
f240aa28-6959-4b20-a83d-53fcaaff26d0,P0120,5.17
4998beb5-958b-4eac-a4f3-c8227e714379,P0218,28.39
e9a77612-e52d-4343-bae1-2b70c247c95c,P0124,12.24
03e0ad25-5f0b-46a5-b38f-9ec632bb155c,P0132,35.31
bae403a7-42e8-47ae-b50b-613715fc3bf6,P0058,30.41
c616a5e0-c116-426c-b96e-77a92f011a68,P0004,66.8
7a7be7ee-2065-4d1c-bb38-16583f0f1c6b,P0109,19.67
778929fb-3c1d-4e6b-a0b7-a0d097f0f386,P0064,0.12
877eba03-3f74-43fd-a8cd-6f04a93ded56,P0177,17.87
4c406f0f-333c-458e-b046-17deec0a332b,P0091,87.64
e0678ed0-e198-4961-b903-667b212ff18e,P0032,24.61
8481b5eb-bfff-434a-ab94-8e0b88678e04,P0282,125.48
a7d5c5e4-ff2a-4b4b-acf8-2cd88a072297,P0154,16.45
6097d8d5-255d-4f5a-b525-88d7110239c7,P0001,5.86
6a0d3a8a-baba-44ab-be2f-763fc15ab507,P0022,31.33
16997476-c8ca-49c5-932c-0fb7b2eac63f,P0091,40.69
8afc20cf-6b9d-47c9-a32b-842bbd21ae1f,P0075,21.02
6092981a-7341-418c-a09b-2b2680500391,P0267,24.81
fecb00e0-3447-499e-96f9-7a6b6040e269,P0261,112.27
1858f701-cccd-4379-89ac-80c03b11857f,P0300,51.55
553be35a-7436-4ea1-b23d-304999cb7ce9,P0203,4.12
c721cb66-74c0-4a22-9f27-068f4bc5af10,P0014,7.7
38a293fa-1a2a-499d-bb0b-a7663cf1711b,P0151,4.84
73992301-1dc5-4816-8ca3-26a6b14dfd70,P0056,35.57
be86c852-a9a1-4414-819d-37b914d9044a,P0162,17.48
b91b9342-d6e3-4dfc-b3f1-34ae75e9c2c8,P0286,72.29
d3dc76cb-3f46-4f85-beab-0a853ebc07a9,P0147,130.44
39a86e72-4797-4512-9046-cf0333c26204,P0109,57.89
50d3155c-ae63-4004-adf8-0e75d301598c,P0197,37.84
9f8c5463-8381-4552-add1-864b61f42ee9,P0036,6.53
2042b5c0-1029-4fd8-b1ae-66898cab3a9e,P0039,40.7
dae3c7b6-6fb2-4ebf-b34c-c165a021b502,P0007,34.89
579cf5b2-e48b-4f09-b897-82e7cf7e8526,P0248,12.87
d0eb20a8-5bfe-4015-bf39-a9f23fc38d45,P0217,14.05
9dd004cb-21ea-4f62-b01d-8d6f59128967,P0096,6.41
987fa3e5-8f14-4871-9505-011c81094140,P0252,20.07
7f355830-0c06-4d8b-b758-8ae57bdfd862,P0097,28.76
9596e10a-be61-4d04-943e-9fdaba1485e5,P0036,13.83
aabb9393-aa98-4363-ab24-3b12c88f1ada,P0264,8.48
b95058c5-5d9f-4df3-8974-699ccb2347d1,P0085,97.51
69fe59f5-a932-40cc-a7e7-bacef8380076,P0013,16.68
98fac7f0-cffc-4862-8ba6-5c062d5a7565,P0117,92.22
4cd79d08-0341-458a-a20d-f434ea983fdf,P0028,18.58
d968e7bc-747a-44e8-ad51-23400be31ec0,P0095,9.64
a561250a-d15f-4cbe-8f2a-e57dbbdb85d3,P0263,26.49
db6d4f32-4b9f-4d6f-8125-20730408cfde,P0295,18.85
3f3f078c-39eb-4310-a904-f9fe1d54a798,P0056,71.2
900a5850-6786-434a-8dfc-4084860b2754,P0260,69.13
b2c148b5-4e11-4b9c-bfd4-8a6d89cb0c33,P0138,24.14
2c7eb7cd-9324-4484-9374-ad8db9e9f35a,P0142,15.92
4b4449e4-b314-410b-aa0e-f3ef8f67608b,P0226,3.03
c803f2d8-f96e-43fd-acae-bde6f9fe80b3,P0230,31.46
a50b9c28-5702-4d42-a082-74d9af7f1fd1,P0112,39.88
cf6332bf-4eff-4b63-9108-435378dc181a,P0100,23.74
0b9d6798-19f7-4cdb-9ea9-84827292455d,P0189,60.34
aa0ed399-d7a1-48c8-b356-dacbd37179c0,P0289,36.18
1791650a-235c-48b7-898a-0e6a0c0ffc82,P0264,6.72
5b4ba569-e2a0-4f8c-a143-2c8d4f450c55,P0061,10.65
0a304ece-923d-456e-b1d1-415b719cbeba,P0244,34.62
fde5db86-8fc8-41a6-aa37-b9610b8ed42f,P0273,165.08
1f85d0f7-876b-4c81-b905-36d157dc28f2,P0093,51.84
a2047f07-760b-46c3-bfc0-6a35a167cb9d,P0163,38.2
d068a758-e992-46b3-9a29-6288c567ed5a,P0211,31.35
12a40d0f-888b-43e1-85bd-997fab14b760,P0126,2.31
e963c4aa-720e-4641-bb09-afa55e493703,P0098,16.98
d15ef0ba-a366-4fe8-825d-2bc75a713d09,P0056,17.34
d25e2f4b-c678-411b-95b7-7575fc612b6f,P0084,152.48
83f2237a-139f-4e5d-a3f9-ada82d51c48c,P0179,61.62
8a8f6223-a83e-460e-8243-4daf2e742df1,P0223,67.83
1c9fb9ac-2b55-4429-947a-7ac5a343a90d,P0137,190.73
b22f3d3e-ce40-4151-bf6b-abc6afc7bb36,P0122,92.05
3ed0c9aa-3a39-48bc-b023-755021cf19f0,P0128,34.35
5be68d5e-578c-4331-9133-c2e348afd660,P0078,91.76
aefbcd34-4131-44b6-8892-e68cbdd4e861,P0207,57.16
be192aa8-b907-4d92-8524-737fa5514b6f,P0183,16.88
f6698aaf-ad9c-4a13-bce5-f33b7b7391ba,P0101,5.93
99cb9721-f0cd-4b81-ba62-d7548222840f,P0162,8.79
965eeaa8-7275-45c5-8599-5f865e406f04,P0089,18.87
d07a09b8-f903-4f0c-9df1-3baee3ba82aa,P0036,31.7
587e8c86-28c9-484e-90be-cdd348d2372d,P0284,2.08
3686f36b-68ff-49a6-9930-5cb87c7578e6,P0271,40.95
b56161d4-7ce9-45aa-872c-3d99de5176eb,P0215,33.75
a6ebb55f-a0e2-40cc-90df-0fd39908457c,P0048,14.3
e63e7ab1-ad27-4d48-bc46-a0eb9bcc35e9,P0222,64.12
60e0e047-0166-47b3-a245-d26934431cb6,P0226,80.81
5077af9c-acb6-4e5a-a457-189d2d431b80,P0097,20.71
e11a31b7-6593-4f7e-b942-eb5898588f96,P0061,29.25
c595b242-5b3f-49a0-8f4c-f4beecff3d79,P0066,14.17
afbc7cc0-2f60-43c0-8c5c-f3d168283c19,P0221,89.23
18d3079a-8b94-4669-9abf-7d7ff992f0e4,P0192,43.72
5e76fa70-26ab-4a89-a916-66fb65abe908,P0154,32.21
826d0223-554f-4300-b7bf-bc236b44f901,P0187,14.51
0e9de263-c798-43c9-8b42-783a7d60c234,P0092,7.74
311cc243-4f54-443b-9736-8fde437428c2,P0072,4.51
09944ace-a351-4b37-8c71-bdaf78a311db,P0098,5.87
b67c6738-e37a-45a0-b635-62e3386f1db1,P0274,10.42
a9413983-85e9-4cd7-b954-8a9b8ec34e56,P0266,14.13
5ca457bc-24d2-4b84-96e7-493b85014741,P0119,11.23
9a5fa139-48d3-4997-b345-9aab6a388aca,P0195,5.89
14262777-ea1a-46b3-8e6e-655391afa9f3,P0284,135.74
3cc4c5e9-1d2e-41f1-b920-47eb8c0b9273,P0117,13.97
56eed941-e0b2-4bc7-ba1b-cadad289d50b,P0103,83.66
9dd004cb-21ea-4f62-b01d-8d6f59128967,P0051,92.45
f39656af-325c-4c75-99dd-4bc1c0b37905,P0273,70.13
e69e00d2-0806-471b-ab57-e63f6daa56fd,P0176,37.6
dc44a9cb-80e7-473a-91da-cfa15d26f5f0,P0177,48.54
cd042bfc-2138-417e-b469-c82bba044d8c,P0019,55.33
71df33f2-edd7-4585-9a1a-1692f8eb19e8,P0121,12.1
0c8f615d-8f10-406c-befd-2487f1d17a10,P0246,59.91
53bbe8fa-8e52-4af5-a675-9581fce52f4f,P0258,110.36
666841e9-e6f1-4b9a-8551-a6aeee802d6d,P0207,71.21
98f8038d-c21f-4967-9147-148135512d96,P0138,25.29
b57711a6-b1d8-4dd8-9977-dbe2b165981c,P0083,3.55
66b4b80b-cde2-47fe-b457-96057131661a,P0177,6.17
55b955ab-1fb8-4a7e-8a87-22622172156b,P0244,4.48
5405c497-05a8-492a-b9f4-698018113a4d,P0227,1.11
2b116859-8aed-4565-8b44-68d3828983a9,P0226,137.67
0c5568b4-1cde-42c8-8545-2752afd05f9d,P0197,23.75
ffc0e0b0-853b-48ae-85b7-925d085735f8,P0033,12.58
f5dd0bf2-fab6-4d9b-b632-8ce81c60a68a,P0030,4.22
6887e28b-b0bb-46c1-be0b-ebf093549912,P0141,30.52
345a388a-f9fc-45ac-b8fa-053422b93cb0,P0026,66.19
bdf07749-738b-4b97-af9b-cedce4e48787,P0166,105.57
335c2368-288b-4fe6-9f03-9e9f678c62d3,P0146,11.13
0e8cd96f-30c1-4d7f-8b4d-07cdd279cdc7,P0208,15.68
ed5fe8ba-3312-41c4-b3c9-b15a24608f44,P0209,52.9
917609ae-7a54-4623-93af-ed32809f89fe,P0042,32.36
091e301e-73d3-442c-8ccb-861cf9f79ffe,P0296,53.77
584e2017-0f5c-435c-8c8e-b31f8b6166a9,P0078,43.08
deb416cc-06ac-479e-8b79-78fdd8f03ecc,P0116,9.68
8fec9a2a-b454-473e-b18b-580598de6d39,P0077,34.18
70552d4a-411e-400f-aa0b-098d7e457735,P0142,0.75
12eff27a-2162-4b5b-9bc0-127c07092b68,P0072,14.91
55014d6f-eabc-4ddd-9af1-c7947e0a319b,P0222,0.95
b2b994a8-f69e-4c23-8a2c-7604af9ecf5d,P0218,38.96
348f553e-e93c-4204-bc51-b730c987146e,P0269,3.8
ec953656-b9f5-4968-a0af-553020f2831e,P0096,32.55
cd6a9e7f-4232-4edb-8351-2dd2d6a48000,P0285,16.2
89ad270e-841b-49b1-8f2a-8ac56d700eef,P0093,21.14
e64809d3-ac55-4ab1-b84c-639f11bd698a,P0252,16.69
08e0bb4e-8d21-4646-bcfc-c7f20ed4e860,P0300,60.88
5d089bbf-4c11-4ead-a2ad-69b565536605,P0102,34.53
448ec53e-fb06-4653-b5e7-7b127f793192,P0284,35.95
2243d828-7b8c-4a40-a06e-56c056b97f4e,P0182,87.32
4663dc97-36e7-4343-a80c-29275b483489,P0229,44.76
b4fec70c-a474-4239-9e35-fcc1753acee2,P0117,67.8
afc2afc0-e420-48d0-84c2-d1faeaf31dd1,P0014,70.37
265ac0c2-cdbf-44dc-b654-eb00505189dc,P0275,18.16
9596e10a-be61-4d04-943e-9fdaba1485e5,P0199,86.02
d36219a9-61fb-48e5-ac46-a60030b7d7ab,P0103,26.57
6efd11c9-ed79-493c-81f8-3eb1ef3f594a,P0046,10.88
a8115d6b-13e1-4759-9b88-b8c6b5022021,P0137,53.57
3f3f078c-39eb-4310-a904-f9fe1d54a798,P0031,15.35
73576c7c-77f7-4a4b-bb8e-206b48d48207,P0205,26.17
c27e1ce0-1b8b-495d-8ad2-e2f557c05011,P0188,50.8
6dd9491d-e1b9-487a-a97e-7f0b788d72be,P0099,20.97
dcfe71c0-369c-435f-a6bf-5aa1cda2030a,P0210,38.5
d3e8d9b0-1e6b-486a-b372-879a00998b42,P0251,35.62
5c27aae3-d559-4ad7-a1f6-28d712bf5f6c,P0211,5.99
3b730646-7309-4e55-8636-023308d2802b,P0147,16.35
a3037f43-ac38-47c5-904d-108216c6ceb8,P0249,23.2
93b3134e-9822-45e6-b9ea-9c0135af9754,P0056,53.7
2aefc617-abea-4c83-8c07-1fd7a605c576,P0045,2.74
bbbab611-d7cc-491e-866d-3db6cfb2f9cc,P0222,64.31
0e31e418-cdb9-4e6f-80b3-a60eed9d87c0,P0117,119.65
ac18407f-a039-49f6-98d1-e8c2653f2e65,P0093,15.95
a3e2a47a-3a83-40af-8eff-0e9250c52112,P0040,63.43
702c255e-dd3f-4345-81cb-1668ebc42ff9,P0110,2.11
d1197bf3-d12e-4dab-8393-717dcbb15338,P0023,19.33
947dfef2-63f5-4ed0-974c-68aa5442289f,P0106,15.36
e077505f-a9ad-49c0-b17e-42650109f870,P0029,4.0
0071cb6d-32f2-4bda-bce7-c0cc370da12e,P0254,17.92
b8c361bc-2fd9-462d-a690-85d1ce46049f,P0159,12.98
f0d1a89a-954a-4e5d-99c0-790898767d8e,P0171,13.12
7a7be7ee-2065-4d1c-bb38-16583f0f1c6b,P0085,23.45
c86e02ff-7cc2-4ac8-a92d-f31a590c2b09,P0129,1.64
14a95616-01d7-42c5-b7df-add3d27dc7e8,P0261,28.21
420be224-0652-44ca-b23f-39c665d604dd,P0160,33.48
ae524736-3e6d-4a68-8599-f37d4b4548eb,P0044,17.94
96a2f21b-0a6e-45af-9b7e-1fa0ca483c47,P0090,228.17
8f6bc20f-1a98-4418-87a2-9e6c12a6c4f4,P0204,82.39
f405ec3a-479d-404f-aab7-cf7cb9510637,P0132,11.48
8d37c932-916e-42fb-aa6b-953c492fc0bf,P0108,22.64
831cb2f0-2dca-4f39-8e6f-6e44fee6faae,P0007,25.32
abe2ede2-2d8a-4364-98ee-9157cae93ceb,P0172,113.91
2e5431bd-f487-43e5-b206-e9a477ebd87e,P0207,43.68
2547b8aa-9b9a-4aba-9973-3b41ce4bfcc4,P0021,34.14
af44e131-644b-4695-8e48-d536557678de,P0248,102.82
a13fe180-532e-488b-a90c-ee12e1a1f4a6,P0293,25.39
2361a6b9-7a98-4c4f-bbf3-aa4f509965b2,P0096,66.8
e3680bdd-0ec1-46ad-b260-45693efb5074,P0245,4.52
7c057e4f-6e49-48e7-b0ea-829fb2aa32b0,P0084,29.73
989ab3b6-cc17-4efa-bd1f-92259ca67a08,P0275,9.16
72e7780c-345f-41b4-84a7-830f7fcf1c21,P0176,109.12
b729b7e2-f9be-4529-9009-efc3029fac03,P0191,83.86
658b3f3a-b55b-45ac-af28-12f792297274,P0053,134.69
adec2b23-72fa-4e26-88fd-94b989e4da2a,P0091,3.97
d248d710-8281-48f7-9357-bf7ce491870a,P0023,64.66
ffcda675-2430-49fd-980c-8a8ba6b658c1,P0104,147.43
c3c9e170-58f1-44ef-998b-dae22d870957,P0214,4.81
49d56e60-3b42-4b4a-be24-b1b570c64618,P0053,7.65
62f78ab2-a3c1-451b-a8a1-da9f5af06c7e,P0171,21.08
9c46d9c0-54de-4807-a425-69dc9aa4bdd6,P0057,30.99
76aa73d0-ce9c-4f54-9b4a-0e7cebf2793d,P0191,84.5
1c238e98-e767-4e28-ab4c-aa2497d4edda,P0071,3.77
b41542e3-a3b5-4592-965e-bb6c66a7b5be,P0009,39.76
c1390d9b-213d-4efd-89dd-71d27b046e16,P0022,33.97
bcf1a3ef-8893-4360-a4ef-8564995812e5,P0075,0.97
379f26bd-6b75-416c-94a4-fe2766bf1675,P0088,24.08
57b51a16-48b2-400f-a5a0-971b059d04ec,P0050,91.64
bdb8dd41-9ae5-4d70-bc1e-7113ef57a448,P0105,34.47
48cea1bc-ab81-496c-9527-8ffc63b2931c,P0122,53.68
f40038b2-c206-42fe-be4e-b1db10642a86,P0291,7.86
dcbff108-4c30-496d-8e80-911784199602,P0290,40.78
d1e1095e-6590-46ab-afae-8c8ba3aa43eb,P0149,6.3
a49fad92-dc5a-4a17-9524-40a14a695b89,P0156,12.0
3e171dd2-91d5-47a2-90e1-3eb4587c03de,P0049,40.52
33b3fa48-2262-457a-994a-af4825fb0274,P0075,61.05
10800fd1-d37e-404a-b9f8-948772f0ca4e,P0026,32.59
94204e7c-4826-4b97-aacb-db0235dc4d92,P0020,77.09
acac6df6-1eae-4122-a0de-b792d2e6edb9,P0011,7.35
82b50a93-0478-4604-9c4c-f8db045437ed,P0111,4.47
e1631055-7fb1-424c-8f15-44cbcaa8e0a5,P0184,45.04
a50b9c28-5702-4d42-a082-74d9af7f1fd1,P0262,23.8
2fb6cf0d-1cd8-49b3-b72b-5dfa57796356,P0250,18.58
5acb00c9-9914-499a-b75c-6efdd36b1440,P0286,221.42
1f303985-ddd5-43d4-b754-3ea040731966,P0039,9.07
1321e0b0-02dd-48a0-83fa-731c794eec23,P0118,4.3
296585f9-118e-4285-8e67-7ef2c7063c26,P0251,10.01
0ff04a0b-1aaf-4c2a-9554-bd9539890126,P0240,6.0
f5089a95-ebe7-42d9-b039-dccda37fb828,P0111,59.93
fa46c32a-c5df-4ede-8c01-6c66ea0ccee0,P0265,50.54
41838a40-db1a-41d9-86c0-431eb67ce0f9,P0096,66.34
7ccfbcf1-0964-45e0-aed6-2dd9c6c82386,P0125,7.61
c7fc5921-f3e6-42b2-964a-92eaff6daad0,P0006,15.75
f042d8ae-27a7-4384-a200-d476365f4910,P0164,48.61
714d3c29-a335-44d0-b146-418c58e3d1a3,P0166,15.43
9064f73d-9f34-484c-905a-2406c89874fa,P0016,0.35
efc613c4-cb2d-4b9d-82e5-5f76b4f93246,P0070,6.15
51b5ae6a-e186-44dd-ba23-079de8beca3c,P0051,38.2
eef46ac5-2256-4d7c-aaa7-b7e46ae4e46d,P0141,1.89
6cfe9f48-000d-4048-a1e6-37c8e6f1f77b,P0084,13.95
10800fd1-d37e-404a-b9f8-948772f0ca4e,P0297,122.71
ffa65cc4-1784-466f-a11f-0cebd9df27c4,P0033,2.67
b68a74cc-5dc5-44f8-81a5-9a9af76f64c6,P0223,27.44
81cf3b71-6010-41e5-90af-e52748bc4999,P0075,9.71
4d3973ad-349c-4d9c-94ed-a01912eb7367,P0136,29.15
ee91b54f-d3e7-4f1f-98fc-2cfdf783fe8d,P0250,187.17
fc2364ab-95ca-4be4-a28e-26f663c0379a,P0160,87.47
1d6d7fe6-b25b-40f7-8d1b-f01bfba9be39,P0023,105.04
5e5cd896-0b15-49a3-b276-49dbede903db,P0271,155.77
1277ca71-26dc-4534-8965-0fb355e3151a,P0106,97.28
e5dc4340-ba6f-422a-b39e-d6b7fa025310,P0235,25.76
f3dc8bd6-0733-4b95-893e-bd3a1347406e,P0211,9.86
0ad33bbd-c336-4a61-b08b-28b6ea8e4778,P0144,9.38
2a1e79df-bb43-4e84-8136-f99649cb0e9b,P0111,31.84
e655e061-74be-4f5d-aa42-aff8313667ab,P0272,122.4
276ed035-235a-444c-a1d0-afe45c5b15f3,P0072,23.34
6162aeb7-5fda-4dac-96a1-474dd6533d05,P0242,112.25
4ede349a-921e-42f8-a0d3-8d8d5ab1481e,P0052,297.21
0fbadacd-bcf8-4a86-a06b-90bf84804519,P0034,3.27
01b15afe-3049-4b07-8c18-01e8b92b4655,P0012,98.75
b415ea49-c9eb-4c19-9e3c-34216fb26136,P0087,67.95
1c455787-dd14-4082-9dad-afcc141f8ec3,P0260,66.23
6aec52c6-9023-4f1a-a41c-7d1c092d4d77,P0124,9.21
4c06dde3-09cc-4ff3-9151-fdd3b41cfba8,P0290,34.55
214c410e-fb79-4831-a1a8-849f9003d2b4,P0016,4.44
ecaadeae-5c8b-408e-b555-921114e2c93d,P0043,5.4
5ed772b8-c959-4153-86c4-fd8793969184,P0125,1.11
8be69012-9aa2-4145-b58f-73aea9fea6ac,P0171,62.05
d525e28f-c243-47a5-b324-481ea5225db1,P0112,17.36
647e2375-a609-4223-81e5-056a80d38b9d,P0093,35.05
3c7a2381-e113-43e9-ab9e-6ab1d85d73d5,P0030,109.72
566b20e3-7055-4600-baf4-5824d655a19b,P0029,0.41
0b9d6798-19f7-4cdb-9ea9-84827292455d,P0259,41.43
1d60ff9b-2a14-47c1-a695-4614cb9fc8d6,P0254,0.34
430803cf-87eb-40d1-a1e9-f7ab1fff49d4,P0268,62.92
a4ea32d1-c33a-42e9-aec0-402a2929f598,P0102,29.0
4e7da6a1-cdee-462b-90d8-652f766cf36f,P0137,58.6
1962bd51-14aa-486b-9157-cdb5d2c98e96,P0298,103.28
1293d88c-3054-40b7-b005-d1b776bc1a71,P0116,3.13
f6153cd7-2312-43cf-926b-12fe242c8f04,P0078,19.64
43ca7525-ad1d-4dae-a975-f9605776da99,P0110,10.4
086ac3dd-4547-40eb-a803-189a5e6cf24a,P0094,11.71
96faae18-ed33-447f-a5e6-2f491e219d26,P0050,25.59
51d03f41-2b40-4da8-8559-0ff0f8bf01d4,P0234,48.59
f486172b-9796-4443-a289-7af24c42b648,P0164,20.37
18365591-2e0d-422c-9de3-f7c3148bc373,P0190,26.87
70db077e-6035-42e6-8dcd-c9179d975433,P0284,12.0
f6660db0-4055-48c8-b9b8-033ff9e55719,P0259,22.03
014e2f97-02ab-4985-9685-d980b2a6a0b1,P0196,102.31
4ef36e63-e2b2-41b1-b780-adb4efe7c34a,P0056,6.12
6884fe9d-7dcc-4a93-adab-bc03fb1aa885,P0200,100.42
937a84cb-be0f-4b96-b15c-9c94e792b9a2,P0235,95.87
32feb50d-2798-4c33-9d1e-ff608fbd112f,P0074,43.34
326cdb80-9ec2-4ac5-91ec-a96a2ed715a9,P0093,8.38
2c7f755c-9695-4a41-86c8-92de259890f1,P0212,1.7
06ed619a-2030-4876-88d9-f9f34400c361,P0141,9.11
259ff0ae-95b5-4d93-9bb0-97109b6cd23c,P0264,43.53
0aaf5b6c-34dc-4a28-8ee1-b1cc69dcd81e,P0146,12.32
41838a40-db1a-41d9-86c0-431eb67ce0f9,P0256,4.07
4674746a-ab06-4549-a082-fc476eda1770,P0003,0.63
b2a450ed-c6de-423d-af7d-eb3aada8ed3a,P0296,133.84
89c935df-3320-4a0a-991b-0fde16b803c0,P0203,192.1
1d902049-83b7-4f50-a594-6b56fa4a5798,P0181,80.67
fafd9779-f03e-4b3f-85d7-cf681483fc03,P0036,42.25
71741287-120d-4296-986f-d4c256014d54,P0233,107.91
f35c6e3b-a1ff-4bf3-8631-db80c12e40ed,P0166,28.06
eec7ac59-5683-4eb0-a5fd-ad1faf166eb8,P0114,10.31
e777aeee-dfaf-4d4c-a80e-e870565f123a,P0025,43.35
c40f97b5-50cb-4564-88c9-6be0f5c8e488,P0206,6.2
de80aa15-aaee-41f4-a663-66dde1dec671,P0123,35.74
4c06dde3-09cc-4ff3-9151-fdd3b41cfba8,P0057,22.72
1403847c-61b4-404e-9929-6113b2c17126,P0047,33.83
0e5fbef2-117c-4167-bf90-902f2ec90de7,P0101,90.22
fa0976f1-ab55-430a-82ca-44275550460a,P0141,3.84
10b6244d-d8c4-48fd-a5fe-317263d8c86f,P0117,67.35
5880caed-65dc-4aab-9839-eb370a558e84,P0002,33.28
3a64e2f2-1db3-4712-8b17-b970f56292f9,P0158,0.54
af232373-c0fb-4103-9c96-a1ba9f3d744d,P0276,12.8
f227b9e2-be4b-4c39-805e-4bded21eaedd,P0208,70.06
56c86468-67de-43a2-84e6-1bc950742d80,P0221,90.15
5c3108bb-f80c-4dfe-b89b-a26cd860738f,P0044,75.02
1512cc78-d662-477c-a0df-271441b88d9b,P0139,42.24
5e83c0af-4475-41d3-8424-1981ba8288a4,P0290,7.44
f5616cd7-fbae-41cd-8803-c2df2cdd1330,P0168,4.67
82b0550f-c794-45b7-b472-6051c29fa1be,P0083,30.89
4ff74e8a-e3a6-418b-906b-90b2b3ee6672,P0220,37.04
dea81df4-9fdf-46a3-8e9f-b610ccad7003,P0289,80.39
bf9046dc-983a-4829-ba52-d88ad093ecfd,P0074,7.83
1cd74463-0a5a-4ae0-a789-eb306c24aad4,P0217,9.62
4c07552f-7044-4463-8102-fa05fcc56da2,P0248,45.73
101067af-116d-4ef4-a7ae-9e627c7cf3c2,P0083,67.31
d873781b-0ff0-4c9f-9964-8de302a55d82,P0273,35.52
163ecb9d-0b07-483f-9f6c-a615f3fe0a3b,P0114,104.28
c4b21dbb-045c-42d4-a2f0-c5b3bb9bbbcb,P0030,78.86
a6f5c906-4ec5-44d8-8218-ec8b91496ec6,P0150,14.41
e87de402-084a-4c45-8051-9c9b592f2ddb,P0259,52.11
f45295ce-b444-4f58-b3e1-90e26a4dd884,P0078,53.27
8b3a9d57-bdd3-4f58-8776-404b60ad1832,P0233,76.84
903a8cbb-dc58-4cc2-b9fb-c263a8892288,P0267,10.87
c27e1ce0-1b8b-495d-8ad2-e2f557c05011,P0279,20.13
37be3110-ea1a-4d56-88c4-2c9a25952c24,P0074,22.41
5d5b773c-8798-4192-8a0c-ff16c03c01c1,P0030,14.67
69481391-7484-4f24-b51c-11fa2d12b04a,P0239,59.21
96a4cd79-3839-40f4-9922-7eb4ce718eab,P0042,52.79
8323f5b6-ed64-4c2f-9a92-87a6bb05d580,P0298,90.47
62bd3eca-3408-4406-8442-3751d8b3186d,P0109,14.39
656ecaac-ca5f-48a4-ba95-7b57afdff5b2,P0291,7.06
fa46c32a-c5df-4ede-8c01-6c66ea0ccee0,P0151,39.97
163ecb9d-0b07-483f-9f6c-a615f3fe0a3b,P0290,7.11
bbbab611-d7cc-491e-866d-3db6cfb2f9cc,P0154,19.44
4e1d07a5-bbfa-4b0a-a09c-4c9a0aa0032e,P0097,21.61
b227b037-70fc-41a9-9aef-3c15c6bc3213,P0282,0.98
3c03e079-01fb-46d0-8ad8-b87562cd5410,P0298,19.02
4998beb5-958b-4eac-a4f3-c8227e714379,P0176,26.28
afc2a175-c6e9-4a12-ae3d-8e0b04174785,P0050,21.88
832d2d41-c457-4eb5-88ce-a22b85a2d862,P0208,83.4
c8686900-b91d-41cf-ac9e-31897127cdd9,P0151,33.05
4e21ce01-704b-42e2-97e2-ea21609b5c9b,P0135,9.72
10497917-a7c2-48a4-8516-f6fd4681111b,P0173,49.83
3502baa3-3298-4362-8fac-fc0425c31d34,P0155,0.22
cbc723ed-73de-4ebc-8d20-8a5dd918d6fb,P0300,13.96
251958ae-6992-4e75-99b5-4d1820522904,P0091,33.05
817598a8-b7f7-4ada-858e-192e873b9ffb,P0029,44.68
5c982bcc-ae8a-4b81-ae8c-3a106e2b51af,P0175,11.87
9be962d2-7757-468b-ac97-7a9a220d4405,P0039,67.35
7feac0c5-106b-4369-af1a-a2f2674cb100,P0159,22.74
ca420573-7b56-4bd6-a4f6-51fbb7af2634,P0227,26.16
011267bc-3aa4-4b8b-a234-fc88352dc741,P0192,31.65
4f7f9673-ab85-4415-aeb4-48894449e112,P0026,104.52
202f6f1c-c12e-4044-a90f-6a1275b4a0a0,P0106,37.75
44372776-5a63-4b4c-b034-e5c50fd743bc,P0158,22.52
87803281-193a-4415-bb1d-484898342b5a,P0089,113.11
8274f165-4cf3-432d-896f-8e4277b80c7d,P0063,77.23
e8d681c6-3898-4d4d-b2f7-e0c5df18c4ce,P0218,22.82
ddfe8c81-095e-44dc-bbcf-7123cc62cced,P0014,17.67
e26c03f5-a42c-4bd5-83c0-a7644173f8d9,P0282,27.0
0048ad40-cb9f-47e8-a701-3afa4b9f1f8c,P0228,1.73
3e2b57b2-c987-4a14-b598-f893d5287c14,P0267,50.86
fb14d416-1774-4bc2-b087-64a61668a203,P0276,52.0
9784455f-ac82-4f03-a8f4-e845b22392c6,P0152,34.22
10f6b73b-6850-48fd-a9b3-91d131d43c85,P0093,15.55
004660c5-aca4-4b1f-bdde-958b3d534b3a,P0214,61.49
55014d6f-eabc-4ddd-9af1-c7947e0a319b,P0185,7.42
ef0c48f2-5294-464c-8293-3e78a769cecb,P0109,18.83
c755d485-75a8-4e28-a584-f8647e279055,P0123,3.46
bfc5070b-a5d5-408d-bc71-9ea988cb3f60,P0125,4.29
3ebb05e7-d117-4d4b-9378-c229e6e2fa6a,P0039,94.24
305b6e8b-82e7-485f-8f81-e1734785851a,P0146,28.28
cc7af329-d6b1-4858-acb7-63166f8aafce,P0203,0.41
dd9e18a3-8363-4de2-abb4-8b89a84b0018,P0257,20.64
c8b615a5-ae0a-48a5-af83-2bbe271b37ad,P0170,36.7
cc7af329-d6b1-4858-acb7-63166f8aafce,P0070,5.99
1bcfacb8-363c-43a0-aa37-67a307495951,P0042,32.65
0ea85035-6fc9-4ec0-813f-08265be1c181,P0276,29.52
c464fa6d-571a-48b6-9d16-53693a1f4803,P0282,32.93
4c75c944-e941-4210-a4cf-f6bef6eecd3e,P0228,86.95
523e9a86-d650-4cfa-ae0c-4a1af4b8c09b,P0096,7.79
85ea58ca-d2de-4f03-b497-c0b3eef7f9dd,P0032,57.17
cac9be38-6d8c-4a45-aca2-fa52aea16c8f,P0029,42.43
25e94a10-fa76-46f8-9826-2607ef3a7a29,P0076,0.78
381f2c4b-22b5-4f87-a3b8-ffd0e9675dcb,P0055,125.0
2217c693-e7bf-4325-a8ab-7d4f42ff2d5f,P0253,11.28
eefaf7ad-e814-478a-80f6-cc3ac9e19e0f,P0202,9.63
d79013a1-1f5e-4828-95dc-40fbd4218743,P0049,21.33
7bb1cfaa-76f2-4c1d-91f9-114681536e89,P0279,7.18
e93a0f77-cef6-4efc-84b7-daa2ee5b985b,P0217,5.95
52ae14ec-2796-48fe-8535-2ad43509b749,P0235,26.84
41e30bf6-d675-4f21-922d-25d8f96ed136,P0259,34.81
febab24b-36c3-4118-b009-10d59d493d7a,P0263,5.27
e12b6136-d497-40a2-aef6-79061ffb87b3,P0121,1.08
b4fec70c-a474-4239-9e35-fcc1753acee2,P0010,1.69
567c1b21-6bd4-4a4d-bfae-abd065442fa5,P0164,2.75
ed718a72-1121-4ae1-b897-dda6ff0ca247,P0300,2.39
88322cd7-5d42-4493-a041-b11d34ea676d,P0010,81.13
09c5f4c2-f841-4a8c-8cd8-bf5166bab6c2,P0295,15.81
1c2bd965-6496-4506-bb68-86d0dd52f862,P0053,70.43
d3a2597f-1c72-42b9-a055-4a5db6bbf959,P0280,16.99
f4e5cd64-0279-4c6f-a762-f1471402e6d2,P0194,20.2
15c9b5a0-5e79-485e-a4e2-e10f54b6aa4d,P0184,0.56
ed9d739f-cd74-4fd5-9575-9b620cd5f4c9,P0140,7.53
8236c002-9578-4807-85f7-6bad6209dae2,P0115,1.94
ec62da7a-682b-4c01-a024-33f9f8aa6695,P0212,135.26
8914b12d-bee0-4706-9191-d1f36088138e,P0027,14.48
11e2c12e-96fe-406f-a829-0132d68d2c82,P0127,50.65
c171cbe1-ef59-48f5-9df3-c27d86547426,P0139,7.95
a203fc81-22e0-44de-9695-3be5c2fba8db,P0127,28.64
6ca294e2-7c43-4744-b1c5-d5a6292b5e9a,P0088,29.77
c9dd5763-51a9-4621-912a-5b6ad282d5cc,P0201,31.28
9567e6a1-ff5e-47fc-bee9-8c3ec9fc3912,P0208,27.16
8b1b2351-64d9-457e-9dad-26a5bed3d5e5,P0234,112.4
23b21dc4-47ec-491f-b16c-331a5e15f903,P0224,46.56
655312c5-9db0-4675-94e2-a22c68f279b4,P0090,14.01
f23acb3e-be0a-4214-9b0e-5d6f5420240a,P0160,64.86
5307ab3d-d292-4657-9511-83bbf348ed6b,P0125,91.02
6c6a89f1-e62b-4b06-8856-8a655c06449c,P0074,36.12
43d8ed69-6e20-40e5-b3e7-b11878f0805e,P0241,31.11
f32a6c93-dbcc-4478-9b12-1e0182e3decb,P0176,93.93
e3f68f45-3d0f-41bf-9fcb-dd6419cab123,P0162,117.5
e6cbeca7-8a48-43b2-9ead-9371f530721a,P0242,47.79
bbb01902-8e03-4f4f-a366-19afbc03c8e9,P0202,21.66
2fab9908-ddd2-4196-8eac-682f845c127d,P0206,14.61
c8ecc49f-b133-4af4-a2dd-140bd49cdeec,P0052,29.27
46705ba1-f2c1-473a-9ace-5174c08aba65,P0154,6.87
9ed8b6eb-4fcb-43f1-9219-4ac2fbbfdcc0,P0177,7.63
db6a2841-a780-4351-92f4-88b19632d7cd,P0270,1.24
f2c0ef7f-6c66-4284-8396-9b737b518169,P0203,0.27
4726353f-99a5-410c-a663-f8246431a8b1,P0147,86.51
fb21ee2d-e6fe-4615-b0bb-755dd5974e56,P0069,26.09
65e2d7e3-db0c-49c9-917f-4bbe9b97a62f,P0179,12.8
581090f7-5268-410d-a23e-4d605e1404d6,P0084,19.61
ef6adc6e-d942-49a6-8e2a-8dea6c7b4428,P0258,6.27
9bf56001-220a-4b6f-b95c-39ba5e72046f,P0035,35.51
a850d6f8-c0b5-4c50-9a88-8f41068fa1f1,P0106,30.88
bcaf1b79-0e04-4c51-a777-befc04654bd6,P0224,87.12
2eb16177-8f6b-4180-9aa1-8e72c0c38737,P0153,85.99
cc38dabf-f086-44f1-9270-443749107b8f,P0226,19.45
d25d3196-800b-4a7f-9c8a-68114ab6c563,P0180,9.82
eb36fe09-d178-4b0e-834d-cce129e9f550,P0049,36.5
b5901549-b976-48df-a6e5-5278c7d3af0f,P0119,19.65
ecc5cf8a-04fc-4c5e-a99d-05da3ba8da55,P0286,36.96
2fc088e2-dfab-48aa-b72b-94e765ab4fbb,P0283,33.4
38530a20-5057-48ba-8f6f-84ab1470dd01,P0238,1.06
23e68779-b527-418b-ad19-6d2095106f01,P0284,35.52
74dbd4ca-ae4e-4b96-863d-7be5543d621c,P0116,4.56
17a6b52f-ba47-445b-8de0-87a9e59db19f,P0017,17.61
ce5b40ed-3d77-4753-ad67-048c7b296b77,P0243,14.54
673f93e7-d05d-4b70-b7d9-987bbd54471d,P0200,26.52
96f5dc29-08a9-4a3a-876c-24aadc676f1d,P0112,6.99
87803281-193a-4415-bb1d-484898342b5a,P0057,7.03
e5e53897-507a-4c67-bcb3-761b4191c8f1,P0207,1.66
214c410e-fb79-4831-a1a8-849f9003d2b4,P0192,98.02
4246cb94-90c8-4098-afe4-d7edd363522e,P0105,16.03
ae3a55b6-b02f-4f29-98e6-68f4b74f5ca7,P0259,151.94
fcc7b211-dfdb-49f5-8eba-c8973336966d,P0077,19.79
7b16f8aa-fd21-46e8-93ad-a88196354f76,P0172,33.17
cdcce582-ae9d-4e98-bb82-616a3d8b70b3,P0194,73.1
8619fecf-70a6-4d5a-858e-924e80215772,P0188,29.63
51c83504-c7f8-4356-af81-0cea2b7df084,P0171,12.19
194bdaa3-bcd8-4b58-9f72-5166988852bd,P0060,27.0
f0dd1539-a361-464f-90ba-b5317d768352,P0035,40.23
215c3f5c-6076-40d9-9720-978a9af68b21,P0001,43.36
bd654cbe-8469-45a0-8ddc-c31b77a5751d,P0218,6.65
61feca89-69e5-42ef-9872-a736586a6733,P0064,5.99
e963c4aa-720e-4641-bb09-afa55e493703,P0186,81.01
cde25618-f052-4d3f-bafe-198fb8da05a4,P0089,81.63
3625e796-a407-4e3e-b36b-2ba1ab9031d2,P0139,14.2
ea54029e-0e0b-46a4-8092-24baab163d3e,P0142,19.87
4c4c668a-b0f1-4d30-a553-4d2ea15f8cb7,P0096,7.14
b7546a9f-baae-4ec0-a194-8156ddf042aa,P0104,79.35
dbf672d6-4d6e-401e-81b9-9ef3cd9f4e43,P0139,9.8
871aeadb-af97-49d3-8346-65c0a7197863,P0259,82.53
4ad6dc5f-f27c-4d5c-bae0-2c3a91b8c1de,P0169,73.0
cc7af329-d6b1-4858-acb7-63166f8aafce,P0278,24.95
c7568fb9-7966-4a52-8eb4-32dbe64853d3,P0231,37.22
654b0fd1-49fd-40de-b610-02aededb6201,P0211,38.92
4d912a80-a1d7-4422-9278-b2554cf1fb3a,P0224,9.28
b40d4871-e4db-4a87-9c0d-513bee67a0af,P0145,6.38
5baf2760-9478-4147-bd48-7546ddce4307,P0188,88.92
fee8b8fc-a046-4283-b0ce-604cd88efe12,P0231,43.42
c06c7015-403a-44f0-a30c-852bca02b9ac,P0283,66.14
cad3f65a-2893-43bf-acc2-2aba96cd53e0,P0051,42.37
8304bb1b-8fa3-491e-a0a5-63d85afa6b41,P0234,89.61
8352b025-6660-4843-b137-c4d4d921a68c,P0100,10.87
84c13ab2-03a1-4c6c-86ff-ca488be2adf1,P0051,21.11
3b81ba66-ef7b-4423-9cc0-d343494a8350,P0098,4.21
e8be8142-785a-44a3-813c-4bb4e7ffd7f6,P0260,11.25
5dd42ff9-486b-4a79-a4cb-2996097413c5,P0061,24.15
1987fac4-a413-4a74-b1f4-b0660910e320,P0068,13.1
a8be82ff-b677-40e8-a6aa-5ce1fbbe684a,P0091,6.45
9b90729b-e003-42cc-bafb-312e0b07e82c,P0233,36.71
c6571159-e9cf-45cb-bb99-ee63f3450e27,P0281,44.0
9e0255ac-3848-44ba-8016-f84bb645510e,P0053,28.68
c06c7015-403a-44f0-a30c-852bca02b9ac,P0146,119.87
6905829e-ef49-496d-b49e-e8d6df9e40d2,P0108,6.93
9e0255ac-3848-44ba-8016-f84bb645510e,P0181,183.65
c3956bf9-e501-41e3-94be-d6618cec79bf,P0105,4.46
79f95fec-5e35-4554-857d-7c92dd4da8ca,P0187,16.93
96fd7c4a-c152-43ab-9797-b5d23310660c,P0013,9.25
fd338ec5-5e6a-4ffa-bf56-12e11cc257d4,P0004,13.29
df9fd754-f8fd-4c65-8318-07e0738c39d2,P0159,36.98
c2c95181-8c54-49c2-9b6a-4898db34c1b0,P0156,2.04
4b8156eb-3598-497f-b4a3-ad816205dffe,P0286,43.85
edefa637-a086-47f7-9de1-3fffa6de5c7c,P0231,10.08
b4918edb-26d9-4de4-bf4f-f57d45801401,P0006,13.41
6463e784-8f7c-4969-ba39-a9b913775595,P0053,6.27
a2ac916d-3c62-46c0-b1b2-a3f9d0ebc6ed,P0007,0.42
3686f36b-68ff-49a6-9930-5cb87c7578e6,P0145,31.93
867b210d-8f0d-48d7-9926-9ee60a98cdac,P0012,6.87
25fcd1dd-93f3-4338-9cf9-913d7e60c11b,P0280,24.77
1e268d12-6c38-4198-b7cb-f411d2fa223d,P0080,4.25
43a46a11-3783-4979-9460-6235b9cbc9ca,P0265,0.38
fa307a64-143b-41c1-9e02-f419f4f562b5,P0178,39.58
a2047f07-760b-46c3-bfc0-6a35a167cb9d,P0165,60.78
55366a28-9da5-4341-84b6-2c7e2d71b989,P0077,39.7
c755d485-75a8-4e28-a584-f8647e279055,P0115,73.79
e68db048-062d-4386-befb-522e22a43bc4,P0116,23.0
e69e00d2-0806-471b-ab57-e63f6daa56fd,P0294,1.07
5be68d5e-578c-4331-9133-c2e348afd660,P0156,29.14
e1631055-7fb1-424c-8f15-44cbcaa8e0a5,P0086,85.48
17123bf2-c829-4f1b-bec4-8cd1fb5b7466,P0147,7.52
ffde384b-7b54-4739-948f-85d95dc43674,P0157,90.77
a75caac4-7533-4eed-a976-3fb6e42c5bb9,P0215,14.0
4d067e6f-b2b8-4573-8e17-fa82b69ee4d3,P0274,95.05
ae68aae9-1692-4160-979b-2ae71fda2134,P0076,6.53
37be533d-73c9-4f49-ac54-31fe3c042dbd,P0248,149.79
9481c2ea-0e0b-4e48-a0af-b3300129be12,P0070,47.31
3b8e48ea-9553-4040-a9c0-fd3636fb1cae,P0013,78.52
b924424f-2219-4250-afd0-4a5ebbd76155,P0298,170.64
1d758b9b-fc1e-4590-a0bf-59e573f61019,P0155,20.84
0d28bc29-74fe-434a-a637-e1d0427456e5,P0242,205.69
210ee13d-a59d-4a42-8ab7-84ab9a73a1c6,P0170,112.44
d2bba4c9-c4e2-4b10-bbc5-4cdddbb9fde3,P0157,86.94
a31542d8-9e59-48d3-a9b5-7369c1ef90b1,P0144,39.0
9b07bf27-fe5f-43aa-9e4e-1026d560fe7a,P0017,52.32
b45edfea-8e95-4c23-9ea8-4d879a1bfc92,P0038,8.24
12a40d0f-888b-43e1-85bd-997fab14b760,P0128,26.25
fb5b45cb-6fa3-4144-96b9-21ab4a13bcb6,P0060,92.51
11609bd8-1dd5-4e92-906a-1f09701d0f9b,P0073,12.7
ea8f3fde-7659-4199-8b6b-9dfb69498ad2,P0062,24.7
6ac23f56-d56f-42ac-b97d-9616b1a9af6f,P0253,22.44
b4e9607e-54b9-45d6-96e8-3f68e51842fc,P0298,16.83
14e5c2f1-94b0-4462-8537-225f3bb26e80,P0170,83.43
831cb2f0-2dca-4f39-8e6f-6e44fee6faae,P0043,24.57
90d4baa3-4c23-46fb-a298-17034f29744d,P0070,46.24
0b060248-78b2-4265-ab62-7658138aa2ff,P0298,4.1
75419b5c-cee0-4415-a506-b57641e5588e,P0085,60.82
f581f9ee-6f83-4285-9312-11ea3f56cbe0,P0074,9.2
b8f566ea-4e48-466f-ad45-f03a7506d86e,P0038,3.59
5a65b831-db1d-4878-8522-b67b030a5e9c,P0043,13.52
bcf1a3ef-8893-4360-a4ef-8564995812e5,P0037,227.89
d734ac47-6e39-40ea-abe9-0b87725309e5,P0215,14.07
336f66cd-bfd5-4de0-ac38-4bd391c69779,P0124,63.4
ad286a9b-aaba-439d-acd5-c0802cb6e1d8,P0277,1.38
29504080-6417-4f34-a863-01577b9680a6,P0260,19.41
00c4cd99-4412-4e18-aca5-36ace12a10f8,P0041,61.12
0f0d37ba-f8eb-4e42-a714-19bf15b8f91d,P0081,25.98
91649df0-9864-45a3-8419-7513bcf44d87,P0197,12.08
f3880076-7e66-4c1d-8f95-43c0ec0ed363,P0061,8.48
755ee3f1-4dfc-4dad-84d8-f1cff46cac20,P0232,0.87
7927aa13-5e4e-4704-b49a-31ddd9301f00,P0250,3.51
02f19778-3485-4180-bbdf-9d6edc143e2d,P0129,63.61
ca420573-7b56-4bd6-a4f6-51fbb7af2634,P0256,23.53
5acb00c9-9914-499a-b75c-6efdd36b1440,P0055,79.99
0dddcd6b-a623-40a1-9b3f-1acb96dce052,P0290,57.41
a561250a-d15f-4cbe-8f2a-e57dbbdb85d3,P0171,37.67
c52e695f-7c1d-4bdc-8599-e2fb948cc689,P0112,15.5
bcde808d-b01f-4ea8-867c-4956a4a56379,P0117,13.12
4a1d5bb4-7d91-4f23-9136-3748918d3e95,P0028,129.05
a6f1bc6e-802d-4baf-88a1-c23688b9bd96,P0155,34.29
48083d90-68a1-4131-901c-7675773a19c4,P0282,25.99
ed88c4c0-4d39-425d-8350-a25b41e9c758,P0284,23.78
1eafe9e5-81ac-4eba-9b55-1cc96128dafe,P0252,15.55
71d36c1a-5122-4943-b310-818a71807f8e,P0248,0.78
f670c38b-9285-4d67-b9bb-55426273956d,P0103,15.61
90c445ad-d865-47fc-94b0-a51f7472e616,P0260,1.89
3e6d655d-f541-49da-b5e8-e5b58f5844a0,P0157,20.88
7e949d0f-69f7-4e49-8b86-5800d5564759,P0154,45.55
ce5b40ed-3d77-4753-ad67-048c7b296b77,P0070,49.79
a261226e-ce65-42c8-8b22-06377109785b,P0052,70.01
a5f3b939-1508-4a07-aeac-13df7ac39f0a,P0147,11.63
2977445b-4863-4e53-a0e9-9029d27f5623,P0002,58.37
dfa0def0-1fc6-4be3-9971-6fbbc333907d,P0190,12.08
17a6b52f-ba47-445b-8de0-87a9e59db19f,P0248,108.27
8fec9a2a-b454-473e-b18b-580598de6d39,P0072,52.35
6c53f754-c6d9-4c97-b745-301b40e371fc,P0012,120.77
a33d9d3f-2785-4974-a337-6042fde61d6e,P0270,98.24
9826e417-c35a-4987-a89b-3ea87a056f4d,P0134,31.54
01ab9065-845d-4160-9954-278cd356b3cf,P0009,159.0
8b1b2351-64d9-457e-9dad-26a5bed3d5e5,P0258,11.61
77e0647c-5cd7-4946-bc3c-4af94e8b21f8,P0013,3.7
69128db4-75ca-441c-b107-92631bbd6784,P0122,48.04
1987fac4-a413-4a74-b1f4-b0660910e320,P0012,77.61
6bb87b5e-5b1a-4d68-8070-01b8eff2520d,P0228,7.15
6c57ff0b-253a-41ee-b6bb-f9329deb5c24,P0198,150.68
2e1553a0-76c8-42f7-8b03-3b43bf725d6f,P0111,164.21
54a203f1-ab64-4ca2-a68d-eb3c53109489,P0054,47.51
8d95fc71-1dff-4805-b591-95e87442b0a4,P0151,20.96
9f9d3fe4-3954-4b68-b866-bf7fd11bc239,P0213,116.14
b6218deb-b8bb-4617-9253-10a4ef355a32,P0199,42.25
cc16e36c-e80f-4eb4-b335-1df5cb4164be,P0252,138.44
48cb2f27-2ec8-4cfe-b9e4-094d0f268c92,P0110,80.43
3411f8b9-1112-4d27-87cd-33a820950c0b,P0132,35.24
ff854024-86db-4bd0-a6ab-53ca1796ff56,P0271,7.14
6caca151-34a1-4d9a-ba69-abb37f03955a,P0220,9.83
86fe2614-8a2f-4c8d-8aaa-d3202bb4bb0a,P0158,10.97
4b061afd-4aa0-481f-b4bc-1ea35e54d46a,P0292,72.99
5e835f7b-01ea-4356-9c7f-4017fe3a2127,P0149,5.39
83f2237a-139f-4e5d-a3f9-ada82d51c48c,P0143,22.51
5a2f86da-933f-4be7-a3fd-8262664b664f,P0069,26.39
59c6a947-3301-434f-b01d-01d969ef860d,P0111,1.99
210b1200-0b96-41ea-8b24-b3ae92445bd3,P0048,29.68
cee4d04e-670c-4bfd-b275-9759635f8467,P0180,9.61
ae223508-34b5-489b-9efa-c02939418a2e,P0042,23.08
d57be9d8-2345-4a15-b734-63585f16aef2,P0252,30.09
114516b0-7c7f-4621-a53a-fe40e6c9c4d6,P0136,49.04
5794c21e-96c8-4b60-8d20-bc35ade75548,P0108,30.51
f581f9ee-6f83-4285-9312-11ea3f56cbe0,P0193,62.28
c08dda7a-4cef-4535-a62e-3fb17fd17e56,P0142,22.71
96a4cd79-3839-40f4-9922-7eb4ce718eab,P0288,12.46
14ec90a2-f783-4f89-b2ba-6058974b60f9,P0017,74.76
23c804f9-53d2-46fe-bb64-57804e4605f5,P0066,29.92
cbc723ed-73de-4ebc-8d20-8a5dd918d6fb,P0041,5.83
9798b9a1-aaee-4c6e-ba94-a1d34b57255f,P0242,24.09
0190322d-ec87-4454-86c2-e8cb91211fde,P0037,43.16
99cb9721-f0cd-4b81-ba62-d7548222840f,P0168,38.58
114642c4-e8c8-42b1-9d92-73efd1e5ff42,P0151,58.2
90bc06db-1a6f-4bcc-bad7-8fa857794bbf,P0129,13.4
ffa65cc4-1784-466f-a11f-0cebd9df27c4,P0120,12.79
d0bb3cc3-7dff-42a4-8ad1-9390ab836307,P0269,18.63
ffececc0-1010-4985-8eae-3e4cc9c20b1c,P0003,71.14
28fda55d-73d4-45a6-bbea-3ef7d7aadcb7,P0079,14.98
1a34ed11-0af6-4879-bf1d-89464df752ba,P0200,27.93
9be962d2-7757-468b-ac97-7a9a220d4405,P0112,30.23
73f79a82-f492-4712-a6de-b4f9034c09c4,P0285,3.72
7beba196-f02a-45a7-9dac-45512160e761,P0294,1.69
0e3e9cee-238d-45e2-8234-914e7536ae57,P0261,4.2
40592b9e-44be-497a-8720-9a611f45e354,P0231,40.41
155c8556-323e-4129-bada-e854f99670a1,P0283,70.29
01466481-61d2-4b49-acbc-2dcc6d9eb9b5,P0212,26.31
7930f813-f75e-4922-a269-81d2152c4efc,P0031,19.76
292742fb-b7d8-448e-a464-35e41f592fd8,P0210,0.56
6ca332db-338d-4f4f-b90a-e65747f436e7,P0030,0.53
f4bc7149-26b1-41ed-ae9a-6ee1106041f3,P0169,6.08
f391d3d3-9dda-4aa5-9165-e77974536038,P0080,12.62
0c8f615d-8f10-406c-befd-2487f1d17a10,P0241,56.86
7b981c50-5e65-40ae-a07e-aadbb69e5bf1,P0274,2.21
66e67373-3be9-45c3-a114-d9829ba83b92,P0255,57.97
45cbf505-48c4-4bf2-873f-1eaeb693b2e3,P0017,46.51
c3214b76-531c-46bc-930c-b187cd554942,P0185,4.08
2631634d-6422-47e6-ac55-6d7cb2e246a5,P0059,58.4
17ed751f-644b-4ca6-95f7-2dca559a11f5,P0134,7.09
60de108b-1313-42f3-9924-e547a930315b,P0098,34.11
00a412c2-de50-40b9-ab46-e5d9122f670c,P0170,2.96
24a198ca-90be-4a3c-8d40-c08329496f17,P0256,23.28
4982263d-6a72-45dd-9918-6585842fd89e,P0259,13.13
ac01872f-b0c4-4f02-ad34-1560dc149786,P0049,16.98
65393cd1-5964-4527-a725-750232b90cb5,P0149,10.48
57a0f732-3f7a-40a1-9fe2-c8356560a889,P0210,16.77
e27798e8-043b-4bf9-bb0c-571d49688d92,P0036,35.82
1a3f9fd2-9c95-456c-9f57-41430a68151e,P0217,42.61
b8f566ea-4e48-466f-ad45-f03a7506d86e,P0228,27.92
ae72f4e7-a866-4771-b615-4eff8b3cc205,P0066,8.81
7cc645bb-7a06-4211-b4b6-fed0163e8e8a,P0300,10.55
1c9fb9ac-2b55-4429-947a-7ac5a343a90d,P0129,6.71
78e35767-dfe4-48f6-8502-ad3ced4b8a6e,P0177,43.49
c6754bbd-d18d-403c-ace9-3d5c6ff47f3c,P0154,10.69
a7c49717-2cbc-4b8d-96e1-2d03199ed553,P0073,2.77
ccd3dbbe-d5d1-483a-887b-4ba610914349,P0213,113.39
10344148-3c21-438b-a249-f8f27d3297cb,P0029,40.96
4ee11a45-5996-4c56-af6b-b8601f976314,P0134,26.6
817babdb-da5d-42c6-8c04-9e6442aee078,P0231,35.81
e4a872e7-1a5d-450b-a951-2135b28c1025,P0071,7.0
132af304-0521-44a2-acec-f8532b07b74a,P0286,47.19
0071cb6d-32f2-4bda-bce7-c0cc370da12e,P0034,45.07
17aa5f27-d898-4192-a21e-f4b438b24afa,P0196,154.73
d55ba4d1-424a-4ec0-addd-43f32c0a6bab,P0296,60.9
278f6da6-912d-4917-9cf8-28d92981e338,P0169,8.92
13cdd3c5-039e-4064-9fbf-ae839d4aedf3,P0026,34.96
ef446475-0336-40f5-b2e2-643a005bb6c8,P0191,17.19
75fcbbaf-8629-4d36-a844-fa9343e33334,P0193,98.25
9aaafbb0-5755-4cad-9b62-e20944b86e86,P0273,20.51
05750b4a-4edc-4734-8197-521a29444f26,P0290,11.23
df41e125-60eb-4160-955a-af37674de07c,P0123,75.28
be951fd8-beab-419a-806c-ca494b1fb113,P0030,2.89
55698401-bb0f-47e3-95fc-b890f32f3718,P0025,86.16
c33cebca-ae7b-42c9-b26e-4c159b30639a,P0016,5.65
75860c60-f496-4cec-a754-da60db4a0733,P0054,47.09
297a37b7-3c47-42cd-8750-ba2bc6853861,P0231,5.45
39158055-cabc-4252-9741-a72e788279a2,P0185,33.08
a1e3a176-0878-49e0-bfd2-04c53345c80b,P0181,54.05
c71d7528-f1ca-47b9-b2b0-930f36a6abb4,P0114,1.29
892e32f2-d459-4d90-ad91-28b6d7e6388d,P0280,18.64
c4d3f51f-dc08-4371-aaa2-00a55c8bf999,P0223,51.87
4b9e2e8d-0556-4fa9-a54c-62e9313db390,P0182,20.91
11510004-bedf-45e9-80e5-baafeac56d20,P0264,8.67
d354286e-276b-4e31-83d4-a1241260cb7c,P0109,0.58
afb3581c-5ee7-4042-8b91-575b1a5e412e,P0179,16.65
922064f3-475f-435d-a920-434336c7176e,P0057,57.13
1c47d167-4c79-46a7-afa7-c54887b53ae6,P0280,1.45
a0ddc6e7-a9d5-4529-bfb3-0c5917d6319a,P0189,12.41
28450d70-acc9-42f3-bef6-e09dcd5aa73b,P0007,9.02
c4b21dbb-045c-42d4-a2f0-c5b3bb9bbbcb,P0242,8.31
770ae9e1-a056-4e4a-887e-4a013e65f6a4,P0228,36.7
6f722a0e-71c1-49de-81f9-94c06a3e76e2,P0104,14.19
71312d76-d17a-4a6d-a082-6e21662eedf5,P0257,13.26
38cf162d-b611-42fa-98df-872bf800b8a1,P0156,20.51
21db279f-4b92-4844-bf3a-4fdce4c0851d,P0028,60.97
8323f5b6-ed64-4c2f-9a92-87a6bb05d580,P0014,47.97
a5bf9f59-8e87-4a61-8e2f-5c0b450c1e68,P0190,59.14
57a0f732-3f7a-40a1-9fe2-c8356560a889,P0257,8.0
02f079d9-c0cd-4392-a470-322446e6d744,P0246,70.4
0ec71d23-5c69-4bc1-986c-079bc0748e88,P0130,23.85
cc0975a6-6ca6-47a3-96f5-9b093ac24678,P0277,70.61
189f45b3-32a2-40a4-aae2-f6f6e33038f0,P0159,49.05
b8912a3e-4b61-412f-bad3-f896d9cb9440,P0297,32.2
1d2b14f3-99c7-481f-b2c4-f284952d0f8b,P0125,12.66
60e54f1f-e15b-4da2-914d-3a0b2d98c347,P0103,16.73
8dfaf989-6d0d-4855-a3d4-46bffc0079b8,P0195,2.47
c543b3e6-ba39-47c9-9399-c76a87696b6b,P0052,19.29
ce263ed6-ef6b-4dc3-b137-e57e18984695,P0254,11.79
4c1de335-bb21-4922-9909-70ba063692b3,P0061,11.59
102794b5-9e39-4595-8dcd-7b339407a09c,P0040,48.04
351b0f32-0bf4-4a3e-a43f-b20655f9ecd8,P0056,11.14
b280f237-d767-46e8-93d0-e716070d0d4f,P0074,77.24
a8cec391-091c-4341-89c1-99c3e2bfaf51,P0291,75.49
6ab168aa-7bec-4bde-81b8-8f715bf37f91,P0098,0.65
fa0edffc-6148-43ec-8b87-a1bfffff39e9,P0160,35.5
e777aeee-dfaf-4d4c-a80e-e870565f123a,P0253,10.04
6493b618-c6f6-41ec-9dca-7e263b80aa2a,P0247,95.37
63cc5228-114b-45c7-85f1-41a7b5ba9317,P0230,73.66
4a2ec2a9-9787-4c0b-b427-cd1d1d7a3b98,P0124,39.99
ee59e5bc-65ae-4d5a-b6a8-b299108c1c4b,P0149,21.54
53cc8664-f1f6-411a-a160-c26e4d8a6bb7,P0101,104.49
6f722a0e-71c1-49de-81f9-94c06a3e76e2,P0091,27.31
b2eb458b-d727-4d4b-8bcb-28acedd4c6eb,P0178,7.31
ad69464a-f4e4-47b8-91b8-6c971befe632,P0227,23.37
f8bdd2d1-4286-49f0-bf0d-0b8c0b261fe3,P0273,16.24
3aec3abd-6126-405a-93d8-df1e56cf1532,P0085,7.57
ca8b01e4-6f63-4d0d-ab69-f8b8e1296160,P0181,82.58
08da14f7-4a1c-4b8f-af12-7965ffb5d8b3,P0012,46.37
4abf621a-d129-416b-90ae-c23bdc61def8,P0175,22.57
093ca4cf-242d-430d-b8f0-fc443b684f51,P0176,0.73
3ee35e88-1323-4e53-a7ee-f1670ac5600d,P0131,10.39
63494cb5-dd21-4cd1-b0f4-fe05f2762ab0,P0274,26.44
7fea6a22-96d4-4ee1-9388-fbc76b5ca148,P0179,35.77
ffcda675-2430-49fd-980c-8a8ba6b658c1,P0192,10.18
cd07d190-92f6-4d69-ab4a-e1db45661455,P0080,42.7
c289682e-4390-4b48-a9d1-f9cee88146b0,P0037,22.02
d4a9612c-d1e5-445d-9a1b-8ed7f9da69a2,P0042,11.32
01419355-0f19-49cd-913e-5acfff13fd51,P0233,97.74
dee17a55-a898-4812-95e9-3280f23a48e8,P0081,11.56
3c5ed7db-089c-4d1c-b94d-2959628bf939,P0281,12.58
1ca8d492-7c96-494a-8e1b-c7d15050e4d0,P0132,14.96
f106280f-c5d8-4d1b-81d1-179ce2cd41cb,P0290,89.56
08b8dd94-f070-418d-a9ad-e02b53a1d5f1,P0178,36.74
8cef1774-1515-498e-9b4b-8885c417a3a1,P0232,12.35
ebc07257-1939-4519-b53b-1ae53360f561,P0295,36.89
79a375e5-1467-4d3f-b9b0-4eec353e6a86,P0036,14.57
8b5b6d5b-7f72-4949-a27e-8ff5399ea516,P0023,8.38
98b0dd90-467e-40bd-8044-d59f866d2682,P0294,114.72
e68db048-062d-4386-befb-522e22a43bc4,P0290,129.65
1f84188a-b37f-427a-93b8-6596a9f32709,P0273,11.72
381f2c4b-22b5-4f87-a3b8-ffd0e9675dcb,P0173,60.24
84b7c01b-53c6-448c-94c8-194a0a79732a,P0300,25.96
79b3b519-bde9-4c06-8271-a3ef79a8e62a,P0252,7.0
596e5f3b-d395-447b-bbc3-4a9e2e041cff,P0122,2.5
1f7f98b8-baf7-4b84-bc2f-c1a11ca15e33,P0244,30.9
224a35e5-99a5-47bd-af58-b38cccc04f4f,P0179,4.67
db03ffa5-75bf-4213-8b0b-3d45cbdf4dd6,P0256,10.66
eefaf7ad-e814-478a-80f6-cc3ac9e19e0f,P0205,40.15
25fd3afd-68af-4d1f-8b72-0792da7bf5bf,P0295,17.79
edefa637-a086-47f7-9de1-3fffa6de5c7c,P0141,40.73
3e1c7ef0-d8b1-4e17-a85e-7eb5bf5b9e90,P0111,20.42
bc3fbcfe-0aef-4031-827d-a68a14831179,P0178,11.02
df528141-b4b6-4b7a-ae34-fe3f61fa12a1,P0114,111.47
69afa26b-2bb8-4f23-9cb9-30201a6f3fe1,P0181,33.56
b0c31941-01d0-4e7d-9239-7b3a015539ad,P0122,45.08
6493b618-c6f6-41ec-9dca-7e263b80aa2a,P0208,31.33
22de16cc-89d4-4ac7-bc87-ce3632bf62f8,P0284,19.61
f9e20033-a544-4f07-a5e3-c4972aaa1d43,P0070,30.48
535b1350-d09c-4028-af88-323e1f42fb4f,P0085,7.9
fab9f1af-a374-4fa9-b9b0-30144af11807,P0052,52.15
a93e65c6-c326-464b-aef0-b5edbffaeb19,P0168,45.52
b30f7d86-ab56-44c2-bd60-c0c4cbdcc5ee,P0202,16.44
f2d19403-9229-4cb2-b51c-6fbc09964296,P0208,71.93
937181a1-6489-41c2-8365-f0101de4d44d,P0236,18.99
39b66090-1825-43fa-a3eb-3520b29b4c40,P0086,1.8
15ef8bfb-8f35-4c63-bb25-04414fe23540,P0029,30.69
c64ffea9-1125-468a-9478-f326bce389d7,P0079,12.73
e9a77612-e52d-4343-bae1-2b70c247c95c,P0207,45.26
dbf1aacc-76b0-4800-9126-8ad16119491a,P0109,50.32
f5866427-430d-4a0c-be6b-8f71216f51a3,P0138,0.46
4ac47110-6a7f-4711-926b-91ca3c738a0d,P0210,30.82
4cc35b4b-1ca6-4221-b6a0-ab69fb487fd8,P0063,4.43
744c28e3-00cd-438b-b1cb-54025191d895,P0254,25.81
2a0c93f4-015c-451b-b012-6e095ead8100,P0267,101.19
f9bccbcc-fdd8-4aa8-94c9-8b908531a785,P0153,1.98
cc70f42f-3f4c-4ab8-8fcf-48333fc67b59,P0102,6.94
b5c5bd09-ea2c-44ae-9203-65fc3333f7e3,P0270,8.51
f6b919fc-db99-467f-bba1-be2b69473b84,P0133,9.17
f8a16fb4-7e4e-4e7c-b144-01cf37e6bf3f,P0144,30.32
45042f45-f550-4e1e-a01a-6744b47c719b,P0251,16.95
4674746a-ab06-4549-a082-fc476eda1770,P0255,16.86
e4a71815-f6a9-4040-9d2c-2a43bd7416cd,P0266,161.02
ec49d823-7cac-42ec-a1fd-e7ffd3d4fdfa,P0008,51.81
50c5b734-5377-481c-953a-a2bb302f939b,P0114,17.51
e0048a1a-f0f9-4123-9356-3788c9d466a0,P0130,1.55
c9e288ec-4c96-4458-b35a-46372d14365c,P0191,12.2
ed35d575-89a3-448c-a48a-c0c5ea9ba9eb,P0086,23.96
c64ffea9-1125-468a-9478-f326bce389d7,P0202,59.86
9b9da838-9d90-4aa0-8fdd-bc0f363296ae,P0019,24.2
87d40b7d-5d96-42e8-8a20-9086c58a4471,P0255,26.54
d61fc47e-7008-4531-a634-9e5d583d4e2f,P0055,18.84
ee60e8a7-990b-4758-9648-d837066cdc0b,P0253,1.23
afcebbca-a4c6-4b98-9820-a714862ca1f3,P0237,88.87
4da703f0-65e6-4839-8074-527b7c3a651f,P0163,84.07
42764674-8101-49a9-80f9-857abb9dd136,P0278,156.64
bfbf4e47-0570-4364-89c7-26c028a8b536,P0300,139.06
d1d2e2cb-f75d-450b-8a5d-7968d745e0a7,P0261,92.15
e718080c-d554-4b8e-bbc6-2e543a9f7b2d,P0248,84.37
965eeaa8-7275-45c5-8599-5f865e406f04,P0039,49.99
71f3ed4a-63cc-4bf0-b668-3837bd33dacc,P0067,52.0
a1a0f734-a660-4f95-a4d9-92e9e1545944,P0221,11.66
440f2762-1c9a-45e0-8af5-4f2593ad8e15,P0159,3.39
9064f73d-9f34-484c-905a-2406c89874fa,P0203,7.0
894c46ac-f91b-4bd6-a3c1-71a780d2911a,P0291,29.65
94765ffb-bdb7-44c5-8c3d-453d3d768698,P0179,17.96
15dd3ba0-9462-43a4-9756-7704a8e7f378,P0164,97.81
e31bb09e-0411-4d7a-aae6-f378f2994572,P0286,57.32
cb981dca-bdaf-4c14-8fb9-33416c5c6af7,P0273,22.43
b7eb1ad3-07ba-4f73-83fb-87b9c0758d6a,P0185,26.66
5792fdeb-f2ec-43ed-8028-b397688cff72,P0270,12.21
9be962d2-7757-468b-ac97-7a9a220d4405,P0115,42.12
b9d882ad-e6e5-4a28-93c1-3b81c974a8ca,P0259,165.02
c46f5229-48b1-46c0-ae98-d35baed595e3,P0041,45.88
3765f370-8917-42f5-b5ed-b6dfc71418dc,P0063,102.81
d1bfdf21-c471-4950-8f99-d17702753c78,P0040,36.43
8dfaf989-6d0d-4855-a3d4-46bffc0079b8,P0231,3.87
2cf55ddd-eb54-475e-8bd5-377583de1232,P0244,1.03
4ddacd05-d766-4ee9-8c6a-30b28ba4bc50,P0232,46.74
24f11649-78bf-45b0-bd36-4e416311b122,P0174,57.19
f907a773-1fcd-4da4-a4a5-927e1b4fdd4b,P0137,48.31
8c1baf7d-9678-4201-954c-2b2ede2c2a47,P0180,114.58
7fea6a22-96d4-4ee1-9388-fbc76b5ca148,P0246,13.88
cd675124-5864-4acf-b5f7-8ed07d52dca8,P0298,32.77
8ed3e561-0f8a-4136-a746-ae09defe84af,P0249,4.88
66f9d2df-697e-45f3-b9f2-06e696ea4721,P0103,2.96
faa42e4b-f0bd-412d-a09b-3b48bee8b2ba,P0167,25.71
90e01785-82fc-4285-8efe-c2ed5bc59de0,P0158,1.63
b6aff04c-afb1-4061-9a94-2c0347aaeb7a,P0108,23.35
b94850a1-5484-4c45-bdbb-d4bb7e7266c9,P0106,7.29
038ad2fb-3e44-498f-b490-896852b59bdc,P0098,42.28
289dd17c-b2e8-46df-9488-69e308b48a03,P0285,25.93
84a10171-20c9-46da-9e7b-5732592d4333,P0009,46.64
fa307a64-143b-41c1-9e02-f419f4f562b5,P0143,105.76
e899911d-d8fb-4421-98db-947637a8c4f1,P0235,33.91
74388509-bb37-4fbe-8ddb-19e91118caff,P0112,26.23
e3f68f45-3d0f-41bf-9fcb-dd6419cab123,P0209,8.17
5ad095c4-fc9d-41e1-ba9b-cb88219d1451,P0294,11.6
215a6d31-5a51-4fd7-b538-82ab8bd681b9,P0231,45.26
b47d1bea-f78b-4fc7-bf54-2471f7521331,P0224,71.16
1234f2fd-2a90-49c0-982c-e97afc23edc9,P0104,76.95
aec795a1-aa13-46b0-a011-997975caf6c7,P0054,5.77
c721d1c0-6e21-4c36-976b-7fcd8cd747d5,P0208,71.64
6665422e-4177-4ef1-a491-0c7d4ef91dbd,P0005,119.14
95311419-eb5b-4521-9b93-d35d4bfd413e,P0124,46.85
5e5cd896-0b15-49a3-b276-49dbede903db,P0202,9.92
8b5a51bc-5247-4bca-b382-60b536f741b4,P0079,6.09
ee85987b-aa99-4b53-8508-1648ffc81d32,P0062,66.76
72e7780c-345f-41b4-84a7-830f7fcf1c21,P0083,40.64
86fe2614-8a2f-4c8d-8aaa-d3202bb4bb0a,P0208,9.51
1227895a-a6cf-4b86-b194-c7ade5659896,P0242,3.96
582dc8d0-c976-4e68-9871-9148d2395531,P0082,5.98
e03cdad5-82a0-48c7-934d-97335be8fb2f,P0200,38.68
0cb62158-2d3a-49e2-aa5b-c53b86f7c9ac,P0023,11.83
792b775c-6c89-4d09-bfa5-8948c753e2da,P0022,4.65
100e466c-2c2c-4a7b-a151-355ec44b112c,P0016,81.63
014e2f97-02ab-4985-9685-d980b2a6a0b1,P0183,12.41
2cdc1f4c-85e8-4ba6-90b4-4d6152938147,P0181,31.58
363dd551-0d3e-4a58-b407-fcc828b8cd6e,P0247,128.55
dd9e18a3-8363-4de2-abb4-8b89a84b0018,P0056,10.65
4764e497-06e2-4856-a42a-0c0506f8e7f2,P0227,102.97
fba87e7b-5c89-4176-a04f-18756fcfbe26,P0207,31.65
cbd37148-fb06-4c60-be6f-9b54dd272880,P0014,80.73
38d28bd6-0e2d-4480-8f8c-c3f7951249ca,P0097,67.49
66d92707-0268-41ce-ad38-7a103669b9df,P0208,1.37
56b35ae4-b148-45bb-b0c9-87bd358fa9b1,P0150,3.59
98f3c193-7e55-4e01-8517-82a7796d8277,P0064,6.86
f6bfed18-2f94-442c-8f80-d1ec2801dd7a,P0118,18.91
08ecb525-e4e7-43c6-8641-1d192ed901b9,P0076,30.27
93fe63e2-7e56-44a0-84c4-c7a002b99167,P0017,10.96
474879e3-0bb6-4a2e-8578-eb0bf3b45a38,P0025,5.94
4d9e44a1-7f87-489d-b630-39fc8fbb7d8f,P0207,65.2
3bf0993b-45ff-499b-a36e-a5a4cf34192e,P0190,43.61
702c255e-dd3f-4345-81cb-1668ebc42ff9,P0063,35.81
743bbd48-0af6-4788-867b-b9c9b6ae70b8,P0076,135.67
c38a6540-dd57-41dd-a546-ed21f58fff94,P0036,3.67
fa1d9114-8de5-4152-83fc-e8517f8a2f7a,P0116,41.01
c22474da-e8b1-4c4f-b49b-d1b02f8c4923,P0085,2.42
32083680-af21-40b1-abd3-aa9443cbc0a8,P0261,12.28
11510004-bedf-45e9-80e5-baafeac56d20,P0288,158.69
a3e2a47a-3a83-40af-8eff-0e9250c52112,P0028,29.4
06b0bb41-45ac-46c8-be9e-7a51f76d6e7c,P0051,13.3
c9c15292-f8d2-4d23-b61b-97f40a22bb42,P0118,48.76
34a6e687-9d00-4263-ba07-605a7e9d4360,P0163,62.93
c476a1b3-0c85-4943-8ced-446bd6fe9d8e,P0282,11.15
2121c5db-ecc1-4728-b5ff-73e7db18ec68,P0061,22.05
62fd38e6-518e-4bdb-b2e4-c554f7e8db6c,P0060,4.38
e92e0809-6db8-43eb-b24b-037764f293de,P0249,12.99
5a66ed3f-b048-4672-9276-c498564a4e51,P0067,44.1
b5aaf381-be9f-439d-bc7c-33ae2462bcb5,P0213,2.28
de7e6a04-6a7d-4154-bae1-4541dd3e2d1d,P0172,57.09
99799742-1a9d-41cd-a385-2042de1d5594,P0054,32.91
5cb71c9e-2528-4cde-b6a0-9a3ceb419c4b,P0254,103.53
3c03e079-01fb-46d0-8ad8-b87562cd5410,P0231,8.34
2a63eaf3-71a4-4cb3-8d87-a3c520bd580c,P0035,65.24
80433aaf-edae-46af-bd9b-939e3a6998b0,P0143,49.19
46850dfd-957f-4065-a2b5-f8ea1886f487,P0018,24.6
5620f6bd-e95c-46bc-86b1-5b8ad5b4010c,P0259,1.81
00c4cd99-4412-4e18-aca5-36ace12a10f8,P0173,152.43
ab3bf3ed-0184-4592-a96d-e2ef7388c3cd,P0167,150.7
9613ab93-3b12-43ec-88dd-89aafd095cd4,P0251,9.85
e35ce1d3-c3e3-4a89-948f-7133ebe67277,P0162,15.04
9ba486ff-94f1-4817-bfea-e9abcb9917d0,P0194,17.81
c543b3e6-ba39-47c9-9399-c76a87696b6b,P0078,57.94
38718699-9de3-4336-8556-21b7dd281a7b,P0246,29.03
ec01ac50-06c4-4ff9-a08b-be5d986b5749,P0300,34.57
91649df0-9864-45a3-8419-7513bcf44d87,P0163,115.91
fc282a74-051e-4461-b7e7-49899653e57e,P0026,28.89
7c3dd03d-bf08-4182-aed8-6177029a9c9c,P0039,6.45
5f023b79-773a-43ef-9133-16d46fa4e36f,P0130,21.65
edd54cfc-b2a4-4c31-9d62-855520968389,P0104,6.77
b1ea4184-c0dd-460d-90b5-c4fd12813868,P0290,17.44
1e95a2a8-59b5-43f2-a591-4ad11eaa5e6c,P0231,2.24
8164ead8-e492-4453-8c77-23d9f2b62c1c,P0291,54.24
71831229-6400-4c65-b106-bdbbba1e74dd,P0168,18.12
9dabbfd6-4fbd-4a81-9743-1d777ac4335e,P0216,3.51
cc70f42f-3f4c-4ab8-8fcf-48333fc67b59,P0156,24.56
035359bf-0914-4e85-bf12-a9bec8c5ea4f,P0162,23.4
9a839eb8-7c2e-4a15-a83b-c963b9550c4b,P0065,12.63
0be0ff3a-022a-4dfb-8fc8-edf3a913b1ba,P0274,158.14
a4ff4e88-0139-42d2-924e-7805ae5c102b,P0166,10.35
452fd4a8-7e4c-41bf-8012-ab6c703385be,P0232,61.11
0b6642c2-7544-4d25-8ba5-8ece06ce4f59,P0018,31.41
20b086b2-d6d9-49c5-87f7-997c8fab0a36,P0167,55.93
acc36895-4e68-4a0c-bb2c-e1107406a381,P0290,48.23
b0d65875-7510-4c55-bbb3-8a77f2c8e761,P0205,11.85
0cb62158-2d3a-49e2-aa5b-c53b86f7c9ac,P0100,2.17
2b68e15c-c351-42cc-a4d6-8356d97c4e51,P0005,103.58
86aea370-fc58-4065-a20c-a3264304761f,P0178,55.4
c87fe68e-853c-4838-824a-9f9570f08f1e,P0265,90.55
759d2925-23d5-499c-abe5-9b492c576937,P0082,161.85
db2a6e0d-ebc9-44a0-954a-a324e5dac60e,P0289,52.96
5afda3a3-036c-455e-91e1-a35a4b9b38e4,P0263,2.2
8ed3e561-0f8a-4136-a746-ae09defe84af,P0151,56.02
5083c867-d873-421d-adc5-588d7b5983a7,P0010,17.96
f23acb3e-be0a-4214-9b0e-5d6f5420240a,P0177,11.61
735488cc-0dab-4f76-a66b-8d4e2d23c6eb,P0044,115.87
5acb00c9-9914-499a-b75c-6efdd36b1440,P0035,13.21
3bec8022-16e0-44a5-a1ea-9a17eef4122d,P0022,24.37
7e304e4c-fef8-4d9f-b446-e28bb8ff680b,P0189,7.28
eec7ac59-5683-4eb0-a5fd-ad1faf166eb8,P0178,17.33
e3f68f45-3d0f-41bf-9fcb-dd6419cab123,P0129,4.82
62bd3eca-3408-4406-8442-3751d8b3186d,P0028,149.61
b46cdce5-d8a2-469c-bf09-0fe27a93fbfb,P0004,33.33
02cc11ba-bb24-43e6-832e-438276f50f9e,P0047,53.29
1e82ee27-d08e-48e9-ac40-9801b9ade534,P0208,94.55
592c4e39-24a7-4fdf-afa0-a877932a310e,P0114,4.45
85070b4d-6bb7-43b9-a788-983019ea99e6,P0054,86.36
7b981c50-5e65-40ae-a07e-aadbb69e5bf1,P0188,1.2
a3c9a3fb-04e2-4990-99c9-e184a0cef23a,P0267,31.31
3fb04800-e89b-413c-81f6-b9903a110c87,P0296,39.65
2526476e-d8c0-43d8-9e8f-bc25fd4df3a3,P0076,64.77
e64809d3-ac55-4ab1-b84c-639f11bd698a,P0073,96.52
b68a74cc-5dc5-44f8-81a5-9a9af76f64c6,P0060,10.62
22406f46-41b5-48ec-be71-d8d6e01a5487,P0281,37.83
be192aa8-b907-4d92-8524-737fa5514b6f,P0277,16.38
d9587396-7e7e-4eaa-af9e-cf497206f6c1,P0297,36.07
e69e00d2-0806-471b-ab57-e63f6daa56fd,P0277,6.12
866a195b-102b-4c34-83e1-8fef21709f9d,P0077,1.06
9d40d0fa-8fdd-440b-b238-6147671ced8e,P0222,2.43
cbdbbe75-258b-48d9-abe6-4865f0063852,P0178,6.24
1552b7b6-cadb-407c-a1ad-2e0c2520514d,P0108,184.66
ed35d575-89a3-448c-a48a-c0c5ea9ba9eb,P0054,31.99
8aad27bf-1588-4764-b9f5-4623b48bcc3a,P0256,30.4
035ac2c3-3843-4ee5-b8e8-156e712f8119,P0186,10.97
c040bb04-0aa1-427b-a7f1-3765037ba3ef,P0083,126.98
b6fcfc67-5ee1-4b32-93ba-9e7e9385a75e,P0060,23.5
de80aa15-aaee-41f4-a663-66dde1dec671,P0056,24.76
d1d097b5-753d-41fd-8843-6983eb6b69f2,P0081,2.0
832cdf3a-433c-41c4-abfb-f661ad16cbbb,P0250,6.04
867fe801-1df7-46c5-915b-f7e73d1d31c6,P0118,12.2
a5b374ed-c4a7-495d-95a6-4617e5862fdc,P0039,15.19
6ddcaeca-3d53-4b0c-aa95-e3e1107f619a,P0099,10.82
2fb081fe-8685-4b7c-bbf2-9793b164bdf0,P0211,74.9
bc230bce-7f84-45a5-a14c-6a29c53140c3,P0222,11.92
6092981a-7341-418c-a09b-2b2680500391,P0086,26.37
060dd919-d635-4efd-8316-efe6a3187080,P0140,1.6
a94c489d-4278-46bf-a5a2-6d7304521d22,P0217,59.01
40fb07fb-b406-45f1-915a-84fccf34fe01,P0109,36.85
6b4fec91-d435-481d-a38c-72ea2760da3b,P0284,101.01
ab5dd80b-d1b0-4afa-b5f6-fa48e256e32e,P0140,0.59
41dd4d48-d040-4c4e-8b27-eaa9fbc289f5,P0008,47.04
36ca59fb-a495-4e19-a04b-b64a4e9b59e7,P0051,28.56
b12c2ced-88b5-46cc-88f2-be8bc8cf527a,P0114,14.69
a86e42dc-375e-4fe0-a49b-82b8585db937,P0006,114.97
163ecb9d-0b07-483f-9f6c-a615f3fe0a3b,P0113,67.32
8b3a9d57-bdd3-4f58-8776-404b60ad1832,P0082,3.65
29a58cda-2b46-48d3-9f5d-0d2db63b666b,P0024,3.59
ee930232-d55f-4b08-8404-e5d8c84c5c66,P0143,22.72
f3dc8bd6-0733-4b95-893e-bd3a1347406e,P0256,72.23
ee47998e-462d-4f4e-98f9-af89200c2352,P0022,36.49
bdd8792f-fb26-46b4-a176-fec86a255d54,P0004,48.92
3696a3ee-2498-40f6-929d-2fe9944ed816,P0009,47.66
423a04f5-1827-4f6e-a600-dadd8994df1e,P0281,6.28
e1246510-613b-4294-9497-2d3c0652d826,P0118,2.39
de24dee8-3598-444e-a536-fcdf5e3ba954,P0144,51.65
8323f5b6-ed64-4c2f-9a92-87a6bb05d580,P0069,84.75
d5fc2f12-e155-46d6-81e5-b3a8a6298763,P0120,38.17
a8ecca28-d2cc-4809-8b93-4452ccd92379,P0167,2.11
1573a851-055d-4379-bab5-ba8b3775b7bd,P0223,27.0
51871803-6405-4de9-b6b3-699a7130af64,P0060,12.97
1451a5b5-da7f-43ac-a2c8-319cd5ad28c3,P0148,95.17
6f47bbf2-236f-4c5c-ac2d-87c4ad453f1a,P0035,8.84
de31c417-b8a3-4592-857f-7b09e07032dd,P0034,6.26
479fc3ff-5b55-4491-a8d4-8e80d5f6f2c5,P0239,58.34
da4e6fad-6bfd-4f6a-a528-42421f239557,P0209,40.83
afc2afc0-e420-48d0-84c2-d1faeaf31dd1,P0009,20.62
19c1b1c0-7a2d-42bc-beef-b5cdea804995,P0174,46.63
c62d96a6-7b43-48ca-8669-d508c019f233,P0137,4.24
c68e1e09-3a26-4d27-a988-534b9068c878,P0140,23.14
de1b24ae-810c-46c1-aa41-27b552ed8583,P0100,47.24
1519e022-78ad-48e5-badd-f4840f361393,P0102,12.72
54f3eea5-dfcf-4fd1-876c-95c5b9886b2b,P0135,36.38
52f35b36-9f26-41f5-bbb6-c5c329ba9d1a,P0056,6.53
b067963a-7a2a-47cb-b434-39e798c52564,P0225,44.53
2247acaf-87c0-4d52-9ce2-ddf4453d1850,P0215,6.34
b0d65875-7510-4c55-bbb3-8a77f2c8e761,P0063,19.4
396a8231-9f49-45bc-b4ab-49cd114b8c25,P0114,123.24
989d4285-0d89-47c0-a2da-299f200c4a11,P0138,1.39
70501b68-2b19-4fb5-af53-9e5e9dd226fb,P0126,77.13
a081b4d7-89a1-444b-8310-e9126e4eea92,P0084,76.02
51ae580c-ad30-48ca-a91c-d2e659772fda,P0137,94.13
9bf56001-220a-4b6f-b95c-39ba5e72046f,P0022,106.01
9e2000e1-83c9-4fd6-ba0a-633b3613747b,P0255,53.15
7c62c2c7-a608-442b-9c81-1c2dcf9a2c32,P0121,22.92
9f4d7ccc-2de4-4c5a-9119-82eb6f634589,P0111,41.32
ed094df9-d067-4aa1-a5c8-05d46f2e1c83,P0169,182.52
9d2f9cae-c0cc-4596-aeb3-9d721f83e694,P0180,44.51
4a6f0c04-cd7b-4df6-b1f2-c59614a3f9fd,P0033,33.01
55799435-ce97-4b75-b1db-93b59650fac1,P0079,13.36
f923d54c-9b58-431b-afa0-1cadabbaa379,P0122,109.52
ef66e7b5-c604-4bcc-89e7-9f55d1a67721,P0071,18.11
bd4e7d51-0ff7-440a-9d1d-927aebef1890,P0038,84.12
cabaa392-0760-4ecc-b468-197740c44d0c,P0207,70.16
7f355830-0c06-4d8b-b758-8ae57bdfd862,P0128,240.59
5543b362-f4f3-4068-9f81-8fdb080e8b9d,P0196,38.97
1a77ab29-1937-4abe-a2b7-34ae320d5685,P0272,18.73
2b116859-8aed-4565-8b44-68d3828983a9,P0251,184.9
41cd591f-fe38-4d9c-881e-a4241f014040,P0008,8.43
28cd77fd-429a-4516-828f-81667860d4a7,P0020,7.58
7d211d5c-497c-4b3d-ac66-df5897a656f9,P0009,68.11
62994b13-a7e8-4911-afe8-43c2a20c2cc2,P0078,77.24
df4ae799-32bd-4561-a25a-c969895dc6ca,P0086,50.52
afd14987-ea1a-4743-985c-77578f8038cc,P0285,4.39
e099ad96-3043-4960-9e3e-05c03a3ab9f0,P0017,23.77
01328844-588c-49ae-8a5d-6c6278023a32,P0296,14.0
596454dd-c7a2-4e6f-8b90-94586c9941c5,P0195,4.88
47abe9a9-5743-4b7b-abf9-45fbc015d8e8,P0136,16.94
46ef7827-0ded-4933-864b-25c32e183838,P0088,16.81
8b5b6d5b-7f72-4949-a27e-8ff5399ea516,P0219,5.08
43e47fbd-374f-4870-93bd-361b43f080ad,P0178,95.73
bc72ef3c-d828-42d2-9402-ca81aae73803,P0290,27.23
a7e6adf0-84f3-4a48-8fd6-8ccc6a72576c,P0085,3.31
3b8e48ea-9553-4040-a9c0-fd3636fb1cae,P0010,38.89
215a6d31-5a51-4fd7-b538-82ab8bd681b9,P0116,27.5
5d1c4310-46b4-4e1c-9d29-2fa5d9faa7e0,P0034,0.62
37b00f70-64f9-48e2-bd00-ac70efa3ac80,P0042,6.87
8d95fc71-1dff-4805-b591-95e87442b0a4,P0075,23.96
1bdb39b1-8da4-4a2f-9890-bfe88f8ffebf,P0045,47.34
9e0273a3-7d25-4e39-adfe-c84ecaa44b39,P0076,8.44
0a5ed587-4fa1-4259-9497-4cbd00fcf1f7,P0215,82.53
7b16f8aa-fd21-46e8-93ad-a88196354f76,P0122,36.79
c05e006a-3c4a-4123-b950-9e93154fd696,P0031,85.7
48e3c1f6-0e9c-4e78-92df-df11a4d4d33c,P0152,9.26
98f8038d-c21f-4967-9147-148135512d96,P0300,2.46
14e83c94-aa52-4ea3-b907-a61d85bed361,P0239,25.14
1bcd6fe8-83c4-4e31-be83-4fc478aa97d6,P0004,18.29
72a9e4f6-a7ea-49a9-af1f-95573087c0fe,P0090,12.3
bc8d7200-3461-4ef4-9a61-3515878d4203,P0162,38.84
824bbec2-aae9-47fb-aa84-12397212d07b,P0108,77.4
7bb1cfaa-76f2-4c1d-91f9-114681536e89,P0179,18.18
220c9304-d122-4ba0-a746-0ade91513e21,P0159,75.83
baa8d0c8-fcb6-4e8f-a527-2a3f3ca04cd1,P0118,14.22
acc36895-4e68-4a0c-bb2c-e1107406a381,P0048,3.15
8663484f-b66d-4390-a284-5e549f3f7f3c,P0260,45.53
b76ae33d-8030-4f7b-b09d-4d6231e169f9,P0064,25.76
90702f58-0e28-491c-82e9-8d6091e86657,P0157,51.86
13975afa-e29c-41e7-bb87-e3977d5da90a,P0211,0.43
7644300a-7909-46ad-a078-eb9e2f5b765b,P0093,21.55
e1284a34-2f96-4956-9f76-6fde1fb2705f,P0077,41.61
a5bf9f59-8e87-4a61-8e2f-5c0b450c1e68,P0262,0.89
0ecb7e0f-59ff-4716-9642-d50724017888,P0086,84.94
2e7944ca-32c2-4f4b-850c-122205123571,P0028,5.61
a8ba12a6-279d-480d-851e-d833264294a8,P0057,149.68
9bfe553f-70e3-46f6-a73b-5728471c90c8,P0238,6.13
4350daaf-db07-4e4a-8c45-db5f973e986e,P0247,6.21
73f79a82-f492-4712-a6de-b4f9034c09c4,P0083,0.15
e89056e6-a910-468a-8072-b1c6e12cdf42,P0049,72.5
989d4285-0d89-47c0-a2da-299f200c4a11,P0037,0.46
f2b00fc0-8348-4b0f-b543-210584746932,P0128,60.09
08e0bb4e-8d21-4646-bcfc-c7f20ed4e860,P0225,16.61
b4918edb-26d9-4de4-bf4f-f57d45801401,P0154,45.52
ac326854-d964-42b4-97f3-494ec8ace51d,P0196,113.5
c1390d9b-213d-4efd-89dd-71d27b046e16,P0168,58.72
9c5cec13-aa2b-4613-b6c5-e7b41a837312,P0119,128.68
b5384780-4f58-4c9f-b6c3-9f644bd803fb,P0224,5.67
39b0b8ed-d1db-4d33-ab57-3888b2081f76,P0150,148.43
7a70c8ed-3966-4b9d-9cea-e54ff5735dc5,P0174,8.19
7046099e-6bb0-4dff-9ecc-f03e4f51fb60,P0243,113.62
3b7ccc25-bbe4-4a27-9476-484c4118d7da,P0094,22.92
01745c74-0313-4bcc-9ed7-65e54efe2ae4,P0114,20.27
c6d45904-a308-4abf-81d2-d3265d9c8601,P0199,29.86
2a0c93f4-015c-451b-b012-6e095ead8100,P0019,90.28
ffabc12a-2acf-49ce-b0e1-4395e9e2f66e,P0046,17.03
18379f03-84ff-48d7-b1d8-ed7118bdf7f2,P0292,2.35
0a5462c3-8617-47f9-97da-ef8fe7d6e4ec,P0198,5.46
01466481-61d2-4b49-acbc-2dcc6d9eb9b5,P0140,138.18
ab255b24-6270-4d65-9da7-42b114397481,P0296,30.41
39f8b4d1-18c8-430f-9329-57f5b11489ff,P0219,5.85
46ef7827-0ded-4933-864b-25c32e183838,P0218,9.89
f040f0b6-5806-4c0a-acba-c56cd7e70d70,P0256,151.79
1f28a412-e3b6-4dba-b1fa-a820abafac15,P0064,1.56
4f3db971-359a-44a2-ae90-e62087cafd37,P0086,127.41
7e53571a-f729-4660-af66-e03d8647f059,P0108,16.96
4e2130b6-1bcd-4950-9dc8-ccb822963779,P0121,15.9
03d2497b-8e17-480d-a3cb-70aaf9a2922b,P0211,59.1
1de69fd2-991e-4e02-af85-7c4a0d5d8285,P0056,70.79
4b889d9a-7483-459f-8f24-e1e4c8a20f86,P0084,91.54
25fd3afd-68af-4d1f-8b72-0792da7bf5bf,P0046,196.97
1183fa79-24a5-4a75-8e3f-5763dd756136,P0141,14.74
793a6c27-9a38-420b-8499-538e235de896,P0058,22.21
eae614d4-068b-49e7-9dcf-418cc3b8a3f0,P0009,13.11
fa8b19b2-1dbf-4694-93ca-e7c7bd996002,P0187,31.62
ad69464a-f4e4-47b8-91b8-6c971befe632,P0225,37.21
3765f370-8917-42f5-b5ed-b6dfc71418dc,P0156,35.5
a1a33bb2-e998-4b99-a41a-68d51c9ff980,P0009,93.18
c8f9bb0c-f82e-4116-bd48-c54a392bbc99,P0218,11.18
01ebb6c5-fa88-478f-922d-e3daf309a001,P0160,35.17
6c13f2a1-4e53-43da-b352-6e004923c5a5,P0132,37.37
d4e4cc8c-13ed-4680-abd6-383886791770,P0280,39.69
bbfca57f-5b17-4292-ab67-188d70cd641c,P0300,41.17
d6388fbb-ae46-434c-a795-b8ab5e6f5576,P0001,29.78
2b5b1847-3fb3-418d-a54f-61d6545b1804,P0060,147.81
9a0482e1-3e9b-4e54-8f5d-c53861b24baa,P0246,94.23
5e8fc975-ccec-4b22-b5fa-af9510a936c9,P0170,81.59
ae3a55b6-b02f-4f29-98e6-68f4b74f5ca7,P0165,63.96
7644300a-7909-46ad-a078-eb9e2f5b765b,P0168,128.84
f6bfed18-2f94-442c-8f80-d1ec2801dd7a,P0083,99.76
ac68e2f4-1a5e-4062-a0c9-c6d0ec866c32,P0006,43.77
c11dc3e0-d9ec-4883-adba-4e15eaf5415b,P0275,87.65
ae65edad-e9c6-4e26-88f5-5a7307301e9d,P0212,1.51
289dd17c-b2e8-46df-9488-69e308b48a03,P0290,31.56
1a1e0099-10b4-461c-9619-1c399349bf23,P0259,51.75
80433aaf-edae-46af-bd9b-939e3a6998b0,P0025,66.42
355a0ff7-7794-4923-8c83-d8635f930c26,P0285,22.71
a075b0df-a6db-47f7-be81-47d8a6eafe1f,P0131,39.06
49400275-8716-400b-bef1-6c76d508cd97,P0155,3.09
5d5b773c-8798-4192-8a0c-ff16c03c01c1,P0252,9.71
9f9d7752-e7a2-4d12-8fea-dd32271ad2f2,P0207,32.03
060dd919-d635-4efd-8316-efe6a3187080,P0200,47.64
ca8ca6da-955e-409f-ba73-adad0665b51c,P0168,36.79
f0c0d1df-f571-40c6-98c4-840e5b6d3de7,P0181,75.38
d7c0a6f1-9594-49cc-b35d-a3c0fcdb8870,P0158,42.11
e3680bdd-0ec1-46ad-b260-45693efb5074,P0222,19.58
58ce65ba-472a-4e8c-bf9d-b78158b29385,P0021,67.54
7e304e4c-fef8-4d9f-b446-e28bb8ff680b,P0116,17.6
2038d605-8eec-4629-a4f4-dbabe19348c1,P0235,73.43
ca80448d-7781-428a-8467-35d098cbb6b5,P0238,4.3
dec6ac86-be09-480f-88d1-048d25e72a8d,P0100,30.48
28450d70-acc9-42f3-bef6-e09dcd5aa73b,P0038,0.55
355131d6-a185-4c9c-8c8f-582e48a0307b,P0075,54.34
12c5e724-f92a-480f-ba63-83d8e6d7c6a1,P0284,43.38
215c3f5c-6076-40d9-9720-978a9af68b21,P0188,46.23
7418f459-f888-4fc3-9155-7d070b35df4b,P0045,88.06
724d4023-f2a1-4bd7-9623-5fa759ee0264,P0026,28.07
5e5cd896-0b15-49a3-b276-49dbede903db,P0026,125.58
daf0744a-3e29-4ccd-800b-8cfa7623fa41,P0190,27.74
a2047f07-760b-46c3-bfc0-6a35a167cb9d,P0041,53.09
2841f806-1895-436e-8ec8-d6eb1abe6512,P0181,36.41
ebad0b1f-9bea-497e-9a72-c3f115dcae1c,P0188,21.88
3adac1dc-d8f8-4ada-85c5-3edbb7566601,P0221,14.32
bc8a4341-de09-4255-bc5c-c065ebbe6d0f,P0254,31.24
7ed7ab0f-eaea-4fa5-9e1e-27362acf1edc,P0278,46.56
8ef9433f-2789-4a5f-9a69-998644d76441,P0111,58.75
ae06c01f-2059-4758-a56d-2c1a5e635528,P0023,2.57
b20fca23-142c-410d-81da-5b1d6875bffa,P0108,55.34
9975f7a2-30b9-495f-af02-ee1d96c2de2a,P0272,9.11
fa4253cd-24e2-4283-a873-6f1e357fc133,P0165,13.71
6486e5d4-082f-4983-a90c-a2dd3dbf4605,P0095,6.44
c06c7015-403a-44f0-a30c-852bca02b9ac,P0285,59.04
69739a3b-f756-4e09-9f25-97abfa8fbc6c,P0106,27.38
6c34fbcf-496c-49e3-99c9-4775a41fa508,P0190,41.49
2386f0b9-3428-416e-b1bd-b34eb6da4bb6,P0028,122.97
44195cb9-14bb-40ff-ab30-dce5b4021ff2,P0204,21.77
acad03a0-0a69-4098-bd6a-f7cc85b0f2ab,P0011,20.16
29d633fa-2747-4165-b31f-41cbc06db986,P0268,70.02
fa8b19b2-1dbf-4694-93ca-e7c7bd996002,P0209,30.31
349de99d-215a-4e65-a62a-0fc41cea5969,P0157,82.34
c6d2894e-ae27-4282-9faa-a9ee0ac4eee8,P0153,27.69
7db02cc0-7a9c-4654-97f3-55bdbb7802bb,P0027,14.88
a7d22dc1-a55e-42ff-8378-f8dcc27e38ea,P0279,1.42
ada2013c-f9a9-43e2-8ed5-3f621ef199ac,P0076,9.93
15c0f253-03ff-47de-80da-4b899fee1f2f,P0066,86.77
c68e1e09-3a26-4d27-a988-534b9068c878,P0079,0.49
48083d90-68a1-4131-901c-7675773a19c4,P0230,14.01
3c8612b1-fef2-4cc5-8950-1d3c942c6f8f,P0234,71.32
af539309-d9db-4c4e-8975-ca1cd129f00c,P0055,14.29
0f5a4d69-6cc3-4cf6-b603-6b4cc2686670,P0150,11.73
90bc06db-1a6f-4bcc-bad7-8fa857794bbf,P0111,38.18
931c3bb9-6180-4e98-abad-a0ef0aed5189,P0209,5.3
e3f68f45-3d0f-41bf-9fcb-dd6419cab123,P0093,35.58
65bed8c4-b1db-4b28-a609-7c878358eec3,P0105,34.81
7057b13d-d222-42f0-90f2-b4fc8327d39c,P0084,1.38
8c91f148-cae3-4013-88bb-307b51b3c6e9,P0197,8.61
43d13334-5ff1-4af3-9f34-2e6d1005b6ad,P0276,17.43
dea81df4-9fdf-46a3-8e9f-b610ccad7003,P0187,28.02
b9ee408a-3ade-4a8d-a5d6-aa036d932014,P0055,17.68
85196d0e-4dfd-46a8-8636-5b72a2211f7f,P0005,71.4
b24bfed8-b5d2-4851-b1e9-e9fe9193b512,P0235,8.32
8880ada8-b369-4e5c-bcb7-7c8abaa1e54d,P0126,35.25
7b257e9e-7647-46f1-98f8-3e0e29b11ebe,P0151,30.87
b71472ee-50be-4697-a44f-35f0f28ce5ad,P0228,52.56
d4579e7b-4ff4-42ff-9b72-fca81c56d768,P0088,12.06
f0d96c03-e46b-40e5-b174-25b3d1df947e,P0096,21.28
cc7af329-d6b1-4858-acb7-63166f8aafce,P0173,7.66
5d5b773c-8798-4192-8a0c-ff16c03c01c1,P0183,138.49
aaf750b9-0b89-46ef-8215-621bb174058a,P0188,49.22
4ef36e63-e2b2-41b1-b780-adb4efe7c34a,P0103,26.69
32362c30-fd5e-4a98-b67c-4af05f9b1b75,P0036,75.35
2cdc1f4c-85e8-4ba6-90b4-4d6152938147,P0116,28.92
2bc4068a-fe4d-4ad3-9993-fa24ab0fd76a,P0165,30.08
9ac721ec-bab9-4892-9eb4-18af8b7f572a,P0189,48.92
690ef2f4-4e1c-4132-a956-da4cd1c551e5,P0151,9.13
e39ae838-e965-47d1-9ff9-469cbf528c34,P0180,9.58
74f819b2-e501-49b0-b5ba-fc67f837f7da,P0029,15.22
76a50f10-5c48-4445-b726-ad3ee6b5bc38,P0265,42.01
6287210a-346f-4452-b699-346ca649387c,P0220,40.8
eebda5e5-ede5-4c8e-ac76-76b0a31a7269,P0115,5.34
43f1aac0-ee26-4c3e-b53c-7253ece3f501,P0151,16.72
518fa04b-1e41-4dc3-aefc-fc6b4057c919,P0296,60.09
f9c89347-46e6-41ed-aec7-c3307046a65b,P0118,0.96
ffa360e7-82f4-47ab-aea4-86b2db13ccf0,P0232,68.63
f8327269-7bfd-4744-8cd0-ea50d5fc08b9,P0142,59.13
499d0c6a-fa0c-44ab-a415-cd231d4a31ab,P0113,87.34
182489da-3a28-47d8-9dc1-39001642d2da,P0242,1.14
ac78f587-7cff-44a7-8e55-872db118d557,P0293,32.41
3ea56d12-abac-4522-a2bc-f224afab3618,P0178,81.71
272b1600-230a-4927-a9fb-4cd643dc9146,P0153,58.2
11302be5-a86e-44c4-b8b3-37e5bf2e4168,P0048,12.43
d0004651-1c0d-4c4d-a3d0-6a7f54221f6e,P0298,16.19
e6fbe969-e58f-4b95-a673-1cc08aaed20c,P0075,2.36
2fb6cf0d-1cd8-49b3-b72b-5dfa57796356,P0279,4.73
c3ca6ca5-f045-4b1e-a2ec-c86cc66bb878,P0092,11.02
f14c4d29-86bd-4894-827b-35cbbc8114f9,P0022,21.05
5ec63ad4-004e-40df-b8ed-fe1e2d2e0f0b,P0052,11.38
26e49663-e7f0-4fb1-bffe-b42ef8ad440e,P0087,1.35
b0c31941-01d0-4e7d-9239-7b3a015539ad,P0293,8.9
44e269dc-0514-4c25-ac60-ab98283329d6,P0039,47.18
20209251-9a64-4ec1-b6cd-6b821cef00e7,P0130,29.65
d8cb4f54-a003-4816-bfdf-34c824224321,P0199,83.71
0c4b0de2-d2ba-4707-ae70-8a18f9e93b1c,P0087,19.0
fb14d416-1774-4bc2-b087-64a61668a203,P0191,27.35
aae2d31a-090c-4505-931d-caec1f71c1fd,P0113,36.96
514e31c3-88b2-437a-8e4e-8f4a11a856c0,P0170,107.22
9e1653a7-3e9f-4f28-a104-6c6816ebf397,P0275,113.24
786001d4-3b14-4e95-b275-3f819429149f,P0220,21.66
b0c9f88f-6004-476c-8a3f-351c0446c104,P0167,0.54
7c50d064-17f3-4d83-bd0e-5a9d673bc76c,P0053,8.46
553f3b54-82ca-4b2c-a652-bf0ad3618695,P0137,9.69
b50411b2-20ee-48ee-aaff-437d50a6b057,P0248,6.08
c30bf012-1555-4d93-8f2c-9dcce8867ef1,P0017,49.28
2bc4068a-fe4d-4ad3-9993-fa24ab0fd76a,P0274,0.45
3153e050-5b70-4679-9f31-e9899e1b06f7,P0011,19.91
93918d3d-526f-4435-8d52-4c6dba35ec42,P0071,26.43
f8327269-7bfd-4744-8cd0-ea50d5fc08b9,P0127,4.18
c5737998-d5ca-490a-914b-292827ba4fcf,P0210,46.78
ebc1503b-9ef3-4659-9c4a-1e95d7fb9dec,P0064,29.79
66faf0df-f218-4afa-b4d9-88a745c137da,P0030,76.27
f6583065-2374-409e-9699-110b527e5c1b,P0171,217.87
c1be2961-369a-4d7b-b07a-3ddb7ca05611,P0101,65.39
d9d9d803-003c-49a5-ada7-670c1dcf64ef,P0178,20.57
3c157dd2-2841-4c20-978f-02c8afd258eb,P0107,24.22
19b59730-fd12-43d9-a0cd-d3eb5e6fb898,P0297,17.71
b924424f-2219-4250-afd0-4a5ebbd76155,P0088,4.47
5d435825-7807-4d99-8c92-9c16f48e32bd,P0253,3.45
6ceabfdd-2e5b-4045-a235-ac799d8bd187,P0080,62.52
f9ba3de8-0d32-498f-ad27-1c8ecd8bb802,P0104,35.8
6be83f8b-2c99-4906-b027-3f512ba7316c,P0115,37.95
9ce477c3-a591-484d-9885-c689b29153b9,P0003,21.61
77d75b4c-cb9a-4d88-a5d1-db2038e1c26a,P0278,12.66
6ce09e6e-3537-4723-88e2-13a9362be3b1,P0046,43.43
281f21b8-adbe-4bff-9c69-057d0a973c47,P0270,17.72
19c1b1c0-7a2d-42bc-beef-b5cdea804995,P0122,147.27
f3947b64-e457-470c-bd8d-f9517ddc2fe0,P0029,21.74
2e1553a0-76c8-42f7-8b03-3b43bf725d6f,P0038,66.64
cbb70599-de8f-4f3f-89f6-9ebd3517b748,P0231,43.49
91376904-4acc-4a5f-b586-ac2b3f080338,P0228,5.01
27b6fb7f-7f0e-456e-ba56-3db1e8c65e73,P0278,17.89
3e9c5be2-7e4c-405d-9c11-51e0f445ce4f,P0208,0.37
0a22ff40-6b18-4445-94dc-94d89550789b,P0057,109.97
f38a69af-bd84-43c0-9fd4-cfba484393d6,P0202,18.58
6d1b383e-636f-43ba-8e34-a58c6a9033e4,P0139,33.19
d8eddda2-ec86-4e81-80a8-d8e2a2a358e9,P0174,54.03
2f8f7b4f-ef4a-461c-b135-accb1a61cd2b,P0248,25.12
789c672b-6042-4568-a66b-308c5820ad3f,P0111,92.02
f5208e88-1be5-429a-bf08-04bb651d1f35,P0297,27.07
c9dd5763-51a9-4621-912a-5b6ad282d5cc,P0130,125.06
4feabf32-a34d-48a6-9978-b3a43e5b794c,P0262,50.5
5be68d5e-578c-4331-9133-c2e348afd660,P0088,28.82
b5df2541-1c1d-4b1b-82ce-a7400a086f45,P0044,27.32
93782ffb-7ceb-43d4-9096-3b13d72113be,P0093,54.74
514e31c3-88b2-437a-8e4e-8f4a11a856c0,P0157,11.43
480bd846-6e97-42b3-b73b-5a715db8cc88,P0026,1.95
714d3c29-a335-44d0-b146-418c58e3d1a3,P0023,6.56
fc711dfa-fdad-46c1-bafe-ec64003a7be2,P0236,2.18
3d70aa77-d7fa-4191-bc6e-fb62031bef9c,P0040,73.59
61d2300b-43c8-49ee-a7e1-205825321625,P0187,41.5
54622370-87c7-4eb7-908b-46d7c5e6f63d,P0182,5.27
d65de4db-428b-44a9-8479-ba7202f44b02,P0105,7.12
4e00b52d-5dd1-49ab-ba7f-73d0781c6b9e,P0046,7.46
a22ed636-55eb-4d91-95e8-93a84b328dd6,P0253,47.08
2c5114f8-e808-4f74-a4b3-2092278896ff,P0105,47.44
a1a0f734-a660-4f95-a4d9-92e9e1545944,P0007,46.61
3653ffe0-3997-4369-a725-693db99fb58a,P0294,47.77
982b3860-e906-4e7a-9bf6-683f01c8eb67,P0146,43.3
287ff74b-02db-4988-8e31-f2c7eb29009c,P0079,0.11
a50b9c28-5702-4d42-a082-74d9af7f1fd1,P0100,37.63
57a0f732-3f7a-40a1-9fe2-c8356560a889,P0165,29.15
8fa4a91b-b43b-4fdc-988d-ebb09b9cd640,P0062,6.34
4c91dc2a-5dd0-40d7-a8e7-ca511b82a205,P0078,54.28
1a52211a-4494-4796-ba0d-1f0c76bd9ea6,P0280,157.65
ddf34188-cafd-45ed-b95e-462231ff21dd,P0072,228.05
08f5827a-b766-47bf-9b8d-815f375c02f8,P0084,37.28
f240aa28-6959-4b20-a83d-53fcaaff26d0,P0214,40.48
38530a20-5057-48ba-8f6f-84ab1470dd01,P0234,54.29
825dd1a6-3520-4055-b232-c318c0d10934,P0105,19.95
cd6a9e7f-4232-4edb-8351-2dd2d6a48000,P0163,42.41
bbd448e5-3285-4b76-a107-b7967bdd719b,P0154,8.04
348f553e-e93c-4204-bc51-b730c987146e,P0137,5.26
21a2978c-5217-4acf-8a3a-6dd91e094dd7,P0091,36.74
c0b5ad7c-57d5-47b9-8594-f24775add79a,P0144,106.65
abfa842f-7d97-4d38-ae72-a3620c81f0cf,P0250,38.34
bdde335d-8475-476e-9abb-88d56d55397f,P0098,25.32
4ff0ad77-c7f2-4bc5-81d2-aa519934e4fd,P0104,1.42
654ebf0a-cba3-4abe-a680-5321bf4f490d,P0170,61.48
8b765f3c-5a84-416d-b104-dd39242f4ddf,P0013,45.52
2f48d38e-071c-47d9-8673-222a0250fa80,P0076,22.92
7342b059-91de-4206-8500-56c0eeb328f6,P0128,143.36
f04e7595-2aaf-4015-a28a-2e86bc03b70f,P0186,7.44
8f22ce3e-9f11-49b1-bd8d-7a0ba9b55d3e,P0282,3.27
0f058cc8-0009-4f15-8737-e0422d69d4d0,P0123,63.25
8afc20cf-6b9d-47c9-a32b-842bbd21ae1f,P0281,39.1
efc613c4-cb2d-4b9d-82e5-5f76b4f93246,P0162,73.03
4ccb1628-929b-4935-9420-0945f3b48434,P0019,164.59
87d552a9-ed0c-42d4-a1a4-03e4ffb0362e,P0234,23.28
b0a20956-2467-4a8f-a3c6-7b59276713a5,P0014,12.28
754665fc-ffce-4a29-9d0e-498f1e6f9f81,P0147,25.29
03ae7970-7bf8-457a-a10b-9ca5094e5edb,P0224,35.73
d6f766a2-af00-4ca7-9ece-c2264d7a431a,P0202,5.41
2cdc1f4c-85e8-4ba6-90b4-4d6152938147,P0072,0.99
63d0bcdd-e04c-4a14-abce-a86856442ed7,P0208,5.33
6a23e630-fe21-4a04-bc7f-a05ee6786292,P0288,74.06
32feb50d-2798-4c33-9d1e-ff608fbd112f,P0022,18.65
846248cf-a941-4d2b-8b3a-7e23e9f1a11f,P0061,34.28
6b401b15-8af8-4afa-9b56-92b79dede51f,P0299,7.72
717827ae-34ea-4424-992c-d8c90901d39d,P0295,37.69
17123bf2-c829-4f1b-bec4-8cd1fb5b7466,P0180,66.04
1f73dc12-1479-4b7a-b9a1-955f42c1967b,P0246,49.2
bc982a09-fc1b-4331-a2d7-447c1a9398bb,P0176,45.88
adf7d137-1c0c-4501-940b-bfd87fb424f0,P0269,38.07
f391d3d3-9dda-4aa5-9165-e77974536038,P0254,117.74
d8892af6-77f5-45fd-9683-0b3e70e00b69,P0140,56.88
17ed751f-644b-4ca6-95f7-2dca559a11f5,P0040,16.17
92cd2a23-72d6-407d-9e0a-df7343bd989a,P0299,29.25
9798b9a1-aaee-4c6e-ba94-a1d34b57255f,P0038,0.6
f8658bfa-d746-4de1-b66a-b0ee75d37c04,P0185,119.26
7da91b84-0ca6-4dec-a9ea-aabcc277b3d1,P0223,53.64
9596e10a-be61-4d04-943e-9fdaba1485e5,P0042,276.69
ecd5086e-8d99-4bff-9330-40e019201aec,P0198,100.92
2826134a-3c0c-457d-9c47-831f8f52aece,P0261,77.66
bbb01902-8e03-4f4f-a366-19afbc03c8e9,P0001,56.64
62a72c50-6a4a-4b2d-a5f1-c77682fd423b,P0197,44.26
27ad85d4-cdae-4889-826b-d4765f74df66,P0063,69.91
24f11649-78bf-45b0-bd36-4e416311b122,P0081,40.49
b7ae1e66-8910-4169-b2cb-b284bfeabb26,P0108,31.68
867b210d-8f0d-48d7-9926-9ee60a98cdac,P0168,7.71
020adb09-1f7b-409a-af6e-0fa864bc6211,P0264,68.69
960aaec5-5372-4da3-a5b1-cbc3dbbbae5c,P0114,75.46
42669b4b-1f42-4865-be4e-a2f221197ff2,P0070,60.91
edef753a-94c2-4652-9344-94d1f3015bf6,P0027,21.84
2765669a-3ff9-4ba2-b62a-3bec630da6d0,P0038,17.63
42c020f3-7475-4ca1-933b-c0260dcb962f,P0185,59.53
9d8848a4-31c1-408f-aaca-85b23444f8e5,P0274,75.52
c3ae6f3e-b228-4a1e-ad4f-d3c6f8f28cfa,P0246,7.83
51871803-6405-4de9-b6b3-699a7130af64,P0062,6.81
1fbb9ed2-51d5-4a65-8c43-6416c78a5952,P0073,22.58
9b2757eb-379b-4378-b831-18bf9d7493b9,P0061,4.46
7089b33b-8416-4b3a-8842-2391c3881aa7,P0184,253.56
3bf0993b-45ff-499b-a36e-a5a4cf34192e,P0221,19.66
2042b5c0-1029-4fd8-b1ae-66898cab3a9e,P0277,75.82
ba9f908a-37a4-4a98-bddf-5287b2bec1c8,P0211,26.37
a046b4ea-024a-45bf-9dac-9486a72574b5,P0176,108.45
31276222-f0a9-4a80-b6d2-c825aa8bd149,P0298,19.97
71155d37-3802-40e9-abb2-7b22da6ee4d7,P0219,65.41
d80c5312-45f3-4c1a-9f28-30d5efdbe7f2,P0035,85.01
4cbe9e14-2fc2-47d1-9328-68bd0aa16061,P0139,6.16
1d2b14f3-99c7-481f-b2c4-f284952d0f8b,P0016,24.1
6aec52c6-9023-4f1a-a41c-7d1c092d4d77,P0157,7.35
d2bba4c9-c4e2-4b10-bbc5-4cdddbb9fde3,P0080,51.82
615f49d3-a0ab-4a9c-857c-80f4a086aaf9,P0197,59.85
bea1e045-5c62-4128-99af-d7a4e8bc1c81,P0030,9.89
0c94cd21-b834-42cc-a772-7675b9856c99,P0200,161.57
b6232851-cb52-4168-9259-0fa4b210977f,P0246,75.87
c755d485-75a8-4e28-a584-f8647e279055,P0027,18.21
bfcaeb4f-6895-4204-ac5e-700ba74524eb,P0242,66.35
6c57ff0b-253a-41ee-b6bb-f9329deb5c24,P0260,63.41
37d1a7c3-58d1-433f-a19a-d0c84a66c01e,P0210,57.99
bc6213e1-c509-48ce-8e56-9e3e987592e0,P0003,6.1
d2bba4c9-c4e2-4b10-bbc5-4cdddbb9fde3,P0178,101.45
fa264b49-1e0a-4bcd-ab93-40204b6f1cc9,P0217,30.19
95edd556-b875-4095-8a0e-525e456990d4,P0234,17.12
e662653c-6ce0-4be8-a110-88278f66126d,P0126,27.05
51bf8135-1ec1-4337-9c4e-18e50e82d06e,P0268,41.42
34c459a9-70d5-4f65-8fcd-1974bcde7a24,P0005,1.69
5e36f633-fdbc-48ea-8c05-8473cdf65e96,P0275,52.75
eca23afc-6f9d-40d9-998f-32ea9c752874,P0178,4.76
b0023f5b-6df0-4142-a467-af715856f7ac,P0150,20.24
a4ff4e88-0139-42d2-924e-7805ae5c102b,P0144,19.02
b1aa812b-6734-407b-ba67-a6cf55f217a9,P0190,2.72
8d1139b6-e841-441c-b6aa-aabd4da22228,P0221,226.47
85196d0e-4dfd-46a8-8636-5b72a2211f7f,P0144,110.22
713f9d87-c626-4bd5-b080-eec5083832a2,P0165,34.35
020a694e-268c-4db3-b91c-0c43105a4727,P0152,66.75
c02c623d-2ae6-492d-bfe9-9e0e842ee78f,P0068,18.27
bf5c1742-7438-4317-8476-857a1490729d,P0024,117.15
e3f68f45-3d0f-41bf-9fcb-dd6419cab123,P0018,60.42
37d1a7c3-58d1-433f-a19a-d0c84a66c01e,P0063,37.07
40bcd972-2f5b-4731-a801-3dbf371310e7,P0025,12.12
2cc8e7f0-b1c5-46ed-89de-e789bd8fd05a,P0066,42.04
673f93e7-d05d-4b70-b7d9-987bbd54471d,P0196,25.29
597fb0ce-9d95-41bf-ab35-47e7c5fe4590,P0091,133.66
71df33f2-edd7-4585-9a1a-1692f8eb19e8,P0190,6.37
241b2bc1-d74e-4501-aede-4d92fe35e0e2,P0205,62.3
3ea56d12-abac-4522-a2bc-f224afab3618,P0263,16.67
c3c9e170-58f1-44ef-998b-dae22d870957,P0253,24.57
d047b49f-5154-4ab7-a8f7-84fc70ec2927,P0235,6.76
135ba364-99b8-4c0e-93d1-216179bb272f,P0190,131.8
058a8963-0c2c-42b0-a098-1a09284e0bf7,P0146,10.1
10800fd1-d37e-404a-b9f8-948772f0ca4e,P0036,7.18
dac3c2bf-bf45-40a7-a346-78c73d120185,P0047,1.01
2247acaf-87c0-4d52-9ce2-ddf4453d1850,P0293,44.8
b33e4d61-f2ba-4755-bec3-45beb87e03d1,P0239,23.1
a4ea32d1-c33a-42e9-aec0-402a2929f598,P0061,32.33
f4582f5d-92e7-4feb-8826-9fee9a0258e6,P0015,77.64
28bfc8bd-648b-4a9b-bad5-18b9299ed241,P0294,16.03
3efb6260-5a14-4ff0-9317-86366143007e,P0193,49.61
7e53571a-f729-4660-af66-e03d8647f059,P0052,13.86
bc230bce-7f84-45a5-a14c-6a29c53140c3,P0067,54.08
710d1e3f-9d69-4407-bcbc-802f7538c14f,P0121,38.86
27b6fb7f-7f0e-456e-ba56-3db1e8c65e73,P0201,44.31
0cf0ded7-03e9-4dbc-8e96-a0e9dd02944d,P0123,53.68
d57e717d-5db3-48a7-ada1-07c87176c47e,P0240,48.15
0541d7a1-1e03-4929-82d0-d120c4acc072,P0057,42.71
98bc8750-5140-4c92-a4e5-093a2402d584,P0132,26.9
ae223508-34b5-489b-9efa-c02939418a2e,P0012,4.05
03301993-c0c6-4ff4-a93f-c281bb62014b,P0250,74.74
a12c7a4a-2459-4468-8530-d28b77306c5d,P0273,12.77
0b388a38-2013-405c-9e71-30bdd6249832,P0013,11.27
8425613e-9736-40ee-b4a1-8f081e45cbe5,P0162,111.27
5d77457f-266b-453e-867a-0a0f8addb60e,P0098,4.36
3e171dd2-91d5-47a2-90e1-3eb4587c03de,P0126,26.02
d603aa98-c2d4-4b39-8c54-7db522116d10,P0196,9.28
bc06cb50-a4de-4b7a-b8fc-3e6ad0b151f5,P0139,1.56
f4951b9e-f27f-48a7-9b16-2596d4af30b4,P0200,86.93
93cfba20-1189-47cd-a76f-dd7a1360ca9c,P0216,27.22
306272b3-3cb7-4d56-8b69-4822e280c042,P0286,8.7
77e3e9b0-8872-4dea-ac2d-fede449ffcd0,P0155,4.35
cc88e547-4eef-4cdb-a808-9b888980f865,P0125,28.2
3eae70be-508a-4241-9a5e-42680caec648,P0297,12.67
6be83f8b-2c99-4906-b027-3f512ba7316c,P0068,0.94
d26f1bdb-721c-444e-9902-6d1d600a3a41,P0103,44.18
711cba77-8fa9-42bb-b97f-ee701049c8d2,P0133,59.39
456447f3-99fd-4a60-90f8-0d803160f8e0,P0147,97.26
ea18ed60-c3c5-4de6-b4d8-46cd48e8cfd3,P0219,0.41
01466481-61d2-4b49-acbc-2dcc6d9eb9b5,P0013,3.63
e610646f-a151-4add-b351-3899cebc341b,P0067,97.01
87ff2d8b-7d88-4e06-a2c1-9e697183753c,P0050,121.27
666f4a3c-a8ca-4112-adef-f5cb9779236c,P0109,47.8
d7366772-a423-4c61-bb66-2173638c9a35,P0290,8.21
43f6e1a3-01ab-4a24-8cf5-e84d788989ba,P0182,16.13
e57c49c0-2873-4395-ad5b-d527470efa4d,P0263,38.09
fb5b45cb-6fa3-4144-96b9-21ab4a13bcb6,P0150,93.02
7c788f2c-3912-46ff-aa85-9bfb96ac6b2e,P0008,22.01
27dad56e-4b7b-45a2-9d27-c5a08eae238b,P0183,40.57
fa0976f1-ab55-430a-82ca-44275550460a,P0121,19.76
989ab3b6-cc17-4efa-bd1f-92259ca67a08,P0135,38.37
0aafae43-af5d-4969-9990-eeaf3284c180,P0214,22.71
f6a4441b-aa9e-4384-af76-1c11ab9d8221,P0095,28.03
d7922708-221f-455f-85bc-c5813650ce39,P0214,0.41
bb090732-a81c-4e7c-a24f-3c3b26342a99,P0087,8.15
33409087-80a2-425d-9875-d19dc1c4f6ec,P0150,22.5
8ea90baa-69fd-4c1b-959d-c20f050dbe24,P0294,23.88
20f516b0-cccf-4fb6-8cfe-325f9fc4a9f4,P0274,10.18
5dbf69ca-12e5-4c0a-b1b2-6cced878db9d,P0028,34.17
b8300f8a-1b1a-4984-a095-2638330d1813,P0249,14.39
306272b3-3cb7-4d56-8b69-4822e280c042,P0090,23.41
152d3860-1fd5-44aa-89f9-f00c0ac1e409,P0126,29.37
2e5431bd-f487-43e5-b206-e9a477ebd87e,P0092,176.53
89b5da7a-7697-40cf-8197-95b82270836e,P0019,96.98
ede17241-004c-46d8-86a3-1c011ec4aa19,P0228,8.79
5f023b79-773a-43ef-9133-16d46fa4e36f,P0131,34.13
b5d2c32b-8ee5-48c2-aef6-757b1f1677f1,P0165,19.79
06f820f6-5149-4673-ba18-565d3e3fdb81,P0136,45.14
4df3a840-13da-4b8f-ae6d-1b74c9b8ff96,P0064,59.85
6648a09d-87e3-4c4e-b83c-000f69396e86,P0035,24.16
55698401-bb0f-47e3-95fc-b890f32f3718,P0212,18.49
3ebb05e7-d117-4d4b-9378-c229e6e2fa6a,P0051,1.6
e899911d-d8fb-4421-98db-947637a8c4f1,P0220,26.87
8e814a79-9505-4798-9a34-3654d0435c3c,P0140,64.74
db494558-9c9e-42d7-8ca9-e1a5bae97cbf,P0283,32.41
d0c5562b-9595-483f-a34b-6bef0cd29594,P0033,77.37
df41e125-60eb-4160-955a-af37674de07c,P0204,13.18
508b8cd9-ab39-4da0-9cae-6409d51f6bf5,P0070,2.64
c47bd9bf-da75-49c0-b1fb-3b13b4bb0772,P0178,153.38
9239185f-2ae1-445d-98a1-08a785a1fad2,P0053,6.58
8cc6a4f4-c0ca-42f1-9844-22d9259ce4dd,P0212,115.94
9718c485-eff7-4e0a-9a76-53be69fdc331,P0225,19.74
a49fad92-dc5a-4a17-9524-40a14a695b89,P0174,4.45
ea18ed60-c3c5-4de6-b4d8-46cd48e8cfd3,P0248,13.31
5497cdbf-30b5-4d50-a4db-9c50f709265a,P0190,18.45
a669447c-2792-446d-98d7-6e19dbcd87c6,P0232,4.36
c40f97b5-50cb-4564-88c9-6be0f5c8e488,P0196,91.11
88322cd7-5d42-4493-a041-b11d34ea676d,P0061,22.2
f6583065-2374-409e-9699-110b527e5c1b,P0250,52.25
c3ae6f3e-b228-4a1e-ad4f-d3c6f8f28cfa,P0162,20.07
7436fe6c-4968-4cb3-9fe5-9904a8d1f017,P0161,30.82
ffabc12a-2acf-49ce-b0e1-4395e9e2f66e,P0124,36.56
0248f5a1-bc0d-4879-8546-421ce19e23ae,P0246,22.42
69481391-7484-4f24-b51c-11fa2d12b04a,P0002,24.47
41e30bf6-d675-4f21-922d-25d8f96ed136,P0098,34.93
02f19778-3485-4180-bbdf-9d6edc143e2d,P0174,70.53
989d4285-0d89-47c0-a2da-299f200c4a11,P0080,34.64
713f9d87-c626-4bd5-b080-eec5083832a2,P0255,37.93
5f30ea00-33d7-47ef-b39b-61dd285cfacd,P0165,2.54
0e186820-3ba5-4470-8ac8-f96c5ab85bbb,P0166,136.3
b6f3f1f8-886c-4f6b-8f70-45840dbe5a0b,P0281,18.27
8f6bc20f-1a98-4418-87a2-9e6c12a6c4f4,P0153,33.55
5590ea94-58b6-4625-b660-ef0335992f83,P0150,34.47
5493506d-5053-430b-a86f-fea917ba461a,P0214,11.06
e3255eb0-eb14-4b40-8a11-ecda7ef3005c,P0001,1.43
f01a943c-b7a6-43b0-8241-e6410309d5eb,P0208,0.34
b06d4855-df98-45df-a010-0cc90c241b69,P0192,131.55
8353fdb2-a51b-4f82-a9e9-e6ac242c5199,P0101,73.6
e9c165a9-765c-4a6e-8929-9f8a6a8db122,P0269,16.51
d542ec7a-63d6-437a-8545-2e81cf3b4f94,P0239,99.63
e228626d-b477-49b7-84da-e8ece036bb7a,P0077,3.64
f3ea020f-533a-4d34-a7dd-1ce412a3ce8e,P0284,21.14
4abf621a-d129-416b-90ae-c23bdc61def8,P0119,120.55
b693485f-68da-4a9d-8aae-d5a9f66a7965,P0013,0.54
353325df-eff3-4ed1-8b2e-61fca0ecf0ca,P0105,9.76
53391973-ca1f-4ef9-8eeb-d14491d524f2,P0237,30.75
82066f89-c0e6-4b90-8270-3a45e0da3215,P0123,8.17
bb030bf7-af19-4eea-981d-aeb91518d3cb,P0025,45.87
1e95a2a8-59b5-43f2-a591-4ad11eaa5e6c,P0224,8.87
745aa5b8-1daf-4681-9218-34a85ed3f5ac,P0026,14.82
d5bd5225-cd29-4753-b839-059ac2d2996a,P0132,49.58
60e54f1f-e15b-4da2-914d-3a0b2d98c347,P0028,27.32
f2663dbf-9eb9-49ab-a7f8-320d084dba06,P0152,50.95
26c694e8-64da-40b3-b05c-d96028be45f0,P0254,125.58
bf586b23-e88b-428d-b210-b127047bfa26,P0182,42.98
b24bfed8-b5d2-4851-b1e9-e9fe9193b512,P0011,8.33
d4579e7b-4ff4-42ff-9b72-fca81c56d768,P0228,13.07
30fb862c-7d98-4816-8af4-ffd4315a24e1,P0120,14.77
1eace4cd-5fc2-43ad-8787-c6a96f325c3d,P0166,32.1
038ad2fb-3e44-498f-b490-896852b59bdc,P0194,39.75
407cec6d-fdde-4e9e-b45b-2ca34c6c4b6c,P0266,99.78
83f2237a-139f-4e5d-a3f9-ada82d51c48c,P0268,38.47
56b35ae4-b148-45bb-b0c9-87bd358fa9b1,P0288,40.22
f97d66ad-8db8-4cd0-a470-43109deead4d,P0152,24.96
c01bd92b-de42-4515-94d6-eb40b61a0d4e,P0240,9.68
89c1da20-e183-4062-82f0-b84ced3c19fc,P0285,154.07
7d8f0c08-d935-4fb4-b470-2d52747b2c16,P0187,66.76
f683139a-efd3-43aa-87cb-08c6718140df,P0049,10.05
4a056190-b874-442a-8c11-d4db9e88b8a4,P0100,23.31
b8208e37-2e80-4f5c-815c-f882c86652ca,P0280,27.96
e3b9cfd5-4f9f-4473-98ad-de27514c80c1,P0284,29.21
d9036741-ebe5-4270-803c-e6c6a263d5a0,P0052,59.63
e62100e7-bd3c-428c-821a-f4f9741a6523,P0240,2.49
a594fdc0-563a-4208-bf1d-99e2a8a6f598,P0289,4.98
b9b07db9-056b-4759-af8b-47a11fee9ecf,P0245,37.97
44372776-5a63-4b4c-b034-e5c50fd743bc,P0225,33.54
f48847fe-cc13-4103-a530-7f643cef2d1b,P0162,121.4
9e213a37-4b9d-4185-8799-d42dad7f26ae,P0121,40.83
163ecb9d-0b07-483f-9f6c-a615f3fe0a3b,P0009,1.1
0e9de263-c798-43c9-8b42-783a7d60c234,P0245,0.94
8585f0f1-5afb-4c08-8361-88a5abe86e14,P0253,11.62
8323f5b6-ed64-4c2f-9a92-87a6bb05d580,P0068,42.46
26d4edb1-eaa9-4d5f-bc4a-a91435a49a32,P0213,0.25
941ae60b-1050-4871-98ad-f6e7e7b41926,P0164,14.22
2824c18b-1a43-4182-ac36-bddd56f85685,P0083,4.97
a2cd47f7-4fb5-40a5-a7c3-dcb5bc27cac6,P0183,11.43
afb3581c-5ee7-4042-8b91-575b1a5e412e,P0109,51.28
37d1a7c3-58d1-433f-a19a-d0c84a66c01e,P0191,43.65
292742fb-b7d8-448e-a464-35e41f592fd8,P0257,13.6
e6638d0c-2803-4cfd-ac82-91f1287a5913,P0062,37.19
e84adc77-7cd4-4868-ac90-8e9ebec0b2cc,P0025,61.61
66dca715-6bb8-4dbc-8c97-701eb08783e1,P0172,21.12
ab0f4b96-dc27-4751-b8f6-4ce798233c07,P0297,119.49
9e213a37-4b9d-4185-8799-d42dad7f26ae,P0223,2.36
e371147d-f1f2-430b-aea4-4975519ff5c8,P0060,10.85
c740557f-baca-44e4-a730-9e4d7fd55f62,P0176,3.31
52f35b36-9f26-41f5-bbb6-c5c329ba9d1a,P0294,28.11
87da45bd-d161-4c21-93c1-b3425a1bf284,P0269,23.81
b5c0ab0f-8e42-4319-b45e-26f9421851a9,P0236,3.79
7b213168-3c6a-474c-adc2-1263c6435995,P0204,54.76
90ea4347-0271-437f-b719-ee2885970ebb,P0290,104.66
729caf6b-7e76-49d7-90b0-7164f5232959,P0017,17.72
39b0b8ed-d1db-4d33-ab57-3888b2081f76,P0126,30.48
15cd974c-847a-4cd9-9d8d-b5088bb60563,P0118,67.68
1e9710f3-200f-4813-b86b-da9a977f29f0,P0162,17.85
c168ee7d-06e9-472b-942c-4087bcbdc9ca,P0078,19.96
8a29e666-7920-4fe5-b94e-d36fb5977e20,P0012,103.75
41c528f9-4fc9-48df-9c2a-3b9315176f3d,P0263,16.98
7e80695a-1c92-4d05-8a8a-f7975b32fdc4,P0190,48.94
951625d8-d01d-460b-8152-4c56a649f9e6,P0033,50.13
8b5a51bc-5247-4bca-b382-60b536f741b4,P0212,36.87
8f64ef29-d3a4-4409-aa8b-c7697210e3a4,P0238,5.44
ee2a47d4-35d4-44a0-9550-1c95c27db037,P0063,41.44
50914877-3ac6-43b0-9c6d-196fb2701ce7,P0067,80.53
97930f0b-2f2d-4377-b405-a9ae74aa4d36,P0042,178.95
0fa65030-549b-4588-b9db-4b4e5610cbc1,P0176,27.53
9274704e-b886-40fa-bf10-d2d6bc396798,P0291,24.51
93cfba20-1189-47cd-a76f-dd7a1360ca9c,P0223,30.44
ffa05806-4070-445b-97d6-c8f18d52234b,P0056,85.24
3b92b20d-f213-44f6-97ef-eebcd8f259cf,P0230,10.58
54622370-87c7-4eb7-908b-46d7c5e6f63d,P0194,66.96
7e949d0f-69f7-4e49-8b86-5800d5564759,P0300,12.4
4b164826-2d8e-4c35-8b8f-2794959406ac,P0086,14.95
c27e1ce0-1b8b-495d-8ad2-e2f557c05011,P0031,1.58
898a1223-82aa-466f-8d1a-4f60469aa2e1,P0069,5.33
148bc91f-3540-4531-87cd-c66cfb2424fe,P0178,60.08
efab35b5-08d4-4c31-8844-94c06854dd7c,P0193,81.2
2ad7847c-c325-4fce-a80d-70294873416b,P0239,10.29
daf2d506-820c-4f13-818a-55026ce5e3b5,P0185,51.83
5555281f-7f8b-4512-88b5-8262ad25f598,P0286,31.72
9607b224-3c13-48f7-a87b-ffb0829e0a2c,P0147,40.78
e0859bd7-c9e3-4ffd-bc3d-3ac892ebf421,P0021,19.02
8f22ce3e-9f11-49b1-bd8d-7a0ba9b55d3e,P0152,114.56
e84adc77-7cd4-4868-ac90-8e9ebec0b2cc,P0213,79.29
12e52bca-495c-4953-9d37-f07adabe24a9,P0154,7.87
0487bd70-18aa-4672-ab55-14481c59095c,P0234,15.49
1067a727-cab8-45b3-81b3-3d669e15f930,P0299,32.58
c324b891-2663-4f4c-9de6-21f9c11762f1,P0250,12.38
717827ae-34ea-4424-992c-d8c90901d39d,P0017,64.04
c44590c9-90eb-4f2c-95b6-5c0950ff8bfd,P0068,49.15
c721cb66-74c0-4a22-9f27-068f4bc5af10,P0059,40.29
9e3ceecd-426f-416d-a5c7-b5a5f9ff656b,P0184,1.29
baa7e82f-3548-4e1e-8a9b-cdd4b961a3fd,P0032,7.93
98ec9988-aa8e-4db0-826d-5757f882df6a,P0213,1.32
e3680bdd-0ec1-46ad-b260-45693efb5074,P0071,43.07
55e1996e-606e-4d41-8060-b1e5fdb3693c,P0051,3.46
b71a98c2-d1c8-486d-ac3d-343ba72171a5,P0271,11.21
2758e08f-a8c2-4bef-8110-beb0b5ad1910,P0204,16.7
1e82ee27-d08e-48e9-ac40-9801b9ade534,P0291,20.73
cb4f1f57-0475-44b7-a430-832378ef8108,P0008,8.89
2644acf4-d1c8-4adc-abe1-5aba80bc586a,P0064,7.29
939ae7f3-7393-409c-ab48-4ac67850f9fe,P0209,101.08
ec4f73d3-8644-4767-b5b3-fc5f8630177b,P0144,10.57
0dc4d60e-6dc6-4fc3-b0c5-fabf2162ffca,P0159,41.74
32e5f0be-1914-4e88-b62c-3ef43f861722,P0020,177.42
c08dda7a-4cef-4535-a62e-3fb17fd17e56,P0052,106.27
dea98198-839a-44ce-8621-4736d17494d6,P0161,3.24
51cc74b3-8506-4312-a87e-043536823ee4,P0244,5.35
f69981e5-e736-4259-b8ff-cabfb3a6b1ff,P0172,2.8
3cb43cb6-2276-4ff2-91f8-e93d9e0b15ac,P0267,23.13
7d3dee9a-582c-4542-9b5a-dd9f383e0a2a,P0296,2.13
690ef2f4-4e1c-4132-a956-da4cd1c551e5,P0205,17.92
11ee7f3c-1108-4bc3-9416-4032800c70b7,P0039,104.6
29c80707-03a2-41d6-8b5b-9e9d21a2b6fb,P0104,63.41
469958dc-7f5a-4c7b-8040-32d097fdf6a9,P0026,69.29
8a02c6d2-ae8b-48f8-8734-e45b807c53d7,P0252,0.55
42c020f3-7475-4ca1-933b-c0260dcb962f,P0221,7.37
4e65a4d2-e795-4b67-bbae-94ab5303a873,P0196,28.01
17214e55-e9d9-46f7-afe6-32f9d57444f3,P0021,17.94
2e5431bd-f487-43e5-b206-e9a477ebd87e,P0170,30.41
867b210d-8f0d-48d7-9926-9ee60a98cdac,P0089,186.53
fc361615-4bdc-4557-b0ae-2d80fd7c3eea,P0216,88.96
9e88ec61-7df2-4bae-bfec-61849e2fda53,P0108,114.8
b61fc3df-3247-480d-9447-b983df69afa1,P0288,4.18
016dfe8c-a547-4600-bd01-4c3967794618,P0256,82.71
d0c16435-85de-4d21-9e20-46bd42c2397d,P0139,20.0
898a1223-82aa-466f-8d1a-4f60469aa2e1,P0137,47.11
7a2fc07d-d640-46ce-90fe-015e8272842f,P0160,56.87
1361707c-fefb-42d3-9111-dfd631cda969,P0133,109.72
518a03ad-5575-4b55-aa1b-2394e223d36d,P0298,35.89
2a5c7e09-5be4-44f5-b3b7-44673b5dab68,P0087,20.26
fb35de55-8010-425d-afb4-2fa27315c9fd,P0149,93.25
710d1e3f-9d69-4407-bcbc-802f7538c14f,P0134,3.19
2051a5bf-eada-4db9-800b-b030b8cbd012,P0067,74.21
c82dcc14-028c-4377-a7d6-f3be4db1e913,P0210,82.16
b2eb458b-d727-4d4b-8bcb-28acedd4c6eb,P0112,53.42
34103ba3-7d3c-4afc-b9e5-520a00c07e7d,P0261,13.99
a4bd604a-eb01-4340-bb72-27b892a44bbb,P0206,51.92
113d1b0d-25a2-457b-90c5-325a808cb596,P0276,58.37
bb4919ba-3b14-4d96-9246-a82a4cae1f09,P0220,58.48
fb35de55-8010-425d-afb4-2fa27315c9fd,P0204,56.87
e63ef0b9-ead9-451b-a5aa-22ecb5facd94,P0117,41.44
188960a0-1ee0-4076-9953-68c37ab9e875,P0167,22.62
f4e834df-fd65-4a62-9052-77ce1c2be548,P0293,32.17
0bd5cda3-c811-4a15-a307-d58ed550b8f4,P0100,17.0
594e148a-e9da-4b66-862c-03edfff7f117,P0277,10.67
f3880076-7e66-4c1d-8f95-43c0ec0ed363,P0071,38.81
dc9f2f58-cb07-47a3-836e-6d1487edb36e,P0224,6.8
c3ae6f3e-b228-4a1e-ad4f-d3c6f8f28cfa,P0258,27.41
2ef69c05-b42f-4011-9797-ebc5fc40f3b5,P0227,62.75
fb35de55-8010-425d-afb4-2fa27315c9fd,P0228,29.0
1daa52d8-4872-48c4-9dbd-ba2ccb65bba8,P0249,73.05
cf29df77-2004-443d-b66c-50d1d38354ed,P0023,82.11
60e54f1f-e15b-4da2-914d-3a0b2d98c347,P0205,44.61
78edeb79-0f92-44c1-95ea-cc4ac2012ec2,P0197,43.97
ae82661e-2e73-4494-b0f4-5ad7edba0f9e,P0158,65.09
dd275c12-ed7a-4d29-9063-85a4aa5c6461,P0239,36.94
d0ccea4a-9ec6-4be1-a990-53d00ae31734,P0009,0.21
e393637a-da9c-4f34-a67a-34db9c16ed4d,P0214,30.4
5f5dc601-a49b-4c6c-8318-e1c872163c29,P0179,2.35
a6a14dc2-65ea-4ee7-99c2-010d80112128,P0127,238.61
e37f092b-de9f-48f4-93e7-afa2dbd1b104,P0025,23.29
744c28e3-00cd-438b-b1cb-54025191d895,P0035,42.24
2ddd88e5-9ce4-4ab4-8996-9e70002f5d17,P0105,76.4
1dad64f1-886c-4c4b-bab4-1358423457bb,P0261,0.22
ac2d8149-fac8-48c9-aa32-300eaa230ff9,P0073,16.6
284df3c5-9b49-4340-bf3a-2128dc3252f4,P0071,191.91
633f9520-db9d-4192-9e4a-1b4ff50cddc5,P0254,5.35
4fdfef98-7538-4156-97cc-99e4b2a1fdb3,P0023,2.64
2c57666c-d312-4e40-aa1a-c454e32adc80,P0037,5.6
83026a39-853b-4901-9f5d-e726876a8aca,P0176,19.67
cdda9d5a-3f2a-4499-9498-e66ec42ea445,P0183,3.61
7418f459-f888-4fc3-9155-7d070b35df4b,P0165,90.18
9566a7d3-549e-4bb3-9ba8-23ddc20e2b85,P0176,31.6
30410d0a-03cf-4677-a9a7-7bdf3e962be0,P0216,26.22
28fda55d-73d4-45a6-bbea-3ef7d7aadcb7,P0036,3.69
691eff74-3374-489a-a71f-6669483a9468,P0255,15.82
534ac803-ad5a-4ade-aef5-c49c1a964459,P0287,42.55
355131d6-a185-4c9c-8c8f-582e48a0307b,P0021,53.53
eb6bc860-ba21-4962-b5f3-e0e610da57f7,P0045,8.08
5d5f51f3-d01d-4c57-a1b2-4a235f95bfe8,P0177,7.95
d6f766a2-af00-4ca7-9ece-c2264d7a431a,P0146,29.6
ad7d2e70-f322-422a-a738-85f6eb5151ee,P0292,3.82
e1631055-7fb1-424c-8f15-44cbcaa8e0a5,P0266,39.48
d9be7c62-93f6-4c90-b5f5-b01d9d70287e,P0268,44.76
cab63f93-b8b2-499a-aa09-d0047be84510,P0048,0.25
817eb2ed-8837-4951-95ed-ba3668f36a62,P0225,59.41
42b3bfee-61a5-44a0-9b47-7f77732cef93,P0276,115.57
1cc3cf19-97ec-4533-9a08-0ccd36e61a83,P0004,38.79
61288110-8bd6-4d31-b4e0-70a2a106f9c3,P0265,71.84
359051b5-48fe-4d88-b64c-b97e6020a36d,P0108,26.91
2cdc1f4c-85e8-4ba6-90b4-4d6152938147,P0167,20.69
f3b67513-aca9-45fc-91df-822bc6accf1a,P0012,74.34
24b7b981-2108-412e-9a06-26819743e0e5,P0209,12.51
e39ae838-e965-47d1-9ff9-469cbf528c34,P0145,29.91
550c97d5-a108-4d36-ac91-e0039b6ee856,P0068,36.09
91a7bb81-3d12-4991-a9e5-4706de0e8d10,P0194,60.92
69bb7619-2231-4028-8e4b-239ddeba1692,P0269,29.25
ab0f4b96-dc27-4751-b8f6-4ce798233c07,P0035,7.24
1ccc1843-8989-41cf-a16d-139a64a72766,P0036,39.4
060dd919-d635-4efd-8316-efe6a3187080,P0040,5.96
c1e26289-abf0-40a7-81a5-871c4d1b9765,P0036,0.03
832cdf3a-433c-41c4-abfb-f661ad16cbbb,P0115,20.78
8cb63c1e-5f55-4daa-804b-9a5dc6d13601,P0137,31.46
abfa842f-7d97-4d38-ae72-a3620c81f0cf,P0012,15.49
48e3c1f6-0e9c-4e78-92df-df11a4d4d33c,P0058,71.61
bf13f973-4079-4b6b-9abc-0bd8c321966d,P0227,94.58
58cc3af4-bab5-4c88-9bb3-318426467d9e,P0139,0.33
f35c6e3b-a1ff-4bf3-8631-db80c12e40ed,P0091,97.58
01345e06-c0cf-4bd0-9018-458033eabff2,P0219,7.31
641cf799-7b82-4d00-893f-698616de4d86,P0011,2.13
39534a9b-294e-49f4-b883-f0d55f27733a,P0020,28.67
55698401-bb0f-47e3-95fc-b890f32f3718,P0102,20.26
7fc45598-fb00-4a45-a55e-e02d57069058,P0192,110.7
6287210a-346f-4452-b699-346ca649387c,P0295,18.37
5b2fd42d-8b3b-4c27-b54c-abad4ee970da,P0090,30.77
63494cb5-dd21-4cd1-b0f4-fe05f2762ab0,P0167,46.23
5932e03d-996e-4c25-afa3-8adc08069ebd,P0236,49.49
74dbd4ca-ae4e-4b96-863d-7be5543d621c,P0036,73.66
909bf2fd-9a37-44a2-ba51-74db22011e6a,P0267,74.46
2a5c7e09-5be4-44f5-b3b7-44673b5dab68,P0098,161.15
c00821eb-3f55-4458-8e54-0496fdea6f0b,P0175,4.63
ff36076e-6d4c-4cf8-9cd2-fe50e3b20da3,P0028,39.67
820449f4-d851-4a3a-b0cc-c5d1a4b9e834,P0005,4.62
d0004651-1c0d-4c4d-a3d0-6a7f54221f6e,P0296,37.03
e5848195-952b-4340-9ab8-ce1904546763,P0121,64.88
db84ee9a-e9cb-4618-9961-e76200f23696,P0190,56.77
90bc06db-1a6f-4bcc-bad7-8fa857794bbf,P0081,88.02
e62100e7-bd3c-428c-821a-f4f9741a6523,P0299,13.79
f3929d4e-6bc2-4c56-bb68-712d354ee6a8,P0132,65.14
3153e050-5b70-4679-9f31-e9899e1b06f7,P0284,47.53
047e7202-8b7c-45c0-adda-32a2780e7e99,P0173,8.37
5d15d548-19ff-4e39-98f4-3a5836852490,P0127,112.74
a97c8d4c-bf34-4615-ab65-64ff460a9e84,P0042,6.18
ce5f6919-b301-4ca2-81cc-e2e81e15e159,P0086,141.22
2eb16177-8f6b-4180-9aa1-8e72c0c38737,P0191,81.63
869ce9a9-6614-48eb-93d5-792e1262b0dc,P0273,49.63
974a604b-3559-42fa-8fe2-c7cc9c782776,P0011,34.8
87ad5c72-8bc5-4b3c-86df-6df8d089d6cb,P0103,27.62
4d9e44a1-7f87-489d-b630-39fc8fbb7d8f,P0128,9.15
387504ea-331f-4da0-a8bc-2759c0328127,P0145,36.17
90702f58-0e28-491c-82e9-8d6091e86657,P0022,3.57
8028ba56-fccb-45e6-bb31-f20dc0322e91,P0163,1.97
b729b7e2-f9be-4529-9009-efc3029fac03,P0200,11.54
985daa6e-a7c0-4e89-8807-3514036fdd2d,P0298,56.07
21111bb0-e548-4287-992a-d457df38fc48,P0204,56.03
8cb63c1e-5f55-4daa-804b-9a5dc6d13601,P0299,71.62
359051b5-48fe-4d88-b64c-b97e6020a36d,P0084,3.24
01ac88ca-c4ab-4a70-82f1-384ae8efb055,P0261,51.56
34fc353b-66a9-44ef-ae4c-26c18849b404,P0075,13.57
9fa1176e-9ae5-4a64-8df7-e8f00dcecd9f,P0100,8.49
6fb20436-a09b-48c4-9cc0-bb4dc9c6ba23,P0206,172.87
e93cbecd-f061-42d0-9be7-033e4864ea5f,P0105,8.66
922064f3-475f-435d-a920-434336c7176e,P0144,3.94
ae85facc-9103-4339-b86b-f1f9071a5f22,P0083,66.49
a3a398b0-c05c-499d-b30c-cef474a77e7d,P0104,28.2
c2dc1f5c-21d8-4fe9-82df-dc648657fe03,P0100,14.34
b7dec7c4-1db2-42e0-a32e-74de7c61171f,P0273,3.9
0526dab9-73a0-4067-924c-4700fad8df95,P0080,47.27
d13be6ec-3e70-4249-afac-7e1027d9eb5a,P0172,7.56
0e4b88da-c2fc-42a6-a708-4db6bb55a442,P0205,64.56
7b121417-36aa-48b6-a57b-b2d79907d1ca,P0288,22.37
636495c8-1837-4fc7-8157-d9312f78efc4,P0096,35.39
90c445ad-d865-47fc-94b0-a51f7472e616,P0086,39.83
b6e3206f-57c5-4e4c-bd73-c289db98d777,P0252,26.58
885bb843-f017-4a13-aa71-1e0a5a50a31c,P0208,165.18
c30bf012-1555-4d93-8f2c-9dcce8867ef1,P0139,26.48
21ff8a27-9d5a-4912-b5ae-bcb2c543431d,P0212,66.86
6441573c-23da-4096-a805-9e7514857eff,P0107,61.72
7609f104-43b3-4e1e-a8af-77281157364f,P0200,39.13
353325df-eff3-4ed1-8b2e-61fca0ecf0ca,P0130,42.01
78e5aa93-cb82-46e2-ac6d-96aa01c94586,P0267,11.86
9e2000e1-83c9-4fd6-ba0a-633b3613747b,P0056,12.76
0be0ff3a-022a-4dfb-8fc8-edf3a913b1ba,P0200,48.71
680f311b-99cb-4321-ba77-160e00503578,P0110,46.16
bd72979c-fa39-44dc-9683-587a40fd6ee6,P0285,113.51
1f5c1b3b-d378-44c6-b698-9049d2ba1bbb,P0059,2.45
12b8f39a-09ff-493c-a4f1-da11bc01cdbb,P0249,4.4
f9b1eb3c-5dc2-4736-8afb-d9049249ce7d,P0114,4.3
259570f4-baed-4d9c-9c33-f250ce24a941,P0166,31.83
d7366772-a423-4c61-bb66-2173638c9a35,P0239,31.51
f6b919fc-db99-467f-bba1-be2b69473b84,P0275,31.83
cace4a4b-bc4b-4aeb-8b54-6bb69ec4d735,P0199,6.11
0d0aafef-54ae-4309-81f2-c9f7dc03a7be,P0252,19.65
bdf0d877-b09b-46f0-ab3d-a2de3b259e8b,P0220,32.23
9e3ceecd-426f-416d-a5c7-b5a5f9ff656b,P0163,47.57
132dc6c1-6823-40f0-95aa-583a852c9897,P0118,29.82
10ad36b4-1ff9-48fa-ad5f-1a403979d788,P0170,18.27
cdda9d5a-3f2a-4499-9498-e66ec42ea445,P0098,3.62
ca2f9775-a365-4110-a2c3-52d68b6f3baa,P0117,19.46
5af5e057-be80-485c-a953-fe61ab919089,P0173,14.44
82749ea2-ae60-4c73-a4dc-3ea391a528e5,P0173,68.41
a303d870-0d3b-409b-9989-7403a640978d,P0034,60.72
afc2afc0-e420-48d0-84c2-d1faeaf31dd1,P0263,9.37
8f599caf-5780-467c-80ad-6cc5e94b0767,P0165,18.9
016189cc-f4fc-44b5-8ceb-520e2acca742,P0111,5.23
a80a059c-328d-43a1-b609-ec9e51584518,P0032,121.03
18bc1c56-b824-42db-8f24-99bd2e508602,P0207,92.07
7436fe6c-4968-4cb3-9fe5-9904a8d1f017,P0149,43.31
fd2be450-c71f-46cb-bdd5-1c41cd128fd0,P0064,20.59
95edd556-b875-4095-8a0e-525e456990d4,P0024,100.35
56eab249-9ce7-4fe5-b1d2-f57cd04d32e4,P0165,31.49
f20b61a9-31f8-4354-8b57-908a78a9be42,P0112,12.05
0d0ad941-612a-443c-abad-802abc42c23c,P0122,1.7
f478dc46-dd3e-4d6b-a33a-05cc897028e1,P0192,113.96
f39656af-325c-4c75-99dd-4bc1c0b37905,P0100,0.59
b8912a3e-4b61-412f-bad3-f896d9cb9440,P0250,170.32
1a582a6f-6efa-4e65-8d9a-e5969a5db867,P0117,41.16
2b62ca43-f0e7-4929-a304-de9639213786,P0025,79.93
02fcc2ff-f867-451e-a3c3-c98181a857f9,P0019,12.98
220c9304-d122-4ba0-a746-0ade91513e21,P0250,54.02
34fc353b-66a9-44ef-ae4c-26c18849b404,P0294,51.23
7d211d5c-497c-4b3d-ac66-df5897a656f9,P0115,37.35
849fb487-c304-4c8a-8870-7796ff08ec0e,P0194,11.0
d1d2e2cb-f75d-450b-8a5d-7968d745e0a7,P0003,38.52
4e0e176a-30d3-445a-a1a1-ecc5734c019e,P0184,13.74
de2cfa74-f4ca-4c27-9756-7e1d071f02fd,P0032,1.99
8dfaf989-6d0d-4855-a3d4-46bffc0079b8,P0083,34.44
5b4ba569-e2a0-4f8c-a143-2c8d4f450c55,P0173,30.71
141b60b7-e80f-4578-b5f3-dcb8886f9d2d,P0076,53.16
77d75b4c-cb9a-4d88-a5d1-db2038e1c26a,P0251,55.84
7ba4be82-c426-4049-8a7a-f413f8955198,P0236,28.81
3a71600d-a2b9-4062-b8d9-d2b9bb26ec8e,P0167,87.48
f7208e3e-fd9b-4568-9451-b6b06eaee9f5,P0125,28.37
a3169461-8b7b-4e1d-b287-3e08f6e1019b,P0288,116.9
8a9181c2-f5ca-4808-9e33-398e1681bc79,P0248,82.62
43b57e5d-3335-44bb-a7be-050fe25dc68b,P0286,2.59
368c00f2-6d6d-4f0f-9624-ad5ef255c832,P0050,0.65
f042d8ae-27a7-4384-a200-d476365f4910,P0122,9.19
641cf799-7b82-4d00-893f-698616de4d86,P0265,12.48
b7f7812f-e991-4684-b3d4-f5de6196720c,P0094,16.96
420d51d8-eaa2-4a8e-9bec-55d2c792f7a1,P0140,81.1
d0ccea4a-9ec6-4be1-a990-53d00ae31734,P0122,75.66
37d87c41-6fee-47a7-9e84-296f04576ea5,P0252,5.02
998a274f-5073-4575-86b8-d1667505dfa9,P0061,36.62
551740c7-c10a-4bcd-9741-d0a7c3c0391a,P0022,41.5
d25e2f4b-c678-411b-95b7-7575fc612b6f,P0174,5.47
2247acaf-87c0-4d52-9ce2-ddf4453d1850,P0013,2.71
257bfdda-e423-49fc-892d-09516b4f95dc,P0238,1.12
18365591-2e0d-422c-9de3-f7c3148bc373,P0013,22.65
8a8f6223-a83e-460e-8243-4daf2e742df1,P0006,286.11
29a58cda-2b46-48d3-9f5d-0d2db63b666b,P0177,5.9
20f3bd67-a9f1-4185-b3dd-201d7ecfdef1,P0054,1.96
b872aef5-0ce1-4466-94b4-5d18986e4fb2,P0216,30.28
202f6f1c-c12e-4044-a90f-6a1275b4a0a0,P0153,0.69
6bf387c0-e80d-4457-a93f-9961f0832b70,P0195,127.28
00c4cd99-4412-4e18-aca5-36ace12a10f8,P0014,20.99
c6d45904-a308-4abf-81d2-d3265d9c8601,P0063,6.21
7d211d5c-497c-4b3d-ac66-df5897a656f9,P0138,9.95
58874a57-062d-413b-a3d8-111eba18a37f,P0151,27.39
cd63163b-3f51-4b64-a8e7-6296ad628679,P0101,204.5
d13be6ec-3e70-4249-afac-7e1027d9eb5a,P0107,10.33
30b1b9a2-ad55-4a94-b033-77202120527e,P0026,19.83
dbc77dab-1988-407d-ad83-ac4d1923f31b,P0225,2.46
f907a773-1fcd-4da4-a4a5-927e1b4fdd4b,P0250,57.59
a7892da6-520e-4a8f-b7bf-fd0faa6ef641,P0180,32.28
827052fd-2f4f-4008-94fe-dd8570bba07a,P0186,3.26
6c13f2a1-4e53-43da-b352-6e004923c5a5,P0184,104.01
004660c5-aca4-4b1f-bdde-958b3d534b3a,P0298,4.01
812dfe7a-5373-4ecf-82cc-5eaa4858a058,P0221,25.01
86fe2614-8a2f-4c8d-8aaa-d3202bb4bb0a,P0008,26.07
f5b621f9-0c8e-43ed-8c3a-3b742bd240e8,P0010,3.6
7bb1cfaa-76f2-4c1d-91f9-114681536e89,P0238,50.55
b6d7112c-e95a-437b-9f43-efc73a1b3c53,P0240,102.65
a903fee0-8925-43e7-9a42-ecb1879f72c6,P0261,4.62
d6bcc23e-f48d-4028-9f4a-5030dd5e2e68,P0171,117.54
b24f28d9-ccd2-4d5b-ba8a-bdd8531f608c,P0032,71.77
093126b5-9afa-4a7d-911f-48cbaa4ecc8e,P0127,27.21
6f722a0e-71c1-49de-81f9-94c06a3e76e2,P0046,109.18
f405ec3a-479d-404f-aab7-cf7cb9510637,P0124,6.51
0823cce9-3b01-4693-ad01-640c94036047,P0019,7.53
83f613f9-3b46-4147-9178-881e65b5fef0,P0114,172.69
90d4baa3-4c23-46fb-a298-17034f29744d,P0118,67.65
38bcad02-262e-4878-beef-02e52a7943de,P0165,62.33
2038d605-8eec-4629-a4f4-dbabe19348c1,P0158,2.71
d7c0a6f1-9594-49cc-b35d-a3c0fcdb8870,P0094,5.09
4222f2fe-a552-4433-a121-eef87bedd21e,P0225,28.93
8ea90baa-69fd-4c1b-959d-c20f050dbe24,P0071,130.99
d248881e-9184-474b-97ad-5696f2b64b6c,P0045,44.89
f45295ce-b444-4f58-b3e1-90e26a4dd884,P0278,56.66
9f3e1e5c-5b34-4f5e-99c0-987296b85035,P0122,0.76
5101ecad-c47e-4b97-9564-e549b41df715,P0190,3.34
3c0f77c0-2789-45aa-828c-cc03c9d9d5d4,P0127,115.83
d1004bca-2628-42f0-8087-b864934fddf3,P0255,57.55
f3260e79-44d6-493c-8e04-e2cd31aca251,P0142,5.76
a21139c0-a14d-4500-8904-084d6c19c2bf,P0277,5.98
c7caf4a1-ea75-4061-b6d8-58a86d551db3,P0251,99.36
3e9c5be2-7e4c-405d-9c11-51e0f445ce4f,P0171,82.01
6017f8e8-0fd4-4d49-972c-c27edc850a17,P0119,6.38
2a5c7e09-5be4-44f5-b3b7-44673b5dab68,P0144,37.28
5a80d146-e037-4e74-a615-ca322ade26c0,P0242,83.11
f07ca22a-44fa-4060-b151-4c3f2c7e10e7,P0246,48.89
a203fc81-22e0-44de-9695-3be5c2fba8db,P0229,30.45
786c321b-fe5b-4340-9e25-131005c062aa,P0198,36.55
30aeafaa-f3c2-4b63-94cb-92372a1ab9c0,P0227,220.9
0b060248-78b2-4265-ab62-7658138aa2ff,P0195,16.38
1e967737-9096-4390-934c-8980e79f566a,P0118,64.95
eeac70dc-e8bb-431b-999e-ccff2840f751,P0023,7.91
d35b6a3a-5e9a-4e4e-8eb2-695ee2e1e7cb,P0087,20.87
7ba4be82-c426-4049-8a7a-f413f8955198,P0298,120.84
292b5a0a-f5c8-4f56-88c6-be5f6206ff48,P0073,17.59
0ea85035-6fc9-4ec0-813f-08265be1c181,P0061,13.92
045ef2fc-f88f-496f-a215-d2d2f1c4c480,P0206,34.85
ab8f8826-5e45-45c3-b606-961d4aa4236e,P0138,80.28
3343a504-9ee2-49d2-81ed-d34ff98dfbee,P0273,60.7
10ad36b4-1ff9-48fa-ad5f-1a403979d788,P0014,52.66
63cc5228-114b-45c7-85f1-41a7b5ba9317,P0092,33.59
1d286acb-b9c9-46b6-a577-11c3e28ab105,P0208,51.28
eefaf7ad-e814-478a-80f6-cc3ac9e19e0f,P0157,40.45
f81c63fa-55c9-4c08-ad52-e956305e5063,P0266,11.48
65393cd1-5964-4527-a725-750232b90cb5,P0013,197.3
e0b9f823-8206-4e6a-86dc-ba0607644a54,P0198,12.71
aefbcd34-4131-44b6-8892-e68cbdd4e861,P0171,52.95
974a604b-3559-42fa-8fe2-c7cc9c782776,P0075,7.99
5af5e057-be80-485c-a953-fe61ab919089,P0267,90.68
f9bccbcc-fdd8-4aa8-94c9-8b908531a785,P0024,18.87
e6d57b28-be51-4372-8fe4-611e1b6fa58d,P0112,28.31
fc2364ab-95ca-4be4-a28e-26f663c0379a,P0100,10.52
9a0482e1-3e9b-4e54-8f5d-c53861b24baa,P0177,6.41
86af5424-f840-4a4b-b980-7a4af11203c6,P0277,16.41
835ccf44-2284-4952-bff2-a83a8d35475b,P0071,6.94
221d853b-3ecd-475c-ba24-16db2c99908a,P0153,85.84
8ed41904-99ad-4f5a-8662-640feac12bf2,P0174,12.79
721f3698-85c2-4f43-8c68-b6e13a92758e,P0108,61.16
85a195e5-28d2-492a-ab55-6fd3233fa9ba,P0277,41.72
6805e6e5-9da2-4e3c-b714-552a9271a213,P0124,46.68
34ae27a0-8d2a-4a49-b4bf-db4011e8e980,P0290,24.2
94204e7c-4826-4b97-aacb-db0235dc4d92,P0061,61.46
161c5aa8-035c-48e3-80bc-671c1cc9235a,P0017,56.94
b100f2c9-6d03-4112-8fe9-228f0ca2a501,P0105,18.74
d9e601e6-fbe4-49f7-9fe0-4c2cdc4c7901,P0226,14.1
97e02654-737d-4556-883b-4af740a59383,P0161,20.38
98719cef-daee-49a1-b614-05511447dace,P0143,1.83
b94850a1-5484-4c45-bdbb-d4bb7e7266c9,P0227,14.89
43287e76-b7d8-466a-a171-43c9fdddf875,P0209,4.58
f38a69af-bd84-43c0-9fd4-cfba484393d6,P0162,63.76
f3929d4e-6bc2-4c56-bb68-712d354ee6a8,P0017,5.7
fe2fab3f-55d8-438b-aa8c-4c878ba8c30d,P0046,3.91
8aad27bf-1588-4764-b9f5-4623b48bcc3a,P0271,59.09
30bc6afa-b849-4a2a-9917-2c4bdb17e21c,P0038,103.77
1091be81-d02e-4589-b723-536a35d505bb,P0290,33.95
989ab3b6-cc17-4efa-bd1f-92259ca67a08,P0082,45.27
25bacdca-8734-444a-b48f-883e7535d70f,P0064,4.67
4afbc122-f0ed-4b98-8e36-fb7cf153f905,P0138,1.61
6334b9a9-8996-4a0e-8e1c-23118e1a09bc,P0228,34.6
f478dc46-dd3e-4d6b-a33a-05cc897028e1,P0158,6.64
a6fa9d5e-76e0-4b21-96df-fb67c0e1f35e,P0278,8.34
a5ea6b4f-13ec-4a72-ba0f-579ae7443e69,P0231,20.89
c00b27d4-3cd8-4e8e-9daa-0ced475d909c,P0281,29.32
14a95616-01d7-42c5-b7df-add3d27dc7e8,P0075,95.86
603c7499-1ad1-48b5-9fd9-81430c9d1f16,P0223,13.46
368c00f2-6d6d-4f0f-9624-ad5ef255c832,P0248,18.26
5e057aa6-2b92-4314-a7a4-05434c623808,P0061,6.01
3a71600d-a2b9-4062-b8d9-d2b9bb26ec8e,P0044,38.24
b4d75ef5-78f1-4a50-a19e-68dc63296b29,P0181,73.67
cd63163b-3f51-4b64-a8e7-6296ad628679,P0125,7.45
ffc0e0b0-853b-48ae-85b7-925d085735f8,P0163,24.58
1552443e-5a9f-48ba-ac5d-8e1e6393b2aa,P0127,29.34
6cb84c05-e718-4c8a-a728-bb3e7de8f7df,P0298,41.23
bbaa9d40-3e66-47fc-985a-47ec0bfabd50,P0051,29.77
cac4b625-2512-4890-967c-18384135bbf8,P0297,86.53
5a0c292e-9001-4de6-85bd-9a8e2cb17ca9,P0093,97.81
6017f8e8-0fd4-4d49-972c-c27edc850a17,P0276,54.4
5fa25725-b372-458f-989a-07b866fcf894,P0151,15.34
9775909a-0fd7-4209-ae40-f5aa1ed1362c,P0028,42.56
b6691d0c-d05a-43d1-9a20-0d37e157d698,P0059,10.96
016dfe8c-a547-4600-bd01-4c3967794618,P0073,5.73
732e2013-4192-4c45-aa05-525c710f9702,P0125,21.08
0be0ff3a-022a-4dfb-8fc8-edf3a913b1ba,P0134,35.21
83b1a37f-8837-4a88-84fc-973ce8aab78d,P0245,4.13
70552d4a-411e-400f-aa0b-098d7e457735,P0141,35.05
0c8a2e7a-5a6d-4422-9860-97052c76fde8,P0085,30.52
ac4477c6-3f67-4d0b-8e04-f14af96c22f0,P0299,103.13
bbbab611-d7cc-491e-866d-3db6cfb2f9cc,P0024,39.31
1f940c66-4879-4d4e-ac64-528b7f849c02,P0236,9.21
3c964268-5f20-4a26-80c2-7157993039a7,P0069,33.77
074935b2-c43f-4ea4-b82e-217cd03ff97e,P0300,184.68
a9821ba2-0adc-4556-b511-5ceeac5350bb,P0189,119.9
72e7780c-345f-41b4-84a7-830f7fcf1c21,P0132,15.43
3863a5f0-4fd7-4e10-9171-3bb1212c5aaf,P0299,7.25
49993734-1320-43e3-b11e-79c0e2bed8b0,P0236,34.54
62994b13-a7e8-4911-afe8-43c2a20c2cc2,P0006,11.29
ed718a72-1121-4ae1-b897-dda6ff0ca247,P0065,15.72
680287b5-531f-47b9-8c9e-0a9c00cf8877,P0165,20.87
dac18cc2-1921-4bd7-b463-a5c3c64566f7,P0026,108.04
bbff4373-bf4e-41a6-bdb5-e1b84ac00cbe,P0254,13.29
f5feb02c-6800-4052-b441-7143e6aa7348,P0039,6.53
ac6ce574-17d6-42d1-8697-02089984294b,P0099,45.46
5259c60a-d500-4380-b051-69c4b33a1199,P0270,37.09
6e63f5a9-7eaa-4aa6-b396-96644befa5ca,P0125,65.54
e1246510-613b-4294-9497-2d3c0652d826,P0094,65.49
9a449b98-5bc6-4616-afe5-8ea680a4d2ef,P0137,60.24
b8208e37-2e80-4f5c-815c-f882c86652ca,P0076,3.28
29d633fa-2747-4165-b31f-41cbc06db986,P0028,11.03
ed88c4c0-4d39-425d-8350-a25b41e9c758,P0152,0.39
f40038b2-c206-42fe-be4e-b1db10642a86,P0132,43.24
57a0f732-3f7a-40a1-9fe2-c8356560a889,P0169,181.32
1cc3cf19-97ec-4533-9a08-0ccd36e61a83,P0172,1.75
a8cec391-091c-4341-89c1-99c3e2bfaf51,P0106,0.38
e1631055-7fb1-424c-8f15-44cbcaa8e0a5,P0296,12.65
c5249b6f-fa1f-4353-8ab2-6719479f5f36,P0099,17.51
8be69012-9aa2-4145-b58f-73aea9fea6ac,P0020,42.2
93e9c57b-d04c-4cb2-ab04-775f80a2d048,P0277,27.19
6963d332-f515-4a6d-8f7d-27883654f345,P0068,123.17
47f56534-8622-4fb4-9cd3-7229991d8a06,P0212,7.97
d8de2a04-4845-4182-b017-bab22a2f7cb4,P0066,19.61
125e3ad5-8ad7-449f-9d02-c77cbfbb4ca7,P0114,10.98
d8fd989d-18fc-4822-8892-a9e0fa7ba584,P0197,29.07
5932e03d-996e-4c25-afa3-8adc08069ebd,P0011,234.41
ef446475-0336-40f5-b2e2-643a005bb6c8,P0198,80.23
0bbf8c0d-911c-4c65-a8bf-c1cd0a19be65,P0150,14.12
4ded2376-8213-4df6-8f3c-48662612ee93,P0296,19.21
922cd3c3-f905-40d7-8632-ddcf8d653793,P0283,8.49
7b5b5718-3c55-45b2-9a04-f3c9a44133be,P0018,41.2
6991d541-e773-4e8c-acb1-991c6ea9fb1e,P0237,1.31
ac7c767f-6907-4099-89cd-daa9e3d3ed87,P0159,12.77
ae85facc-9103-4339-b86b-f1f9071a5f22,P0033,99.11
87ad5c72-8bc5-4b3c-86df-6df8d089d6cb,P0271,53.35
0a304ece-923d-456e-b1d1-415b719cbeba,P0057,32.26
480209db-bbd2-4827-9601-1c15c71bc4f1,P0103,65.56
3aec3abd-6126-405a-93d8-df1e56cf1532,P0064,9.34
2aa9ac1a-dc42-4a47-a6bf-282feef03356,P0005,35.4
3d8b1850-a5ce-41fb-a774-cb216b6a1f2f,P0003,89.56
b33e4d61-f2ba-4755-bec3-45beb87e03d1,P0105,82.63
eba6baab-f045-4814-b51b-8a44be37d2b2,P0044,30.23
fc006896-3fe1-4c0f-a8a8-bdf586e0da22,P0121,18.72
e9e9119e-7b55-45dc-89ed-5039665c9171,P0232,14.01
37be3110-ea1a-4d56-88c4-2c9a25952c24,P0081,27.15
ff8ef026-4f25-4779-82b2-ff6becf11292,P0282,87.81
1340d6ef-5767-4763-bfba-39805047e65d,P0036,96.32
f1c0a10a-146d-4aee-a235-eb1c158abcc8,P0034,59.1
aedf72c6-35aa-4063-ad71-ac2c682202fb,P0173,100.76
cda1aef8-b390-44b1-bf9d-9b790303d4ac,P0005,1.28
7194a193-239e-40cb-8901-2ea54cdb5fed,P0125,31.69
1981cc28-c3c3-49bd-b847-0c26a95aee38,P0143,26.9
b100f2c9-6d03-4112-8fe9-228f0ca2a501,P0046,2.11
d4fb2c90-dfaf-4559-9609-724564eeffd1,P0214,67.49
660a72da-1e1c-4143-b2ab-18e9c02c7524,P0064,126.61
1a541176-5f92-4934-bd24-a076920e0443,P0042,5.29
57173d4d-626d-46c5-a035-0c1faa7429ae,P0048,23.16
fc02b666-9066-4e19-86b8-b0f46e527f1a,P0106,25.59
a92c34cf-467a-4798-a0b5-2eb401a22e80,P0284,83.78
d8693571-e737-4c18-9eac-b90a38c21840,P0102,39.53
93bfa20b-6118-4b9e-b6ae-f66faa628eb6,P0015,10.22
a5f3b939-1508-4a07-aeac-13df7ac39f0a,P0225,8.15
46d7b923-2269-4403-a7ad-8837ea0d48a7,P0053,12.21
fee5de7f-9918-48ff-85bd-c770ed707a83,P0282,93.57
615f49d3-a0ab-4a9c-857c-80f4a086aaf9,P0076,5.67
a5e436d9-b8ed-4eb4-9168-78f8e13a0ab6,P0097,11.14
c6ef57ad-8e73-4b6c-948e-fd8927482ef1,P0072,52.11
199cf9ea-d0f8-452a-9db0-748bac00dad6,P0111,62.06
6aa7d2f2-2dc6-4ba5-8354-fc1922e8b6ab,P0206,28.65
30a277c7-6133-4e10-8908-bc15026f8ee2,P0054,131.84
81cf3b71-6010-41e5-90af-e52748bc4999,P0128,55.02
b56161d4-7ce9-45aa-872c-3d99de5176eb,P0177,72.84
bdb8dd41-9ae5-4d70-bc1e-7113ef57a448,P0145,19.89
e93cbecd-f061-42d0-9be7-033e4864ea5f,P0090,19.43
8ed3e561-0f8a-4136-a746-ae09defe84af,P0178,22.44
937181a1-6489-41c2-8365-f0101de4d44d,P0086,67.18
597fb0ce-9d95-41bf-ab35-47e7c5fe4590,P0109,1.61
445954e8-392d-4b8d-9a85-313240bd12ee,P0205,52.64
af1cc3c1-17a5-46a5-8017-094e5b1cb652,P0243,6.36
5695eac3-024b-4851-8e35-ef938d7f103d,P0156,93.11
7664de7e-ceff-418a-abd8-11da5f485aa5,P0114,4.46
4b200004-5adf-4a37-a984-4bd395928bd5,P0228,69.82
a76cbee6-c1ac-4bd4-a748-f417b9a78950,P0272,64.03
1d2b9d10-0b97-4139-8563-7443b19dabad,P0141,29.63
0db79aec-f5a5-434e-b29c-ff6d8b9fdbb5,P0078,18.54
474be005-3558-4438-a5b2-c334d28938e3,P0078,28.47
05750b4a-4edc-4734-8197-521a29444f26,P0285,4.46
797c9215-7f07-4e24-a0ad-4e5ac0b0a992,P0102,0.69
d57be9d8-2345-4a15-b734-63585f16aef2,P0001,112.9
e6ff054f-93e5-47b0-8a57-bcec7345d167,P0044,33.34
9570fbc0-e117-4b60-9184-e9e4c473a164,P0015,65.97
bb4c561a-250f-456d-ad39-ef0ee9732022,P0227,11.59
bfcaeb4f-6895-4204-ac5e-700ba74524eb,P0096,20.95
8db113c6-af0f-411e-8e7b-8079605fd036,P0063,9.87
5bc1d689-312e-4c83-b488-578b0edaa9f7,P0102,7.61
59c6a947-3301-434f-b01d-01d969ef860d,P0250,30.56
a0921c2f-5819-4a3f-8042-19e789e63384,P0124,175.12
dbd55229-ab9e-4625-9783-f9cb784d8f4d,P0192,30.61
ef351c81-dee4-407f-aad2-490457377849,P0076,61.11
1be368e0-a1de-4f39-8312-ac675f90c616,P0028,168.73
07536a73-1a28-4861-86fc-0d4ac4433abf,P0203,43.18
9f8c5463-8381-4552-add1-864b61f42ee9,P0105,137.88
10524e71-dc53-4eed-b7c5-c19686b3e944,P0234,42.79
137e0243-5a6f-4449-b485-246e013f66f1,P0069,6.03
3863a5f0-4fd7-4e10-9171-3bb1212c5aaf,P0294,101.17
f801a396-5600-4484-ad65-c10b19405b88,P0271,80.28
62bd3eca-3408-4406-8442-3751d8b3186d,P0032,44.3
fa0976f1-ab55-430a-82ca-44275550460a,P0116,5.84
02effafc-b077-4c93-bdc6-4deb5b7a8201,P0242,38.85
0eb3eeb7-403b-4df2-8e82-49405c7ab3d6,P0180,51.92
2ef02ed4-78dc-459b-b318-c3cfa5bde429,P0264,32.7
825dd1a6-3520-4055-b232-c318c0d10934,P0056,4.67
8914b12d-bee0-4706-9191-d1f36088138e,P0178,19.63
469ed85c-e016-4fb0-990b-cea78347c644,P0093,42.62
76c016ea-4076-47b8-bee1-69792d5d062a,P0090,62.3
a6fa9d5e-76e0-4b21-96df-fb67c0e1f35e,P0211,31.09
51c83504-c7f8-4356-af81-0cea2b7df084,P0014,3.91
b45edfea-8e95-4c23-9ea8-4d879a1bfc92,P0160,74.82
fb5b45cb-6fa3-4144-96b9-21ab4a13bcb6,P0064,3.3
a796560a-6e19-4633-92df-33bd6f154366,P0040,0.27
e3b9cfd5-4f9f-4473-98ad-de27514c80c1,P0237,51.13
1e1f257b-b563-4443-ad47-d5d458555ec2,P0189,66.36
52c315d1-ae16-4ada-a940-5ba2bb1794e0,P0211,26.78
259570f4-baed-4d9c-9c33-f250ce24a941,P0035,12.4
e339c551-185a-458b-ab2e-e093f661b54e,P0149,82.6
5cd6f8a7-3d5d-4273-8cc9-283393933940,P0030,21.28
cae15e40-ccc6-44d9-bcdd-bd03f3d1063f,P0223,19.76
65c49f63-74aa-456f-9919-9961ba8755dd,P0168,4.07
bd72979c-fa39-44dc-9683-587a40fd6ee6,P0025,12.43
b780549a-6d1b-43dd-b356-2920d61a503d,P0018,79.99
c06cfb00-64b0-43f8-bd54-5b79fb937c7a,P0104,27.75
e224b8b0-5bde-4206-9d3d-03c3dac1fcc4,P0122,2.91
478b7499-a66a-43e0-ab22-ed3be09c598f,P0184,0.66
bbb01902-8e03-4f4f-a366-19afbc03c8e9,P0247,106.11
9dd004cb-21ea-4f62-b01d-8d6f59128967,P0192,12.29
9b24f823-e670-4ef4-a9e8-361725d6b4ce,P0235,12.88
57a0f732-3f7a-40a1-9fe2-c8356560a889,P0213,38.27
cb7a3486-6e31-42f7-8226-1e8b0d2e2ec5,P0009,2.81
f38a69af-bd84-43c0-9fd4-cfba484393d6,P0191,18.04
c8b615a5-ae0a-48a5-af83-2bbe271b37ad,P0177,23.96
6ebb9532-0542-48d2-a29b-6d9a3cdae5d8,P0166,3.69
8425613e-9736-40ee-b4a1-8f081e45cbe5,P0260,238.3
1552443e-5a9f-48ba-ac5d-8e1e6393b2aa,P0085,3.93
44a3d40f-0afd-49f5-bd1e-dea2da85d523,P0180,13.95
a02a50e1-c84b-4fdb-80c0-e5a5e5c5407d,P0294,17.25
0957a973-80ec-488a-96b6-53750b0e503a,P0094,9.5
6ddaa97b-e8f1-4453-be28-610abb751e73,P0053,32.53
07536a73-1a28-4861-86fc-0d4ac4433abf,P0065,80.57
f06a1de1-f5b6-40f3-a2ff-6ec1afdaf42c,P0070,28.03
4fe635ce-1d69-46e7-9b7b-f58595398956,P0124,159.31
97e02654-737d-4556-883b-4af740a59383,P0088,25.44
75ad2c4a-9c57-4d5d-8768-656c6b3278b9,P0056,9.22
eb909080-05f9-4eff-b65b-c4bd5f17b777,P0090,8.86
98c02d66-01eb-4585-9816-3423e70e93f8,P0268,6.6
fff46fd8-99a8-4ad5-8718-6687c2259c1d,P0109,21.04
54f16d0a-6e27-4c5f-a172-d9fc820f71e9,P0163,43.35
8dc3f27f-ca14-41cb-a0bd-326db215e357,P0267,87.86
e9cb4431-5a7b-432f-996e-632932a9f632,P0189,19.23
d8574981-8c19-4104-8610-4aa242d0c467,P0293,57.31
81218ddb-a51e-4efa-84ed-f7c0529b80ba,P0242,4.27
f3086900-352e-4946-a44d-d43599b21aef,P0281,55.51
b4a04ce2-0275-4a8b-b8e9-5de48a040fed,P0173,4.17
ccc41fd3-8a02-4d84-9200-1a5409b08c7c,P0101,67.92
63f6f03d-3f7a-4bf2-b9fc-c82b94a60686,P0149,82.53
55698401-bb0f-47e3-95fc-b890f32f3718,P0136,135.91
ec9b856c-fb8e-45cd-af1d-b82ee78cd2f7,P0064,3.15
e76ebaf6-e7bb-48ad-bdf4-da61e5820425,P0094,14.74
f69981e5-e736-4259-b8ff-cabfb3a6b1ff,P0038,0.2
53acbe9f-dd45-4b5b-98fd-5375df088d98,P0100,12.28
15b3d27c-7f02-4d72-b90f-e0a1f81a7543,P0235,29.41
d068a758-e992-46b3-9a29-6288c567ed5a,P0155,31.62
61feca89-69e5-42ef-9872-a736586a6733,P0090,75.73
d603aa98-c2d4-4b39-8c54-7db522116d10,P0203,78.49
fa8b19b2-1dbf-4694-93ca-e7c7bd996002,P0023,13.88
f0d7beba-eb07-4023-b760-19c5b2eaee27,P0177,51.33
5817c4ad-8cc1-428b-94dc-395b7415a76f,P0280,22.05
6b3d65a0-ceac-40b1-a1eb-cd8d50565632,P0020,13.24
29a58cda-2b46-48d3-9f5d-0d2db63b666b,P0082,62.82
e2622750-c726-4b95-9913-ef9c82606c78,P0001,29.41
74afb511-0e87-441a-94f4-b40ea7b8edc1,P0229,141.06
5d15d548-19ff-4e39-98f4-3a5836852490,P0136,34.03
9a7786ce-d7de-4d34-82b1-9c788b572ea2,P0196,64.03
086ac3dd-4547-40eb-a803-189a5e6cf24a,P0081,45.41
ccd3dbbe-d5d1-483a-887b-4ba610914349,P0013,6.73
2ac6bede-edaa-49fd-9f39-0f4c21b4b5a0,P0173,115.92
b954673e-af12-40db-9944-eec3d48393d8,P0204,24.98
1a6810ad-34a7-437d-a3d7-4e4aa4f06ec9,P0179,36.93
ef07a548-5a80-4550-b5ec-8c9f36f29baf,P0064,20.09
fff02b7e-9556-4297-a789-b36a0abc3d4f,P0290,6.35
6648a09d-87e3-4c4e-b83c-000f69396e86,P0089,36.59
adf7d137-1c0c-4501-940b-bfd87fb424f0,P0008,1.14
bc4a1ff4-87db-4cfe-af60-e68db68b6728,P0202,24.05
ae82661e-2e73-4494-b0f4-5ad7edba0f9e,P0040,86.27
e9a77612-e52d-4343-bae1-2b70c247c95c,P0178,72.44
0c8a2e7a-5a6d-4422-9860-97052c76fde8,P0238,53.79
09c5f4c2-f841-4a8c-8cd8-bf5166bab6c2,P0059,1.6
a081b4d7-89a1-444b-8310-e9126e4eea92,P0031,23.38
0a99a760-54b1-4736-8a33-a8811426bd0d,P0106,44.09
7e53571a-f729-4660-af66-e03d8647f059,P0119,27.39
ac7c767f-6907-4099-89cd-daa9e3d3ed87,P0102,35.73
bc982a09-fc1b-4331-a2d7-447c1a9398bb,P0284,94.34
d26f1bdb-721c-444e-9902-6d1d600a3a41,P0162,41.0
65393cd1-5964-4527-a725-750232b90cb5,P0108,4.53
38718699-9de3-4336-8556-21b7dd281a7b,P0264,0.43
a3d3683f-b11a-4858-af41-c3567f7a044a,P0209,21.31
86e7385b-ce1f-429b-a863-269c45e31acc,P0030,2.22
1de69fd2-991e-4e02-af85-7c4a0d5d8285,P0036,113.65
10d8bff2-f1d6-4f08-8344-815b93d010d9,P0263,24.72
2ce13624-5fb0-433a-b7e3-8ee1e72e4115,P0147,7.65
49e12abc-6639-418d-873b-5407d3f2d114,P0290,45.13
499d0c6a-fa0c-44ab-a415-cd231d4a31ab,P0180,63.64
2cfb78b0-0e6b-45fa-9e9c-3354a9b4d63a,P0180,20.69
42669b4b-1f42-4865-be4e-a2f221197ff2,P0067,20.42
5d15d548-19ff-4e39-98f4-3a5836852490,P0157,13.05
23849051-9b37-4fb2-bf94-5e48f06dfc16,P0244,9.63
568cec0e-e5f6-4cfc-839f-f4940f22af50,P0015,21.42
a435b2f3-096a-4141-94ea-16e59318548d,P0177,37.99
90c445ad-d865-47fc-94b0-a51f7472e616,P0080,43.35
6d2c4754-c91c-4447-8679-9ba6734a22b0,P0052,8.81
6991d541-e773-4e8c-acb1-991c6ea9fb1e,P0096,45.18
efc613c4-cb2d-4b9d-82e5-5f76b4f93246,P0272,96.89
b76a52fb-a897-4868-91f5-99582f542848,P0197,3.95
ac68e2f4-1a5e-4062-a0c9-c6d0ec866c32,P0176,144.0
50d3155c-ae63-4004-adf8-0e75d301598c,P0026,78.03
57ff97a6-2b1e-495f-a38a-2a14bd6be202,P0180,213.75
e3128171-2b09-4d33-9a07-89c7f312ee78,P0087,3.28
f1cc3c9d-9b26-4d7e-b929-1376abbbacaf,P0145,18.12
d4f08a79-d43c-440d-b251-a65f0a962635,P0026,46.93
01419355-0f19-49cd-913e-5acfff13fd51,P0201,95.32
13728f82-f979-4643-a2f5-4083661ebc9b,P0250,45.68
b90ed7f1-4181-4d37-abee-5086bcf5d66f,P0161,116.07
50532187-a85d-4be3-b27e-9529d2fc9196,P0079,54.87
fe0aeb48-a377-4178-9cc2-e9c01e78a53e,P0091,0.91
5e412a63-06f3-45e2-8cfe-26a4abe9ee95,P0284,32.23
60b62d7d-88b7-406c-a6bd-fa1e3dcd9905,P0170,9.91
770d6bd7-cac2-49dc-b20d-396137c9acc5,P0195,77.71
38530a20-5057-48ba-8f6f-84ab1470dd01,P0149,3.0
2eb60703-b09c-4ebd-84c7-aa817112f435,P0081,19.54
c07d9740-95f5-41c3-8149-a3e7b2b604d3,P0149,31.61
82f09e74-fb4b-42e0-9f1f-98a229a221ab,P0245,4.46
49d81b9d-a464-44e8-ae15-69574c3cca33,P0139,38.33
c28ffea7-175a-47a4-81d5-f31c32e905ad,P0148,26.21
5a65b831-db1d-4878-8522-b67b030a5e9c,P0169,58.69
4ff6eef0-76cf-4298-a2d6-69e7079a12bd,P0205,75.7
daf0744a-3e29-4ccd-800b-8cfa7623fa41,P0179,8.58
ce2e5088-6542-4c79-a245-407f0cdf5004,P0164,6.86
6dd9491d-e1b9-487a-a97e-7f0b788d72be,P0228,51.26
d5bd5225-cd29-4753-b839-059ac2d2996a,P0091,0.3
6bb9c257-6c89-48be-b27b-f4b929bc5bb9,P0223,1.69
9dd004cb-21ea-4f62-b01d-8d6f59128967,P0152,4.89
d1e1095e-6590-46ab-afae-8c8ba3aa43eb,P0022,194.28
3a2749a9-513e-4ff2-b79d-0637a4a4e02c,P0288,26.58
dac3c2bf-bf45-40a7-a346-78c73d120185,P0144,63.81
0b8c6f29-a59f-4f19-9c96-7341f9026de0,P0140,53.11
dbfb9738-95a4-4ca8-849a-9fa1e193b17d,P0012,4.21
8e814a79-9505-4798-9a34-3654d0435c3c,P0295,80.84
680cecf1-2771-497a-8555-ba9569edecee,P0256,45.55
9a224644-5bcc-44fa-827e-2697d48ffac1,P0123,51.37
49d81b9d-a464-44e8-ae15-69574c3cca33,P0270,9.32
b50411b2-20ee-48ee-aaff-437d50a6b057,P0274,138.73
4cbe9e14-2fc2-47d1-9328-68bd0aa16061,P0064,29.33
dbfb9738-95a4-4ca8-849a-9fa1e193b17d,P0072,41.17
8d37c932-916e-42fb-aa6b-953c492fc0bf,P0240,41.26
7e949d0f-69f7-4e49-8b86-5800d5564759,P0048,23.15
c3ae6f3e-b228-4a1e-ad4f-d3c6f8f28cfa,P0019,96.75
24df4ae3-c2fc-424c-be2b-c6a8c7de3fe1,P0113,6.6
7fd0fe09-cf95-424c-8492-272042363aac,P0279,52.0
8c2bdfe0-705c-4e17-bf86-51d7fc7666fa,P0192,55.76
4a8025f7-1247-41c8-b6ee-ea4d7669ebe7,P0078,11.63
a2cd47f7-4fb5-40a5-a7c3-dcb5bc27cac6,P0068,5.27
0d6b731e-e59a-4884-ba91-18ebc70b608e,P0175,38.03
1183fa79-24a5-4a75-8e3f-5763dd756136,P0097,21.98
c05124e2-3cf6-400d-96e8-5471ffcc1b15,P0265,75.55
e48e4842-300c-4216-86db-62dc6bdce3a5,P0192,0.31
eb378c87-4f69-4867-9416-4e9adc5de126,P0184,7.74
dfe46b4a-543b-4d6e-81ab-8d1694f0a3d4,P0282,100.92
eca23afc-6f9d-40d9-998f-32ea9c752874,P0129,8.08
b433e3a3-082b-412f-b624-5d458f6063e4,P0143,2.81
b19f38d5-dfc1-40de-86f8-fa39c4877c59,P0113,221.69
e11a31b7-6593-4f7e-b942-eb5898588f96,P0280,11.9
23442303-7491-460f-978c-666b37018aeb,P0247,28.21
ec49d823-7cac-42ec-a1fd-e7ffd3d4fdfa,P0013,9.39
d7f37068-ff0e-42ab-96e1-c29ee3c7617b,P0169,25.35
456447f3-99fd-4a60-90f8-0d803160f8e0,P0125,24.59
013c1e9c-f200-43d0-94fb-6ea569af6e49,P0187,1.69
1de91aa1-eb9c-4677-8aaa-d04a397f736e,P0071,30.64
f1563b5a-83db-421c-9a41-c15b7a8cf815,P0287,14.58
4726353f-99a5-410c-a663-f8246431a8b1,P0044,29.64
5d46450e-2f45-47e9-92d5-9927e3d7ff51,P0229,60.47
65393cd1-5964-4527-a725-750232b90cb5,P0106,20.42
57173d4d-626d-46c5-a035-0c1faa7429ae,P0188,90.49
343251f8-c06b-4796-840f-7d5f468a7de3,P0186,53.63
9e1653a7-3e9f-4f28-a104-6c6816ebf397,P0078,3.3
3ea1d151-d88c-4413-bb48-a12bc6e63ef4,P0164,11.17
710d1e3f-9d69-4407-bcbc-802f7538c14f,P0201,10.45
d0c5562b-9595-483f-a34b-6bef0cd29594,P0126,84.99
e9a77612-e52d-4343-bae1-2b70c247c95c,P0280,136.81
f20c9b87-3893-4620-bf4a-26bc5fde58bc,P0058,171.97
5ff20350-6a96-452a-8b15-b6f34b2eccc7,P0033,8.19
da8f744f-21d1-48bc-b395-54d832a3903c,P0197,75.34
c06cfb00-64b0-43f8-bd54-5b79fb937c7a,P0153,0.04
20b086b2-d6d9-49c5-87f7-997c8fab0a36,P0123,71.03
a68940d6-7ee1-42da-8f47-8273b1377165,P0256,48.03
9f5c4891-eb31-42eb-b7b1-12a9854529f8,P0112,69.03
2977445b-4863-4e53-a0e9-9029d27f5623,P0272,24.76
26d2bb30-b197-4ef8-beef-1bb69b2f6962,P0215,26.16
e9bfbff8-4d12-43a1-b7bc-a49b7e95bc5d,P0255,173.75
91dd2258-12e6-4c17-8448-dd3c845c9f2d,P0195,31.84
35627815-3632-4ca9-a5b1-9b868741c824,P0280,0.87
585833cd-fab8-4c23-b645-8bb5d5307098,P0252,29.38
d28a5b8d-bd05-4ca8-be73-b4eef0b2bc18,P0037,0.81
4ac47110-6a7f-4711-926b-91ca3c738a0d,P0014,204.15
ae6c1d6b-b432-404f-aa1b-a92a3cbc1233,P0059,61.57
04a8847d-6f79-4e3d-8034-8e3468aa1f9e,P0231,107.74
292b5a0a-f5c8-4f56-88c6-be5f6206ff48,P0028,134.63
8e00b4e2-3795-4d65-96e5-96fd631781dc,P0110,0.87
f1c0a10a-146d-4aee-a235-eb1c158abcc8,P0167,35.28
736d0ec0-01d5-4b1b-ba5c-d8259dce9ccd,P0101,52.22
df2e99d9-d1d2-473f-9d96-fed5e897f224,P0290,0.39
51af7c1c-7714-4eee-8f0f-2bd1dbd006ce,P0021,55.41
a41bcff2-c535-45c1-8993-3d891b80e5e9,P0270,27.17
0d9d60d4-8549-48f5-bb81-a0d0b2fd88fc,P0214,30.35
f6bfed18-2f94-442c-8f80-d1ec2801dd7a,P0228,13.33
ad72238e-b72a-40ca-856e-978c3ac53c94,P0186,13.02
f0841188-ba22-4ffa-a29c-ee031af968c3,P0228,27.36
93918d3d-526f-4435-8d52-4c6dba35ec42,P0138,4.19
ec3d4619-d604-4e89-98c4-17d68482ef0a,P0242,22.97
7930f813-f75e-4922-a269-81d2152c4efc,P0296,35.52
73ca1fcd-bcf3-4a5b-ae03-f40e0bad36ee,P0085,4.6
9f8c5463-8381-4552-add1-864b61f42ee9,P0132,22.43
0e31e418-cdb9-4e6f-80b3-a60eed9d87c0,P0229,38.84
0926b8bd-d4ec-4f83-a3f3-e0051b3061ea,P0233,7.39
4764e497-06e2-4856-a42a-0c0506f8e7f2,P0018,18.64
06211067-3e1f-41e4-af59-450fb7b6c942,P0001,8.11
7e80695a-1c92-4d05-8a8a-f7975b32fdc4,P0092,25.03
23d420a9-d8fb-4989-9980-0984b0a43f0b,P0033,17.02
133de68e-7e0e-418c-b480-c4f795e37339,P0172,2.04
b30f7d86-ab56-44c2-bd60-c0c4cbdcc5ee,P0141,18.84
2977445b-4863-4e53-a0e9-9029d27f5623,P0272,61.36
dfc02785-75c2-4a47-8963-488aec4175cd,P0192,7.48
1f0bd2ee-7670-42d9-891c-559c15961558,P0187,94.21
e64809d3-ac55-4ab1-b84c-639f11bd698a,P0173,12.92
7b121417-36aa-48b6-a57b-b2d79907d1ca,P0259,13.02
6486e5d4-082f-4983-a90c-a2dd3dbf4605,P0057,0.51
e0ce9f7c-3942-40ff-9f36-f34d5b29cfc5,P0197,61.58
f12277c1-28d8-4ecd-9545-a8a4938fce93,P0044,4.93
b6c790ca-6cf9-4361-be86-429cc8a28408,P0190,183.05
c8e50392-07c4-48c5-b9d4-38199d126cae,P0273,11.01
42669b4b-1f42-4865-be4e-a2f221197ff2,P0065,3.01
5aba88f3-13f5-482a-9e2e-112a8abdf828,P0012,43.78
cfe54edc-894e-4377-b7e1-d519c164803d,P0168,1.02
20aca58e-eae4-4fab-83ea-27fad9e75ead,P0119,35.97
73992301-1dc5-4816-8ca3-26a6b14dfd70,P0221,18.57
e9c165a9-765c-4a6e-8929-9f8a6a8db122,P0138,0.93
a9f49393-9006-4e03-ba3b-e1c08b10168b,P0061,14.92
f92f03c6-801a-4537-97c5-17b9e3ea1162,P0024,81.26
f5208e88-1be5-429a-bf08-04bb651d1f35,P0104,75.27
1cd1e64c-1dc9-468a-88c6-a0f4b875511f,P0264,12.11
91fcaef4-d7d4-4ef5-9ea1-0b30151505a1,P0300,18.97
d40e5e2d-9061-4e0f-94eb-93dc7c55b6ed,P0171,3.96
1ccc1843-8989-41cf-a16d-139a64a72766,P0264,0.57
645d9f2d-f064-4cc1-8d37-692ff3c00b14,P0049,14.04
f896b68c-bceb-43be-bf1a-a071cb34d870,P0293,43.67
faa42e4b-f0bd-412d-a09b-3b48bee8b2ba,P0202,26.5
80b16993-2b00-4cbd-b2e8-33e390c30a55,P0050,108.89
74e9427b-ad2f-46fd-bf34-d7ef3a6a435a,P0081,133.14
50a65ec4-a30f-4bd8-9c1e-eb792db05f72,P0009,18.32
2ce13624-5fb0-433a-b7e3-8ee1e72e4115,P0039,33.24
139e93fa-a4d9-44ea-afba-7bee519126ae,P0278,67.09
e31bb09e-0411-4d7a-aae6-f378f2994572,P0031,135.45
3fc591ac-d221-4683-a8d4-157cb29a4f47,P0234,148.93
baa8d0c8-fcb6-4e8f-a527-2a3f3ca04cd1,P0094,85.81
c0665411-8bf1-43f7-b105-a8833f5225ff,P0099,23.45
73992301-1dc5-4816-8ca3-26a6b14dfd70,P0027,10.46
6334b9a9-8996-4a0e-8e1c-23118e1a09bc,P0207,18.58
e6ff054f-93e5-47b0-8a57-bcec7345d167,P0040,37.37
6a71facf-7794-4ec5-8022-75a7ec3a6e84,P0198,26.43
a262b1be-b86b-411f-81f5-2dc8265e95b2,P0201,20.98
8d0a0127-e3a6-44a7-952d-0f8a18260fde,P0086,12.35
551740c7-c10a-4bcd-9741-d0a7c3c0391a,P0046,98.91
65c085a1-f0bd-46f5-9522-02838409c8ae,P0182,75.16
4f964dfa-8d88-4002-833e-74eb55f76dc5,P0298,21.17
735488cc-0dab-4f76-a66b-8d4e2d23c6eb,P0293,17.3
229a54cd-b733-427f-89dc-24c749cbde27,P0244,9.41
4e528bb9-cee9-4116-bba6-223c2080eb77,P0223,0.91
150e5d38-814a-431f-96a0-68aadc0e3a05,P0097,11.96
5d92a2d1-3537-4770-bf75-8c8116981f03,P0069,133.98
acad03a0-0a69-4098-bd6a-f7cc85b0f2ab,P0101,58.7
f53c47ab-d5b1-492f-9d1f-ea82879d9207,P0289,9.15
04e964c6-ee9b-4394-9c92-6593d42f73f8,P0217,58.3
820449f4-d851-4a3a-b0cc-c5d1a4b9e834,P0214,71.58
8f6bc20f-1a98-4418-87a2-9e6c12a6c4f4,P0146,56.89
973c03fa-7f86-402b-8047-151e1ba23c1c,P0036,30.01
3d015413-e1b4-40e8-b4e9-546a989f14a5,P0214,51.12
eeac70dc-e8bb-431b-999e-ccff2840f751,P0208,108.68
8ef9433f-2789-4a5f-9a69-998644d76441,P0119,14.66
e74e49bf-683e-429e-b09c-b626d37a03ac,P0253,38.75
37176df7-255e-465f-9c8a-54e2b767e7cf,P0192,32.25
e6638d0c-2803-4cfd-ac82-91f1287a5913,P0126,14.82
aaeecd41-e479-42b4-b149-ec7e5a825369,P0121,188.31
b7da7d4a-f24b-423a-919f-b22d61c949ff,P0249,21.23
aea23b0f-3211-49f9-87c3-79466992c79c,P0169,60.17
8be69012-9aa2-4145-b58f-73aea9fea6ac,P0121,3.15
fdb2cc9d-a3bb-41f0-891c-f50f8ef13c6a,P0252,18.01
dc7decce-bb8d-4fff-8d0d-337af5f60106,P0163,82.4
ee31c0e5-e079-4cab-919d-01e1cf4b7409,P0200,8.74
85ea58ca-d2de-4f03-b497-c0b3eef7f9dd,P0036,33.04
f5b724c9-89da-4233-9392-08b482b8e362,P0079,5.46
083b1f2f-15ed-488d-93c5-414842ff9b96,P0138,70.71
6287210a-346f-4452-b699-346ca649387c,P0141,31.31
d844bf23-b2dc-4e64-9840-af80c5dfe860,P0127,20.81
93782ffb-7ceb-43d4-9096-3b13d72113be,P0271,72.69
40655508-6fb2-45ba-aa39-438d244175f4,P0206,30.02
4222f2fe-a552-4433-a121-eef87bedd21e,P0139,36.73
091eb42b-b3e7-4153-b959-0989cdab2da0,P0212,3.92
87ad5c72-8bc5-4b3c-86df-6df8d089d6cb,P0217,2.79
30b0b0ae-3ca6-4717-a137-0e149cbdd523,P0274,120.71
46850dfd-957f-4065-a2b5-f8ea1886f487,P0094,5.63
d0ae9729-8167-438b-93e8-c33fcfef1733,P0183,44.82
bdf0d877-b09b-46f0-ab3d-a2de3b259e8b,P0091,32.44
a22d2ac5-3f51-4abb-869a-f365f793f66f,P0048,17.23
b2aebe6c-58f7-40fa-b08b-60b7a8e0eecf,P0168,16.37
5162c734-cb32-4604-bba1-3dd63a3c2655,P0018,17.32
be16a8a4-aa05-47dd-b0ad-e741070b8e3e,P0074,6.21
835ccf44-2284-4952-bff2-a83a8d35475b,P0222,110.15
12c5e724-f92a-480f-ba63-83d8e6d7c6a1,P0174,25.01
d996e3a4-8f2d-4ec0-99db-b651f58f1504,P0293,16.63
65c1eef3-9d3f-42f8-803b-791f7647e758,P0145,0.62
5d089bbf-4c11-4ead-a2ad-69b565536605,P0275,196.15
12ddfbc6-50bd-46fc-b31b-8be61302534f,P0117,59.83
c0e3d524-f99d-4f80-b7ec-2ea7c4ca0fc0,P0137,20.6
c01bd92b-de42-4515-94d6-eb40b61a0d4e,P0164,20.04
598cd306-299b-49ed-b186-a63e2997375d,P0245,146.6
58cc3af4-bab5-4c88-9bb3-318426467d9e,P0126,17.78
035c66bb-1f8a-4011-8f02-8efff41314d3,P0237,31.08
7f428779-96a6-4536-8a35-8b324cb03750,P0018,21.03
ae811b0d-52b3-4fee-a287-aadf0ad51673,P0033,134.5
86bd595b-4372-44fa-a6b9-7e6668f4a727,P0220,36.33
3aff8734-1645-4b6a-9aa4-2440e6a2e467,P0209,37.52
9a2baf51-c33a-4d7c-b969-7f7ef02b70a4,P0196,2.9
010d529e-c698-45e7-9bbf-091b6914744e,P0206,29.76
a5e436d9-b8ed-4eb4-9168-78f8e13a0ab6,P0077,27.73
e0b9f823-8206-4e6a-86dc-ba0607644a54,P0243,45.54
9234c206-2e2c-44dd-8701-204799a956bd,P0201,69.77
ea18d974-38a2-43ed-94a9-07684d234ca3,P0091,10.98
4e1d07a5-bbfa-4b0a-a09c-4c9a0aa0032e,P0300,65.07
de36f30d-9aab-4751-a3db-b2abdfc27881,P0196,47.87
91f93f3d-1d96-4484-adc5-71e91101da6e,P0182,92.54
bcb431c6-963f-4488-a6a2-c18f73b1636f,P0262,26.9
2bb8414e-63df-486e-b6a7-2ba1457f41e6,P0263,93.99
0a5462c3-8617-47f9-97da-ef8fe7d6e4ec,P0133,21.13
2f8f7b4f-ef4a-461c-b135-accb1a61cd2b,P0164,27.74
c0a9fefd-c4cd-4f74-b03e-7897f8f22b39,P0007,33.17
4e0e176a-30d3-445a-a1a1-ecc5734c019e,P0200,10.01
a2363836-b80e-4ef6-93a6-c22f65a123df,P0103,53.29
045ef2fc-f88f-496f-a215-d2d2f1c4c480,P0120,51.89
0f7c5383-e116-46fa-a426-49f309147fd0,P0033,16.92
30fb862c-7d98-4816-8af4-ffd4315a24e1,P0144,66.69
d1004bca-2628-42f0-8087-b864934fddf3,P0191,4.06
1bcfacb8-363c-43a0-aa37-67a307495951,P0026,99.78
1227d613-da1d-478c-8738-6e1b57599405,P0032,53.55
b7f7812f-e991-4684-b3d4-f5de6196720c,P0065,39.2
ad69464a-f4e4-47b8-91b8-6c971befe632,P0176,92.54
8e00b4e2-3795-4d65-96e5-96fd631781dc,P0100,29.07
ae811b0d-52b3-4fee-a287-aadf0ad51673,P0251,11.7
1d286acb-b9c9-46b6-a577-11c3e28ab105,P0033,50.4
cac9be38-6d8c-4a45-aca2-fa52aea16c8f,P0019,0.98
a97c8d4c-bf34-4615-ab65-64ff460a9e84,P0055,37.62
cc16e36c-e80f-4eb4-b335-1df5cb4164be,P0298,108.04
5c131a73-009f-4054-987b-c3cabfe30336,P0001,70.05
67e70e8e-e7f7-4cc6-96b4-64b2bf4202c3,P0245,7.27
fd2be450-c71f-46cb-bdd5-1c41cd128fd0,P0104,26.38
885bb843-f017-4a13-aa71-1e0a5a50a31c,P0129,24.33
6d1e0ba7-c0c5-4ece-bc8d-7f6d8d77c27e,P0022,34.14
c53fff8c-3b93-40f2-9651-3ef4ca8b5bb3,P0085,4.24
4e65a4d2-e795-4b67-bbae-94ab5303a873,P0129,7.88
185ab1be-4b02-45de-a0cc-d7f670bd80e7,P0289,11.11
25fd3afd-68af-4d1f-8b72-0792da7bf5bf,P0279,122.36
4ff74e8a-e3a6-418b-906b-90b2b3ee6672,P0260,12.99
008972c5-dc98-46fe-a63d-cbd55f8c0327,P0021,3.44
d1197bf3-d12e-4dab-8393-717dcbb15338,P0025,38.5
9c3231cb-b969-48b4-8b8a-3a07fa920c23,P0278,23.0
17ed751f-644b-4ca6-95f7-2dca559a11f5,P0258,120.9
fafd9779-f03e-4b3f-85d7-cf681483fc03,P0243,98.9
aedbd845-6fd1-49de-9af4-667f48063de1,P0119,73.87
123d44ff-4c1f-4847-9235-2da5abfa66bb,P0181,36.81
cf95637c-23bd-44f8-8acf-be86635e0c69,P0279,148.92
224a35e5-99a5-47bd-af58-b38cccc04f4f,P0228,19.67
18d3079a-8b94-4669-9abf-7d7ff992f0e4,P0091,1.66
414c2c77-dcf4-45ab-80c2-51dfd808deda,P0143,6.11
152004e4-5c91-4ae5-bdfd-4bcaea3dadd3,P0224,46.99
51871803-6405-4de9-b6b3-699a7130af64,P0012,70.86
ac6ce574-17d6-42d1-8697-02089984294b,P0269,6.63
1f4ef442-e7a9-4977-932d-e718141163e9,P0048,46.78
420d51d8-eaa2-4a8e-9bec-55d2c792f7a1,P0210,45.75
bf97db67-57e6-4a47-b65d-00f1b080b06c,P0215,76.99
fc361615-4bdc-4557-b0ae-2d80fd7c3eea,P0027,4.96
1ebab46e-588f-40f7-add6-199200389413,P0128,165.41
25979e83-b576-4b3a-a200-c93ec16bc332,P0027,177.34
068922d6-705c-4e5d-a876-4a825c649630,P0083,32.27
536ba3b7-9cfd-40d4-bead-fa7db93fd814,P0084,9.49
9795cfb0-0970-4a87-b7bd-42c27d046cce,P0001,4.27
4c406f0f-333c-458e-b046-17deec0a332b,P0001,51.68
4350daaf-db07-4e4a-8c45-db5f973e986e,P0198,0.06
8893800e-922e-4e50-bb9d-7df61ffedcd1,P0256,5.51
5e2bd7c0-cd2c-42d8-ba4d-1aedacd5266c,P0037,39.59
c3f9071d-aaa4-4847-89cf-fbeb99c67509,P0060,4.68
7ed26f49-7d5e-4cd0-842c-672a31fab31d,P0152,38.47
70fa277b-3810-470f-933e-ce415b9094a8,P0050,92.99
ab955f8f-c073-4b5e-ad97-bd072ad8a183,P0234,19.15
a92c34cf-467a-4798-a0b5-2eb401a22e80,P0045,73.62
80333ea1-dbab-4510-b1ca-1637504aa97f,P0290,0.99
b317602a-2246-4668-acbd-0279e65388ec,P0076,0.74
3ea1d151-d88c-4413-bb48-a12bc6e63ef4,P0273,8.93
dbf1aacc-76b0-4800-9126-8ad16119491a,P0216,31.89
3441d92a-89ee-4684-adfc-4db11037b913,P0114,0.44
1451a5b5-da7f-43ac-a2c8-319cd5ad28c3,P0103,33.03
5867e58d-8441-4964-b74d-807792e291d3,P0072,69.82
28d8d874-4b6f-4989-859e-541936c2b05e,P0063,36.69
61288110-8bd6-4d31-b4e0-70a2a106f9c3,P0136,43.49
cab63f93-b8b2-499a-aa09-d0047be84510,P0247,11.18
2bbaa562-291e-4080-9e3c-6cc304a3f9bb,P0080,92.33
a2478e24-94d5-461e-9e8a-db6d2be53d19,P0293,42.13
2180e040-6f52-48b4-b698-7848e4e3297c,P0047,109.04
68d6a377-7520-4ac6-8cdc-76a68f5ac4ef,P0111,33.58
e6b8fa29-789d-4b64-a07c-3d47ffb1df46,P0023,18.3
2230d676-54a6-48f8-bda7-9508074fc0ed,P0081,61.89
735488cc-0dab-4f76-a66b-8d4e2d23c6eb,P0121,176.87
a7a55687-e7bd-4f77-b680-800da0e0feca,P0161,119.2
69bb7619-2231-4028-8e4b-239ddeba1692,P0080,25.26
407e2844-690d-48f9-93de-10c2dfaa8ed1,P0142,17.53
a1a33bb2-e998-4b99-a41a-68d51c9ff980,P0202,10.19
44a3d40f-0afd-49f5-bd1e-dea2da85d523,P0010,105.21
09496695-51fe-46af-9a73-0a5e677b5c4b,P0048,29.8
1b26d165-9372-4172-848b-a10d3b07d6f5,P0043,53.01
29eb4266-9464-449e-a358-f0aed8ad2a40,P0249,6.91
5933b11d-4938-4bb1-ab29-37bff4ab0144,P0155,7.2
630c8912-6723-471a-b8d1-52b66015fe43,P0070,52.24
62a72f5c-d5f5-4111-9e52-8efe7e8e7f49,P0069,84.73
2c6aa3e0-5574-4fbb-ae11-87977e51ff3a,P0210,28.59
e4a71815-f6a9-4040-9d2c-2a43bd7416cd,P0028,18.37
f26b35c0-1547-42b9-9f08-911306f9d820,P0082,7.94
f12277c1-28d8-4ecd-9545-a8a4938fce93,P0046,24.05
0d94b769-288c-481f-afde-24ee1b1271ea,P0121,49.85
b4fec70c-a474-4239-9e35-fcc1753acee2,P0037,44.74
ddfe8c81-095e-44dc-bbcf-7123cc62cced,P0111,2.94
6b4fec91-d435-481d-a38c-72ea2760da3b,P0284,0.87
741b6928-9393-471d-844c-41e31eb047d9,P0268,60.41
8900e46b-4f45-4a2e-b2e9-1b420f78868e,P0275,23.11
53de73b4-3454-4532-9912-45881fbedcc8,P0191,56.04
1b3dce08-0c51-4751-917d-853636fde549,P0078,17.95
fba87e7b-5c89-4176-a04f-18756fcfbe26,P0136,4.17
e292f1e4-aa77-44a4-b7fc-c56bb1018de9,P0089,12.16
c1c59163-ad3b-4ca3-92af-f445e0b3994a,P0089,42.01
b9d882ad-e6e5-4a28-93c1-3b81c974a8ca,P0021,6.94
7da91b84-0ca6-4dec-a9ea-aabcc277b3d1,P0087,74.47
1aac1107-14fc-46de-8221-06e20d966e6c,P0230,49.04
c9dd5763-51a9-4621-912a-5b6ad282d5cc,P0228,16.92
0662da58-ce27-4bff-a871-fea23c394424,P0275,29.62
550c97d5-a108-4d36-ac91-e0039b6ee856,P0227,128.91
ceefcac0-26f4-4c38-906c-4ef5e86a4872,P0080,26.25
9239185f-2ae1-445d-98a1-08a785a1fad2,P0165,39.0
0519cfad-30ac-4584-a9e4-0ba700e41f54,P0038,31.31
7e43f384-b97f-497f-99b3-3ae38d7182af,P0193,13.61
d781e7fc-a56a-489a-9b0a-fb96625c46ef,P0286,44.63
9975f7a2-30b9-495f-af02-ee1d96c2de2a,P0082,26.41
ed9c4998-de5d-4e4f-8910-1a31e1e2668c,P0282,25.58
9dd004cb-21ea-4f62-b01d-8d6f59128967,P0125,89.7
5c3108bb-f80c-4dfe-b89b-a26cd860738f,P0056,124.71
29991b09-0bcd-4692-b1fc-0d684019c98b,P0111,3.94
52af7151-84e5-4e50-aed0-5c3907f7a4e8,P0048,40.81
2a09843b-0de6-4919-b1b1-a5e450f9c506,P0008,18.97
32abad51-3ff3-452a-bd83-a65edac2881e,P0151,22.36
906795a2-a324-4edf-aff4-610bd7b92862,P0274,12.71
062e187b-0b50-44b9-b86e-08d2c19dd95f,P0126,15.22
f5c574fc-b367-4c7c-a747-e2844a758904,P0092,80.11
df9fd754-f8fd-4c65-8318-07e0738c39d2,P0060,2.48
cab63f93-b8b2-499a-aa09-d0047be84510,P0020,8.88
5093da18-aea0-4f32-a983-3e8690e807f4,P0125,1.75
1ad51382-3f3e-4540-a736-9f371613e056,P0104,73.25
b6aff04c-afb1-4061-9a94-2c0347aaeb7a,P0067,45.31
9e213a37-4b9d-4185-8799-d42dad7f26ae,P0145,40.07
ca9441fc-bcab-454c-8249-e5f5952b816b,P0006,37.67
732f38e9-5f4e-4d76-8d37-1d017b433287,P0280,6.36
bc82e9f6-82c3-4bcd-8421-bbead70b7466,P0288,2.41
f5227a4d-6c86-47f2-930c-0c7618c4f847,P0087,9.47
2cd04d9c-ba31-4292-a81c-616dbe30b956,P0222,38.33
0f5a4d69-6cc3-4cf6-b603-6b4cc2686670,P0166,3.56
169f6800-9533-4f37-86f3-1fc7dec1405e,P0120,36.98
b4cac47e-0f26-457f-9639-95730cbf49bc,P0135,11.85
651920f9-0a3d-4605-a70e-501b3f2cf7b7,P0033,14.27
f9bccbcc-fdd8-4aa8-94c9-8b908531a785,P0191,60.08
e58ba87f-0bb3-4fd3-9701-74cd4d07e524,P0025,34.53
e6d57b28-be51-4372-8fe4-611e1b6fa58d,P0282,17.22
a3037f43-ac38-47c5-904d-108216c6ceb8,P0094,3.7
5d675b63-cafe-4368-ab9b-f66f9f11c762,P0116,121.83
0e5fbef2-117c-4167-bf90-902f2ec90de7,P0201,26.49
8f090cc7-b293-4bda-a1f1-34f5958cdd6e,P0199,29.2
f97ad93c-eb46-4c6f-9188-f63592b0915c,P0284,75.67
8bc61054-1b3f-4f47-aa21-bc220af50556,P0294,12.92
df5c5306-f890-456c-8663-f9ade26ba44c,P0288,12.26
ff830b09-3100-4314-a6af-28f3e33cad22,P0072,17.5
6b9d4808-8533-435b-8851-c74aedaf3c0d,P0133,100.97
ce346be0-13a9-4822-9abd-2adc5a8c8f32,P0046,21.92
28fda55d-73d4-45a6-bbea-3ef7d7aadcb7,P0206,22.84
1d2b9d10-0b97-4139-8563-7443b19dabad,P0206,1.18
a7d423a5-3c2a-41e3-b9cc-c61f604aab0f,P0215,7.42
0f0d37ba-f8eb-4e42-a714-19bf15b8f91d,P0187,16.56
228f649f-1e21-49a5-ba4b-09e839ddaeda,P0042,10.62
97b9ad02-c8c3-4bd4-8640-a6ed84701ae4,P0252,33.69
ffececc0-1010-4985-8eae-3e4cc9c20b1c,P0034,10.68
ab66a7ed-b1b3-4bb4-9c96-4083f8f161ff,P0223,132.73
9a2baf51-c33a-4d7c-b969-7f7ef02b70a4,P0088,47.45
37941093-7687-4bcb-a239-661d788211ca,P0236,68.29
9b63a4e5-7bd1-4fac-a204-a2efa6e57ecc,P0039,11.62
4e4417ef-b059-475a-8d0d-d2c8b7cb3cdf,P0217,28.31
0f9809e3-c22d-4393-b74d-8bafc3e426b9,P0041,8.71
fafd9779-f03e-4b3f-85d7-cf681483fc03,P0230,15.33
ba5b8394-1b0d-4533-b90b-263688c1d148,P0281,67.08
20e350e9-f3f9-4576-87c0-e10d747b9968,P0049,53.98
2ed1a54f-a27f-47ab-a0b8-b925f013809f,P0144,10.3
10344148-3c21-438b-a249-f8f27d3297cb,P0286,14.54
baad0a57-9762-46a9-aa0b-f6bb8e2ef8b8,P0141,29.08
117b9106-075d-45c5-8c23-edd1b00689bf,P0291,95.84
c6538059-d406-4ea4-a957-a2f517d6f72a,P0231,8.5
bc72ef3c-d828-42d2-9402-ca81aae73803,P0154,14.02
b60a362a-0a43-4bdc-ad8f-2b4490555696,P0255,40.76
09a9eb39-4168-4036-ae0a-7b7aed567f28,P0119,48.46
a5b374ed-c4a7-495d-95a6-4617e5862fdc,P0026,4.54
3de4324b-ba55-4d89-bf07-70d313fe1367,P0042,13.92
3ad38997-c1af-4213-94e2-dd96bead4d0f,P0025,5.25
b90ed7f1-4181-4d37-abee-5086bcf5d66f,P0066,45.46
7b2775d1-40d1-45a3-a922-452ca40ae53f,P0222,4.18
4dd30627-3cc2-4604-ba19-870f38bfb847,P0047,8.28
2ef366c7-9005-45ee-83d5-d35d7f6f23bd,P0190,11.98
5472f95a-c72c-4ad9-adcf-753270bf2ee9,P0005,4.29
00a81764-5082-464e-95e9-02b039163049,P0041,46.65
7a057ad2-ca1f-4066-b210-22238fd87030,P0058,53.03
1519e022-78ad-48e5-badd-f4840f361393,P0054,15.34
4158442c-eba7-48c9-adda-05552980a4af,P0055,8.81
51af7c1c-7714-4eee-8f0f-2bd1dbd006ce,P0177,2.57
37b0f5d3-f07d-42b8-a7de-e883b9b6861f,P0218,19.11
7930f813-f75e-4922-a269-81d2152c4efc,P0088,15.73
99fa3e05-8aee-429a-bcb5-534118419eb9,P0204,50.28
5f3be093-2760-4b6d-b74d-be93c5789bf2,P0188,5.16
19432d77-8f66-41b1-8943-ab5a1b04afb0,P0281,35.9
b33e4d61-f2ba-4755-bec3-45beb87e03d1,P0275,34.87
65bed8c4-b1db-4b28-a609-7c878358eec3,P0294,19.95
96f3a93a-a04c-4918-b087-27d25968e559,P0095,162.57
b2b994a8-f69e-4c23-8a2c-7604af9ecf5d,P0265,49.8
d7c0a6f1-9594-49cc-b35d-a3c0fcdb8870,P0208,29.77
d6870047-eba3-4868-9a08-95ca0dd72a22,P0011,2.89
4b200004-5adf-4a37-a984-4bd395928bd5,P0050,6.46
24a198ca-90be-4a3c-8d40-c08329496f17,P0143,22.56
d6388fbb-ae46-434c-a795-b8ab5e6f5576,P0142,7.84
9ac721ec-bab9-4892-9eb4-18af8b7f572a,P0112,8.99
3469d12b-d3c1-4b1d-b371-aaa27dfaf469,P0288,2.38
ffb06c65-026b-4fc3-a287-29042b2a02ae,P0253,0.57
ff8ef026-4f25-4779-82b2-ff6becf11292,P0202,11.43
c12dd0a4-80e0-4119-8835-28e3fc614cd6,P0147,201.4
e63ef0b9-ead9-451b-a5aa-22ecb5facd94,P0265,103.22
df880517-8f50-4bd0-8a9c-da3de5f92302,P0095,3.02
c21c6f9b-17fe-4a53-a52c-537faf6a0fc5,P0006,33.21
ebc1503b-9ef3-4659-9c4a-1e95d7fb9dec,P0113,1.91
2ce13624-5fb0-433a-b7e3-8ee1e72e4115,P0269,16.86
2cd04d9c-ba31-4292-a81c-616dbe30b956,P0198,27.62
8274f165-4cf3-432d-896f-8e4277b80c7d,P0186,15.89
d3cd3059-831e-4cc2-9562-7d9c166f29fd,P0037,24.95
1d286acb-b9c9-46b6-a577-11c3e28ab105,P0129,61.98
8619fecf-70a6-4d5a-858e-924e80215772,P0119,78.12
151b6a13-7b62-4a0e-b1e4-14ff5fd153c1,P0189,39.26
8146c756-0252-41be-b03c-58faf49e58f7,P0125,69.62
87a7bc15-c881-4e59-92b5-91078221950a,P0260,39.47
7cc645bb-7a06-4211-b4b6-fed0163e8e8a,P0219,3.32
189fe3fc-6605-45c6-883b-822dacc24842,P0235,58.59
1858f701-cccd-4379-89ac-80c03b11857f,P0001,19.5
276ed035-235a-444c-a1d0-afe45c5b15f3,P0294,2.91
8a4fad4d-934f-4520-8607-fe8ec5c18f04,P0050,6.43
40655508-6fb2-45ba-aa39-438d244175f4,P0165,158.41
1183fa79-24a5-4a75-8e3f-5763dd756136,P0262,92.81
0aafae43-af5d-4969-9990-eeaf3284c180,P0108,25.87
3f6bcdd9-e28a-40ef-a621-c8ba96a5aba1,P0090,6.44
436e3068-d9e8-4434-906d-3e29764a40ad,P0064,62.62
ca8c2b3d-a9ea-419f-9126-3aa1a5c6a4bd,P0033,18.54
cc0975a6-6ca6-47a3-96f5-9b093ac24678,P0098,23.34
656ecaac-ca5f-48a4-ba95-7b57afdff5b2,P0212,12.56
b7c203ae-163a-4bbc-a936-3c1a3d40b67d,P0022,8.88
81e5f7c8-8be4-498f-9367-c525e600aa69,P0188,6.0
8e52f59b-981d-4e24-82cc-c2cea369849c,P0290,60.53
101df731-8c85-430c-bf03-a3b5baef7d4b,P0044,60.16
6a81e813-334e-4305-abc6-7ac8566c4617,P0278,5.38
5d96ca18-1f9a-42f9-aa80-7cdeaa4f351b,P0177,38.16
ceefcac0-26f4-4c38-906c-4ef5e86a4872,P0083,54.17
0bfe9620-62b0-4f03-9683-8c1b55ac7ff9,P0294,75.45
d5bd5225-cd29-4753-b839-059ac2d2996a,P0048,8.17
33b3fa48-2262-457a-994a-af4825fb0274,P0287,70.39
98b57e60-969d-4900-a1ee-89b635907044,P0140,23.84
0b6642c2-7544-4d25-8ba5-8ece06ce4f59,P0289,0.52
dac3c2bf-bf45-40a7-a346-78c73d120185,P0297,44.63
8cef1774-1515-498e-9b4b-8885c417a3a1,P0161,75.26
a611d9b9-cca0-46c6-93d3-79af2d766972,P0086,12.28
98685778-17e3-4e69-b07f-4247fd5839e5,P0009,19.74
a80a059c-328d-43a1-b609-ec9e51584518,P0195,3.62
35ddd802-021b-4017-b2f4-36a86df98cc1,P0150,0.56
c87fe68e-853c-4838-824a-9f9570f08f1e,P0144,53.03
2b5b1847-3fb3-418d-a54f-61d6545b1804,P0143,17.18
6e63f5a9-7eaa-4aa6-b396-96644befa5ca,P0265,40.22
a41bcff2-c535-45c1-8993-3d891b80e5e9,P0125,17.38
b92b64e1-56fa-45a7-a33c-acef87bba603,P0273,5.18
ec51f396-8e6e-43c3-9f51-468e5614f5e6,P0136,18.73
1f303985-ddd5-43d4-b754-3ea040731966,P0189,13.36
bdde335d-8475-476e-9abb-88d56d55397f,P0003,92.86
a149374c-078c-486b-8b04-63ed58b0cd73,P0171,64.4
141b60b7-e80f-4578-b5f3-dcb8886f9d2d,P0239,51.48
1858f701-cccd-4379-89ac-80c03b11857f,P0213,13.21
107b2493-f452-4644-910d-4230fc211b79,P0275,14.9
a36197f9-7a6e-4b47-a781-d7ae4a3e9ead,P0076,68.97
b57a95d6-bba9-4003-8499-261315c0d4de,P0116,10.39
4ba96dc9-5bc9-4969-a1ea-588d71301e8e,P0116,49.51
8d564b96-e006-488e-9ed8-0173f8509aaf,P0138,125.12
181f4ff9-c41c-4254-8311-bac8d46bfe78,P0120,42.51
46850dfd-957f-4065-a2b5-f8ea1886f487,P0290,18.22
b12c2ced-88b5-46cc-88f2-be8bc8cf527a,P0271,60.94
15b3d27c-7f02-4d72-b90f-e0a1f81a7543,P0192,36.67
5e36f633-fdbc-48ea-8c05-8473cdf65e96,P0127,8.91
1512cc78-d662-477c-a0df-271441b88d9b,P0119,0.99
af44e131-644b-4695-8e48-d536557678de,P0154,2.0
148a025c-5f20-4101-9c0f-5789bd457bb7,P0162,12.27
46664f78-9a71-4329-a33f-1795153398da,P0160,64.09
ed2c7e38-74a3-4f25-b18f-b612e1bfe2df,P0278,23.48
cd65d52f-1c2f-41c5-becf-2c617c792e00,P0007,23.34
98574aed-7b28-4362-afa9-1f0ec59093b9,P0167,28.82
4663dc97-36e7-4343-a80c-29275b483489,P0210,15.59
39a86e72-4797-4512-9046-cf0333c26204,P0134,15.93
732e2013-4192-4c45-aa05-525c710f9702,P0135,45.37
db494558-9c9e-42d7-8ca9-e1a5bae97cbf,P0110,140.3
103f281e-c8d4-424b-bc55-5d5a20890202,P0052,34.87
f1c0a10a-146d-4aee-a235-eb1c158abcc8,P0022,64.97
9ac3c71c-8ffa-4ee5-8152-6e2764f13eea,P0145,14.13
6b55d9ec-6af9-45cf-b49c-b824d2720b66,P0076,80.74
b1ae05fe-b520-4d5d-ad54-e00ca194e110,P0262,0.91
6eb71a4c-ad3b-43ef-a6b0-05ea91d37467,P0073,6.28
eb909080-05f9-4eff-b65b-c4bd5f17b777,P0222,12.33
6ad5bd74-4e3b-4d20-b9ed-6ce95a73be7c,P0269,79.16
7e27c5b0-570b-4568-9e43-c5c515883dba,P0219,86.99
03d2497b-8e17-480d-a3cb-70aaf9a2922b,P0252,113.39
680b8590-e286-4f2c-a307-35e3b2885483,P0037,12.98
b6424def-873f-4871-a962-5a073bfb5024,P0012,34.25
5117e57c-facd-4e80-aed6-e705c54c433b,P0190,71.47
50ab4a34-c526-476f-8151-e3f046fa0b04,P0278,61.97
8e10310f-2003-4b3e-add1-95a388c5157b,P0201,26.41
ad7c010d-5857-4a8d-94dc-b0a66808471f,P0272,72.21
5a66ed3f-b048-4672-9276-c498564a4e51,P0300,79.72
786c321b-fe5b-4340-9e25-131005c062aa,P0293,44.83
7062a365-27df-47cb-8bb7-2ebe52c9be25,P0079,41.25
fab9f1af-a374-4fa9-b9b0-30144af11807,P0082,55.83
1974a0c8-66a3-401a-acaa-4322dc269312,P0136,48.58
33ead2cb-420a-4f87-9784-f08d910e8d17,P0017,43.56
d20eef87-b95a-4538-a4db-315a88fc377c,P0003,24.34
ee3322dc-e1dd-4f36-9d1c-88c221c92fe6,P0133,47.01
b1935a86-4176-4558-93ff-c4604915b61a,P0161,14.69
87f65ec2-e8a3-435e-8ec5-af191d4b06b5,P0075,51.98
2eb16177-8f6b-4180-9aa1-8e72c0c38737,P0263,2.69
1a65820e-dee7-43fe-a14c-60dade04f1df,P0294,102.74
9784cac9-2b05-4df7-aa48-cc81c1361761,P0300,12.7
b0bc0674-1ead-4650-9658-cfacfa98c556,P0297,90.32
c7fc5921-f3e6-42b2-964a-92eaff6daad0,P0133,1.06
73f6e5e3-b335-49bf-988c-f56e3ce8bb90,P0212,46.64
7913c836-69f7-4184-a136-5d49dfa6a452,P0053,6.97
b5aaf381-be9f-439d-bc7c-33ae2462bcb5,P0022,7.3
3e759674-4757-499b-90ef-e6cd87c7cc0f,P0068,21.6
7cbc6851-bb57-4614-bb2b-02306a4fd1d2,P0119,1.21
1a6810ad-34a7-437d-a3d7-4e4aa4f06ec9,P0262,0.79
c0f18c6e-0b09-46cd-9afb-16878c335d14,P0122,18.38
5b5f5c9a-1dac-43eb-807f-0f54f42968a6,P0255,9.43
4df3a840-13da-4b8f-ae6d-1b74c9b8ff96,P0219,69.9
c168ee7d-06e9-472b-942c-4087bcbdc9ca,P0235,53.79
cf884f76-5123-46d9-be46-43d39053f03e,P0145,22.59
3a64e2f2-1db3-4712-8b17-b970f56292f9,P0247,17.83
6ceabfdd-2e5b-4045-a235-ac799d8bd187,P0237,0.02
d4ac9c55-7cf3-49e3-b65b-2fbe25676336,P0114,3.65
f04e7595-2aaf-4015-a28a-2e86bc03b70f,P0095,44.53
285bfb43-3aa9-418f-8d6f-be2c29cddd56,P0190,18.41
a5e436d9-b8ed-4eb4-9168-78f8e13a0ab6,P0276,127.71
744c28e3-00cd-438b-b1cb-54025191d895,P0033,12.79
a8da29bc-be60-41b2-94fa-4b2d4d2794d9,P0254,1.63
eca23afc-6f9d-40d9-998f-32ea9c752874,P0065,39.51
479fc3ff-5b55-4491-a8d4-8e80d5f6f2c5,P0207,58.42
dba55506-81d1-4f17-b463-098a85250594,P0264,45.9
c28ffea7-175a-47a4-81d5-f31c32e905ad,P0245,37.4
cbaa5c27-77cf-40d0-8928-f2ca79a7d337,P0092,7.68
6004a0b2-dea9-425a-8edb-b629b07131f4,P0070,30.3
e2622750-c726-4b95-9913-ef9c82606c78,P0260,13.45
e37e607a-3407-4fb9-9215-90244e5e21d7,P0257,117.41
6a81e813-334e-4305-abc6-7ac8566c4617,P0215,12.96
e4c6d72e-9a48-4e67-834a-af3b5cc9fc9e,P0001,49.21
3a2749a9-513e-4ff2-b79d-0637a4a4e02c,P0164,9.62
584e2017-0f5c-435c-8c8e-b31f8b6166a9,P0257,46.52
6b41075a-5aa5-44e1-8972-288864e3ad4d,P0142,11.69
d36df0eb-cfe7-4391-8fb6-aa0fd57cbc27,P0187,103.21
15bed901-5e2a-4232-8d60-2dd27b50c1c6,P0185,3.07
bb030bf7-af19-4eea-981d-aeb91518d3cb,P0238,15.14
18b572e0-5ba5-4d29-acf3-d183c6a08275,P0163,51.52
60e1e31f-2406-4d63-8ae3-c8c399139a79,P0145,210.92
26d2bb30-b197-4ef8-beef-1bb69b2f6962,P0199,75.43
345a388a-f9fc-45ac-b8fa-053422b93cb0,P0096,5.71
cd987fe2-04e8-4c3e-b74f-5d0cfb06c8ce,P0211,78.6
a5f4a334-f801-4d05-abee-556aad12ce1a,P0027,1.25
12b8f39a-09ff-493c-a4f1-da11bc01cdbb,P0058,4.22
d50fe426-136d-4c39-a6f3-722d0024cda2,P0233,21.43
06ab3a95-8645-4757-aa12-8f99e3f0d67e,P0135,12.11
ac68e2f4-1a5e-4062-a0c9-c6d0ec866c32,P0254,10.76
bb4c561a-250f-456d-ad39-ef0ee9732022,P0083,110.28
6dc7abe4-f278-45d9-99d8-0b296ac59a40,P0278,28.89
87ae789a-12ab-4acc-af87-74a82b4c0b9a,P0052,15.62
303fe9fd-65c2-46ad-b67d-16888f959e1f,P0177,69.35
3ef26891-2a76-4ea0-8589-ffca6fbb7c67,P0197,9.0
2165e70a-a15a-4251-98c7-484494bea46f,P0282,11.81
b6e3206f-57c5-4e4c-bd73-c289db98d777,P0180,49.43
01466481-61d2-4b49-acbc-2dcc6d9eb9b5,P0039,1.38
2c9d8c3b-2603-429a-9793-38e6cc0a7423,P0108,14.77
91eadd3c-461e-4180-b963-549c6e665b19,P0085,32.35
14ec90a2-f783-4f89-b2ba-6058974b60f9,P0197,11.53
9304025a-3ace-4dbd-8b12-9e8a8d3fba08,P0085,36.97
2dc6fa55-8196-4a4b-8543-b262f13bc4e2,P0034,40.0
b87190ca-eb05-41e7-a76c-571a11afa298,P0187,67.68
4a6f0c04-cd7b-4df6-b1f2-c59614a3f9fd,P0067,105.27
58adc0aa-0e27-4718-936b-ac7eb0614b0d,P0191,9.51
259570f4-baed-4d9c-9c33-f250ce24a941,P0068,13.26
1b3dce08-0c51-4751-917d-853636fde549,P0244,28.67
d844bf23-b2dc-4e64-9840-af80c5dfe860,P0055,162.64
b5384780-4f58-4c9f-b6c3-9f644bd803fb,P0263,82.05
93460533-b3bc-4ff4-8693-c7bb06893dda,P0232,67.75
ab5dd80b-d1b0-4afa-b5f6-fa48e256e32e,P0250,34.96
ac01872f-b0c4-4f02-ad34-1560dc149786,P0213,47.96
c6ef57ad-8e73-4b6c-948e-fd8927482ef1,P0092,13.07
8f403ac9-0bb7-48a8-9d39-db2b45dcdda3,P0290,31.24
92fa9fad-bfde-4791-b8fd-230462f2bc6e,P0246,74.13
556f34f4-3df8-4b63-80f2-15f7ea48c2da,P0200,14.61
87a7bc15-c881-4e59-92b5-91078221950a,P0195,48.95
480209db-bbd2-4827-9601-1c15c71bc4f1,P0297,26.04
3c1fe103-441f-4827-a945-664027676338,P0182,100.79
a6a7149f-a694-406c-addd-dae2dc32aa34,P0241,15.11
7df1dcd7-41f1-4465-8f5b-fcc52767b490,P0111,7.77
7ed9dbb5-4928-448e-b773-dead9411ffc5,P0141,34.62
f4bc7149-26b1-41ed-ae9a-6ee1106041f3,P0073,33.34
a0d51131-8b50-43c2-9451-61a175f6c651,P0034,41.07
679e155e-6abd-4bb5-b8c8-8d45aa03f51e,P0077,23.84
3e91d8c4-537d-46c4-945d-91a5bac2d976,P0085,103.11
2fc088e2-dfab-48aa-b72b-94e765ab4fbb,P0025,16.82
f3086900-352e-4946-a44d-d43599b21aef,P0015,22.39
bc4f44b9-2adb-4eb3-87cd-5d4ac84e7cab,P0148,2.54
57a0f732-3f7a-40a1-9fe2-c8356560a889,P0064,7.19
7e3d9755-bb1f-4121-98a6-7a170b2d6d62,P0026,17.15
7555253b-8d29-4538-876c-d7ee80cf9fb3,P0056,23.12
a3086456-7759-4b07-89fd-c250608b1acb,P0120,62.67
4b8974d3-fe3d-4170-a958-39d7e3b869bc,P0032,33.58
353325df-eff3-4ed1-8b2e-61fca0ecf0ca,P0284,2.2
18e2a979-6931-4424-88cf-ba87710b8b7a,P0252,16.65
b43b3a91-2621-4724-911d-d27e46fcd4b5,P0180,6.42
4abf621a-d129-416b-90ae-c23bdc61def8,P0062,6.16
ec9f43d7-8829-4861-b455-5c41a180147a,P0039,70.68
75b4a276-76c6-4377-8a14-a2bd5f2f3a99,P0284,4.7
94ca771e-3319-486a-8607-258be48580c5,P0278,5.86
587e8c86-28c9-484e-90be-cdd348d2372d,P0227,8.18
ac6ce574-17d6-42d1-8697-02089984294b,P0112,27.28
f4f4779d-8dc1-41e1-a843-c322186273e8,P0024,11.86
6cbbc76e-4c24-4e17-8270-04648363e736,P0089,30.51
dee17a55-a898-4812-95e9-3280f23a48e8,P0300,44.45
6a9d2157-7499-4969-913b-b05312913c02,P0210,5.52
bcaf1b79-0e04-4c51-a777-befc04654bd6,P0206,33.3
598d9293-3773-4fc1-98dd-6f46c3f1d55b,P0278,21.33
71df33f2-edd7-4585-9a1a-1692f8eb19e8,P0205,29.79
f5866427-430d-4a0c-be6b-8f71216f51a3,P0210,15.74
69ebc95a-0f5e-49c1-ae32-c0f7a3689798,P0191,43.78
772948c1-a267-4aa6-bc5c-85aaee488767,P0150,54.27
de34ba4b-6979-47bf-8aea-798b0e1d4eb2,P0200,38.11
f5e45ca8-50d1-4e14-96f6-127603638239,P0104,27.23
14becb3a-f7d1-47fc-9e93-d3cf9f1ff65f,P0175,52.6
9f9d7752-e7a2-4d12-8fea-dd32271ad2f2,P0192,70.93
324ce036-c202-4aef-a0f3-87ea2c5c8706,P0291,4.66
3bec8022-16e0-44a5-a1ea-9a17eef4122d,P0123,141.3
defc5902-943c-4b7a-a386-6877e26dc303,P0277,179.73
2eb16177-8f6b-4180-9aa1-8e72c0c38737,P0239,88.67
52ae14ec-2796-48fe-8535-2ad43509b749,P0003,119.29
f7a434d4-d68c-4538-8602-08c88518adf1,P0124,0.27
0823cce9-3b01-4693-ad01-640c94036047,P0259,266.36
fafea6d9-8b85-4b9f-ae90-43d68c712b1b,P0008,102.05
5238fe36-535e-4ac3-a2fe-ca72cbccc936,P0143,7.06
e0dbb23b-fd8e-4409-a7be-2dea3522aa98,P0237,42.96
01ac88ca-c4ab-4a70-82f1-384ae8efb055,P0217,4.26
f4666d79-464f-4a8a-ba6f-9eed54eb890b,P0201,38.47
f2663dbf-9eb9-49ab-a7f8-320d084dba06,P0098,65.97
6ade3652-6caf-4060-a6bb-df08b48ab227,P0172,204.29
35627815-3632-4ca9-a5b1-9b868741c824,P0198,11.59
4769bfc6-6a73-4d03-9251-b67626256773,P0121,19.27
660a72da-1e1c-4143-b2ab-18e9c02c7524,P0219,8.97
dc06c8ab-d6a3-47a9-9cda-4d89e12c8d69,P0218,10.97
6ab168aa-7bec-4bde-81b8-8f715bf37f91,P0174,104.26
926fe3b8-1c11-4d3f-9524-68a4d9840d9e,P0298,26.83
f01a943c-b7a6-43b0-8241-e6410309d5eb,P0071,14.98
903a8cbb-dc58-4cc2-b9fb-c263a8892288,P0039,24.91
b2a935ad-beca-447e-acab-877d572c5896,P0044,52.2
ee052096-7019-40c2-9a14-54aea4f01746,P0210,2.28
e1631055-7fb1-424c-8f15-44cbcaa8e0a5,P0131,24.86
195a7bd8-0897-42f3-827e-d22e713db27e,P0268,44.6
f047a144-2e2b-42f1-886b-2e4132a4351e,P0266,33.71
0192c1f5-4f6c-4973-919d-5a3a2b92e511,P0040,11.4
ba92b712-4c20-4fe7-bb9b-1067c8f3bce3,P0220,53.2
c28ffea7-175a-47a4-81d5-f31c32e905ad,P0121,20.59
70501b68-2b19-4fb5-af53-9e5e9dd226fb,P0170,0.4
79aef3b9-150c-4f16-acf3-cb4fcc0e8ed8,P0043,25.66
cc352f23-61cf-4f7d-a9a3-e1f94e8f5374,P0086,48.56
bb94b41a-ef7c-4e61-9d60-efc9cc1ea976,P0197,23.86
8481b5eb-bfff-434a-ab94-8e0b88678e04,P0159,1.62
5dd63956-9ff0-48ae-b48f-7a2649c3d75e,P0072,25.54
63d0bcdd-e04c-4a14-abce-a86856442ed7,P0045,7.19
0019edce-de43-4bad-bac4-a28d69c0ad8d,P0204,23.76
b4d2fbc4-dd45-496b-8dc9-87d877270263,P0228,34.2
c11dc3e0-d9ec-4883-adba-4e15eaf5415b,P0279,24.11
7128da3f-db1a-4ccc-85fb-160c11a046a3,P0042,45.21
acc36895-4e68-4a0c-bb2c-e1107406a381,P0027,38.56
83c624ac-9ac8-4d00-9ae1-00b6ffa6a90b,P0047,0.03
b415ea49-c9eb-4c19-9e3c-34216fb26136,P0084,95.43
4f3a08f8-6402-479f-8022-5ab95b47f86d,P0100,26.83
38a33506-7507-4648-baaf-e0aa624b76fd,P0186,16.75
967decc7-be26-47b7-a779-47d9a42eed0a,P0195,70.25
b6ab38dc-4bae-44a7-a058-85c4d3545f1b,P0264,2.64
8946b5ef-9434-4508-ab06-4583d4d57bec,P0108,13.31
0a99a760-54b1-4736-8a33-a8811426bd0d,P0190,66.18
ce4ed921-0b1a-4a37-81f8-5560655dcb73,P0267,73.83
05da47bd-1ffa-4657-81bd-5f0f6322821d,P0081,28.51
0aee3fae-7193-44d0-b084-320f3825cf3f,P0216,24.63
260a14bc-c4c4-4490-b3d8-0a0ea970d9b7,P0154,13.73
c2b2cc0a-2f9c-4e01-9a66-6738c482fa8a,P0162,17.76
7adac059-53e7-48dc-80c8-b61df978b2ec,P0053,66.32
a7d22dc1-a55e-42ff-8378-f8dcc27e38ea,P0223,111.44
3ae4964a-1c87-4900-9731-2138c1a25d0f,P0004,9.28
028a45f4-5353-4a68-bb69-18218e03cd44,P0280,2.37
583554b3-caaf-4436-964c-e863ea84c013,P0082,9.26
59951f6e-75b1-48fe-9085-d6d8d4651b5a,P0206,2.38
0c16e6f6-a495-413f-b4c3-5e4a807c21f0,P0016,49.04
c7fe3827-7d96-48cd-a735-cc741b9d5d10,P0057,41.69
3aff8734-1645-4b6a-9aa4-2440e6a2e467,P0298,113.31
4e451b3a-6ae4-4a7b-ab1b-c575e7dcc817,P0278,11.81
cd8bdc2b-5fec-4ac5-a29f-e32a1b353d30,P0082,28.22
c5950c07-efa7-4244-b839-24d94c2257bb,P0291,11.01
25373aef-4852-48c2-8223-6f90b8328e4d,P0281,42.09
4253a218-6674-4244-80a5-fad856228e0e,P0287,35.36
35670c4e-4eda-411b-92af-c037e8aaafcb,P0078,3.87
ac01872f-b0c4-4f02-ad34-1560dc149786,P0225,6.3
7b213168-3c6a-474c-adc2-1263c6435995,P0159,9.39
640d24e0-4d17-4220-b849-d73e0fe602ea,P0239,2.28
6b41075a-5aa5-44e1-8972-288864e3ad4d,P0075,51.11
61288110-8bd6-4d31-b4e0-70a2a106f9c3,P0256,0.23
9ed8b6eb-4fcb-43f1-9219-4ac2fbbfdcc0,P0161,24.24
9ed8b6eb-4fcb-43f1-9219-4ac2fbbfdcc0,P0080,0.39
9c5919c7-05fc-41ac-8fec-a53e579b1f9c,P0247,17.72
1f84188a-b37f-427a-93b8-6596a9f32709,P0055,24.72
e8e96576-8c6c-479e-ad26-496e1484e00d,P0176,71.75
110128eb-02da-4241-82eb-6a8966538e16,P0139,13.89
e267eb35-fc5d-4f6a-b364-e7dc6f2bbe67,P0215,9.85
c2391888-cdf8-4626-b57c-02dc24d1b8fe,P0037,80.8
30410d0a-03cf-4677-a9a7-7bdf3e962be0,P0276,71.89
277f7477-45f3-414a-ae92-083698a91b36,P0293,12.47
284df3c5-9b49-4340-bf3a-2128dc3252f4,P0154,4.49
dd582b6d-186b-457e-b3ff-d48918039bcc,P0251,27.41
d068a758-e992-46b3-9a29-6288c567ed5a,P0027,0.37
2ef52703-1828-4b85-b176-66e5df8cb0d6,P0259,14.56
e2e142cf-a929-423e-98bd-ea5675b80181,P0129,12.39
50bd3e16-fef6-4a20-a13a-d5872d9846ca,P0115,67.45
035ac2c3-3843-4ee5-b8e8-156e712f8119,P0207,22.98
de8f82d9-3c90-44ef-99c6-1e2d207c99b2,P0044,5.91
2e5431bd-f487-43e5-b206-e9a477ebd87e,P0195,15.51
2efe9430-4764-4536-8ba8-9756f068dd53,P0226,4.41
04b54baa-242f-4783-a62a-8ad7177b1f72,P0247,19.68
b8952288-6260-40ea-a0a6-5d4516ea1ded,P0279,22.52
b91a9337-3145-4682-b16d-12f5b72b62db,P0093,26.34
493207b8-dc61-4ee9-a473-aefb6eb3c80c,P0275,9.83
83d029d1-1484-422e-9cdb-c5d17c5913ba,P0182,39.45
d4a3e8c2-3ed4-4dcf-8deb-40f96bf06c19,P0217,42.2
b92b64e1-56fa-45a7-a33c-acef87bba603,P0047,9.18
82217c55-97a7-45a9-9005-4d93c2d7369a,P0033,10.18
47ebb431-40c5-4e89-9411-124b977ca592,P0233,94.11
b3f7d8b3-d047-42ad-b585-d5d662593447,P0245,15.08
deea5f70-7e66-4d63-96ec-562d3e7ae77b,P0053,44.68
42669b4b-1f42-4865-be4e-a2f221197ff2,P0148,0.81
6256f01f-f205-4d11-a51c-77b8e719bf7b,P0115,52.0
1bdaca55-1a17-4c20-a571-1901a7c56d23,P0231,68.44
8bd50318-e452-4f30-9360-b1aa09c37b87,P0122,32.01
20ed12e3-2f78-4068-8f56-1a9a98bb103e,P0037,4.79
f187ba79-9ecb-43f8-904d-e4ab6bc77789,P0300,25.12
a5b842f0-96e5-4df6-ba24-7b96dda852db,P0286,3.15
aa157a3f-75f1-4811-b956-848f008864cd,P0128,62.6
9ee7775b-b51f-4bb9-a57c-ef375bb9b6cf,P0092,23.3
cf6332bf-4eff-4b63-9108-435378dc181a,P0097,67.82
a5253016-35e6-4c5a-a48c-f2cf849be6ef,P0189,102.04
c5b2e338-c48c-4833-8def-6fa2734f50ff,P0165,13.28
5e2bd7c0-cd2c-42d8-ba4d-1aedacd5266c,P0123,0.16
35627815-3632-4ca9-a5b1-9b868741c824,P0097,53.24
faa42e4b-f0bd-412d-a09b-3b48bee8b2ba,P0269,58.52
ce4ed921-0b1a-4a37-81f8-5560655dcb73,P0247,67.48
d48a366a-4a2b-42ce-a06e-014cc78fa720,P0108,101.79
34209f0a-3e2a-40d4-af91-05f5de6b45d1,P0083,92.43
8be69012-9aa2-4145-b58f-73aea9fea6ac,P0100,70.18
fe360b15-1ab4-4a6b-8c47-4090f693574f,P0236,4.64
cdcce582-ae9d-4e98-bb82-616a3d8b70b3,P0012,23.63
221d853b-3ecd-475c-ba24-16db2c99908a,P0025,23.66
2b0a3447-7449-4585-a3d7-a60170de316b,P0178,63.31
5f421fd4-eda5-4642-a49b-9da23b81abb6,P0097,76.06
77e0647c-5cd7-4946-bc3c-4af94e8b21f8,P0058,68.86
e4cd267d-7095-4e41-b9ef-3ae05c758f5c,P0227,28.87
fafea6d9-8b85-4b9f-ae90-43d68c712b1b,P0109,59.14
484cd4be-1b48-4f86-9b61-8315d33b6536,P0257,13.19
3b432efa-a170-4b7c-9715-fe072e2a2f9d,P0167,71.9
de8f82d9-3c90-44ef-99c6-1e2d207c99b2,P0174,1.23
6f47bbf2-236f-4c5c-ac2d-87c4ad453f1a,P0297,5.06
2ee9d50a-24fd-48f1-997a-97ce1e420108,P0074,17.15
e3ceeb10-7015-43f9-8b1f-be7eec62fc5f,P0038,17.18
7652b56e-d71a-47c2-9c95-c1a8f6b1f8d6,P0169,83.51
047b01da-4f24-412d-b391-e52907e60ae7,P0045,82.18
315b8348-8458-4bc9-88ea-406e755beb1b,P0048,0.54
ca9441fc-bcab-454c-8249-e5f5952b816b,P0193,53.17
f040f0b6-5806-4c0a-acba-c56cd7e70d70,P0011,42.51
eae614d4-068b-49e7-9dcf-418cc3b8a3f0,P0276,20.77
18952565-4872-4839-9660-151679382146,P0001,35.85
a36197f9-7a6e-4b47-a781-d7ae4a3e9ead,P0226,18.21
69ebc95a-0f5e-49c1-ae32-c0f7a3689798,P0213,26.68
7b456d01-44c4-4370-b57d-ec91824c59ae,P0069,57.1
7adac059-53e7-48dc-80c8-b61df978b2ec,P0109,62.48
ea18ed60-c3c5-4de6-b4d8-46cd48e8cfd3,P0203,103.49
5dd42ff9-486b-4a79-a4cb-2996097413c5,P0115,7.88
38e15024-ca0b-44ab-95c4-a05df75198bf,P0274,24.5
f600b3ef-5af7-4e7a-9149-2e5cecd9bfd4,P0001,36.73
5104b9ec-b9e5-43d8-ac72-fbbb34607669,P0204,128.28
e6d57b28-be51-4372-8fe4-611e1b6fa58d,P0095,10.47
a1e0263d-163c-4d14-b20d-d068a34f93a6,P0068,41.21
7b121417-36aa-48b6-a57b-b2d79907d1ca,P0150,52.72
4769bfc6-6a73-4d03-9251-b67626256773,P0234,15.81
38f4abf2-861b-4e03-8d39-4ae6b2e86226,P0091,79.53
bb833320-68f7-4c43-a514-23fb2c60bfb4,P0017,72.05
a13558c1-6507-42f1-aa99-fc820c3f22ec,P0108,7.75
20778523-b196-4b8d-9d96-b4b9941c6526,P0282,14.67
a3086456-7759-4b07-89fd-c250608b1acb,P0300,17.45
4a8025f7-1247-41c8-b6ee-ea4d7669ebe7,P0043,2.69
c5b5961f-2592-4224-a7bb-18f2e4f36339,P0103,46.94
20ed12e3-2f78-4068-8f56-1a9a98bb103e,P0043,23.69
b76a52fb-a897-4868-91f5-99582f542848,P0290,46.19
aec795a1-aa13-46b0-a011-997975caf6c7,P0192,5.47
4abec41b-ffd1-4d12-92ef-2d2cb8e818ee,P0294,181.66
f788972c-e7c9-4fac-8703-f14150502e79,P0066,6.9
d4f3564a-518f-4ff2-a36c-8e560a128907,P0017,42.92
2eed52f3-1fca-4c82-bb5b-c4ee68399361,P0146,26.97
3f6bcdd9-e28a-40ef-a621-c8ba96a5aba1,P0285,12.93
e596277b-daec-41ed-ad31-1c46e3089c16,P0065,24.95
51c83504-c7f8-4356-af81-0cea2b7df084,P0091,100.55
960aaec5-5372-4da3-a5b1-cbc3dbbbae5c,P0150,54.93
0381bc26-575c-41d0-81e3-705df251e2b3,P0075,56.43
518fa04b-1e41-4dc3-aefc-fc6b4057c919,P0041,18.5
4fdfef98-7538-4156-97cc-99e4b2a1fdb3,P0217,51.07
dea885bc-7aa4-4e66-acdc-4bc15e897dfd,P0295,7.9
51131417-0db4-4fe5-99ea-37c40dd2b9b1,P0136,86.05
7c62c2c7-a608-442b-9c81-1c2dcf9a2c32,P0097,34.45
9a449b98-5bc6-4616-afe5-8ea680a4d2ef,P0093,48.31
084bc53c-d881-46df-8e8c-190aeb565ede,P0071,153.07
f7f5eb92-06da-4a05-a3df-510ba2f6ea35,P0218,0.6
2ddd88e5-9ce4-4ab4-8996-9e70002f5d17,P0137,94.61
2362e81d-b007-4640-bc75-0f601c829758,P0264,27.7
37b00f70-64f9-48e2-bd00-ac70efa3ac80,P0204,21.5
74afb511-0e87-441a-94f4-b40ea7b8edc1,P0022,26.51
d40b7355-0dc5-415a-abeb-577e4978d57e,P0179,1.12
accaab4d-8a9a-4058-b0ef-962ed476346f,P0007,62.83
1fa3bb49-a8d4-4a5b-b0d6-abb0c8d84e13,P0230,53.38
f8afff62-fbed-4bd8-b5ca-269003b808f3,P0187,41.02
a4ff8639-2998-4cc8-80ae-a99f5498f68d,P0102,4.17
eba6baab-f045-4814-b51b-8a44be37d2b2,P0089,23.52
38a8792a-617c-4970-890d-d213ed1be4ea,P0005,14.24
f8920820-bb8e-4baa-b964-f25fbcd62c3a,P0177,17.07
d3361037-df46-40f6-af8d-542edd86b8ce,P0165,1.69
28605c6e-0d3f-423d-a5f0-9ae7605786cf,P0285,4.22
09496695-51fe-46af-9a73-0a5e677b5c4b,P0051,42.82
30839385-f8f6-4d50-9fe5-0f335b8d1583,P0024,24.38
97238774-7a14-4134-8f00-09877450bd23,P0111,20.31
6665422e-4177-4ef1-a491-0c7d4ef91dbd,P0090,35.22
9a085392-a350-4ec8-8b9d-129aa9b64f3f,P0051,38.43
caac80b8-dabc-41ad-a35a-e3fc5aba24a7,P0186,6.13
8cd10ecd-03c3-4ca7-8384-0d08ae032374,P0154,0.7
a0dd6594-260e-4ac0-9fed-8a0faaec8fbd,P0063,65.85
42baeb3e-3985-4e75-82b9-8a94545101c2,P0225,82.91
278f6da6-912d-4917-9cf8-28d92981e338,P0193,3.16
69bb7619-2231-4028-8e4b-239ddeba1692,P0113,94.64
10cc9ace-edae-4587-97e5-d06e694bfaf6,P0019,79.89
f084ee17-cb21-4158-a7c7-60626f3168d9,P0147,44.25
d20eef87-b95a-4538-a4db-315a88fc377c,P0204,8.78
1685aed3-ae0a-41b2-9d07-24d1bb4a4943,P0058,1.04
f0a65904-b8ee-4fd8-ba37-4738a0d01eca,P0148,47.83
b92b64e1-56fa-45a7-a33c-acef87bba603,P0118,78.83
e371147d-f1f2-430b-aea4-4975519ff5c8,P0257,36.76
5d136451-0b33-482f-80b4-47622a95c8d1,P0220,28.87
4cccdae3-819c-49e5-973a-325a6293c2fd,P0005,6.98
76db2fb7-8e0d-47ff-b97e-ae6c0af216ac,P0046,1.44
7cbc6851-bb57-4614-bb2b-02306a4fd1d2,P0228,32.15
846248cf-a941-4d2b-8b3a-7e23e9f1a11f,P0053,59.93
dae364b3-59b2-45fd-ab80-3277d3a8f8dd,P0024,1.48
6ce09e6e-3537-4723-88e2-13a9362be3b1,P0217,51.28
f23acb3e-be0a-4214-9b0e-5d6f5420240a,P0078,108.35
ac8bb854-2ced-416a-afbf-97d8b9a7c8e7,P0130,43.14
4e0a082f-5f0c-4249-9867-231bb22c4a72,P0062,5.02
4ff6eef0-76cf-4298-a2d6-69e7079a12bd,P0155,7.69
63d5979b-8429-4b11-a701-44e6ff7a757c,P0056,50.13
8f0d8ad6-49b8-4984-b005-d011310cdcac,P0050,103.16
44195cb9-14bb-40ff-ab30-dce5b4021ff2,P0282,37.99
ca9441fc-bcab-454c-8249-e5f5952b816b,P0299,95.9
02d6a61c-3c79-4042-a0ef-f5757ab62661,P0282,35.47
6286c502-8076-4850-9c1b-1aa6f9530463,P0261,24.38
aa28a62e-af15-4606-852c-ad1b742dae55,P0133,2.42
2a7b221a-96ce-4dca-9e42-f5e63f6793fb,P0027,34.45
aedbd845-6fd1-49de-9af4-667f48063de1,P0132,9.05
d7402bdc-7861-4ff5-9a94-c06b16463c12,P0268,4.57
900a5850-6786-434a-8dfc-4084860b2754,P0091,26.54
1f4ef442-e7a9-4977-932d-e718141163e9,P0222,68.73
98604b80-fc46-4ad3-95e6-3b3026591467,P0257,3.81
05a5c7e6-d249-4261-82fe-4b5329aca706,P0187,28.23
d4ccab60-e032-4e71-9b4f-7bd4c06d8f12,P0125,136.05
5493506d-5053-430b-a86f-fea917ba461a,P0116,13.01
6c13f2a1-4e53-43da-b352-6e004923c5a5,P0045,38.99
e4c6d72e-9a48-4e67-834a-af3b5cc9fc9e,P0051,67.4
b0c31941-01d0-4e7d-9239-7b3a015539ad,P0209,15.66
cbe93e5d-a13f-47ee-a93e-42829a03d1e6,P0221,2.42
3e759674-4757-499b-90ef-e6cd87c7cc0f,P0296,33.61
407f1e3a-1d8d-4b5b-82c4-dc3cf32f6aea,P0277,5.78
d9915990-bb2d-4ac7-bd8c-746503ae566f,P0262,55.49
c54434a4-eb5a-42f9-865b-6c3eb5adb48f,P0169,9.04
4ac6acfa-1287-41d0-ac13-b794795310a6,P0168,32.92
d5fc2f12-e155-46d6-81e5-b3a8a6298763,P0293,111.09
ac241d62-e4ba-4108-a67b-c0d9c007877f,P0009,3.15
c1132195-b617-4798-8b37-7d0861e72e59,P0187,74.38
867c8a61-82f7-4ba3-b35a-399e0bac8ee0,P0151,0.2
9784cac9-2b05-4df7-aa48-cc81c1361761,P0108,5.87
7b87f4ab-17d6-4c11-813e-3272bc8f3ad3,P0112,31.72
8695d14e-a6ad-4ef6-b7f6-2477efb95489,P0106,12.33
303fe9fd-65c2-46ad-b67d-16888f959e1f,P0029,44.66
3e759674-4757-499b-90ef-e6cd87c7cc0f,P0233,29.22
8fa4a91b-b43b-4fdc-988d-ebb09b9cd640,P0134,16.25
f1520251-ca17-4813-a7a8-78bf0909c030,P0180,29.77
73bacd65-22d9-4b55-8cd8-247b7f82f114,P0300,28.15
f14c4d29-86bd-4894-827b-35cbbc8114f9,P0189,99.85
fde34af5-0008-4bfa-b677-a6cb222e078e,P0224,68.24
6d1e0ba7-c0c5-4ece-bc8d-7f6d8d77c27e,P0169,3.43
78f28cec-e768-4fa7-ad49-50e3fc828de2,P0292,78.75
0679706f-07ac-4c89-8fd4-635d813b9020,P0101,1.66
9e1653a7-3e9f-4f28-a104-6c6816ebf397,P0017,6.94
9b511f20-5e7a-447e-9de7-add2be6e057f,P0017,33.63
f3dc8bd6-0733-4b95-893e-bd3a1347406e,P0270,48.33
d57be9d8-2345-4a15-b734-63585f16aef2,P0238,4.26
d79013a1-1f5e-4828-95dc-40fbd4218743,P0040,2.71
f1dbeb0e-8730-4499-aa93-85f89983afe7,P0063,98.86
060dd919-d635-4efd-8316-efe6a3187080,P0182,49.61
2eb16177-8f6b-4180-9aa1-8e72c0c38737,P0263,29.61
6c34fbcf-496c-49e3-99c9-4775a41fa508,P0289,9.71
bbe84d7c-3f0d-4579-86a8-4342dc85b1b8,P0230,17.08
8900e46b-4f45-4a2e-b2e9-1b420f78868e,P0077,48.53
73a472ca-5791-4df7-ac7c-00d230ff05a3,P0221,19.12
aa8fceb9-ffe8-43d2-8f05-74e17799b3d6,P0059,15.13
339425ed-2e34-42a1-8831-e74961fcba6e,P0192,14.72
6b6a6bdb-da3c-481d-90f2-b98e755cd265,P0121,1.74
2bb8414e-63df-486e-b6a7-2ba1457f41e6,P0114,77.13
215c3f5c-6076-40d9-9720-978a9af68b21,P0282,33.01
e50d7533-2da6-4c87-b639-c9d04726c001,P0198,9.02
6ca332db-338d-4f4f-b90a-e65747f436e7,P0047,15.67
c6d2894e-ae27-4282-9faa-a9ee0ac4eee8,P0107,8.08
6a4ba7ca-e1d1-4a0c-a503-aca5d3c4bb28,P0147,43.23
3954889b-dc2d-4f7a-9a4f-a4d0753d917d,P0011,23.35
832cea96-44d6-49f8-977c-4b2cb0193f12,P0254,79.17
d67b1a88-2e8a-4dc0-ad23-6120aa40f27d,P0159,7.48
6ceabfdd-2e5b-4045-a235-ac799d8bd187,P0110,22.43
a94c489d-4278-46bf-a5a2-6d7304521d22,P0232,36.65
e71505e2-8979-4ddc-a90c-a0f39b062979,P0171,59.94
b91390f6-d9d4-495a-80d7-e39bfd345e12,P0165,7.53
5f30ea00-33d7-47ef-b39b-61dd285cfacd,P0168,9.37
58b5b2cb-88e4-40ca-bf70-b3772f9a9633,P0065,262.32
6c53f754-c6d9-4c97-b745-301b40e371fc,P0073,0.39
634af49e-0275-4493-a878-9d94f170fb55,P0291,96.75
01745c74-0313-4bcc-9ed7-65e54efe2ae4,P0072,6.76
9d5bdc52-e16b-4831-9243-a9c5721bdbb6,P0085,28.39
bec93144-0935-4034-aa06-73a084bf6a1e,P0077,10.69
3c9fd0cf-d623-4cbd-b40f-a5d0ce39da03,P0270,59.69
5493506d-5053-430b-a86f-fea917ba461a,P0006,10.84
d65bd384-9702-4fe3-b123-32f273b14298,P0068,3.07
35757333-b467-4fb3-a1a7-2ea2b438bdf1,P0115,26.3
0cf0ded7-03e9-4dbc-8e96-a0e9dd02944d,P0140,50.83
a031ac53-2bbd-4bec-8bd6-c9a252daa7b2,P0086,28.69
ac78f587-7cff-44a7-8e55-872db118d557,P0293,55.09
0cb62158-2d3a-49e2-aa5b-c53b86f7c9ac,P0123,10.71
583554b3-caaf-4436-964c-e863ea84c013,P0089,64.89
eea6cb5a-1e23-484e-9aff-4a3a63815463,P0216,1.55
7ddf5f74-5c3a-4ee4-98ed-6b1c797829cd,P0206,98.27
b30f05e9-c38d-48fb-b936-adcaa9fdd77b,P0204,32.49
585833cd-fab8-4c23-b645-8bb5d5307098,P0262,51.3
37ca2dcd-6414-4c00-a361-51acb0dc56ad,P0125,9.64
216e04ed-fa95-458a-9af1-b1f69246a48c,P0044,11.31
e62bfb95-d67d-4b2e-9ff2-17f20da0fe11,P0127,57.72
8c80820f-d85e-43a9-819a-d1da36910236,P0124,0.76
5c897181-37d5-4eb0-99ae-7908d39da4e7,P0029,33.42
2aefc617-abea-4c83-8c07-1fd7a605c576,P0123,25.6
2b53b20f-f8a8-4ffa-bb90-f9b982666bfe,P0022,40.95
54c57c40-1d7f-4662-9ad5-daeeb714ce31,P0157,60.79
91ca62bf-5351-47d4-8eb0-af114079d6cb,P0132,18.43
21a137c9-8c01-40e9-be2d-a716c061b6cd,P0055,26.1
b227b037-70fc-41a9-9aef-3c15c6bc3213,P0189,82.16
fafd9779-f03e-4b3f-85d7-cf681483fc03,P0286,3.81
f2275a1a-5add-470d-a901-cd150c2c7da0,P0089,20.64
e1f00424-2e8f-4d52-9a8d-afe772e5b941,P0010,14.64
b1caaa3b-8562-436f-abe2-0cb3ff295705,P0169,17.4
47f56534-8622-4fb4-9cd3-7229991d8a06,P0061,44.44
d0c16435-85de-4d21-9e20-46bd42c2397d,P0110,8.24
edd54cfc-b2a4-4c31-9d62-855520968389,P0280,27.9
4674746a-ab06-4549-a082-fc476eda1770,P0287,50.18
97103519-d092-45a6-8f2a-92cfc1e44715,P0089,27.92
a964d704-1c7f-48cd-b9ec-ca0783b4b9d1,P0049,24.17
7b5b5718-3c55-45b2-9a04-f3c9a44133be,P0281,139.07
4a7e82b7-b5f2-4dc4-a1fb-859f3decd1db,P0017,46.51
40592b9e-44be-497a-8720-9a611f45e354,P0094,61.84
64c7f10c-2f7a-41e4-aeec-7f01eb6eb66f,P0197,17.19
6287210a-346f-4452-b699-346ca649387c,P0238,2.06
c4f62ec9-d4c3-459a-a98d-709ff53f684a,P0256,75.57
e1166e13-2a57-4c7b-9ae5-0029ae47c1d5,P0154,13.09
10800fd1-d37e-404a-b9f8-948772f0ca4e,P0195,212.61
04b54baa-242f-4783-a62a-8ad7177b1f72,P0108,5.05
3ac5bc1e-f244-4a5b-b6d0-4d74fac4625c,P0113,52.0
724d4023-f2a1-4bd7-9623-5fa759ee0264,P0289,15.01
70ce1c66-6664-416b-9022-45de4e802683,P0061,17.83
f2ca2832-b1ad-46eb-a797-23f469affa0a,P0173,3.52
3f6bcdd9-e28a-40ef-a621-c8ba96a5aba1,P0131,27.25
42fab363-2a44-4edc-aee6-cea20a88a977,P0208,10.31
062e187b-0b50-44b9-b86e-08d2c19dd95f,P0118,62.78
4209ccf1-3c65-47e5-8ab0-64149cdc7316,P0076,3.72
4ac6acfa-1287-41d0-ac13-b794795310a6,P0115,11.3
c721cb66-74c0-4a22-9f27-068f4bc5af10,P0019,4.86
3aff8734-1645-4b6a-9aa4-2440e6a2e467,P0239,37.3
e4941b41-b83b-497a-a3c8-b164cc6a0885,P0077,7.16
e662653c-6ce0-4be8-a110-88278f66126d,P0203,43.82
5215bc1f-5a32-4fb0-9088-94be4c4c8d06,P0290,166.52
4f1e62a5-d871-4216-86a5-7992cebeb68c,P0187,18.81
9f26698a-8463-4ac2-a93b-3207bd7f5136,P0201,1.84
bdc8e9be-9ff0-490b-8aed-0bf7df89e4ae,P0292,26.88
3510ba0b-ee86-4a99-a759-a2522bba0dbd,P0124,11.74
62f52b54-0438-4cbd-8b8b-b23bc0333cfd,P0180,4.23
0cada8f1-82c1-42db-b00d-758b878fe4d0,P0247,143.6
d525e28f-c243-47a5-b324-481ea5225db1,P0184,62.23
222db135-188b-440f-b004-6cb15eb0d7d8,P0078,26.59
f3644c77-d292-4e43-be8c-7495cf44d1c6,P0244,12.57
2ed1a54f-a27f-47ab-a0b8-b925f013809f,P0219,115.94
c548e3bb-8788-40c3-8759-5b1bfc41845d,P0079,19.69
88565f9e-b885-427a-bc77-ea047a0c494f,P0106,7.67
351b0f32-0bf4-4a3e-a43f-b20655f9ecd8,P0101,89.77
12c5e724-f92a-480f-ba63-83d8e6d7c6a1,P0077,4.3
5fbee2e5-31ef-45a4-b6ee-5ef50af8358f,P0269,22.66
2c5114f8-e808-4f74-a4b3-2092278896ff,P0265,10.76
083e6f93-b815-42cc-802c-5f62637bb9c0,P0258,27.94
326a3552-f8df-4e7d-a606-9e5866ee943f,P0222,20.51
591a5d4e-f8c7-42cc-a5cd-4f85129cb923,P0125,100.02
5f421fd4-eda5-4642-a49b-9da23b81abb6,P0093,12.11
7930f813-f75e-4922-a269-81d2152c4efc,P0209,74.42
6b747c44-9e21-48de-bae4-09e2c2086c1a,P0033,11.87
d76a10c0-7ba6-4a4b-9b39-403e13fd3dd1,P0001,100.56
fbcd2811-8671-4247-a573-0422225adcb9,P0193,25.42
d48a366a-4a2b-42ce-a06e-014cc78fa720,P0028,3.97
900817dc-fd73-4cfe-8151-f5ceb764930a,P0255,33.22
e5aeeabb-4da8-47e2-8214-a80397b49569,P0290,108.74
2ddd9fdb-cd5c-41ba-a79a-dff5c2bd6ac0,P0205,70.59
7cc645bb-7a06-4211-b4b6-fed0163e8e8a,P0245,42.96
f69981e5-e736-4259-b8ff-cabfb3a6b1ff,P0293,14.47
e25a1c48-1224-4faf-bb48-8de3e1f984db,P0104,39.76
ea41f531-66c0-44e6-a392-a4c7d2516653,P0130,84.15
1e95a2a8-59b5-43f2-a591-4ad11eaa5e6c,P0037,6.48
ae524736-3e6d-4a68-8599-f37d4b4548eb,P0281,23.51
29301195-dc42-479e-aa30-8b995cfeb0ec,P0024,20.01
d857c337-4f4e-4e5b-8701-aff61af7dcfc,P0263,48.95
b7ae1e66-8910-4169-b2cb-b284bfeabb26,P0096,43.58
3e171dd2-91d5-47a2-90e1-3eb4587c03de,P0174,21.46
b12421f3-3fd1-4d4b-a151-fab59c62da5a,P0071,6.36
4f1e62a5-d871-4216-86a5-7992cebeb68c,P0106,27.29
1c3df0c7-159f-47f2-bf7d-dacfd636270b,P0020,21.61
83c624ac-9ac8-4d00-9ae1-00b6ffa6a90b,P0062,31.52
5011f519-6a04-43d6-bd7f-1a965a44ef4d,P0139,35.97
754665fc-ffce-4a29-9d0e-498f1e6f9f81,P0285,3.58
337598ad-281c-4aa3-9866-6bf4493dc0f7,P0286,32.12
33446958-0353-4130-ad98-734c69463735,P0075,20.73
5e9cc3fb-4d16-4d76-ab67-6a18a673b188,P0027,56.95
afc95573-08a3-4621-b32e-c6126d46caef,P0214,33.84
e5848195-952b-4340-9ab8-ce1904546763,P0224,165.23
59951f6e-75b1-48fe-9085-d6d8d4651b5a,P0142,36.2
5e9a9e1e-bdcf-4a00-9eb6-65e4332f2ee4,P0262,3.15
ff36076e-6d4c-4cf8-9cd2-fe50e3b20da3,P0246,7.01
ca8cbc5b-6a8d-4fd6-9619-fff78ea8821d,P0167,3.75
60de108b-1313-42f3-9924-e547a930315b,P0199,71.71
2c8e7c3a-37e7-4d62-886b-4fa8aa31a79c,P0039,11.25
e5d6f327-81f7-4e2a-a8de-d079abcbf97d,P0057,90.23
5e835f7b-01ea-4356-9c7f-4017fe3a2127,P0299,41.78
c2348751-1eef-46dd-ba2b-63405fa7dccb,P0177,2.54
7de0a57f-0553-4674-86aa-3208e5f51bf8,P0236,70.5
0e9de263-c798-43c9-8b42-783a7d60c234,P0257,27.85
b4346c9a-b071-40a8-8ee5-60cf37f27758,P0186,55.27
12ddfbc6-50bd-46fc-b31b-8be61302534f,P0156,19.98
34ae27a0-8d2a-4a49-b4bf-db4011e8e980,P0155,55.28
03880c09-050e-435a-879c-f56bd4c9912a,P0001,14.55
a7d423a5-3c2a-41e3-b9cc-c61f604aab0f,P0166,10.72
bfc5070b-a5d5-408d-bc71-9ea988cb3f60,P0080,29.71
f0a65904-b8ee-4fd8-ba37-4738a0d01eca,P0005,12.06
1d6d7fe6-b25b-40f7-8d1b-f01bfba9be39,P0267,30.5
96fd7c4a-c152-43ab-9797-b5d23310660c,P0063,6.67
f187ba79-9ecb-43f8-904d-e4ab6bc77789,P0206,33.13
727e7b8b-4523-41e1-8e65-3e96d2190a66,P0182,5.37
4ff74e8a-e3a6-418b-906b-90b2b3ee6672,P0121,102.85
64c7f10c-2f7a-41e4-aeec-7f01eb6eb66f,P0237,0.69
97930f0b-2f2d-4377-b405-a9ae74aa4d36,P0139,33.69
3ea56d12-abac-4522-a2bc-f224afab3618,P0254,85.14
1dec9f95-5f39-47ce-a079-ba778829ee03,P0080,128.04
ca420573-7b56-4bd6-a4f6-51fbb7af2634,P0072,4.26
93ce7146-8196-41fa-8335-8673f9efa7a2,P0037,54.93
6c3c79e5-1d6c-4907-b5ca-a95b4e116f6d,P0118,15.92
1d902049-83b7-4f50-a594-6b56fa4a5798,P0110,12.79
292b5a0a-f5c8-4f56-88c6-be5f6206ff48,P0099,32.44
3b92b20d-f213-44f6-97ef-eebcd8f259cf,P0271,18.04
8f22ce3e-9f11-49b1-bd8d-7a0ba9b55d3e,P0153,1.6
97ce55d4-cb46-4a24-b01e-822db22f6dd0,P0126,9.12
6610e572-9c75-4402-9f2a-114e071c5609,P0242,20.66
3b2b3e73-0a42-455a-94b3-00f8a4ee8980,P0282,19.61
d60fc091-83c0-4490-921f-5aa1f755cdb1,P0217,14.54
1cc3cf19-97ec-4533-9a08-0ccd36e61a83,P0039,7.2
94e259db-e8a2-4e4a-9cf4-21c564710c9d,P0076,23.01
4aec36b4-53bd-4bc0-8531-43e89f64e5a7,P0265,58.37
0bd0aa5d-c27b-45af-9ed5-41d6bcd55c47,P0225,14.51
51c83504-c7f8-4356-af81-0cea2b7df084,P0158,11.96
047e7202-8b7c-45c0-adda-32a2780e7e99,P0186,27.59
6a8ed70d-47da-4555-bd22-7516942fd7a4,P0105,3.85
3a80b320-5fc7-4565-bff6-5006ec333ec2,P0032,155.12
6a0d3a8a-baba-44ab-be2f-763fc15ab507,P0193,41.83
2fc088e2-dfab-48aa-b72b-94e765ab4fbb,P0184,5.02
fc656668-dcfd-499d-a114-65875236ba94,P0265,1.96
a561250a-d15f-4cbe-8f2a-e57dbbdb85d3,P0105,1.82
cb778445-b8c6-4b4b-a78c-866f0c337a19,P0064,19.03
f48847fe-cc13-4103-a530-7f643cef2d1b,P0200,60.58
cd987fe2-04e8-4c3e-b74f-5d0cfb06c8ce,P0290,26.54
bcde808d-b01f-4ea8-867c-4956a4a56379,P0227,24.74
27b6fb7f-7f0e-456e-ba56-3db1e8c65e73,P0239,18.88
f4cf6ea4-bc40-47d1-96a9-9b428872152f,P0115,51.5
ca4e5771-298c-4c5e-8be9-5c3e1d707d8e,P0042,118.99
5fdd00bf-e8ae-4e39-920a-51222e678236,P0028,17.27
bdabba8b-d341-440f-b78e-b4e36d4187ea,P0249,13.73
0e46a77c-75b2-4250-9032-6ab0fcbfd525,P0278,18.88
b4346c9a-b071-40a8-8ee5-60cf37f27758,P0230,4.3
ffb06c65-026b-4fc3-a287-29042b2a02ae,P0247,32.41
30b0b0ae-3ca6-4717-a137-0e149cbdd523,P0151,3.42
c89f17d6-27b4-4a7a-a602-7261a7c1c60e,P0029,4.88
e9532eab-06ba-4eb4-b4a9-0d2b848ef34e,P0130,47.23
e5ac93fd-2d1b-4c6d-8003-8b93ca01465f,P0182,61.87
fa46c32a-c5df-4ede-8c01-6c66ea0ccee0,P0233,174.69
440f2762-1c9a-45e0-8af5-4f2593ad8e15,P0225,6.0
89f5f505-9552-4059-b944-58144bab74c5,P0141,24.66
5e5ed7b7-5343-4eeb-9cfa-81600c390ec6,P0070,217.89
f5208e88-1be5-429a-bf08-04bb651d1f35,P0189,34.0
98ec9988-aa8e-4db0-826d-5757f882df6a,P0188,33.24
cb4f1f57-0475-44b7-a430-832378ef8108,P0013,57.59
b433e3a3-082b-412f-b624-5d458f6063e4,P0217,30.92
0d6b731e-e59a-4884-ba91-18ebc70b608e,P0043,60.17
105f2570-4557-40a5-9ba4-9b730d17e870,P0199,6.45
4562857b-f0a0-48dc-b25f-edbbd3dfb5ae,P0044,3.35
2264d631-77fd-4f06-a09f-eda9a6f47f3d,P0149,14.04
4ac6acfa-1287-41d0-ac13-b794795310a6,P0109,15.18
4ff6eef0-76cf-4298-a2d6-69e7079a12bd,P0064,10.56
d6870047-eba3-4868-9a08-95ca0dd72a22,P0212,52.67
24df4ae3-c2fc-424c-be2b-c6a8c7de3fe1,P0173,13.64
1e5c711f-412c-4f62-85f6-c4068816ae12,P0080,48.54
a22ed636-55eb-4d91-95e8-93a84b328dd6,P0277,1.12
0081c57b-895f-443f-93d6-3ae8a46c027b,P0124,7.49
4eb5971c-9708-4572-8be0-4f2c5fea9484,P0035,6.75
e3f68f45-3d0f-41bf-9fcb-dd6419cab123,P0060,61.62
1bcd6fe8-83c4-4e31-be83-4fc478aa97d6,P0049,24.25
401bc6d7-bc42-4b80-9aea-80df624e18e1,P0065,25.11
ba37b468-6b33-494c-aba5-fc13941e6015,P0057,25.82
30839385-f8f6-4d50-9fe5-0f335b8d1583,P0077,21.97
c1be2961-369a-4d7b-b07a-3ddb7ca05611,P0231,39.03
2dc6ea01-746a-4174-977d-7e12aa16a21c,P0048,41.97
15a3b228-2564-4102-9185-882997ef4a2e,P0028,133.58
ec249cb3-d29b-470e-962f-61a31d6c0731,P0281,66.68
4b200004-5adf-4a37-a984-4bd395928bd5,P0139,70.91
053d7188-064a-4237-9c7e-7f6ad7f484fe,P0141,41.15
617817eb-cb5e-4d26-af42-93dcbdeff444,P0280,34.13
f35f1eb4-3975-406b-874a-f4aad9f8eed0,P0199,0.16
f0841188-ba22-4ffa-a29c-ee031af968c3,P0186,8.43
ec953656-b9f5-4968-a0af-553020f2831e,P0119,14.98
4e21ce01-704b-42e2-97e2-ea21609b5c9b,P0241,39.77
9801dc12-42f2-443b-8c7d-47f65ea7ceaa,P0090,73.42
66dca715-6bb8-4dbc-8c97-701eb08783e1,P0041,41.29
eef46ac5-2256-4d7c-aaa7-b7e46ae4e46d,P0223,5.74
5d46450e-2f45-47e9-92d5-9927e3d7ff51,P0146,4.16
dac41933-311e-4064-ace3-831e08d32c44,P0248,60.63
8f30a8df-f685-4014-996f-4a4be3cdf85f,P0045,87.18
185ab1be-4b02-45de-a0cc-d7f670bd80e7,P0163,54.61
2caecfa1-6103-46bf-8bbe-91981735a7cc,P0264,25.71
113d1b0d-25a2-457b-90c5-325a808cb596,P0227,68.75
5a196993-d29d-424e-938b-82c117a83250,P0274,7.0
3e759674-4757-499b-90ef-e6cd87c7cc0f,P0231,5.28
49e12abc-6639-418d-873b-5407d3f2d114,P0044,34.85
802e685f-caf1-4dce-92ee-e9d01637d514,P0135,13.72
91fcaef4-d7d4-4ef5-9ea1-0b30151505a1,P0278,20.23
58874a57-062d-413b-a3d8-111eba18a37f,P0217,73.95
e411b22f-de72-4a5c-b695-57317e4c315e,P0158,131.18
869ce9a9-6614-48eb-93d5-792e1262b0dc,P0203,12.52
bf5ed8bf-e198-4bd3-b0b5-99ddf54368b2,P0130,10.78
826d0223-554f-4300-b7bf-bc236b44f901,P0181,27.88
5ecda289-c0c4-4af7-914b-9c63caeab401,P0220,10.54
3c26d2be-c742-41f2-992c-1780c5541257,P0258,69.85
28605c6e-0d3f-423d-a5f0-9ae7605786cf,P0108,54.89
5d193e8c-219e-4a74-864c-a3ebc6862b19,P0087,19.84
7ee7ce75-ea88-42e7-8031-9fe9afcc518a,P0128,1.58
e25a1c48-1224-4faf-bb48-8de3e1f984db,P0008,60.97
fb21ee2d-e6fe-4615-b0bb-755dd5974e56,P0159,4.61
1a72583b-a027-43c7-a082-cb63015fa4f4,P0291,14.03
7e1a0d7c-550e-441b-ae71-840592b5fe67,P0280,27.74
09c5f4c2-f841-4a8c-8cd8-bf5166bab6c2,P0194,106.01
c24ed4ad-a8cf-4391-8977-23d486ddb140,P0088,1.54
b780549a-6d1b-43dd-b356-2920d61a503d,P0117,16.04
ef66e7b5-c604-4bcc-89e7-9f55d1a67721,P0020,20.09
ffc582e8-6c54-4b63-90da-440445e357ec,P0068,48.51
152d3860-1fd5-44aa-89f9-f00c0ac1e409,P0259,0.37
3b81ba66-ef7b-4423-9cc0-d343494a8350,P0146,55.07
a3c3a035-6bb3-4255-85e4-2fab7eb0bc59,P0123,126.22
a10ac2f1-b4ab-49c3-b188-c4fadb595b80,P0138,20.32
c54434a4-eb5a-42f9-865b-6c3eb5adb48f,P0159,58.59
82a16728-21fc-419a-a226-303eb152703c,P0237,52.33
c5b5961f-2592-4224-a7bb-18f2e4f36339,P0086,15.7
d4ac9c55-7cf3-49e3-b65b-2fbe25676336,P0049,119.6
7062a365-27df-47cb-8bb7-2ebe52c9be25,P0172,52.14
634af49e-0275-4493-a878-9d94f170fb55,P0269,12.12
0bd0aa5d-c27b-45af-9ed5-41d6bcd55c47,P0252,5.29
9e2000e1-83c9-4fd6-ba0a-633b3613747b,P0030,63.62
82ab9bec-d585-4b9e-835f-2677f36e619f,P0172,17.42
14e83c94-aa52-4ea3-b907-a61d85bed361,P0234,0.93
4a7e82b7-b5f2-4dc4-a1fb-859f3decd1db,P0178,30.09
567c1b21-6bd4-4a4d-bfae-abd065442fa5,P0034,38.48
1c238e98-e767-4e28-ab4c-aa2497d4edda,P0117,24.51
f7789e19-33c2-4d35-b769-ce1e16117859,P0173,8.33
52e74b34-3332-4a16-b37d-ce466ebc409f,P0242,6.56
ae6c1d6b-b432-404f-aa1b-a92a3cbc1233,P0210,24.52
aea576f7-cf5a-4c26-8653-c4f4f01feafc,P0140,22.67
8ae590fe-9e29-414e-880f-517cd0da534b,P0173,36.59
427c5e7f-7b01-43e6-af41-e45a1d8f60a3,P0022,27.53
42baeb3e-3985-4e75-82b9-8a94545101c2,P0243,16.77
59951f6e-75b1-48fe-9085-d6d8d4651b5a,P0003,38.46
82066f89-c0e6-4b90-8270-3a45e0da3215,P0002,3.92
27a9e56f-9ea0-4d50-8a96-6a0d7742fd54,P0151,4.26
f5616cd7-fbae-41cd-8803-c2df2cdd1330,P0071,5.22
f478dc46-dd3e-4d6b-a33a-05cc897028e1,P0104,134.16
23b21dc4-47ec-491f-b16c-331a5e15f903,P0064,8.3
440d90a8-c5bc-4963-ae16-44169be989ee,P0020,29.49
fff02b7e-9556-4297-a789-b36a0abc3d4f,P0227,33.84
de1b24ae-810c-46c1-aa41-27b552ed8583,P0016,26.65
52af7151-84e5-4e50-aed0-5c3907f7a4e8,P0252,18.05
721f3698-85c2-4f43-8c68-b6e13a92758e,P0277,16.49
f227b9e2-be4b-4c39-805e-4bded21eaedd,P0081,65.23
892e32f2-d459-4d90-ad91-28b6d7e6388d,P0202,0.18
0a5462c3-8617-47f9-97da-ef8fe7d6e4ec,P0132,20.04
fde5db86-8fc8-41a6-aa37-b9610b8ed42f,P0064,49.43
bf4c53cb-0bd1-45f9-829d-116583670f1e,P0062,43.79
3fb3fda2-bfa9-4d85-ab58-5a730b832ffa,P0055,50.53
125e3ad5-8ad7-449f-9d02-c77cbfbb4ca7,P0141,70.98
eec7ac59-5683-4eb0-a5fd-ad1faf166eb8,P0056,70.03
f5227a4d-6c86-47f2-930c-0c7618c4f847,P0107,116.81
40bcd972-2f5b-4731-a801-3dbf371310e7,P0079,67.52
1234f2fd-2a90-49c0-982c-e97afc23edc9,P0034,7.6
817eb2ed-8837-4951-95ed-ba3668f36a62,P0044,77.44
09496695-51fe-46af-9a73-0a5e677b5c4b,P0012,14.3
8f7785b9-2f10-4a9c-b7e1-41af37d807df,P0028,17.29
f23acb3e-be0a-4214-9b0e-5d6f5420240a,P0254,21.34
9d8848a4-31c1-408f-aaca-85b23444f8e5,P0248,20.62
9369a857-1a7f-439f-9c43-435e4849c497,P0286,87.17
2ec3d0ca-2e18-45c5-b3c8-e9b20e368917,P0178,38.6
f3880076-7e66-4c1d-8f95-43c0ec0ed363,P0007,13.16
f19ec5ec-c6b8-4cbc-93f9-8f6cac6de339,P0183,25.75
606c62b5-e962-4e82-8efc-878d3ce4cc1b,P0231,15.89
da3f1bb3-5821-45ab-9fb9-5b3ffea73189,P0179,52.18
cc88e547-4eef-4cdb-a808-9b888980f865,P0079,8.33
5a196993-d29d-424e-938b-82c117a83250,P0263,7.38
12ddfbc6-50bd-46fc-b31b-8be61302534f,P0057,2.45
d25e2f4b-c678-411b-95b7-7575fc612b6f,P0007,89.58
4f3add82-b9f6-4f71-8ddc-a1a66d9c2ff4,P0254,4.55
6a9d2157-7499-4969-913b-b05312913c02,P0123,9.1
820449f4-d851-4a3a-b0cc-c5d1a4b9e834,P0274,1.36
ef351c81-dee4-407f-aad2-490457377849,P0073,115.27
f923d54c-9b58-431b-afa0-1cadabbaa379,P0185,20.73
1f3c7b6a-5aab-4e22-b0c1-d1a1a914b928,P0096,27.34
a6b5404e-01de-40b9-a35f-fb8359538b82,P0104,5.41
44763431-b1a9-467b-81f8-d719a60c3882,P0291,26.91
01345e06-c0cf-4bd0-9018-458033eabff2,P0278,6.5
a55c1555-984a-4eb6-9240-c5526347e817,P0123,6.49
9784455f-ac82-4f03-a8f4-e845b22392c6,P0198,4.45
49e35408-74bf-4aa7-af8b-3ea1ea3b66a8,P0181,40.08
058a8963-0c2c-42b0-a098-1a09284e0bf7,P0143,78.09
93b3134e-9822-45e6-b9ea-9c0135af9754,P0164,16.84
db494558-9c9e-42d7-8ca9-e1a5bae97cbf,P0168,45.71
17fd33f0-1d5d-476d-abba-01fbbd2d7860,P0019,55.57
e5e68f33-6a80-43fd-9755-3d80a53d03db,P0010,26.47
32feb50d-2798-4c33-9d1e-ff608fbd112f,P0005,6.43
39b66090-1825-43fa-a3eb-3520b29b4c40,P0203,300.0
a1e3a176-0878-49e0-bfd2-04c53345c80b,P0287,3.54
9e88ec61-7df2-4bae-bfec-61849e2fda53,P0299,85.52
2a1e79df-bb43-4e84-8136-f99649cb0e9b,P0144,58.1
5c27aae3-d559-4ad7-a1f6-28d712bf5f6c,P0262,3.33
56586d91-3c9d-40bd-bc47-9e17c3271273,P0262,55.68
3896d90b-4541-4da8-bcac-fa7f036f1cb7,P0066,18.04
6256f01f-f205-4d11-a51c-77b8e719bf7b,P0018,24.94
cdfa18c5-b16b-4307-8b95-19ec4e7c96a4,P0250,25.23
6c34b418-7f62-485d-98d7-e3c11f691357,P0074,24.69
a2c1f6ec-63bd-435d-bc74-d0616c05d22f,P0070,56.27
cc146781-a9fa-498c-aede-62bd343b9b8c,P0194,78.12
825ab9f3-88f8-4611-af2b-5427718a2b3c,P0095,12.11
8c80820f-d85e-43a9-819a-d1da36910236,P0009,1.93
753b228e-4893-4ea9-b116-3e828b6e70fb,P0106,3.08
9e0255ac-3848-44ba-8016-f84bb645510e,P0295,95.02
9af871a0-0c9d-4bc4-9743-ac6f15f8c13b,P0197,151.13
2a0c93f4-015c-451b-b012-6e095ead8100,P0237,53.43
2ec3d0ca-2e18-45c5-b3c8-e9b20e368917,P0266,26.52
6aec52c6-9023-4f1a-a41c-7d1c092d4d77,P0223,10.28
846248cf-a941-4d2b-8b3a-7e23e9f1a11f,P0036,37.68
d9315e80-9ab6-49fa-9147-e4cf232fea20,P0263,54.55
a0dd6594-260e-4ac0-9fed-8a0faaec8fbd,P0219,56.99
584e2017-0f5c-435c-8c8e-b31f8b6166a9,P0271,10.93
f6bfed18-2f94-442c-8f80-d1ec2801dd7a,P0293,19.67
655312c5-9db0-4675-94e2-a22c68f279b4,P0285,13.6
2ac6bede-edaa-49fd-9f39-0f4c21b4b5a0,P0178,41.14
5fdd00bf-e8ae-4e39-920a-51222e678236,P0045,20.27
d6ad443a-6a8c-40b4-ac2f-09b1545595df,P0016,43.38
f3b67513-aca9-45fc-91df-822bc6accf1a,P0221,11.69
6dabeac9-b684-497f-8cc4-142459470aef,P0178,0.11
dcde352b-5760-41e9-99f4-c8a279c24b58,P0079,15.25
e233b894-d2bb-43c7-8c49-b0e94ce88ec2,P0038,2.43
c44590c9-90eb-4f2c-95b6-5c0950ff8bfd,P0162,14.45
d35ad7a4-54bc-4625-ba5a-4838030203a0,P0174,57.69
01ac88ca-c4ab-4a70-82f1-384ae8efb055,P0053,22.33
7fc45598-fb00-4a45-a55e-e02d57069058,P0125,126.18
5c8cea1a-3b58-481d-ac9e-ee7e960f5979,P0254,50.4
20f3cd90-d078-4b06-b418-8bc3fb743264,P0070,45.09
892e32f2-d459-4d90-ad91-28b6d7e6388d,P0042,34.42
20f3bd67-a9f1-4185-b3dd-201d7ecfdef1,P0257,80.44
69410223-80dc-4ce3-bc70-4161a1e7e8c9,P0111,17.47
c4c2fe86-21bd-4556-bcc9-0afc578ec377,P0257,74.05
179c17fd-bb2a-4f3f-aacc-8910f1cde2a6,P0192,29.46
f5feb02c-6800-4052-b441-7143e6aa7348,P0007,51.36
ec37c749-b3de-4017-b0ab-da39b610c00a,P0011,40.64
215c3f5c-6076-40d9-9720-978a9af68b21,P0243,25.95
b7de1cae-cb30-48d3-a3e2-bb98b2ca8a45,P0230,11.94
84ade16c-367e-4ccb-b57d-bcc94a1ee67e,P0254,74.98
b95058c5-5d9f-4df3-8974-699ccb2347d1,P0262,6.35
50914877-3ac6-43b0-9c6d-196fb2701ce7,P0172,26.61
d20eef87-b95a-4538-a4db-315a88fc377c,P0252,94.39
1f84188a-b37f-427a-93b8-6596a9f32709,P0112,27.02
3b730646-7309-4e55-8636-023308d2802b,P0231,14.82
0a876d8a-49ee-4ab5-9508-4a43dea43a7b,P0038,27.52
cdfa18c5-b16b-4307-8b95-19ec4e7c96a4,P0053,14.09
759152fb-662c-4a48-8365-92faa562422c,P0031,70.95
ad71d229-4110-4b16-8cd6-b96ad6d3b114,P0027,54.68
70552d4a-411e-400f-aa0b-098d7e457735,P0148,10.51
3510ba0b-ee86-4a99-a759-a2522bba0dbd,P0154,52.76
c89f17d6-27b4-4a7a-a602-7261a7c1c60e,P0297,2.13
1d7ca4eb-f514-4141-8c40-eba4deca4490,P0173,62.56
c05e006a-3c4a-4123-b950-9e93154fd696,P0069,28.25
727e7b8b-4523-41e1-8e65-3e96d2190a66,P0127,17.85
4ed9b8dc-1d72-43b2-b2cc-e0550eeb6912,P0250,15.28
ad71d229-4110-4b16-8cd6-b96ad6d3b114,P0073,10.82
6b3d65a0-ceac-40b1-a1eb-cd8d50565632,P0184,8.35
54622370-87c7-4eb7-908b-46d7c5e6f63d,P0015,50.68
f7b6043d-dd28-4297-ba76-6256a9dffb15,P0124,20.45
98f8038d-c21f-4967-9147-148135512d96,P0058,9.58
4a8025f7-1247-41c8-b6ee-ea4d7669ebe7,P0010,24.3
a8206fb8-3993-427b-8245-e461291da6cc,P0253,3.27
07fdcda7-39d5-457b-887a-5450a7de4c92,P0066,3.52
be5e73e5-4de7-44ae-b769-063497cdf9bd,P0117,50.35
aaafd101-5d47-4d07-bcc2-7ec035c4798e,P0180,33.68
c7e38659-ba79-4b23-86a5-e291708448a5,P0242,171.55
e45cf8c4-fc73-4f32-948d-683246bff206,P0251,45.61
8f6c02de-58e0-4bd7-a385-c77673d277b5,P0126,1.04
f907a773-1fcd-4da4-a4a5-927e1b4fdd4b,P0183,4.82
af7ab727-fe99-46f9-9989-7613aab5282f,P0101,51.73
0bfe9620-62b0-4f03-9683-8c1b55ac7ff9,P0210,14.12
b35a7192-4edf-4180-911c-e2631ab3de69,P0177,37.39
9975f7a2-30b9-495f-af02-ee1d96c2de2a,P0151,1.87
0c40424d-3d79-46b4-ab26-8f126f156c6d,P0146,73.54
265ac0c2-cdbf-44dc-b654-eb00505189dc,P0069,64.48
1321e0b0-02dd-48a0-83fa-731c794eec23,P0187,13.54
6ca294e2-7c43-4744-b1c5-d5a6292b5e9a,P0252,6.91
dd3117a2-38d9-40dd-a8b9-b0f30f0ecacb,P0084,4.92
375804d5-54c3-4f99-a361-22b7c3b807ef,P0044,1.39
b2b994a8-f69e-4c23-8a2c-7604af9ecf5d,P0147,47.0
5f552779-6300-4ba5-81d1-4f2f8ebbaf36,P0263,176.87
42655dc1-1044-4a76-89fa-1bc1d5c5f6c4,P0167,107.99
909bf2fd-9a37-44a2-ba51-74db22011e6a,P0058,56.56
032ca1fa-5e90-4e0e-b5f8-9dcf21747a3b,P0074,30.59
97238774-7a14-4134-8f00-09877450bd23,P0221,7.41
272b1600-230a-4927-a9fb-4cd643dc9146,P0092,2.48
b0a20956-2467-4a8f-a3c6-7b59276713a5,P0052,13.65
5590ea94-58b6-4625-b660-ef0335992f83,P0279,8.93
82ba42df-58b8-48b4-9c50-e238c51c10e4,P0154,4.16
54c4f5f0-d710-4f0c-a65a-525a5bafd5fe,P0282,35.84
3bd0add0-7844-44c5-903a-90d160d22890,P0002,116.78
a0a98069-9792-410e-a666-eb69cd4b1b10,P0009,18.0
50d3155c-ae63-4004-adf8-0e75d301598c,P0049,39.3
117b9106-075d-45c5-8c23-edd1b00689bf,P0050,2.7
b8e6eb03-f935-49db-a5c3-c88a0300c317,P0006,26.25
17ea8a3f-da17-4edc-bf73-2b4f442fea83,P0072,1.24
66b4b80b-cde2-47fe-b457-96057131661a,P0082,17.68
7d0a3d19-e5db-48f0-b396-df6eabc1935f,P0234,89.22
89c935df-3320-4a0a-991b-0fde16b803c0,P0062,0.76
305b6e8b-82e7-485f-8f81-e1734785851a,P0251,7.79
1791650a-235c-48b7-898a-0e6a0c0ffc82,P0098,54.49
f825baef-53f5-41c3-bea3-6ac74c683956,P0198,72.61
7d3dee9a-582c-4542-9b5a-dd9f383e0a2a,P0067,13.72
e3df3bdb-7b34-41dd-8360-9dbef829b7dd,P0231,10.91
7128da3f-db1a-4ccc-85fb-160c11a046a3,P0256,42.87
be5b947f-8cec-4f11-89fd-91031ebc60c6,P0281,1.25
656ecaac-ca5f-48a4-ba95-7b57afdff5b2,P0260,9.68
8f30a8df-f685-4014-996f-4a4be3cdf85f,P0253,127.69
e514146c-12ce-4bdf-9bb9-39eecdbe39e9,P0275,0.64
a3d3683f-b11a-4858-af41-c3567f7a044a,P0273,72.48
224a35e5-99a5-47bd-af58-b38cccc04f4f,P0029,0.88
13f96d0e-981f-43b2-a456-0589aa2506e3,P0264,14.65
fffb7617-2ca2-4040-8832-a64c79619578,P0030,45.8
7b480e3a-3764-469a-8d46-a218aa57e610,P0245,20.5
744c28e3-00cd-438b-b1cb-54025191d895,P0065,10.53
a3eea94d-0e82-4af3-a6ba-bccee201c8b4,P0124,19.01
8c80820f-d85e-43a9-819a-d1da36910236,P0002,122.01
aa433fe5-c170-4ada-b7b8-60b054934001,P0070,26.95
1987fac4-a413-4a74-b1f4-b0660910e320,P0030,30.01
6b96a238-7785-4024-83dc-d6ffe0566cab,P0207,108.27
d7f37068-ff0e-42ab-96e1-c29ee3c7617b,P0170,69.72
f3a9496b-ba7b-4bc9-ad12-76d2ee7c3b6d,P0235,0.47
2eed52f3-1fca-4c82-bb5b-c4ee68399361,P0076,31.43
eb8f316e-97d0-4d18-87a3-021d908ad103,P0203,22.02
5307ab3d-d292-4657-9511-83bbf348ed6b,P0249,28.99
6041dc0c-7781-4266-b6ea-61cd9fe51a31,P0084,25.69
ae06c01f-2059-4758-a56d-2c1a5e635528,P0266,32.99
df3a50d4-c22d-4481-8e97-45f7c224eeed,P0204,4.79
9e0255ac-3848-44ba-8016-f84bb645510e,P0269,15.7
55799435-ce97-4b75-b1db-93b59650fac1,P0290,34.21
e92e0809-6db8-43eb-b24b-037764f293de,P0014,135.48
5d1c4310-46b4-4e1c-9d29-2fa5d9faa7e0,P0154,51.39
7adac059-53e7-48dc-80c8-b61df978b2ec,P0265,15.89
b4e9607e-54b9-45d6-96e8-3f68e51842fc,P0126,21.05
2fa3ae3b-2b4f-4878-8e20-d0e0b1963702,P0003,108.95
71df33f2-edd7-4585-9a1a-1692f8eb19e8,P0002,5.43
a0e194f1-7545-47c9-85af-c011e0a54ee9,P0225,54.47
0ad33bbd-c336-4a61-b08b-28b6ea8e4778,P0048,0.63
58acb366-69b5-403f-ae96-4590879a3b7f,P0165,32.0
3fe01aa0-1a41-4485-91f3-57455a96d69b,P0081,1.13
10c2d7b6-fe79-40e4-9107-564b6ef10d98,P0124,18.16
23d420a9-d8fb-4989-9980-0984b0a43f0b,P0133,26.45
ab0f4b96-dc27-4751-b8f6-4ce798233c07,P0161,3.16
b819f264-5549-428c-8169-720b0c3e348a,P0185,43.63
a78ff3c1-50da-4dc3-8dc1-819d1ada7b9e,P0139,15.48
ab8f8826-5e45-45c3-b606-961d4aa4236e,P0164,16.08
a4ea32d1-c33a-42e9-aec0-402a2929f598,P0279,87.0
71d36c1a-5122-4943-b310-818a71807f8e,P0098,42.78
68a566c1-bc4a-4e65-991a-3a4d80264b07,P0024,81.27
fde66361-5cb3-48da-bde3-8db36f8e6dd2,P0179,96.13
bdde335d-8475-476e-9abb-88d56d55397f,P0135,15.84
fe23e053-6695-4623-8013-e581f389d053,P0022,6.3
86d06ac3-a4e7-4fd5-b3f9-ef4606f61daa,P0092,11.24
113e7617-8234-4a72-bc01-8e269f1d8365,P0040,3.68
7fe37477-cb3f-400a-8d3b-c16b860c5083,P0068,64.66
6041dc0c-7781-4266-b6ea-61cd9fe51a31,P0014,8.34
6162aeb7-5fda-4dac-96a1-474dd6533d05,P0136,16.73
b5384780-4f58-4c9f-b6c3-9f644bd803fb,P0100,3.39
0e4b88da-c2fc-42a6-a708-4db6bb55a442,P0069,53.37
6092981a-7341-418c-a09b-2b2680500391,P0097,2.7
aa433fe5-c170-4ada-b7b8-60b054934001,P0063,117.59
c83f6c84-f4fb-49ff-98c3-45554acb55f8,P0238,6.85
f405ec3a-479d-404f-aab7-cf7cb9510637,P0159,22.1
900a5850-6786-434a-8dfc-4084860b2754,P0282,9.04
76893efc-1d76-459c-a330-64d8f24a0b1a,P0246,10.1
78a6a862-042e-4110-8d69-e2ef1272cdfd,P0021,33.26
a1071ead-a654-4a4f-898d-2d9e2ee85583,P0111,56.31
22de16cc-89d4-4ac7-bc87-ce3632bf62f8,P0093,102.61
72e7780c-345f-41b4-84a7-830f7fcf1c21,P0023,49.49
85a195e5-28d2-492a-ab55-6fd3233fa9ba,P0255,29.81
26ea7d58-bd2f-4347-a854-bd2ca48e883d,P0261,17.16
5ee309e2-222e-4a96-8039-47973006b49d,P0072,0.36
0d151295-0930-4f5f-a1e9-7e6498675c77,P0296,42.47
8bff13a9-4b7a-4c10-a3dd-7d203a88e0d2,P0105,58.31
2fb6cf0d-1cd8-49b3-b72b-5dfa57796356,P0124,140.04
a601e331-e6fc-4309-9eee-444c062d5d2a,P0139,49.89
a0bfcd78-3aab-48e6-98ad-4171b5920a90,P0082,48.79
016dfe8c-a547-4600-bd01-4c3967794618,P0115,54.13
f6153cd7-2312-43cf-926b-12fe242c8f04,P0080,2.24
54f16d0a-6e27-4c5f-a172-d9fc820f71e9,P0035,47.62
8d37c932-916e-42fb-aa6b-953c492fc0bf,P0262,29.43
f06a1de1-f5b6-40f3-a2ff-6ec1afdaf42c,P0078,22.65
e0ce9f7c-3942-40ff-9f36-f34d5b29cfc5,P0260,29.84
e7173f88-f93a-468e-8ec5-30c820fcd799,P0052,15.76
62e5cc78-c88d-4499-9aeb-13ea7727a4db,P0282,33.05
e6d942bc-7e3c-48cd-86b7-2b1b6218e279,P0013,85.08
b067963a-7a2a-47cb-b434-39e798c52564,P0053,31.18
983f0d51-da78-4790-bc24-f838191bdb0c,P0288,57.37
987fa3e5-8f14-4871-9505-011c81094140,P0051,43.36
42fab363-2a44-4edc-aee6-cea20a88a977,P0285,1.68
7913c836-69f7-4184-a136-5d49dfa6a452,P0250,26.49
82217c55-97a7-45a9-9005-4d93c2d7369a,P0272,18.86
04b54baa-242f-4783-a62a-8ad7177b1f72,P0172,45.59
85070b4d-6bb7-43b9-a788-983019ea99e6,P0130,36.64
d336cddb-c617-4463-aad1-5a20c0b3e9fc,P0088,0.21
5b83a0d7-dbf1-496e-9e56-9ea1313bd882,P0176,12.89
420f992f-84ce-4e4d-9f03-c88b8bb647ff,P0055,66.38
601b8b87-541e-495f-a1af-efc5ded039b9,P0003,2.09
c2ffe466-567c-45f6-8d93-9dc55e221b14,P0113,5.52
c8b00463-e5c3-4074-b686-6376a4cd6942,P0156,2.26
57173d4d-626d-46c5-a035-0c1faa7429ae,P0292,88.22
0dddcd6b-a623-40a1-9b3f-1acb96dce052,P0099,69.06
5ff20350-6a96-452a-8b15-b6f34b2eccc7,P0217,5.45
541a8c51-28b2-4841-b403-6375cc10ca4f,P0052,31.83
ae82661e-2e73-4494-b0f4-5ad7edba0f9e,P0270,34.08
8e00b4e2-3795-4d65-96e5-96fd631781dc,P0248,84.13
b6232851-cb52-4168-9259-0fa4b210977f,P0278,6.53
3f24a389-1aa3-4074-b253-1bf60260a184,P0284,5.98
bdde335d-8475-476e-9abb-88d56d55397f,P0056,0.08
f1782b29-3fc0-426c-a968-eeec2ff049fc,P0249,3.77
f8327269-7bfd-4744-8cd0-ea50d5fc08b9,P0011,11.08
dee17a55-a898-4812-95e9-3280f23a48e8,P0118,30.6
bf13f973-4079-4b6b-9abc-0bd8c321966d,P0082,0.74
47ebb431-40c5-4e89-9411-124b977ca592,P0102,14.34
73f1e0e0-fbe2-4567-9d2d-7f1275c1e060,P0226,23.37
80333ea1-dbab-4510-b1ca-1637504aa97f,P0231,16.0
2bbd50af-e6ce-4823-b1b1-72bb4c6bb652,P0260,56.3
1f7f98b8-baf7-4b84-bc2f-c1a11ca15e33,P0043,41.59
ae6c5586-f807-472c-874c-573daf99181c,P0243,39.71
ef66e7b5-c604-4bcc-89e7-9f55d1a67721,P0282,94.15
63ee0b22-9f9d-4875-bd54-ca84c125f59c,P0116,2.87
875ddaa1-ded8-4e10-b081-660842289162,P0138,4.96
86aea370-fc58-4065-a20c-a3264304761f,P0197,41.85
d857c337-4f4e-4e5b-8701-aff61af7dcfc,P0183,30.55
8663484f-b66d-4390-a284-5e549f3f7f3c,P0148,9.13
a7d423a5-3c2a-41e3-b9cc-c61f604aab0f,P0204,35.33
4e8ab6e4-4c93-42f6-aaf8-d2b44a314de0,P0129,23.18
d968e7bc-747a-44e8-ad51-23400be31ec0,P0057,11.37
fa35007f-8b29-4b07-a6ec-eeec40f4ccf4,P0124,16.7
778929fb-3c1d-4e6b-a0b7-a0d097f0f386,P0014,36.32
a64aba77-1e1b-4b3c-ac15-1bba3909f96e,P0111,51.24
b19de9f3-1329-49d3-b388-0c3fba7e0c67,P0181,10.43
eeafdb04-5fbb-4f03-8cfd-a1aa73869eb7,P0080,5.01
75419b5c-cee0-4415-a506-b57641e5588e,P0213,34.32
4e65a4d2-e795-4b67-bbae-94ab5303a873,P0048,33.46
0019edce-de43-4bad-bac4-a28d69c0ad8d,P0016,98.14
0d0ad941-612a-443c-abad-802abc42c23c,P0186,4.62
a0ab2380-a56e-406f-bcfa-7da3d5322f59,P0255,48.49
0d26bb0c-f91b-4cf0-b12d-9d1a4f7c49e0,P0139,9.96
96079e77-b33d-4b2b-9a2c-f85e28b499e0,P0083,35.72
8a7813da-3aa6-46b3-8d30-f1c24987ae68,P0076,37.03
b8c361bc-2fd9-462d-a690-85d1ce46049f,P0109,55.63
8274f165-4cf3-432d-896f-8e4277b80c7d,P0239,40.16
2782362f-8402-4aaf-b2bd-884f7b229595,P0027,68.21
257bfdda-e423-49fc-892d-09516b4f95dc,P0187,22.66
dc780e43-d0a7-40c7-b717-bfce41e4c6d7,P0191,14.85
d03636af-7af3-4fc9-abd9-0955392edf9c,P0253,115.6
b1caaa3b-8562-436f-abe2-0cb3ff295705,P0129,78.62
d431b803-4499-4125-8ad8-d8f08f96fe5b,P0148,10.99
b15a1ace-32b6-4df8-a59a-9fa2fc4cf519,P0290,30.93
990dd02d-e8a2-4c9b-9532-db755ead898e,P0231,12.7
1ba0e8b8-ecf1-45c9-8a1f-8b4cd88fea6e,P0121,56.7
7f8c9b7d-99f7-414e-8297-cc474ea215e4,P0233,41.58
9c180fd5-7706-4654-885e-18c7d74a3a5d,P0017,7.12
f4582f5d-92e7-4feb-8826-9fee9a0258e6,P0100,20.9
973c03fa-7f86-402b-8047-151e1ba23c1c,P0007,14.99
b53b41f9-d637-4919-aa2a-80e3d29a1479,P0206,6.85
6caca151-34a1-4d9a-ba69-abb37f03955a,P0005,34.4
d728d209-f97e-4695-bd45-bb017c4d9c80,P0284,10.99
584e2017-0f5c-435c-8c8e-b31f8b6166a9,P0283,5.86
7609f104-43b3-4e1e-a8af-77281157364f,P0100,15.92
2c57666c-d312-4e40-aa1a-c454e32adc80,P0131,94.37
51d08578-73ca-4c1a-bb49-a7dbd1cae9ca,P0069,45.13
4e0e176a-30d3-445a-a1a1-ecc5734c019e,P0163,16.09
933f1e0c-03c8-4f61-bbf9-95c8b3f6a48b,P0019,41.22
4c7a4d1b-f751-43ff-a5e6-97d387dd0a54,P0296,15.83
6963d332-f515-4a6d-8f7d-27883654f345,P0024,65.26
4a1d5bb4-7d91-4f23-9136-3748918d3e95,P0069,43.64
6d2c4754-c91c-4447-8679-9ba6734a22b0,P0273,51.0
5b455e54-7a7d-433d-9189-35b90eef914f,P0270,49.23
d4a9612c-d1e5-445d-9a1b-8ed7f9da69a2,P0044,16.61
18b572e0-5ba5-4d29-acf3-d183c6a08275,P0249,52.01
ada2013c-f9a9-43e2-8ed5-3f621ef199ac,P0182,13.67
edeb58bc-61ab-4b56-a2b1-08167a7be96b,P0151,54.27
beb3c25d-609c-4774-b34d-3b862b3350d1,P0153,95.57
58ce65ba-472a-4e8c-bf9d-b78158b29385,P0256,145.35
e81965f1-041c-496b-82c7-529b07a18488,P0059,51.3
3dfe7e00-fe0a-4324-9cd7-5c126a86ec5c,P0043,118.59
33dcbb0e-e2d2-4213-a18b-941e0eb41c0c,P0122,19.6
5e810667-1383-4443-8d94-f02b6f43c071,P0162,7.01
ad526bda-da0a-459e-8081-3ebc2fdf7e77,P0049,30.4
12e52bca-495c-4953-9d37-f07adabe24a9,P0019,61.27
b39e1e5b-4764-4c1d-8a41-ace7976685cd,P0087,3.83
f593097c-afc0-44d3-9498-2082d92a6b4e,P0248,140.15
b24bfed8-b5d2-4851-b1e9-e9fe9193b512,P0271,3.95
f3ea020f-533a-4d34-a7dd-1ce412a3ce8e,P0013,15.94
391c2ad0-2b62-4e6c-96af-00f4e3e815fe,P0141,49.42
e11a31b7-6593-4f7e-b942-eb5898588f96,P0272,59.97
6ad47797-65d7-4743-a158-9b9f7fc81334,P0237,17.98
1f4ef442-e7a9-4977-932d-e718141163e9,P0059,11.23
eae9ac76-7a6b-4980-919f-06279520c2c5,P0212,27.61
e71505e2-8979-4ddc-a90c-a0f39b062979,P0067,3.44
313ccd26-f369-45c4-a3aa-ab6f74f21d2a,P0201,65.97
3dc30c0c-ddb0-48ea-bb96-d246cf74b07c,P0053,7.55
8c1baf7d-9678-4201-954c-2b2ede2c2a47,P0092,80.67
69fe59f5-a932-40cc-a7e7-bacef8380076,P0281,7.91
d2e24da2-d60b-44d2-a15f-0d1e583c2719,P0105,8.16
e37d3ada-38ad-40ff-a4ca-d5c245059d1a,P0008,4.95
f7167a56-b54d-4b33-a484-6b31e5104feb,P0150,18.81
9c15d8a9-99a2-4da2-b375-e761454fc649,P0056,87.19
1c238e98-e767-4e28-ab4c-aa2497d4edda,P0160,107.63
fb35de55-8010-425d-afb4-2fa27315c9fd,P0255,48.42
6b96a238-7785-4024-83dc-d6ffe0566cab,P0005,12.05
2ce13624-5fb0-433a-b7e3-8ee1e72e4115,P0227,17.48
90977662-cb86-4c2a-8b63-d9b6dcdd88af,P0101,0.77
4938fc16-d9cb-4811-8f94-04a2f277a5aa,P0153,18.12
199cf9ea-d0f8-452a-9db0-748bac00dad6,P0155,18.05
2ec3d0ca-2e18-45c5-b3c8-e9b20e368917,P0098,15.88
fba87e7b-5c89-4176-a04f-18756fcfbe26,P0006,22.98
7e43f384-b97f-497f-99b3-3ae38d7182af,P0036,24.07
ae72f4e7-a866-4771-b615-4eff8b3cc205,P0001,2.28
0b6642c2-7544-4d25-8ba5-8ece06ce4f59,P0214,6.41
cd75e9b7-3412-421b-83a3-32335ec52a72,P0065,26.72
2ae09f2c-9a49-40c9-b6a8-bc5d3dda3ced,P0159,65.37
335c2368-288b-4fe6-9f03-9e9f678c62d3,P0132,29.19
a903fee0-8925-43e7-9a42-ecb1879f72c6,P0101,22.98
46ad313a-980d-4a03-a7d7-a67fb4ab134b,P0114,44.39
a5489015-89d2-4310-b083-0faa97bc8e28,P0023,71.41
d1d89522-59b6-470e-b474-6aa9b943461b,P0052,16.71
660a72da-1e1c-4143-b2ab-18e9c02c7524,P0220,27.22
3ebb05e7-d117-4d4b-9378-c229e6e2fa6a,P0152,26.91
04e964c6-ee9b-4394-9c92-6593d42f73f8,P0200,13.35
8d29ca56-4d76-4ac9-a6d3-28af888aff1a,P0125,14.05
3ea56d12-abac-4522-a2bc-f224afab3618,P0225,46.26
f1cc3c9d-9b26-4d7e-b929-1376abbbacaf,P0138,30.39
45589ee9-1891-4a78-a3d1-54fb167609f7,P0281,19.87
61d2300b-43c8-49ee-a7e1-205825321625,P0209,27.74
b0a90921-88a2-413b-b4ce-d25219f6de49,P0266,129.48
f6493859-2c94-4ba7-9bff-d80b0830951a,P0148,21.38
3ea1d151-d88c-4413-bb48-a12bc6e63ef4,P0286,7.45
b68e2d5a-6f31-49bf-b70e-9655934b9398,P0034,9.4
d07ea4f7-8044-413a-b9b8-62722737cced,P0006,174.19
fc2364ab-95ca-4be4-a28e-26f663c0379a,P0170,15.51
83b35154-dfb0-4708-84c2-afe84a7751de,P0133,73.19
ed1e2fe2-92a7-4cc6-9707-42de0ec0d2ec,P0277,11.55
a6580652-261f-4f2f-aeb3-21d68c729e04,P0266,26.17
48e3c1f6-0e9c-4e78-92df-df11a4d4d33c,P0286,10.0
754d9c40-c3a5-458a-8eb2-15769e07eb6b,P0045,67.56
a22ed636-55eb-4d91-95e8-93a84b328dd6,P0147,3.89
f79760f7-0640-4607-a21e-16ba4697b70e,P0036,80.17
eeb15fee-2033-4aac-9d2c-166724ba16ac,P0150,14.04
c2dc1f5c-21d8-4fe9-82df-dc648657fe03,P0085,8.36
091e301e-73d3-442c-8ccb-861cf9f79ffe,P0244,35.3
93678ece-b2d9-4010-82f9-a5a089225dca,P0198,6.5
2df91b0a-3dc9-4510-afcf-5c98fe31a393,P0105,5.06
1f303985-ddd5-43d4-b754-3ea040731966,P0207,19.48
a6b5404e-01de-40b9-a35f-fb8359538b82,P0149,15.01
c803f2d8-f96e-43fd-acae-bde6f9fe80b3,P0216,57.89
4b1accf0-11ac-42f3-8caa-2b6e4723395c,P0133,46.89
d10bd66b-f007-42b2-ae3a-587917b18600,P0135,59.63
f45295ce-b444-4f58-b3e1-90e26a4dd884,P0134,31.83
cc88e547-4eef-4cdb-a808-9b888980f865,P0254,85.72
114642c4-e8c8-42b1-9d92-73efd1e5ff42,P0145,30.75
82e1435c-aee6-4e9c-bd10-b530d29261df,P0153,18.34
02653fc6-4a8c-4249-96dc-dcaf56f845a9,P0112,20.35
fafa98f5-4694-443f-b705-d0e51fa68323,P0198,19.0
0fa65030-549b-4588-b9db-4b4e5610cbc1,P0247,76.77
f3dc8bd6-0733-4b95-893e-bd3a1347406e,P0187,26.82
e899911d-d8fb-4421-98db-947637a8c4f1,P0204,57.42
b8300f8a-1b1a-4984-a095-2638330d1813,P0202,108.01
f96a8be6-b6b8-4184-8300-b9cb7b6f599a,P0126,182.99
a55c1555-984a-4eb6-9240-c5526347e817,P0096,33.91
a80a059c-328d-43a1-b609-ec9e51584518,P0046,46.86
7128da3f-db1a-4ccc-85fb-160c11a046a3,P0277,84.59
dea885bc-7aa4-4e66-acdc-4bc15e897dfd,P0007,27.62
616bcf19-75f8-41cf-8127-f9b3c7a91319,P0134,92.16
ee094e64-baaf-49e9-9b83-b0e3d3e8c8da,P0130,21.04
f383b6b9-3ea9-40dc-9c40-fbb52dc93969,P0081,2.47
07c315cd-835f-431e-845b-8ee93dd48bb2,P0223,23.35
1a6810ad-34a7-437d-a3d7-4e4aa4f06ec9,P0100,69.37
e393637a-da9c-4f34-a67a-34db9c16ed4d,P0014,6.83
bc8a4341-de09-4255-bc5c-c065ebbe6d0f,P0095,34.11
696923bd-1cdc-4a59-8f64-421ddf7144d1,P0031,12.99
09fcf2a2-11cb-4daa-91ff-9873287819ae,P0042,7.1
bf4a6292-ed98-495f-9110-e9314731a3fd,P0086,84.38
e57c49c0-2873-4395-ad5b-d527470efa4d,P0221,21.66
85758b1c-519c-4af3-af8a-ec97e1423cab,P0236,50.37
8547edd4-ac30-4e93-9023-ce9911efd290,P0218,33.0
1bd0ab63-9b69-4c5b-af4a-bd83ac1fea31,P0203,12.75
877eba03-3f74-43fd-a8cd-6f04a93ded56,P0044,13.26
8900e46b-4f45-4a2e-b2e9-1b420f78868e,P0109,6.15
91dd2258-12e6-4c17-8448-dd3c845c9f2d,P0282,47.5
8926643f-4cbb-4ed4-868c-1a65e0345114,P0226,5.4
da29e2bb-78f7-416a-b00b-e86acdc1eeeb,P0033,16.88
b6e48e7a-0c3d-4d2e-83b0-5b267e11e16e,P0241,17.46
149c9142-7f93-4ec0-8ab8-9271d37ae1ea,P0045,74.31
4aab1e15-9fb2-41ea-bc68-f374267ca0f7,P0088,34.07
1b0c7583-51d9-4603-aaf5-fcd4160e25ed,P0206,59.6
77013ddc-a99f-45dc-b0f0-5a2c52a68267,P0289,20.64
39384b9b-b115-4192-bffe-9a14433f394b,P0283,93.3
a33d9d3f-2785-4974-a337-6042fde61d6e,P0092,68.97
e3128171-2b09-4d33-9a07-89c7f312ee78,P0020,22.59
8dfaf989-6d0d-4855-a3d4-46bffc0079b8,P0229,3.38
1c3df0c7-159f-47f2-bf7d-dacfd636270b,P0204,5.13
e3f68f45-3d0f-41bf-9fcb-dd6419cab123,P0212,83.76
016dfe8c-a547-4600-bd01-4c3967794618,P0052,55.86
1a64084f-b833-4e3c-bddc-8bfb07287a90,P0297,82.99
093126b5-9afa-4a7d-911f-48cbaa4ecc8e,P0097,41.4
8857a871-5f08-4f6d-bb27-885af5aa7a72,P0234,44.03
5d5b773c-8798-4192-8a0c-ff16c03c01c1,P0024,43.23
5817c4ad-8cc1-428b-94dc-395b7415a76f,P0197,86.8
d245ac5b-9e71-4d78-906d-03714674e148,P0166,35.47
a50b9c28-5702-4d42-a082-74d9af7f1fd1,P0088,56.71
654ebf0a-cba3-4abe-a680-5321bf4f490d,P0097,53.59
6c65dfa5-6324-4711-a65f-7ecf5cec92a4,P0054,15.01
12476460-89f1-49ad-903c-d454147c10ac,P0094,4.25
4c7a4d1b-f751-43ff-a5e6-97d387dd0a54,P0192,9.32
be41e9b4-9332-45db-a133-1faef6ff99ab,P0151,38.07
e93a0f77-cef6-4efc-84b7-daa2ee5b985b,P0155,39.27
a68940d6-7ee1-42da-8f47-8273b1377165,P0121,40.23
79a375e5-1467-4d3f-b9b0-4eec353e6a86,P0187,33.43
636495c8-1837-4fc7-8157-d9312f78efc4,P0112,8.61
a228d8a3-43c8-455f-9ec2-9ba44265899e,P0084,77.17
e4cd267d-7095-4e41-b9ef-3ae05c758f5c,P0195,33.07
9ce0e3cc-088c-4620-9244-f7e3adf352d0,P0180,4.57
59951f6e-75b1-48fe-9085-d6d8d4651b5a,P0210,11.1
b3560185-ea4c-4b56-b4d0-74bb53e51700,P0159,22.85
4a35d462-17c7-4d94-b843-8761407cff11,P0240,103.21
44763431-b1a9-467b-81f8-d719a60c3882,P0210,46.76
061373aa-967f-434c-96d2-d1539423c650,P0266,24.36
ede17241-004c-46d8-86a3-1c011ec4aa19,P0097,35.21
1e95a2a8-59b5-43f2-a591-4ad11eaa5e6c,P0106,20.3
d61fc47e-7008-4531-a634-9e5d583d4e2f,P0133,7.7
0381bc26-575c-41d0-81e3-705df251e2b3,P0145,0.47
b2eb458b-d727-4d4b-8bcb-28acedd4c6eb,P0238,20.23
de34ba4b-6979-47bf-8aea-798b0e1d4eb2,P0253,5.13
83026a39-853b-4901-9f5d-e726876a8aca,P0094,42.94
43384a91-e150-4188-99ef-f3ab3b88b287,P0035,133.77
3153e050-5b70-4679-9f31-e9899e1b06f7,P0026,60.41
9db4a827-acf6-4069-bec6-89b163b2bd23,P0172,42.19
e077505f-a9ad-49c0-b17e-42650109f870,P0026,0.06
339425ed-2e34-42a1-8831-e74961fcba6e,P0178,19.45
56df5adf-66db-4acb-9b1b-9432ad100c60,P0098,22.29
33b7fff9-ee04-4517-beec-e325a9db1570,P0165,15.74
2c57666c-d312-4e40-aa1a-c454e32adc80,P0158,11.83
e92be2bb-b64b-4c81-899a-9d46b9ec1c39,P0294,7.14
7de0a57f-0553-4674-86aa-3208e5f51bf8,P0026,0.12
48b07af4-05f6-4427-b18a-f707777c4e9f,P0170,140.07
f3947b64-e457-470c-bd8d-f9517ddc2fe0,P0061,45.06
7429a4e1-1e2a-43c0-8e5c-bac84695b0e7,P0015,33.49
8946b5ef-9434-4508-ab06-4583d4d57bec,P0008,73.24
5e15a3ba-7ce6-426a-a600-7fec68a737a4,P0038,7.75
1f0bd2ee-7670-42d9-891c-559c15961558,P0164,14.94
0c8f615d-8f10-406c-befd-2487f1d17a10,P0062,14.82
420be224-0652-44ca-b23f-39c665d604dd,P0076,82.34
2135358d-ef37-4c78-b067-44a5d02e29d7,P0255,139.94
cace4a4b-bc4b-4aeb-8b54-6bb69ec4d735,P0210,66.29
09c2d82e-4c1c-419c-83da-0b36944e3347,P0268,8.1
18e2a979-6931-4424-88cf-ba87710b8b7a,P0254,12.76
68a17d08-7b8d-43b9-8fa7-b2ba12d632e1,P0245,87.14
27dba5c1-5f6d-4b12-94e4-e931b475823f,P0166,38.8
f1cc3c9d-9b26-4d7e-b929-1376abbbacaf,P0282,23.19
5abf8d4f-8ac8-432d-b447-63cab5a70c82,P0144,16.48
ae72f4e7-a866-4771-b615-4eff8b3cc205,P0133,5.29
dc7decce-bb8d-4fff-8d0d-337af5f60106,P0061,74.67
17946abf-6b1f-454a-b931-38915a9e7f3a,P0092,173.66
1e1f257b-b563-4443-ad47-d5d458555ec2,P0275,38.34
502cd376-da26-4c0c-810f-15cfb9ef9963,P0176,13.38
c0a8d9df-9106-4900-bc28-207972af2b92,P0147,7.7
c44590c9-90eb-4f2c-95b6-5c0950ff8bfd,P0158,11.9
08bee78c-bfa3-4db8-8cc9-312483a0e124,P0293,4.49
296585f9-118e-4285-8e67-7ef2c7063c26,P0289,6.7
58874a57-062d-413b-a3d8-111eba18a37f,P0084,81.33
2362e81d-b007-4640-bc75-0f601c829758,P0136,41.88
181f4ff9-c41c-4254-8311-bac8d46bfe78,P0080,3.59
9274704e-b886-40fa-bf10-d2d6bc396798,P0295,65.2
dfb007a0-7da9-41a8-9490-74cb7c61b671,P0268,58.99
b2694097-3653-454b-b05e-17b0c7a70368,P0066,11.36
f4d00224-7ad9-4cf4-b575-062727d755c1,P0236,11.64
86d06ac3-a4e7-4fd5-b3f9-ef4606f61daa,P0011,168.99
f8afff62-fbed-4bd8-b5ca-269003b808f3,P0198,7.19
1a541176-5f92-4934-bd24-a076920e0443,P0170,34.67
d8eddda2-ec86-4e81-80a8-d8e2a2a358e9,P0277,13.04
5528333f-1485-4c67-a691-f82fb0200001,P0290,18.24
407f1e3a-1d8d-4b5b-82c4-dc3cf32f6aea,P0165,37.83
817598a8-b7f7-4ada-858e-192e873b9ffb,P0055,7.67
973c03fa-7f86-402b-8047-151e1ba23c1c,P0095,45.1
1ae66a11-7144-4e99-b202-a9fe12537c95,P0205,2.12
ed2c7e38-74a3-4f25-b18f-b612e1bfe2df,P0008,25.69
987fa3e5-8f14-4871-9505-011c81094140,P0070,67.09
363dd551-0d3e-4a58-b407-fcc828b8cd6e,P0155,8.15
d3a51bd8-9203-4a0b-9827-5b121670a3a8,P0015,55.81
093726f9-581f-492a-b362-8a223076a7fe,P0197,11.54
efbb6271-ff2f-4e54-b10a-43b1cd407ed3,P0110,53.07
4ed9b8dc-1d72-43b2-b2cc-e0550eeb6912,P0074,7.9
8632cfaa-c9c0-4a28-a9b4-70af2cfbc857,P0176,24.82
98b57e60-969d-4900-a1ee-89b635907044,P0233,16.08
16a10e0f-1e7d-48b7-9759-aab563e0c2d5,P0250,25.5
f240e7e3-9822-4dd5-b289-f5c3967f9467,P0065,16.75
152004e4-5c91-4ae5-bdfd-4bcaea3dadd3,P0072,73.43
b0c9f88f-6004-476c-8a3f-351c0446c104,P0029,2.08
1bcd6fe8-83c4-4e31-be83-4fc478aa97d6,P0001,5.76
1a6810ad-34a7-437d-a3d7-4e4aa4f06ec9,P0017,7.12
1defa863-ce5a-4132-ac1b-56835dcf0486,P0175,24.13
e740dab8-b9cd-4151-9577-1e972b8431dd,P0279,46.48
34103ba3-7d3c-4afc-b9e5-520a00c07e7d,P0166,58.51
928a0731-2c68-47d3-a11f-d41d6423a6ae,P0022,4.14
f2ca2832-b1ad-46eb-a797-23f469affa0a,P0103,69.38
1a72583b-a027-43c7-a082-cb63015fa4f4,P0218,87.05
8f2c2149-282b-4580-a895-d3cb89eae5ec,P0132,102.88
c3f7346f-c4d2-46c6-8843-2394a3052371,P0210,84.22
976af866-d15f-4de9-a2a5-cac07547dee1,P0101,48.36
c9dd5763-51a9-4621-912a-5b6ad282d5cc,P0025,0.84
3b8a2603-4bf0-46a8-9755-62433f20d687,P0219,4.82
a8d0e240-6341-4ba3-83e4-26f0523c82ee,P0264,45.15
ce2e5088-6542-4c79-a245-407f0cdf5004,P0252,0.34
ed2c7e38-74a3-4f25-b18f-b612e1bfe2df,P0298,61.77
5baf2760-9478-4147-bd48-7546ddce4307,P0092,77.36
44a3f3f9-8324-45de-a4f6-980a1984aacf,P0004,54.82
1420e3fe-6d5d-466f-8403-4e60f7a06a4d,P0119,11.11
a6a14dc2-65ea-4ee7-99c2-010d80112128,P0253,19.19
0c5568b4-1cde-42c8-8545-2752afd05f9d,P0054,15.2
a1e3a176-0878-49e0-bfd2-04c53345c80b,P0224,14.92
4b4449e4-b314-410b-aa0e-f3ef8f67608b,P0265,50.52
df4ae799-32bd-4561-a25a-c969895dc6ca,P0074,53.88
89b5da7a-7697-40cf-8197-95b82270836e,P0254,59.96
2ee5917a-f36c-4406-ae8d-89d6066f9e12,P0179,79.16
54622370-87c7-4eb7-908b-46d7c5e6f63d,P0223,91.43
3fdae7c6-f0c3-4348-99b7-f6ed7f44b707,P0087,65.6
99f8ccf4-a996-4837-bf60-207f54c1dcd1,P0236,6.1
3c308c27-d35c-414e-9425-10bb2a51572d,P0201,52.01
cf2a80c0-0083-426d-86e2-749b25ad0ce2,P0043,10.34
70fa277b-3810-470f-933e-ce415b9094a8,P0221,66.1
5867e58d-8441-4964-b74d-807792e291d3,P0072,28.02
f3a9496b-ba7b-4bc9-ad12-76d2ee7c3b6d,P0017,9.49
b6218deb-b8bb-4617-9253-10a4ef355a32,P0257,42.15
daf2d506-820c-4f13-818a-55026ce5e3b5,P0100,1.75
a2047f07-760b-46c3-bfc0-6a35a167cb9d,P0089,55.38
4ae3c01b-8e59-4a3c-80ca-0e1e63a79315,P0069,121.57
0071cb6d-32f2-4bda-bce7-c0cc370da12e,P0183,31.23
cd14efee-5c15-483d-a126-117a7f120643,P0293,29.64
e0469cbc-bd52-4ef5-8997-b3f0a4c0dfe2,P0214,30.65
7a2d2a0e-aa0e-433f-851c-782c08eb8776,P0212,85.6
7303fed3-f96e-490a-bb35-39847319a3f0,P0292,45.85
a8115d6b-13e1-4759-9b88-b8c6b5022021,P0181,1.61
29991b09-0bcd-4692-b1fc-0d684019c98b,P0140,44.9
c52e695f-7c1d-4bdc-8599-e2fb948cc689,P0117,75.27
9f507438-cc98-4cb3-8952-04eea66fbcc0,P0289,67.05
3b0a4e07-113c-41a9-aa6f-ce1b0bab15ff,P0285,31.57
b7ae1e66-8910-4169-b2cb-b284bfeabb26,P0075,13.79
8ed3e561-0f8a-4136-a746-ae09defe84af,P0216,34.88
5dd63956-9ff0-48ae-b48f-7a2649c3d75e,P0157,12.3
1519e022-78ad-48e5-badd-f4840f361393,P0003,40.98
aa3605a1-d94f-4703-8e80-002bf19fd095,P0224,10.19
a64a54b0-a08e-4352-8ecd-ea93f94e9b80,P0025,11.93
fde5db86-8fc8-41a6-aa37-b9610b8ed42f,P0198,38.9
ae05c17e-86ce-4be0-b36a-6cecc8a5cbe9,P0233,74.88
748fac1a-4a7e-486d-b348-277e61e77af5,P0267,65.3
be86c852-a9a1-4414-819d-37b914d9044a,P0011,60.58
a3d3683f-b11a-4858-af41-c3567f7a044a,P0208,6.76
24b7b981-2108-412e-9a06-26819743e0e5,P0169,227.93
3ef26891-2a76-4ea0-8589-ffca6fbb7c67,P0223,32.15
0d28bc29-74fe-434a-a637-e1d0427456e5,P0053,4.7
49d81b9d-a464-44e8-ae15-69574c3cca33,P0221,11.52
d48ec351-8318-4fec-8009-71384d344a78,P0216,2.04
afbc7cc0-2f60-43c0-8c5c-f3d168283c19,P0145,25.77
9c6d4116-ad82-4489-99d1-c002180b9350,P0155,165.44
bedadac0-c98b-4815-9f79-3c407e4beb37,P0231,55.09
c7568fb9-7966-4a52-8eb4-32dbe64853d3,P0264,1.96
7194a193-239e-40cb-8901-2ea54cdb5fed,P0016,14.34
2ef52703-1828-4b85-b176-66e5df8cb0d6,P0298,2.84
5daa3d08-5260-4fd9-a3bd-d0563fecf5cf,P0057,13.97
3c5ed7db-089c-4d1c-b94d-2959628bf939,P0246,36.08
7789478f-f5d4-472f-a8b4-7f01893d4f53,P0042,7.17
5dd63956-9ff0-48ae-b48f-7a2649c3d75e,P0152,40.64
2b68e15c-c351-42cc-a4d6-8356d97c4e51,P0008,13.21
4b061afd-4aa0-481f-b4bc-1ea35e54d46a,P0281,3.41
d40b7355-0dc5-415a-abeb-577e4978d57e,P0084,77.57
1b3dce08-0c51-4751-917d-853636fde549,P0048,17.54
cff2d5b9-4969-4d52-993b-7bd4fdea367a,P0121,0.05
ed1e2fe2-92a7-4cc6-9707-42de0ec0d2ec,P0061,78.87
c0658686-b96a-4da6-989a-c79f6cde71ec,P0066,10.65
cf336a17-67a2-42d0-ac9a-eea66c49e415,P0290,44.15
cad3f65a-2893-43bf-acc2-2aba96cd53e0,P0270,48.8
396a8231-9f49-45bc-b4ab-49cd114b8c25,P0106,90.32
7e304e4c-fef8-4d9f-b446-e28bb8ff680b,P0288,44.13
616bcf19-75f8-41cf-8127-f9b3c7a91319,P0191,57.09
12e52bca-495c-4953-9d37-f07adabe24a9,P0264,28.26
2a7c10e3-1bde-4199-8fd9-b7b50a4606cb,P0227,2.95
bc8d7200-3461-4ef4-9a61-3515878d4203,P0150,32.68
6897a6a5-3de7-4c5f-bcb6-03b8f01f5aa2,P0290,9.52
e4914415-1a21-4d52-89d9-22917effb730,P0129,13.44
1f28a412-e3b6-4dba-b1fa-a820abafac15,P0041,20.97
61956625-0e42-4eca-b005-c8e09c1d63a8,P0263,49.41
ed2c7e38-74a3-4f25-b18f-b612e1bfe2df,P0259,8.92
d3361037-df46-40f6-af8d-542edd86b8ce,P0154,25.27
10c2d7b6-fe79-40e4-9107-564b6ef10d98,P0123,228.76
d548ffcb-d989-4278-912d-eec29bf9b20c,P0183,114.16
a1e0263d-163c-4d14-b20d-d068a34f93a6,P0190,27.03
6f722a0e-71c1-49de-81f9-94c06a3e76e2,P0139,38.34
9239185f-2ae1-445d-98a1-08a785a1fad2,P0188,53.82
04a8847d-6f79-4e3d-8034-8e3468aa1f9e,P0261,45.84
c1ad4e1f-17dd-4608-8b22-ccdcd1befc5c,P0102,70.26
8071a01e-ff6c-4f65-93c7-78ff9d2c5750,P0103,41.18
393e271f-293a-46d7-8a76-e0a6459921f0,P0208,7.15
78edeb79-0f92-44c1-95ea-cc4ac2012ec2,P0137,39.96
2caecfa1-6103-46bf-8bbe-91981735a7cc,P0285,53.65
6ca294e2-7c43-4744-b1c5-d5a6292b5e9a,P0281,64.03
30bc6afa-b849-4a2a-9917-2c4bdb17e21c,P0123,62.16
20a03414-8555-4675-9600-49b53cf4fa40,P0092,15.91
f0f043c5-1983-484e-8d9e-be9e96ee3e79,P0118,92.86
13cdd3c5-039e-4064-9fbf-ae839d4aedf3,P0284,110.96
c4b21dbb-045c-42d4-a2f0-c5b3bb9bbbcb,P0038,26.84
3391f166-6798-49f5-ac94-bafdaf3a0680,P0168,42.62
357e5829-25dc-44c9-9d0d-bbcaf007fe89,P0277,11.73
47f56534-8622-4fb4-9cd3-7229991d8a06,P0068,81.85
33ead2cb-420a-4f87-9784-f08d910e8d17,P0086,110.63
78b7afdd-e95b-4af7-b581-6ed5ebd349e0,P0091,12.54
35184323-1571-4e9a-b25e-f3ec030bbb6e,P0028,87.67
c33cebca-ae7b-42c9-b26e-4c159b30639a,P0039,10.65
363dd551-0d3e-4a58-b407-fcc828b8cd6e,P0009,17.4
be5b947f-8cec-4f11-89fd-91031ebc60c6,P0202,22.76
42b3bfee-61a5-44a0-9b47-7f77732cef93,P0137,74.87
05d668f3-cee0-40b6-bc01-4790bb71ab44,P0194,28.35
7b456d01-44c4-4370-b57d-ec91824c59ae,P0141,25.84
ae68aae9-1692-4160-979b-2ae71fda2134,P0149,87.26
18365591-2e0d-422c-9de3-f7c3148bc373,P0104,100.64
e28e242d-c190-46e4-aae2-de8ee3235e85,P0262,23.36
85ea58ca-d2de-4f03-b497-c0b3eef7f9dd,P0268,28.13
26ea7d58-bd2f-4347-a854-bd2ca48e883d,P0262,23.76
7f8c9b7d-99f7-414e-8297-cc474ea215e4,P0140,5.16
6610e572-9c75-4402-9f2a-114e071c5609,P0063,55.35
c02c623d-2ae6-492d-bfe9-9e0e842ee78f,P0253,10.46
2fb081fe-8685-4b7c-bbf2-9793b164bdf0,P0060,16.65
38e15024-ca0b-44ab-95c4-a05df75198bf,P0051,29.08
705d2f7d-e096-479a-ad48-97930afb2972,P0207,92.93
18379f03-84ff-48d7-b1d8-ed7118bdf7f2,P0085,24.42
db40d6c2-50d4-4ebc-abd5-db674b17eede,P0199,15.69
6a1f420e-ceda-44a2-9977-b8084c95ad69,P0030,64.44
07fdcda7-39d5-457b-887a-5450a7de4c92,P0074,15.31
344ff323-112d-4614-b490-146753698174,P0246,56.38
46ef7827-0ded-4933-864b-25c32e183838,P0246,23.93
07fdcda7-39d5-457b-887a-5450a7de4c92,P0164,75.13
4b1accf0-11ac-42f3-8caa-2b6e4723395c,P0165,164.17
35373e43-502d-4d0f-81f3-9fe9044ba334,P0152,84.67
c9ec483a-ebb5-4cc6-a5b4-f4575f5c562c,P0148,7.41
d89f50c0-c8eb-4a21-a7ca-c258322692dc,P0167,2.45
55014d6f-eabc-4ddd-9af1-c7947e0a319b,P0123,18.98
c62d96a6-7b43-48ca-8669-d508c019f233,P0027,5.25
8914b12d-bee0-4706-9191-d1f36088138e,P0044,7.95
210ee13d-a59d-4a42-8ab7-84ab9a73a1c6,P0036,25.53
210041c1-af52-4a16-b0ee-6e59070c7edd,P0227,46.15
908d9e26-a608-43df-844c-291f42aa66c4,P0124,101.83
96a4cd79-3839-40f4-9922-7eb4ce718eab,P0238,17.16
359051b5-48fe-4d88-b64c-b97e6020a36d,P0169,1.98
12d97521-eafc-4e8c-a3eb-38475dd5c48a,P0285,50.77
b938c65b-9b54-451e-81a7-87720a3add8b,P0218,116.05
71312d76-d17a-4a6d-a082-6e21662eedf5,P0096,5.23
8a981e12-9983-49ce-83d7-31fae1497c67,P0290,0.51
b91a9337-3145-4682-b16d-12f5b72b62db,P0166,4.88
45dcca7b-7bbf-4340-a71f-9e3b3aceb6f8,P0203,8.89
20bb7398-68b3-47f4-a213-c3ae469f892c,P0119,3.19
56586d91-3c9d-40bd-bc47-9e17c3271273,P0120,24.73
4f8854bf-4f97-4506-a9c5-440e01607265,P0024,55.88
9d40d0fa-8fdd-440b-b238-6147671ced8e,P0172,23.66
680b8590-e286-4f2c-a307-35e3b2885483,P0192,70.73
fc711dfa-fdad-46c1-bafe-ec64003a7be2,P0004,52.16
c89f17d6-27b4-4a7a-a602-7261a7c1c60e,P0266,63.79
6b68ae58-4031-471a-9f2a-72003563306c,P0283,67.85
aea23b0f-3211-49f9-87c3-79466992c79c,P0284,71.81
c85ece5a-8676-4c21-9975-50b4e339096e,P0239,22.66
125e7619-3fc3-4448-8fa2-b213d4acdda3,P0002,1.34
e3680bdd-0ec1-46ad-b260-45693efb5074,P0290,23.63
e59e354c-f16a-4444-9518-db5179d63b86,P0160,48.48
eb9af1c0-0019-4817-9334-d521df513e5c,P0145,20.43
2f47f65f-d35a-4b6a-ae2d-08afa52e6f1b,P0058,29.0
e63e7ab1-ad27-4d48-bc46-a0eb9bcc35e9,P0266,10.35
bbe84d7c-3f0d-4579-86a8-4342dc85b1b8,P0186,10.23
bbd3ba36-cf65-4612-8838-84d3c3415fe1,P0140,1.37
f34ee3f0-7788-4e5a-811d-f6c654665749,P0130,72.25
17fd33f0-1d5d-476d-abba-01fbbd2d7860,P0249,29.7
3e759674-4757-499b-90ef-e6cd87c7cc0f,P0035,50.75
71ce46cd-7ee0-4bc6-a120-9666de2206f9,P0186,68.28
bbfca57f-5b17-4292-ab67-188d70cd641c,P0073,24.33
adec2b23-72fa-4e26-88fd-94b989e4da2a,P0096,10.44
6a1f420e-ceda-44a2-9977-b8084c95ad69,P0024,30.34
d2e2dcc8-2a48-48c8-b22f-c36f3caaa13f,P0140,5.71
3d3649de-2a96-478e-b511-a69ab1e961dd,P0169,2.51
dc780e43-d0a7-40c7-b717-bfce41e4c6d7,P0231,1.02
96a72a01-cdca-4ba6-92a4-984fb99ebdce,P0273,146.01
be5e73e5-4de7-44ae-b769-063497cdf9bd,P0084,63.51
b7dec7c4-1db2-42e0-a32e-74de7c61171f,P0010,6.91
4c2e1a69-b4ea-4c91-95d1-2566731195c8,P0216,29.71
d38ef7e9-3136-4c1f-8207-3de6ef01a1cf,P0278,3.76
377327a4-4819-4a95-9e5f-effef3b74f96,P0120,44.47
f8b96a90-1c95-49ae-8729-34e34d0197c1,P0278,67.19
dfa0def0-1fc6-4be3-9971-6fbbc333907d,P0129,8.45
13f96d0e-981f-43b2-a456-0589aa2506e3,P0283,33.28
40655508-6fb2-45ba-aa39-438d244175f4,P0198,43.26
903a8cbb-dc58-4cc2-b9fb-c263a8892288,P0209,35.78
5932e03d-996e-4c25-afa3-8adc08069ebd,P0186,40.46
b5901549-b976-48df-a6e5-5278c7d3af0f,P0170,48.88
ca215e36-59d4-4173-87e6-46e1048a5eba,P0133,116.93
a608f136-bc6e-4cb6-9c2a-a2b0658f4b58,P0132,7.04
a5c43ecd-c108-4191-8fbd-eb55896e50e7,P0226,63.22
2936d551-74e8-4bdf-8adf-5845f1a60a82,P0203,3.94
b76ae33d-8030-4f7b-b09d-4d6231e169f9,P0140,14.12
d3a2597f-1c72-42b9-a055-4a5db6bbf959,P0008,23.57
98bc8750-5140-4c92-a4e5-093a2402d584,P0158,34.08
9fb0abc7-00f2-43b2-add2-ea43cebda90d,P0070,7.68
7e2eac80-f21f-46e3-80e8-3ca8dbd2b0b3,P0262,76.43
f53a6cb4-0af6-44ab-8426-66b125c4e400,P0236,30.12
56a46674-d1c0-4efd-a985-487b6536efb4,P0177,104.26
61956625-0e42-4eca-b005-c8e09c1d63a8,P0294,71.21
a6942e3a-e476-4fe7-874d-99e073a4c1e4,P0242,42.04
f5616cd7-fbae-41cd-8803-c2df2cdd1330,P0296,62.58
5c131a73-009f-4054-987b-c3cabfe30336,P0062,6.53
8d34af41-65ac-489d-8e9a-f949d5ff4afe,P0065,37.91
6e858fb9-dc0a-45b2-b059-f20cf3ff059b,P0059,20.69
a03b71f1-2b76-4f9f-ad65-d77a2a21e974,P0124,94.31
f2af0e9f-1da4-48a1-b45c-6e79d9c1c0c9,P0196,52.9
a754f777-9315-401e-b295-b1611547f66c,P0042,9.88
b2a450ed-c6de-423d-af7d-eb3aada8ed3a,P0275,3.82
0d6b731e-e59a-4884-ba91-18ebc70b608e,P0059,4.06
91ca62bf-5351-47d4-8eb0-af114079d6cb,P0123,1.28
21db279f-4b92-4844-bf3a-4fdce4c0851d,P0142,93.48
59a2fdb3-f4c4-4af2-bfa1-6521e250ae70,P0175,16.04
97b9ad02-c8c3-4bd4-8640-a6ed84701ae4,P0056,33.34
a3169461-8b7b-4e1d-b287-3e08f6e1019b,P0214,13.02
53f09463-c10e-41b0-a4eb-96f00150cc4b,P0245,53.05
fb277837-1b82-48c8-80e5-87d7ca3d76bf,P0154,14.87
8f30a8df-f685-4014-996f-4a4be3cdf85f,P0149,13.96
45dcca7b-7bbf-4340-a71f-9e3b3aceb6f8,P0085,14.42
e3f68f45-3d0f-41bf-9fcb-dd6419cab123,P0228,18.39
3edb8c06-79eb-49db-9f28-365297b3f553,P0082,63.6
33b3fa48-2262-457a-994a-af4825fb0274,P0054,63.5
025daa55-5f8c-4b91-9a2d-5904c53717e0,P0092,83.81
33409087-80a2-425d-9875-d19dc1c4f6ec,P0256,49.12
71ca11a3-254d-47a7-ab14-840bec90cc2e,P0027,13.85
08f7e74e-fda2-46a4-97ab-d085d0ed5c2d,P0062,24.65
6a6c9d78-a144-46c9-8acc-95914a104233,P0268,166.58
e3128171-2b09-4d33-9a07-89c7f312ee78,P0122,0.55
4a2f0f2c-d1eb-45ab-88cf-c5e8b2cb44aa,P0198,11.88
673f93e7-d05d-4b70-b7d9-987bbd54471d,P0061,31.22
186b1797-1ea6-4a65-a540-a53b539cd9e0,P0104,114.31
df2f401d-a116-4759-bfde-e68957c075f7,P0021,5.92
c763d6e4-4e13-4b55-91a6-c12854494903,P0159,30.18
b11bd662-7208-4f8f-98cd-4504c3243c6d,P0131,36.97
e5145860-4ff7-40fb-bdf3-66535b03cce7,P0044,18.1
e5bb2dbc-c5c6-43ff-872e-71a98e89c654,P0296,25.82
b280f237-d767-46e8-93d0-e716070d0d4f,P0271,10.02
f778d276-a358-4e46-8ea3-6d92afa1282c,P0247,95.04
6a57c331-9d47-4856-805b-6a99f1b6c1f6,P0290,61.94
3464b53e-0ae7-449d-b273-e032077a70b0,P0192,21.0
98fac7f0-cffc-4862-8ba6-5c062d5a7565,P0097,118.37
104d1bcf-f42e-4c23-948e-71130af421b0,P0247,29.91
2ef02ed4-78dc-459b-b318-c3cfa5bde429,P0147,77.99
8229c454-6c22-4e40-81e2-9886d236402d,P0024,93.7
ac68e2f4-1a5e-4062-a0c9-c6d0ec866c32,P0227,22.19
260a14bc-c4c4-4490-b3d8-0a0ea970d9b7,P0048,150.78
a0ddc6e7-a9d5-4529-bfb3-0c5917d6319a,P0243,50.95
39b0b8ed-d1db-4d33-ab57-3888b2081f76,P0277,61.01
ec4f73d3-8644-4767-b5b3-fc5f8630177b,P0150,24.25
58acb366-69b5-403f-ae96-4590879a3b7f,P0135,14.54
71155d37-3802-40e9-abb2-7b22da6ee4d7,P0137,52.79
2de6249e-0c42-4824-9bd5-1f9388250cdc,P0224,9.67
ca3834a8-9ba2-4039-b1c5-ab59d76dd13d,P0213,55.15
229a54cd-b733-427f-89dc-24c749cbde27,P0291,45.58
4e20f2b7-91e4-4e89-b534-f74d2add8174,P0256,40.68
c7f03e2d-16c7-4cba-8906-9225ce372183,P0209,42.69
b24f28d9-ccd2-4d5b-ba8a-bdd8531f608c,P0060,47.26
4e00b52d-5dd1-49ab-ba7f-73d0781c6b9e,P0100,44.37
2cdc1f4c-85e8-4ba6-90b4-4d6152938147,P0104,36.56
1512cc78-d662-477c-a0df-271441b88d9b,P0234,38.72
f1cc3c9d-9b26-4d7e-b929-1376abbbacaf,P0169,48.13
181ad56f-a5a9-4c51-8a90-7b0f20cb5b4c,P0086,22.67
e4a872e7-1a5d-450b-a951-2135b28c1025,P0159,36.55
67b53f64-6385-423c-b08c-9c14bd2d90e2,P0157,50.16
fab9f1af-a374-4fa9-b9b0-30144af11807,P0121,18.9
f1dbeb0e-8730-4499-aa93-85f89983afe7,P0225,31.6
de1a95ad-86be-4311-86e0-8cb17a878d34,P0210,84.24
9f8faf2c-4680-4db9-82f6-034ba39f6b59,P0045,51.58
2a7b221a-96ce-4dca-9e42-f5e63f6793fb,P0275,16.02
afc2a175-c6e9-4a12-ae3d-8e0b04174785,P0152,1.41
0e186820-3ba5-4470-8ac8-f96c5ab85bbb,P0275,73.13
7e2b0175-5c3f-439e-9541-c6c8a9ddecec,P0252,9.76
ef68e394-e606-4f0d-9841-51c666e0d26d,P0161,7.87
0b388a38-2013-405c-9e71-30bdd6249832,P0137,15.23
0d158c54-fd57-4dbb-86e3-fda130e7b46c,P0099,20.82
16be6a51-08c8-463c-b940-42292ec6d8f5,P0127,116.74
4d067e6f-b2b8-4573-8e17-fa82b69ee4d3,P0296,132.22
3c964268-5f20-4a26-80c2-7157993039a7,P0008,90.26
24a198ca-90be-4a3c-8d40-c08329496f17,P0206,1.83
258df7bd-9e75-49b6-a010-6ad9be861b25,P0068,91.29
71884175-08bd-468e-8984-bb0b9c2e5e96,P0007,86.47
6ad5bd74-4e3b-4d20-b9ed-6ce95a73be7c,P0241,5.69
b9da52fe-da33-4097-829b-3ecfa94544d3,P0073,24.43
34202721-b686-459e-83ee-a5033bf2e17d,P0185,20.87
6bb9c257-6c89-48be-b27b-f4b929bc5bb9,P0032,45.51
8695d14e-a6ad-4ef6-b7f6-2477efb95489,P0241,44.04
6b55d9ec-6af9-45cf-b49c-b824d2720b66,P0190,48.25
cabaa392-0760-4ecc-b468-197740c44d0c,P0146,25.5
f14c4d29-86bd-4894-827b-35cbbc8114f9,P0100,26.8
75171dc4-76c5-4dc9-bd47-7ba8db4df83b,P0264,20.98
2ad7847c-c325-4fce-a80d-70294873416b,P0143,106.51
3e91d8c4-537d-46c4-945d-91a5bac2d976,P0270,15.5
d57be9d8-2345-4a15-b734-63585f16aef2,P0174,15.5
119dabcc-6883-48b1-9038-fa1511f1aefb,P0048,55.66
e5d6f327-81f7-4e2a-a8de-d079abcbf97d,P0297,8.05
062e187b-0b50-44b9-b86e-08d2c19dd95f,P0248,18.01
2ef52703-1828-4b85-b176-66e5df8cb0d6,P0138,14.59
e0849720-bba1-4052-9b7e-7a3b43d3d163,P0061,10.64
b5939ec7-0588-45cd-b1d5-b7f3e1327558,P0274,5.57
aea23b0f-3211-49f9-87c3-79466992c79c,P0009,9.77
4cccdae3-819c-49e5-973a-325a6293c2fd,P0137,12.78
685ce01a-2a04-4842-8b10-6f4ce2459511,P0092,75.3
b24f28d9-ccd2-4d5b-ba8a-bdd8531f608c,P0194,24.23
ecd5086e-8d99-4bff-9330-40e019201aec,P0292,60.16
2cd04d9c-ba31-4292-a81c-616dbe30b956,P0229,7.63
aaafd101-5d47-4d07-bcc2-7ec035c4798e,P0230,3.97
b11bd662-7208-4f8f-98cd-4504c3243c6d,P0040,10.49
09871e22-8b0c-49a8-9f1e-f4a191a3abe1,P0222,0.61
87d552a9-ed0c-42d4-a1a4-03e4ffb0362e,P0121,3.15
c1fd348e-bb50-4f21-b06d-e1b9bdff9e94,P0250,62.58
210041c1-af52-4a16-b0ee-6e59070c7edd,P0115,2.99
9c3231cb-b969-48b4-8b8a-3a07fa920c23,P0140,10.26
ad08eedb-d47f-4d4c-a373-6f7d2fe88db8,P0030,30.27
0c8a2e7a-5a6d-4422-9860-97052c76fde8,P0044,56.1
b75852da-1688-4e6f-9bba-ff3981c4eb29,P0065,0.42
90ea4347-0271-437f-b719-ee2885970ebb,P0255,9.26
7b0dec73-4652-40ad-bcbc-d49c7c0a52ad,P0234,63.18
28d8d874-4b6f-4989-859e-541936c2b05e,P0209,55.2
b30f05e9-c38d-48fb-b936-adcaa9fdd77b,P0021,38.99
f6c9e2df-9fff-471f-8338-c3337c2775a6,P0240,9.63
ce03d272-b072-44f9-90bc-a8a54c66f53d,P0009,33.44
30fb862c-7d98-4816-8af4-ffd4315a24e1,P0097,45.4
5215bc1f-5a32-4fb0-9088-94be4c4c8d06,P0033,9.97
3bbd8b93-da6f-4ba1-8e17-781c1588ce34,P0254,2.8
ccffa4e4-8795-4e34-b4a8-73384133fbe9,P0257,30.66
a8533a83-ea4b-4cef-8367-1a98407aee74,P0009,37.76
34ae27a0-8d2a-4a49-b4bf-db4011e8e980,P0197,35.03
d654f353-11d8-4508-be38-6ed18671c561,P0160,16.12
2221d602-4bb9-4320-893d-fe1f31dbbe0c,P0216,54.92
7a755e03-0989-4479-ad59-bf55720fb896,P0213,24.47
5f2f1ae9-e8ab-48f8-89a4-af75964ed337,P0168,50.88
247db2e9-da76-4f71-86e4-ec78e5698110,P0153,20.93
3d1e14c7-340c-4e35-82e1-827437bb696c,P0159,16.68
55310add-520b-48ce-ab18-27da8c65223b,P0013,11.37
6c152c99-9ed3-40e9-95e5-f60799961aff,P0203,7.02
70fa277b-3810-470f-933e-ce415b9094a8,P0252,26.46
7e514ba8-881f-4c1a-854f-aa8bfd577015,P0241,0.83
c0a8d9df-9106-4900-bc28-207972af2b92,P0268,50.52
1986d10f-ced3-4a8a-b7d0-925873035b87,P0275,13.97
2ac6bede-edaa-49fd-9f39-0f4c21b4b5a0,P0019,23.9
5cb71c9e-2528-4cde-b6a0-9a3ceb419c4b,P0197,4.55
d72fcfe7-8008-47d8-bcdd-b28a0b23e7f0,P0044,3.64
2b0a3447-7449-4585-a3d7-a60170de316b,P0176,72.12
61d2300b-43c8-49ee-a7e1-205825321625,P0118,53.73
5a2cd3e5-405b-469d-85fd-dfe5bc9f6c1e,P0195,18.48
559c8a3d-1b96-4998-ae1d-e3126ccfc313,P0069,27.93
b42dc6b7-6e4e-4874-b668-e0b2ca1d59e8,P0057,18.0
46a11d95-6b5a-47d6-824d-292989fe4e56,P0041,25.96
84a3fcbc-1ef3-4f78-9f0b-10e28c951297,P0185,2.0
21111bb0-e548-4287-992a-d457df38fc48,P0244,5.82
e6d57b28-be51-4372-8fe4-611e1b6fa58d,P0086,17.49
e9c165a9-765c-4a6e-8929-9f8a6a8db122,P0050,8.93
0950554d-f688-4efc-a028-0cf782f61709,P0251,10.76
4abf621a-d129-416b-90ae-c23bdc61def8,P0214,39.08
17123bf2-c829-4f1b-bec4-8cd1fb5b7466,P0096,9.99
c24113a0-5f9d-43f7-8b5b-b681c8682ef0,P0034,19.03
4e00b52d-5dd1-49ab-ba7f-73d0781c6b9e,P0170,33.13
276ed035-235a-444c-a1d0-afe45c5b15f3,P0233,43.6
553f3b54-82ca-4b2c-a652-bf0ad3618695,P0174,6.54
568cec0e-e5f6-4cfc-839f-f4940f22af50,P0265,188.68
86fe2614-8a2f-4c8d-8aaa-d3202bb4bb0a,P0206,9.32
2e98a8d9-f8f2-47a6-980c-acce91690a3f,P0174,0.18
8d697151-75f2-462a-9dd5-5d72aa8b0e0a,P0145,19.43
ca420573-7b56-4bd6-a4f6-51fbb7af2634,P0018,39.07
228f649f-1e21-49a5-ba4b-09e839ddaeda,P0270,14.04
a2ac916d-3c62-46c0-b1b2-a3f9d0ebc6ed,P0252,48.33
fcb93135-b749-4843-9616-5cd1177bf1ca,P0286,5.8
bedde49d-332d-4d6f-84cd-b5374038b34d,P0185,45.44
e57ff1b7-507e-4267-9246-99ae265578ea,P0016,46.36
a14c21f1-6ab3-462b-a51a-9b28c93e9dc0,P0033,37.94
4f1aa3a2-fe7e-41a9-ac7a-39d44e64ff7b,P0224,9.37
e9327ef4-6410-4c57-b258-a20d99e1d894,P0236,1.69
9798b9a1-aaee-4c6e-ba94-a1d34b57255f,P0003,50.7
ffa65cc4-1784-466f-a11f-0cebd9df27c4,P0297,58.87
d93c5095-9a41-4ef3-b12f-100eff3dc7f5,P0124,26.02
ad7d2e70-f322-422a-a738-85f6eb5151ee,P0220,62.56
99e5da64-bbf4-4405-9174-3d1b7ec70771,P0238,46.08
816b81d0-c141-42f0-af9a-0ef4c3254a9e,P0169,41.88
46705ba1-f2c1-473a-9ace-5174c08aba65,P0117,22.24
dec6ac86-be09-480f-88d1-048d25e72a8d,P0079,9.64
f5dd0bf2-fab6-4d9b-b632-8ce81c60a68a,P0018,12.09
87424705-db1a-4604-a4d7-46a9863798b7,P0082,17.82
d873781b-0ff0-4c9f-9964-8de302a55d82,P0058,33.73
accaab4d-8a9a-4058-b0ef-962ed476346f,P0173,41.2
73fd1f1a-fada-47e5-9462-74d06cb4355b,P0285,18.0
5f5838b3-9d89-45ed-98c1-8935e1c5d9bb,P0087,10.46
b3560185-ea4c-4b56-b4d0-74bb53e51700,P0144,15.71
bdac57bb-03b7-49cb-a6d0-bebc5b3c74dc,P0297,13.85
1e82ee27-d08e-48e9-ac40-9801b9ade534,P0038,31.59
b7708e91-4562-47dd-91bd-9c4779f52a94,P0096,8.91
1e268d12-6c38-4198-b7cb-f411d2fa223d,P0202,48.22
f0c0d1df-f571-40c6-98c4-840e5b6d3de7,P0194,38.25
0fd4367c-9244-4e74-b242-1362a6b6183f,P0128,3.45
3ae554f7-4be4-4483-9247-e359b52cb0cb,P0037,51.6
ca4e5771-298c-4c5e-8be9-5c3e1d707d8e,P0107,18.36
745aa5b8-1daf-4681-9218-34a85ed3f5ac,P0050,18.65
57ff97a6-2b1e-495f-a38a-2a14bd6be202,P0286,1.94
4c406f0f-333c-458e-b046-17deec0a332b,P0001,9.36
a2c1f6ec-63bd-435d-bc74-d0616c05d22f,P0199,16.22
6665422e-4177-4ef1-a491-0c7d4ef91dbd,P0043,4.02
78b4210a-9232-49d3-9fe7-9bcde57e86b2,P0270,7.16
655312c5-9db0-4675-94e2-a22c68f279b4,P0085,80.67
48cb2f27-2ec8-4cfe-b9e4-094d0f268c92,P0155,35.22
d80c5312-45f3-4c1a-9f28-30d5efdbe7f2,P0114,23.25
32e5f0be-1914-4e88-b62c-3ef43f861722,P0161,20.27
cd14efee-5c15-483d-a126-117a7f120643,P0147,16.2
44e269dc-0514-4c25-ac60-ab98283329d6,P0283,2.66
e48e4842-300c-4216-86db-62dc6bdce3a5,P0142,4.81
c25a2e92-0e74-4968-94a2-4a2e7c4137dd,P0193,76.06
33da2d91-caa6-4be7-85fb-ecfabd4e27ce,P0045,1.65
c0206690-53b9-4621-8ef3-742434bc0274,P0135,10.51
751f0f50-dc07-4d16-a34e-4d71c1c73304,P0176,2.86
adf7d137-1c0c-4501-940b-bfd87fb424f0,P0262,32.61
b76a52fb-a897-4868-91f5-99582f542848,P0020,18.87
96fd7c4a-c152-43ab-9797-b5d23310660c,P0053,16.58
7da91b84-0ca6-4dec-a9ea-aabcc277b3d1,P0199,149.16
ce26985e-f885-444b-b2ef-753f4e3312be,P0180,63.55
73127c87-a572-4942-9add-539aaf48f261,P0131,0.63
155c8556-323e-4129-bada-e854f99670a1,P0175,142.41
7b16f8aa-fd21-46e8-93ad-a88196354f76,P0194,7.73
f3947b64-e457-470c-bd8d-f9517ddc2fe0,P0160,21.83
dcfe71c0-369c-435f-a6bf-5aa1cda2030a,P0289,115.92
ffaa1fab-dafc-4ef3-ba1d-6b1b1b91615f,P0020,18.11
ae85facc-9103-4339-b86b-f1f9071a5f22,P0218,139.22
591a5d4e-f8c7-42cc-a5cd-4f85129cb923,P0249,59.24
8882d424-60d1-493d-abdb-827b1d46887b,P0166,32.96
33dcbb0e-e2d2-4213-a18b-941e0eb41c0c,P0025,45.43
d79013a1-1f5e-4828-95dc-40fbd4218743,P0037,33.8
9f3e1e5c-5b34-4f5e-99c0-987296b85035,P0004,29.92
3dedc8a6-138e-44bf-8421-e091e7994ff3,P0229,20.24
5d96ca18-1f9a-42f9-aa80-7cdeaa4f351b,P0222,29.86
c5737998-d5ca-490a-914b-292827ba4fcf,P0016,12.17
adbf95e9-bc04-40b0-899a-543b20a44c30,P0124,32.35
753b228e-4893-4ea9-b116-3e828b6e70fb,P0007,89.71
100f9088-a291-4bc6-8a44-f2b0255fc5c5,P0132,14.5
32b65ecd-f481-4579-9236-72c9de435fb0,P0221,22.77
e69e00d2-0806-471b-ab57-e63f6daa56fd,P0228,50.33
869ce9a9-6614-48eb-93d5-792e1262b0dc,P0169,51.04
095ec677-437b-466c-b026-024013a32983,P0181,36.19
263074ed-12ca-49f7-88b7-742b1325ba6d,P0227,5.47
67c3c94b-5621-461d-b5c9-4e1f0c7deeb2,P0153,62.45
f2f80c02-d31f-4d65-bd7a-d8b1c32ce249,P0041,173.63
df2f401d-a116-4759-bfde-e68957c075f7,P0244,34.54
e8283351-d0ea-458f-ac69-107baa136914,P0100,55.46
939ae7f3-7393-409c-ab48-4ac67850f9fe,P0087,20.54
01ab9065-845d-4160-9954-278cd356b3cf,P0216,32.44
4a2ec2a9-9787-4c0b-b427-cd1d1d7a3b98,P0239,0.64
c6754bbd-d18d-403c-ace9-3d5c6ff47f3c,P0293,7.25
ab2aae15-7498-4635-b035-1d442be7bd19,P0099,12.46
27b6fb7f-7f0e-456e-ba56-3db1e8c65e73,P0108,21.81
8028ba56-fccb-45e6-bb31-f20dc0322e91,P0183,140.14
1b3dce08-0c51-4751-917d-853636fde549,P0037,84.91
06ced446-d154-4711-9c7b-1ecfe1cd2f23,P0270,42.92
349de99d-215a-4e65-a62a-0fc41cea5969,P0249,2.7
df2e99d9-d1d2-473f-9d96-fed5e897f224,P0206,9.23
33ead2cb-420a-4f87-9784-f08d910e8d17,P0126,53.41
3fb04800-e89b-413c-81f6-b9903a110c87,P0219,25.24
7db02cc0-7a9c-4654-97f3-55bdbb7802bb,P0205,13.64
4ff74e8a-e3a6-418b-906b-90b2b3ee6672,P0039,13.22
88322cd7-5d42-4493-a041-b11d34ea676d,P0173,27.01
18365591-2e0d-422c-9de3-f7c3148bc373,P0223,10.99
577738f6-124a-430f-ba14-762a21b9df64,P0111,15.44
a41bcff2-c535-45c1-8993-3d891b80e5e9,P0020,41.18
d53d12f6-34ca-4a79-8e82-bbddb67eaf89,P0231,53.0
7b5b5718-3c55-45b2-9a04-f3c9a44133be,P0208,16.85
ed5fe8ba-3312-41c4-b3c9-b15a24608f44,P0179,76.14
7bb1cfaa-76f2-4c1d-91f9-114681536e89,P0055,7.28
b8d5b6b5-3bb2-41d1-a7a1-5044260adc8a,P0294,3.99
2fb6cf0d-1cd8-49b3-b72b-5dfa57796356,P0229,10.4
f7208e3e-fd9b-4568-9451-b6b06eaee9f5,P0040,6.69
e5e68f33-6a80-43fd-9755-3d80a53d03db,P0033,47.32
b71472ee-50be-4697-a44f-35f0f28ce5ad,P0118,36.69
53b308ba-ec45-43f3-a4cb-0ea51604d52f,P0015,28.45
5933b11d-4938-4bb1-ab29-37bff4ab0144,P0018,35.29
8352b025-6660-4843-b137-c4d4d921a68c,P0052,15.02
e00635cc-3f17-4337-8823-9344b18836e3,P0205,17.1
bb7c869e-b834-4df5-81c6-c0324325f90d,P0124,51.48
e25e6504-a0a3-4cfe-a1a4-4f852170d633,P0250,93.94
f35c6e3b-a1ff-4bf3-8631-db80c12e40ed,P0130,27.6
69bb7619-2231-4028-8e4b-239ddeba1692,P0274,109.62
20aca58e-eae4-4fab-83ea-27fad9e75ead,P0053,36.42
dd1e515e-01c5-4af0-b132-4886405ad1e9,P0142,84.77
189f45b3-32a2-40a4-aae2-f6f6e33038f0,P0226,30.15
56720d30-164e-46c1-910d-5424ab41a704,P0212,146.57
